{"din_name":"flux_level10_K2RT__FREE__.json","din_kind":"RELATIVE","din_start":600.0001708626895,"din_end":660.0005747766575,"din_rules":["Interventions","r1","r1_rev","r2","r3","r4","r5","r6"],"din_hits":[0,29649,29166,26681,47700,21014,26504,26494],"din_fluxs":[[0.0,0.0,0.0,0.0,0.0,0.0,0.0,0.0],[0.0,-0.0020184552083571034,0.0023000172112128854,0.008290049724200523,0.0,-0.0038952983529986196,0.0,0.0],[0.0,0.0020320725423254816,-0.0020678176192795504,-0.004111205813444861,0.0,0.0020963983091772252,0.0,0.0],[0.0,0.0,0.0,-0.057908541043673545,0.002507637865292917,0.0,0.00269544285189257,0.0],[0.0,0.0,0.0,0.03190713733379017,-0.0025016604928161813,0.014529206189879651,-0.002518090515585894,0.0],[0.0,0.0,0.0,0.0,0.002508303339036331,-0.029514851796879668,0.002826318815465859,0.0],[0.0,0.0,0.0,0.0,0.0,0.0,-0.0022815145535609715,0.002280888952230794],[0.0,0.0,0.0,0.0,0.0,0.0,0.0018806980173300349,-0.0022756656086749126]]}