{"din_name":"flux_level09_kphos__FREE__.json","din_kind":"RELATIVE","din_start":600.0005383233644,"din_end":660.0004541999931,"din_rules":["Interventions","r1","r1_rev","r2","r3","r4","r5","r6"],"din_hits":[0,29511,29055,8319,10736,2429,24872,24815],"din_fluxs":[[0.0,0.0,0.0,0.0,0.0,0.0,0.0,0.0],[0.0,-0.0020214241092744245,0.002296743082410465,0.005144843509668502,0.0,-0.003863366353801441,0.0,0.0],[0.0,0.0020350864888719795,-0.002063467597901295,-0.004135031429318844,0.0,0.0034343272117468224,0.0,0.0],[0.0,0.0,0.0,-0.01071293200449485,0.011254600559472066,0.0,2.496716136519109,0.0],[0.0,0.0,0.0,0.006851834994623944,-0.0111463840402974,0.0032736502274591135,-0.011067842934925675,0.0],[0.0,0.0,0.0,0.0,0.011340577755078879,-0.008831093332814727,2.848999457840539,0.0],[0.0,0.0,0.0,0.0,0.0,0.0,-0.21577742091054056,0.002431001655197796],[0.0,0.0,0.0,0.0,0.0,0.0,0.8287708421831235,-0.002424641124303211]]}