{"din_name":"flux_level08_kphos__FREE__.json","din_kind":"RELATIVE","din_start":600.0002965223874,"din_end":660.0005133172127,"din_rules":["Interventions","r1","r1_rev","r2","r3","r4","r5","r6"],"din_hits":[0,29676,29198,8400,10824,2430,24751,24728],"din_fluxs":[[0.0,0.0,0.0,0.0,0.0,0.0,0.0,0.0],[0.0,-0.00202196027007016,0.002292648277511911,0.0051270202483651,0.0,-0.003867005352945405,0.0,0.0],[0.0,0.002035636084442739,-0.00206060642834316,-0.004101233339197218,0.0,0.0034198441434553873,0.0,0.0],[0.0,0.0,0.0,-0.010707562929005595,0.011257957921074925,0.0,1.4528716413041485,0.0],[0.0,0.0,0.0,0.0068116080582744844,-0.011148698581085872,0.0033113185163203716,-0.010680938379802035,0.0],[0.0,0.0,0.0,0.0,0.011341458625053657,-0.008823284238250734,1.7282999145344813,0.0],[0.0,0.0,0.0,0.0,0.0,0.0,-0.19263534246353772,0.002437572304886791],[0.0,0.0,0.0,0.0,0.0,0.0,0.46684234634888605,-0.002431380443487267]]}