{"din_name":"flux_level05_K2RT__FREE__.json","din_kind":"RELATIVE","din_start":600.00010351066,"din_end":660.0007568255419,"din_rules":["Interventions","r1","r1_rev","r2","r3","r4","r5","r6"],"din_hits":[0,29575,29081,25935,44228,18294,24802,24797],"din_fluxs":[[0.0,0.0,0.0,0.0,0.0,0.0,0.0,0.0],[0.0,-0.0020244580481182106,0.00229750456890039,0.00767616803018033,0.0,-0.0038328538924522287,0.0,0.0],[0.0,0.0020382246761624237,-0.0020646384470092796,-0.004134107347770069,0.0,0.002222000699582187,0.0,0.0],[0.0,0.0,0.0,-0.0422884045720659,0.0027343253659927722,0.0,0.00298639588900847,0.0],[0.0,0.0,0.0,0.023733276136890438,-0.002727555515991738,0.010696112925127505,-0.002733207476784311,0.0],[0.0,0.0,0.0,0.0,0.0027360033842968915,-0.022681787843763068,0.0031664620652577954,0.0],[0.0,0.0,0.0,0.0,0.0,0.0,-0.0024052556869911756,0.0024250045749319342],[0.0,0.0,0.0,0.0,0.0,0.0,0.001846031259089049,-0.0024191429950470547]]}