{"din_name":"flux_level04_km1__FREE__.json","din_kind":"RELATIVE","din_start":600.0000212284469,"din_end":660.0000006651702,"din_rules":["Interventions","r1","r1_rev","r2","r3","r4","r5","r6"],"din_hits":[0,1175800,1175282,9265,11284,2046,8198,8149],"din_fluxs":[[0.0,0.0,0.0,0.0,0.0,0.0,0.0,0.0],[0.0,-0.002042208141032618,0.002084560224245343,0.004138856378157704,0.0,-0.003918390565847417,0.0,0.0],[0.0,0.0020466360633588747,-0.002041453475422855,-0.004075770665144561,0.0,0.003907965047748896,0.0,0.0],[0.0,0.0,0.0,-0.010096343814127147,0.01052465607338369,0.0,0.013631344974815085,0.0],[0.0,0.0,0.0,0.005081573818491606,-0.010417549334044363,0.004875534820403459,-0.010394779424664208,0.0],[0.0,0.0,0.0,0.0,0.010563141664698936,-0.009628207713754802,0.013857077112588446,0.0],[0.0,0.0,0.0,0.0,0.0,0.0,-0.007442552363549303,0.007398268318292163],[0.0,0.0,0.0,0.0,0.0,0.0,0.0032034496006243213,-0.007330987625307769]]}