{"din_name":"flux_level03_kdephos__FREE__.json","din_kind":"RELATIVE","din_start":600.0003049422625,"din_end":660.0009459636499,"din_rules":["Interventions","r1","r1_rev","r2","r3","r4","r5","r6"],"din_hits":[0,29426,28914,8414,10817,2413,10336,10338],"din_fluxs":[[0.0,0.0,0.0,0.0,0.0,0.0,0.0,0.0],[0.0,-0.002027769977053546,0.0022916322597292494,0.005145296816295493,0.0,-0.003883179079583735,0.0,0.0],[0.0,0.00204162079548371,-0.002057552716892664,-0.004113168655054849,0.0,0.003432417357044674,0.0,0.0],[0.0,0.0,0.0,-0.010677492322061648,0.011272878144712518,0.0,0.011622641401233022,0.0],[0.0,0.0,0.0,0.0068146197563041175,-0.01116253544531255,0.003297865892116932,-0.01116734630862596,0.0],[0.0,0.0,0.0,0.0,0.011355284182568814,-0.008840708816977485,0.011712051590528036,0.0],[0.0,0.0,0.0,0.0,0.0,0.0,-0.005762540457610861,0.30311780502134406],[0.0,0.0,0.0,0.0,0.0,0.0,0.005438087588716433,-0.17393927840822762]]}