{"din_name":"flux_level09_km1__FREE__.json","din_kind":"RELATIVE","din_start":600.0000288855532,"din_end":660.0000094853021,"din_rules":["Interventions","r1","r1_rev","r2","r3","r4","r5","r6"],"din_hits":[0,2646096,2645590,9396,11381,2000,8043,8003],"din_fluxs":[[0.0,0.0,0.0,0.0,0.0,0.0,0.0,0.0],[0.0,-0.0020425231849922273,0.002081426233096265,0.004117936799831898,0.0,-0.003914372023366563,0.0,0.0],[0.0,0.0020468165789298176,-0.002041054541508012,-0.004078062008877768,0.0,0.003919988440663977,0.0,0.0],[0.0,0.0,0.0,-0.010087196877617255,0.010522080174148267,0.0,0.013596089320253574,0.0],[0.0,0.0,0.0,0.005076207340902712,-0.010408493980036883,0.0048808556934272366,-0.010423814813594473,0.0],[0.0,0.0,0.0,0.0,0.010508650869680992,-0.009645445794985431,0.013613484874590721,0.0],[0.0,0.0,0.0,0.0,0.0,0.0,-0.007427994335489123,0.007598469905762401],[0.0,0.0,0.0,0.0,0.0,0.0,0.003217437419721733,-0.0075323209863246395]]}