{"din_name":"flux_level02_km2__FREE__.json","din_kind":"RELATIVE","din_start":600.000266376791,"din_end":660.0001516586551,"din_rules":["Interventions","r1","r1_rev","r2","r3","r4","r5","r6"],"din_hits":[0,29706,29207,155139,207570,52447,8734,8705],"din_fluxs":[[0.0,0.0,0.0,0.0,0.0,0.0,0.0,0.0],[0.0,-0.0020274123710541507,0.002294057886155704,0.005511667941104911,0.0,-0.003886649482384784,0.0,0.0],[0.0,0.0020411922329566564,-0.0020620810872976083,-0.00410278689222958,0.0,0.0031693179736246445,0.0,0.0],[0.0,0.0,0.0,-0.011044582197630212,0.01168001729149684,0.0,0.011761591947331512,0.0],[0.0,0.0,0.0,0.008208998636689037,-0.011566438138585794,0.0022707631925202474,-0.011548774638279647,0.0],[0.0,0.0,0.0,0.0,0.011771790982280879,-0.008493112049079984,0.012458284095468982,0.0],[0.0,0.0,0.0,0.0,0.0,0.0,-0.006961553468154912,0.006949193572479039],[0.0,0.0,0.0,0.0,0.0,0.0,0.0013863561175372692,-0.006899715296142949]]}