{"din_name":"flux_level01_km2__FREE__.json","din_kind":"RELATIVE","din_start":600.0000240769346,"din_end":660.0002889518418,"din_rules":["Interventions","r1","r1_rev","r2","r3","r4","r5","r6"],"din_hits":[0,29680,29198,77409,103753,26360,8483,8449],"din_fluxs":[[0.0,0.0,0.0,0.0,0.0,0.0,0.0,0.0],[0.0,-0.0020186398938776794,0.0022984656948091993,0.005476816242222832,0.0,-0.003864854673436351,0.0,0.0],[0.0,0.0020322502251160558,-0.002066496910366409,-0.004120869715941919,0.0,0.0031901230533063936,0.0,0.0],[0.0,0.0,0.0,-0.011044253299135451,0.011706803587793873,0.0,0.012023779987697969,0.0],[0.0,0.0,0.0,0.008071174505523583,-0.011583011922459915,0.0023769129559150027,-0.011588011868911386,0.0],[0.0,0.0,0.0,0.0,0.011760494705491575,-0.008494376961056019,0.012706767534036052,0.0],[0.0,0.0,0.0,0.0,0.0,0.0,-0.007061722074000873,0.007157920936178689],[0.0,0.0,0.0,0.0,0.0,0.0,0.0015628807027080018,-0.007105640640276774]]}