{"din_name":"flux_level07_KD1__FREE__.json","din_kind":"RELATIVE","din_start":600.0023650526833,"din_end":660.0008468952788,"din_rules":["Interventions","r1","r1_rev","r2","r3","r4","r5","r6"],"din_hits":[0,869,856,11,8531,8523,6184,6181],"din_fluxs":[[0.0,0.0,0.0,0.0,0.0,0.0,0.0,0.0],[0.0,-0.0010932445426441396,0.07982603431266726,0.14780152446192332,0.0,-0.0020189513155254835,0.0,0.0],[0.0,0.001094565333699972,-0.07025140419992809,-0.13286837276662783,0.0,0.002217707977086678,0.0,0.0],[0.0,0.0,0.0,-0.26534300903664493,0.014763490132062155,0.0,0.020579886013192022,0.0],[0.0,0.0,0.0,0.0021527429491384068,-0.013960849837445609,0.004730094745711768,-0.01379407249448044,0.0],[0.0,0.0,0.0,0.0,0.014159329258697687,-0.004733746947448569,0.01835616958773816,0.0],[0.0,0.0,0.0,0.0,0.0,0.0,-0.009771596336534951,0.009918512993178915],[0.0,0.0,0.0,0.0,0.0,0.0,0.003933254696176608,-0.009819789806033135]]}