{"din_name":"flux_level05.json","din_kind":"RELATIVE","din_start":600.0000382840584,"din_end":660.0000196615565,"din_rules":["Interventions","r1","r1_rev","r2","r3","r4","r5","r6"],"din_hits":[0,25292,25246,7956,300257,292302,948768,948741],"din_fluxs":[[0.0,0.0,0.0,0.0,0.0,0.0,0.0,0.0],[0.0,-0.0011244935384520187,0.024207962308629864,0.031267775505798415,0.0,-0.0021077131950296385,0.0,0.0],[0.0,0.001125799961021201,-0.023126207679779468,-0.045305380320587715,0.0,0.0034421712628768504,0.0,0.0],[0.0,0.0,0.0,-0.18884002321786944,0.0027822953738189755,0.0,0.0034238267477718614,0.0],[0.0,0.0,0.0,0.007719412071931575,-0.00277506953997921,0.014979507432947051,-0.0027745915232824632,0.0],[0.0,0.0,0.0,0.0,0.002782809018565441,-0.015265726356779776,0.0033333877244816007,0.0],[0.0,0.0,0.0,0.0,0.0,0.0,-0.001773605732052009,0.0057792786208241765],[0.0,0.0,0.0,0.0,0.0,0.0,0.0016021809815236104,-0.005745938849850452]]}