{"din_name":"flux_level09_KD1__FREE__.json","din_kind":"RELATIVE","din_start":600.0000842462829,"din_end":660.0010191543793,"din_rules":["Interventions","r1","r1_rev","r2","r3","r4","r5","r6"],"din_hits":[0,682,672,6,8531,8525,6118,6113],"din_fluxs":[[0.0,0.0,0.0,0.0,0.0,0.0,0.0,0.0],[0.0,-0.0010900260492055093,0.10685988086878363,0.20591271446174067,0.0,-0.002057108714577715,0.0,0.0],[0.0,0.00109131213144414,-0.09190381756309528,-0.17263302387888635,0.0,0.0022401818530911437,0.0,0.0],[0.0,0.0,0.0,-0.32338281460936585,0.013340506103663998,0.0,0.016771488521265306,0.0],[0.0,0.0,0.0,0.0017427112805854768,-0.01396474698798922,0.0047207469565427995,-0.013995553082410562,0.0],[0.0,0.0,0.0,0.0,0.01416485563294336,-0.004716101167635948,0.018555983109710524,0.0],[0.0,0.0,0.0,0.0,0.0,0.0,-0.009828289432408151,0.009731267177145815],[0.0,0.0,0.0,0.0,0.0,0.0,0.003964009643335889,-0.009635617464046774]]}