{"din_name":"flux_level08999.json","din_kind":"RELATIVE","din_start":600.0000081583119,"din_end":660.0000188886245,"din_rules":["Interventions","r1","r1_rev","r2","r3","r4","r5","r6"],"din_hits":[0,51145,51135,13148,4139984,4126822,740722,740698],"din_fluxs":[[0.0,0.0,0.0,0.0,0.0,0.0,0.0,0.0],[0.0,-0.0010894047422236827,0.11274917530053023,0.11041800267943584,0.0,-0.0020288733702768695,0.0,0.0],[0.0,0.001090593997642047,-0.09732491622103175,-0.1741725421032344,0.0,0.004965777299355134,0.0,0.0],[0.0,0.0,0.0,-0.4641281860489032,0.0026755738676509373,0.0,0.0038311298536821375,0.0],[0.0,0.0,0.0,0.00509129718567743,-0.00266816110243416,0.016437326494183335,-0.0026663448423459484,0.0],[0.0,0.0,0.0,0.0,0.0026753009705914213,-0.016256653695993856,0.0029729218284477634,0.0],[0.0,0.0,0.0,0.0,0.0,0.0,-0.006518427657248298,0.0012682524314951021],[0.0,0.0,0.0,0.0,0.0,0.0,0.004953508447562852,-0.0012666457917335794]]}