{"din_name":"flux_level09563.json","din_kind":"RELATIVE","din_start":600.0000003622495,"din_end":660.0000141158703,"din_rules":["Interventions","r1","r1_rev","r2","r3","r4","r5","r6"],"din_hits":[0,131139,131120,48692,3600364,3551679,297317,297321],"din_fluxs":[[0.0,0.0,0.0,0.0,0.0,0.0,0.0,0.0],[0.0,-0.001107161214302975,0.03885572533764836,0.04372544921329331,0.0,-0.0020477082264447033,0.0,0.0],[0.0,0.0011083911699787939,-0.03675989509758959,-0.07094233581349811,0.0,0.00387504973623316,0.0,0.0],[0.0,0.0,0.0,-0.24213790813580732,0.002826664970395212,0.0,0.0029218280478097184,0.0],[0.0,0.0,0.0,0.00568862216529207,-0.002818982463606354,0.014338909908231496,-0.0028189642173760015,0.0],[0.0,0.0,0.0,0.0,0.0028269594073106314,-0.014392401777743723,0.002863753082591831,0.0],[0.0,0.0,0.0,0.0,0.0,0.0,-0.0016368326906457962,0.007444491456155991],[0.0,0.0,0.0,0.0,0.0,0.0,0.001192626133366464,-0.007389116310689598]]}