{"din_name":"flux_level00061.json","din_kind":"RELATIVE","din_start":600.0000391893974,"din_end":660.0000342095411,"din_rules":["Interventions","r1","r1_rev","r2","r3","r4","r5","r6"],"din_hits":[0,80194,80170,23782,2277082,2253306,450301,450285],"din_fluxs":[[0.0,0.0,0.0,0.0,0.0,0.0,0.0,0.0],[0.0,-0.0011081027053908847,0.037553754863622356,0.04836711343239173,0.0,-0.0020505545819964393,0.0,0.0],[0.0,0.0011093371982937668,-0.03556431879058104,-0.0694329391583815,0.0,0.0032784520246934797,0.0,0.0],[0.0,0.0,0.0,-0.18241607239965257,0.0036772375799649522,0.0,0.003929958311152233,0.0],[0.0,0.0,0.0,0.0033338580023485483,-0.0036638625775425393,0.009120176526675895,-0.003664015282738501,0.0],[0.0,0.0,0.0,0.0,0.003677351282960952,-0.009174977458229821,0.0038249939281915567,0.0],[0.0,0.0,0.0,0.0,0.0,0.0,-0.002064626476251371,0.01050309359444111],[0.0,0.0,0.0,0.0,0.0,0.0,0.0013233302168790492,-0.010392907279106344]]}