{"din_name":"flux_level11827.json","din_kind":"RELATIVE","din_start":600.0000053520343,"din_end":660.0000048332902,"din_rules":["Interventions","r1","r1_rev","r2","r3","r4","r5","r6"],"din_hits":[0,48171,48153,419,277897,277482,886847,886843],"din_fluxs":[[0.0,0.0,0.0,0.0,0.0,0.0,0.0,0.0],[0.0,-0.0010908142773152284,0.09661960982733173,0.1889576889228536,0.0,-0.0019923803216407793,0.0,0.0],[0.0,0.0010920066521252303,-0.08595719249395577,-0.1355051987872438,0.0,0.003004148179675225,0.0,0.0],[0.0,0.0,0.0,-0.6405364200838091,0.002513725299356144,0.0,0.005534449543750267,0.0],[0.0,0.0,0.0,0.019560260439781846,-0.0025106553679019963,0.0200161076739258,-0.0025086564713819068,0.0],[0.0,0.0,0.0,0.0,0.002516981241685849,-0.019817699990082743,0.0049602132436271365,0.0],[0.0,0.0,0.0,0.0,0.0,0.0,-0.005088403613389939,0.0014205921153684117],[0.0,0.0,0.0,0.0,0.0,0.0,0.00435251436866126,-0.0014185760848866257]]}