{"din_name":"flux_level01002.json","din_kind":"RELATIVE","din_start":600.000037914187,"din_end":660.0000072683711,"din_rules":["Interventions","r1","r1_rev","r2","r3","r4","r5","r6"],"din_hits":[0,205416,205340,13926,281531,267589,591877,591908],"din_fluxs":[[0.0,0.0,0.0,0.0,0.0,0.0,0.0,0.0],[0.0,-0.0011695491884907926,0.012482901307743778,0.022168335646968924,0.0,-0.0021827259172382415,0.0,0.0],[0.0,0.001170937604468488,-0.012110930542778951,-0.023973813721286045,0.0,0.0024803209018930475,0.0,0.0],[0.0,0.0,0.0,-0.08354216250098485,0.003977485469382587,0.0,0.008825499367274267,0.0],[0.0,0.0,0.0,0.006600108939546395,-0.003960068712384045,0.008299087477065661,-0.0039666129453930195,0.0],[0.0,0.0,0.0,0.0,0.003975749449087911,-0.008874157628883005,0.008615601166451107,0.0],[0.0,0.0,0.0,0.0,0.0,0.0,-0.00659979720452849,0.0018992795279503178],[0.0,0.0,0.0,0.0,0.0,0.0,0.004451100254473021,-0.001895676595093149]]}