{"din_name":"flux_level03161.json","din_kind":"RELATIVE","din_start":600.00000513539,"din_end":660.0000001780435,"din_rules":["Interventions","r1","r1_rev","r2","r3","r4","r5","r6"],"din_hits":[0,76019,76000,5611,1763575,1757974,1851055,1851089],"din_fluxs":[[0.0,0.0,0.0,0.0,0.0,0.0,0.0,0.0],[0.0,-0.0010927232338619527,0.08340588787044972,0.10329172458108543,0.0,-0.0020124792914360244,0.0,0.0],[0.0,0.0010939197420897627,-0.07430920299944258,-0.1360002856202299,0.0,0.0037722130254132357,0.0,0.0],[0.0,0.0,0.0,-0.4078546450967949,0.0028711493577849713,0.0,0.003628585196750827,0.0],[0.0,0.0,0.0,0.00611734127847605,-0.002862453988728658,0.013594686027532603,-0.0028608508084848328,0.0],[0.0,0.0,0.0,0.0,0.0028706737446789446,-0.013528137633879342,0.003383341487094707,0.0],[0.0,0.0,0.0,0.0,0.0,0.0,-0.0021947268923828258,0.003210835594465946],[0.0,0.0,0.0,0.0,0.0,0.0,0.0017117125323092468,-0.0032005381868654686]]}