{"din_name":"flux_level10996.json","din_kind":"RELATIVE","din_start":600.0000065231803,"din_end":660.0000122087376,"din_rules":["Interventions","r1","r1_rev","r2","r3","r4","r5","r6"],"din_hits":[0,93707,93693,17786,3138663,3120870,543367,543366],"din_fluxs":[[0.0,0.0,0.0,0.0,0.0,0.0,0.0,0.0],[0.0,-0.0010949752593209907,0.06987448685164092,0.07443076468994596,0.0,-0.0020031824844021764,0.0,0.0],[0.0,0.0010961769667266427,-0.06401264227847002,-0.11889805040968614,0.0,0.004364425162089231,0.0,0.0],[0.0,0.0,0.0,-0.38163640175585317,0.002673447403747032,0.0,0.0028730902655925063,0.0],[0.0,0.0,0.0,0.006186164489698437,-0.002665878213543057,0.016540056276900892,-0.0026657044946607053,0.0],[0.0,0.0,0.0,0.0,0.0026730043236113357,-0.016430051367693828,0.00274935358233647,0.0],[0.0,0.0,0.0,0.0,0.0,0.0,-0.0018561139702782982,0.00362765546063186],[0.0,0.0,0.0,0.0,0.0,0.0,0.0014222447704542198,-0.0036145091123852683]]}