{"din_name":"flux_level07247.json","din_kind":"RELATIVE","din_start":600.0000117419497,"din_end":660.0000029995839,"din_rules":["Interventions","r1","r1_rev","r2","r3","r4","r5","r6"],"din_hits":[0,166992,166949,19254,1567932,1548665,918582,918586],"din_fluxs":[[0.0,0.0,0.0,0.0,0.0,0.0,0.0,0.0],[0.0,-0.0011130750855121315,0.03202136215804382,0.04474414430616139,0.0,-0.0020782025773989914,0.0,0.0],[0.0,0.001114318623577173,-0.030503402932904065,-0.05927329314636455,0.0,0.0030820105693171586,0.0,0.0],[0.0,0.0,0.0,-0.1867484488525422,0.0033664497390307863,0.0,0.003990478789764069,0.0],[0.0,0.0,0.0,0.005054395725009121,-0.0033562430799144107,0.01022282252404588,-0.0033581141990567816,0.0],[0.0,0.0,0.0,0.0,0.003367569257208481,-0.010349305140299117,0.003814703742752611,0.0],[0.0,0.0,0.0,0.0,0.0,0.0,-0.002388346525752685,0.0038722090167555593],[0.0,0.0,0.0,0.0,0.0,0.0,0.0016358352078497038,-0.0038572290360723263]]}