{"din_name":"flux_level02802.json","din_kind":"RELATIVE","din_start":600.0000010777854,"din_end":660.0000061594549,"din_rules":["Interventions","r1","r1_rev","r2","r3","r4","r5","r6"],"din_hits":[0,3432,3414,16816,1955146,1938316,99176,99170],"din_fluxs":[[0.0,0.0,0.0,0.0,0.0,0.0,0.0,0.0],[0.0,-0.001094724816316371,0.07175253699811528,0.05660414922918881,0.0,-0.0019233269302192215,0.0,0.0],[0.0,0.0010959619839153655,-0.0650473703292033,-0.11921415169273518,0.0,0.005443823262320548,0.0,0.0],[0.0,0.0,0.0,-0.3728009662190922,0.002539312153000074,0.0,0.002599497556309221,0.0],[0.0,0.0,0.0,0.005693382126352985,-0.0025332511260758844,0.01983105704563926,-0.002532588678762756,0.0],[0.0,0.0,0.0,0.0,0.002539690077216611,-0.019615131071092175,0.0025515688784689353,0.0],[0.0,0.0,0.0,0.0,0.0,0.0,-0.0013262477744869008,0.0233139653029184],[0.0,0.0,0.0,0.0,0.0,0.0,0.0010757956060780296,-0.02277106523475384]]}