{"din_name":"flux_level04571.json","din_kind":"RELATIVE","din_start":600.0000113371487,"din_end":660.0000077855051,"din_rules":["Interventions","r1","r1_rev","r2","r3","r4","r5","r6"],"din_hits":[0,16224,16209,11734,1802520,1790793,838322,838327],"din_fluxs":[[0.0,0.0,0.0,0.0,0.0,0.0,0.0,0.0],[0.0,-0.0010952081025414637,0.06886357645314987,0.06675306536508538,0.0,-0.002065066724171683,0.0,0.0],[0.0,0.0010964173607113058,-0.06307017705573045,-0.11936616599304842,0.0,0.004673977687065367,0.0,0.0],[0.0,0.0,0.0,-0.32874037608043555,0.0027950020152542085,0.0,0.003841671430704172,0.0],[0.0,0.0,0.0,0.00402932515770258,-0.0027882334539528143,0.014664437464211299,-0.002788524421601552,0.0],[0.0,0.0,0.0,0.0,0.0027960397627109354,-0.014568250821545543,0.003103971494521703,0.0],[0.0,0.0,0.0,0.0,0.0,0.0,-0.002600670628898409,0.002247440067288034],[0.0,0.0,0.0,0.0,0.0,0.0,0.0019439800069630977,-0.0022423938352972073]]}