{"din_name":"flux_level09234.json","din_kind":"RELATIVE","din_start":600.0000034032963,"din_end":660.0000062027436,"din_rules":["Interventions","r1","r1_rev","r2","r3","r4","r5","r6"],"din_hits":[0,83371,83347,17747,1704398,1686647,1019799,1019792],"din_fluxs":[[0.0,0.0,0.0,0.0,0.0,0.0,0.0,0.0],[0.0,-0.0011050778775788296,0.04200868071183746,0.05062818619905179,0.0,-0.0020673473981937113,0.0,0.0],[0.0,0.0011063045903290981,-0.03960530824884162,-0.07627067979227972,0.0,0.0036468551690065315,0.0,0.0],[0.0,0.0,0.0,-0.24416128699893522,0.0029718356760363605,0.0,0.003456613351899265,0.0],[0.0,0.0,0.0,0.005201129745345574,-0.002963582670913393,0.012746189837252089,-0.002963434404784081,0.0],[0.0,0.0,0.0,0.0,0.0029724027345919015,-0.012792274547382547,0.0032696717233846257,0.0],[0.0,0.0,0.0,0.0,0.0,0.0,-0.001979831418469082,0.004432584691720782],[0.0,0.0,0.0,0.0,0.0,0.0,0.001486705106149529,-0.00441295939471394]]}