{"din_name":"flux_level05077.json","din_kind":"RELATIVE","din_start":600.0000157625677,"din_end":660.0000205010411,"din_rules":["Interventions","r1","r1_rev","r2","r3","r4","r5","r6"],"din_hits":[0,785260,784761,597644,1004741,407106,1404723,1404701],"din_fluxs":[[0.0,0.0,0.0,0.0,0.0,0.0,0.0,0.0],[0.0,-0.002115088022056312,0.0020119375508457567,0.007653527167933384,0.0,-0.004042718960919346,0.0,0.0],[0.0,0.0021199906809627094,-0.0019678894960613756,-0.003925088058143877,0.0,0.0021650156657268566,0.0,0.0],[0.0,0.0,0.0,-0.05605007115420699,0.002499020188651599,0.0,0.0028997418883254006,0.0],[0.0,0.0,0.0,0.032336712052135806,-0.0024926519388484237,0.01434688429971505,-0.002490956760358942,0.0],[0.0,0.0,0.0,0.0,0.0024986795492264752,-0.03075965979502871,0.003170399247421362,0.0],[0.0,0.0,0.0,0.0,0.0,0.0,-0.0023501463669188187,0.002249325270410809],[0.0,0.0,0.0,0.0,0.0,0.0,0.0019918072363522043,-0.0022442713195886823]]}