{"din_name":"flux_level11431.json","din_kind":"RELATIVE","din_start":600.0000159715971,"din_end":660.0000098074956,"din_rules":["Interventions","r1","r1_rev","r2","r3","r4","r5","r6"],"din_hits":[0,163377,163323,10570,328727,318153,1861928,1861915],"din_fluxs":[[0.0,0.0,0.0,0.0,0.0,0.0,0.0,0.0],[0.0,-0.0011412256163959443,0.017786307438993385,0.02809468549382166,0.0,-0.0021172346458366667,0.0,0.0],[0.0,0.0011425410352434665,-0.01717252626964216,-0.0334170477055225,0.0,0.0028245888930674076,0.0,0.0],[0.0,0.0,0.0,-0.18598630710523806,0.002699742769901147,0.0,0.004784774430494068,0.0],[0.0,0.0,0.0,0.011744858371506456,-0.0026913617075496345,0.016105442843066326,-0.002693289250896512,0.0],[0.0,0.0,0.0,0.0,0.00269859170023977,-0.01671411902215273,0.00459244100912368,0.0],[0.0,0.0,0.0,0.0,0.0,0.0,-0.002873933725202158,0.0022426847199848114],[0.0,0.0,0.0,0.0,0.0,0.0,0.0025484839899578547,-0.0022376605328366067]]}