{"din_name":"flux_level08493.json","din_kind":"RELATIVE","din_start":600.000025995602,"din_end":660.0000103707341,"din_rules":["Interventions","r1","r1_rev","r2","r3","r4","r5","r6"],"din_hits":[0,134476,134413,33222,967717,934476,1805192,1805163],"din_fluxs":[[0.0,0.0,0.0,0.0,0.0,0.0,0.0,0.0],[0.0,-0.0011388855251572598,0.018453240396402466,0.02638605405673374,0.0,-0.0021167050914940658,0.0,0.0],[0.0,0.0011401969807761725,-0.017801255461561374,-0.03507960443463084,0.0,0.0030417123782646373,0.0,0.0],[0.0,0.0,0.0,-0.13583764491886027,0.003091545238697253,0.0,0.004919720370125892,0.0],[0.0,0.0,0.0,0.00691285877908577,-0.0030820060098237134,0.011887870267950306,-0.0030821118250833647,0.0],[0.0,0.0,0.0,0.0,0.0030915394979960844,-0.012290010035064657,0.00452993973647954,0.0],[0.0,0.0,0.0,0.0,0.0,0.0,-0.0032519855138779647,0.0022395166148444236],[0.0,0.0,0.0,0.0,0.0,0.0,0.0024888251522850046,-0.0022345059792304592]]}