{"din_name":"flux_level06534.json","din_kind":"RELATIVE","din_start":600.0000068824875,"din_end":660.0000092347278,"din_rules":["Interventions","r1","r1_rev","r2","r3","r4","r5","r6"],"din_hits":[0,53666,53651,14828,3067259,3052426,404378,404379],"din_fluxs":[[0.0,0.0,0.0,0.0,0.0,0.0,0.0,0.0],[0.0,-0.001091721377722856,0.09053256261888312,0.0871487724505494,0.0,-0.0020094758045141226,0.0,0.0],[0.0,0.0010929161233393834,-0.08002730201660925,-0.1458406602690704,0.0,0.005072309964823775,0.0,0.0],[0.0,0.0,0.0,-0.450104267163571,0.00255220375913464,0.0,0.0026437227892755375,0.0],[0.0,0.0,0.0,0.006604968734969154,-0.002545920501659749,0.019291725867979722,-0.0025457632033963453,0.0],[0.0,0.0,0.0,0.0,0.002552421771767584,-0.019067390882293526,0.002586491717359662,0.0],[0.0,0.0,0.0,0.0,0.0,0.0,-0.0013805346505518035,0.013474996384010922],[0.0,0.0,0.0,0.0,0.0,0.0,0.0011231421685073979,-0.013293644934880297]]}