{"din_name":"flux_level10744.json","din_kind":"RELATIVE","din_start":600.0000003069558,"din_end":660.0000002716855,"din_rules":["Interventions","r1","r1_rev","r2","r3","r4","r5","r6"],"din_hits":[0,334244,334185,155205,3628971,3473767,528602,528598],"din_fluxs":[[0.0,0.0,0.0,0.0,0.0,0.0,0.0,0.0],[0.0,-0.001140444772771741,0.017980913173430053,0.02396767464576283,0.0,-0.0021068220350571295,0.0,0.0],[0.0,0.0011417524443420883,-0.017368829932628806,-0.03382288873592906,0.0,0.0033121513187091595,0.0,0.0],[0.0,0.0,0.0,-0.17901149832722085,0.0026210911434119593,0.0,0.0030972835548360817,0.0],[0.0,0.0,0.0,0.010417030191585146,-0.002614597875204654,0.017898794751850505,-0.002615535037816359,0.0],[0.0,0.0,0.0,0.0,0.002621470518652542,-0.018466754773762164,0.0028737035176648563,0.0],[0.0,0.0,0.0,0.0,0.0,0.0,-0.007220253256992137,0.001228867793784038],[0.0,0.0,0.0,0.0,0.0,0.0,0.005592630991558572,-0.0012273591664020206]]}