{"din_name":"flux_level11880.json","din_kind":"RELATIVE","din_start":600.0000045491769,"din_end":660.0000015429549,"din_rules":["Interventions","r1","r1_rev","r2","r3","r4","r5","r6"],"din_hits":[0,242882,242814,83596,1704819,1621210,994872,994866],"din_fluxs":[[0.0,0.0,0.0,0.0,0.0,0.0,0.0,0.0],[0.0,-0.0011480778001631792,0.016075049296463518,0.022644959683940796,0.0,-0.002138400018261471,0.0,0.0],[0.0,0.0011494069605526558,-0.015551213006393953,-0.030282960812269805,0.0,0.003179852521592781,0.0,0.0],[0.0,0.0,0.0,-0.17970846968913212,0.00256986682400286,0.0,0.003184408534928316,0.0],[0.0,0.0,0.0,0.012085518497378694,-0.0025635422291976,0.019117633170571535,-0.002566836913006435,0.0],[0.0,0.0,0.0,0.0,0.0025701469365053352,-0.0198567675435655,0.002972156148574864,0.0],[0.0,0.0,0.0,0.0,0.0,0.0,-0.0034005099392776282,0.0016429322079691412],[0.0,0.0,0.0,0.0,0.0,0.0,0.0027214794457627797,-0.001640235709947922]]}