{"din_name":"flux_level03206.json","din_kind":"RELATIVE","din_start":600.0000481623616,"din_end":660.0000071335129,"din_rules":["Interventions","r1","r1_rev","r2","r3","r4","r5","r6"],"din_hits":[0,91592,91560,5612,979033,973401,404743,404776],"din_fluxs":[[0.0,0.0,0.0,0.0,0.0,0.0,0.0,0.0],[0.0,-0.0011071147068276526,0.03894137953240101,0.06498906514698791,0.0,-0.002057060246474053,0.0,0.0],[0.0,0.0011083460710894057,-0.03682819523262861,-0.07191752805345253,0.0,0.002496106206110158,0.0,0.0],[0.0,0.0,0.0,-0.15556177632180926,0.007193444959790154,0.0,0.01160810243787441,0.0],[0.0,0.0,0.0,0.002337163278889049,-0.007141242646942999,0.005691790521228746,-0.007140677948554228,0.0],[0.0,0.0,0.0,0.0,0.007192816553103449,-0.005732430595326036,0.010604488809267279,0.0],[0.0,0.0,0.0,0.0,0.0,0.0,-0.011878066039087235,0.001674500606404739],[0.0,0.0,0.0,0.0,0.0,0.0,0.003943572047235211,-0.0016717029381793339]]}