{"din_name":"flux_level10045.json","din_kind":"RELATIVE","din_start":600.000012517801,"din_end":660.0000235734969,"din_rules":["Interventions","r1","r1_rev","r2","r3","r4","r5","r6"],"din_hits":[0,40530,40518,4954,3092655,3087698,1339288,1339273],"din_fluxs":[[0.0,0.0,0.0,0.0,0.0,0.0,0.0,0.0],[0.0,-0.0010894553560670303,0.11253548852607796,0.13840504819274294,0.0,-0.001988988826228747,0.0,0.0],[0.0,0.0010906450248243445,-0.09704204076282963,-0.18058182559798203,0.0,0.0035441987765307157,0.0,0.0],[0.0,0.0,0.0,-0.3780796634165567,0.003716820360292942,0.0,0.004497272542359941,0.0],[0.0,0.0,0.0,0.0024372596431558743,-0.0037039229348797198,0.008863695155877666,-0.003704157809927237,0.0],[0.0,0.0,0.0,0.0,0.003717709851435094,-0.00881970946951071,0.00413072269685825,0.0],[0.0,0.0,0.0,0.0,0.0,0.0,-0.002534556773269728,0.004339345573694306],[0.0,0.0,0.0,0.0,0.0,0.0,0.0015942929073577685,-0.004320536503970015]]}