{"din_name":"flux_level02950.json","din_kind":"RELATIVE","din_start":600.0000023575005,"din_end":660.0000280511223,"din_rules":["Interventions","r1","r1_rev","r2","r3","r4","r5","r6"],"din_hits":[0,94005,93985,15266,3132744,3117475,439399,439426],"din_fluxs":[[0.0,0.0,0.0,0.0,0.0,0.0,0.0,0.0],[0.0,-0.0010962893230183567,0.06402554504814761,0.07492509017691938,0.0,-0.0020283060653018465,0.0,0.0],[0.0,0.001097494133710276,-0.059034352012044884,-0.11283575780544858,0.0,0.003778540068457328,0.0,0.0],[0.0,0.0,0.0,-0.30733000210991135,0.0031099329642033657,0.0,0.0037200347994391586,0.0],[0.0,0.0,0.0,0.004096478232686121,-0.0031003479011195026,0.011591700205705286,-0.0031023374436761676,0.0],[0.0,0.0,0.0,0.0,0.003109996624106389,-0.0115656225995513,0.0033816945175430702,0.0],[0.0,0.0,0.0,0.0,0.0,0.0,-0.005296486173529512,0.0014340080822242468],[0.0,0.0,0.0,0.0,0.0,0.0,0.0034773679640848357,-0.0014319547328486835]]}