{"din_name":"flux_level11336.json","din_kind":"RELATIVE","din_start":600.0000100877554,"din_end":660.0000048816543,"din_rules":["Interventions","r1","r1_rev","r2","r3","r4","r5","r6"],"din_hits":[0,30524,30512,8445,2354485,2346034,640237,640262],"din_fluxs":[[0.0,0.0,0.0,0.0,0.0,0.0,0.0,0.0],[0.0,-0.0010895510935383518,0.10978479194059591,0.10550617238294274,0.0,-0.0020200773698797526,0.0,0.0],[0.0,0.0010907414849874693,-0.09619284615163443,-0.17231169551830225,0.0,0.0052351720671551345,0.0,0.0],[0.0,0.0,0.0,-0.48377881107220266,0.0025783695456049974,0.0,0.004156945208113258,0.0],[0.0,0.0,0.0,0.006010570570211824,-0.002572906956193127,0.018521138244849897,-0.0025684049814462253,0.0],[0.0,0.0,0.0,0.0,0.002579550425986333,-0.018287794961506707,0.003011543074525406,0.0],[0.0,0.0,0.0,0.0,0.0,0.0,-0.007170457375869208,0.0012304432325546274],[0.0,0.0,0.0,0.0,0.0,0.0,0.005661074984428214,-0.0012289302259023637]]}