{"din_name":"flux_level00718.json","din_kind":"RELATIVE","din_start":600.0000227747192,"din_end":660.0000058192528,"din_rules":["Interventions","r1","r1_rev","r2","r3","r4","r5","r6"],"din_hits":[0,76613,76591,17634,1686992,1669349,281526,281526],"din_fluxs":[[0.0,0.0,0.0,0.0,0.0,0.0,0.0,0.0],[0.0,-0.0011037111069562065,0.04435843035058615,0.05010571569718462,0.0,-0.002021977244178635,0.0,0.0],[0.0,0.001104934688456429,-0.041718790742305195,-0.08001905118341493,0.0,0.0038676294466953023,0.0,0.0],[0.0,0.0,0.0,-0.27422410142797693,0.0028040502827275217,0.0,0.0029712280456723186,0.0],[0.0,0.0,0.0,0.005977262307861879,-0.0027965438694681536,0.014567486156399979,-0.0027970927285846086,0.0],[0.0,0.0,0.0,0.0,0.002804393870233564,-0.014589595143348377,0.0028890041385666145,0.0],[0.0,0.0,0.0,0.0,0.0,0.0,-0.0018792421065397828,0.004025061473750784],[0.0,0.0,0.0,0.0,0.0,0.0,0.001382733484717028,-0.004008880313206205]]}