{"din_name":"flux_level00717.json","din_kind":"RELATIVE","din_start":600.000018801511,"din_end":660.000005234882,"din_rules":["Interventions","r1","r1_rev","r2","r3","r4","r5","r6"],"din_hits":[0,143465,143436,10117,1462299,1452187,250923,250925],"din_fluxs":[[0.0,0.0,0.0,0.0,0.0,0.0,0.0,0.0],[0.0,-0.0011036364689188537,0.044438167211745656,0.06220502372049329,0.0,-0.002058761220018337,0.0,0.0],[0.0,0.0011048579386988794,-0.04181281012244162,-0.08031301627183711,0.0,0.0031335292807660006,0.0,0.0],[0.0,0.0,0.0,-0.2515448667090076,0.0032408701753755204,0.0,0.003418244688599638,0.0],[0.0,0.0,0.0,0.005467234031184523,-0.003229899399533266,0.01078225144878116,-0.0032300650945522235,0.0],[0.0,0.0,0.0,0.0,0.0032403696092963424,-0.010844007808912079,0.003368415132631727,0.0],[0.0,0.0,0.0,0.0,0.0,0.0,-0.002108873184974409,0.004510600229265544],[0.0,0.0,0.0,0.0,0.0,0.0,0.0013767322501840812,-0.004490273840838362]]}