{"din_name":"flux_level02843.json","din_kind":"RELATIVE","din_start":600.0000154626501,"din_end":660.0000081974924,"din_rules":["Interventions","r1","r1_rev","r2","r3","r4","r5","r6"],"din_hits":[0,134829,134806,26295,2403714,2377395,427688,427690],"din_fluxs":[[0.0,0.0,0.0,0.0,0.0,0.0,0.0,0.0],[0.0,-0.0011084454832264317,0.037080684444325725,0.047854581214570265,0.0,-0.002058995719886335,0.0,0.0],[0.0,0.0011096786441822653,-0.03514412480586939,-0.06840246855195591,0.0,0.00332751437511586,0.0,0.0],[0.0,0.0,0.0,-0.20186600033307595,0.0033211256353414256,0.0,0.003811010452114937,0.0],[0.0,0.0,0.0,0.004378577767442232,-0.0033100977477990867,0.010456904184808238,-0.0033133410175126294,0.0],[0.0,0.0,0.0,0.0,0.003321100237761848,-0.010532086343377326,0.0035892823679074043,0.0],[0.0,0.0,0.0,0.0,0.0,0.0,-0.003807454143329494,0.001817263564845801],[0.0,0.0,0.0,0.0,0.0,0.0,0.0023627885680837773,-0.0018139642113377643]]}