{"din_name":"flux_level03260.json","din_kind":"RELATIVE","din_start":600.0000103371235,"din_end":660.0000067872953,"din_rules":["Interventions","r1","r1_rev","r2","r3","r4","r5","r6"],"din_hits":[0,21743,21729,5068,1273493,1268434,107944,107958],"din_fluxs":[[0.0,0.0,0.0,0.0,0.0,0.0,0.0,0.0],[0.0,-0.0010921715043249957,0.08589232333119734,0.08824373789492386,0.0,-0.002002578340747733,0.0,0.0],[0.0,0.0010933699103775761,-0.07730395391304164,-0.14312515081096644,0.0,0.004409714386475532,0.0,0.0],[0.0,0.0,0.0,-0.38334440875477216,0.002835848894805065,0.0,0.0057056741041435636,0.0],[0.0,0.0,0.0,0.00440766303003257,-0.002827669444275111,0.01406576789314781,-0.002827734217201704,0.0],[0.0,0.0,0.0,0.0,0.0028356910466144475,-0.0139650076646595,0.0036580977646181027,0.0],[0.0,0.0,0.0,0.0,0.0,0.0,-0.029256682905072932,0.0010561197274685874],[0.0,0.0,0.0,0.0,0.0,0.0,0.021376797767166587,-0.0010550055099660253]]}