{"din_name":"flux_level09174.json","din_kind":"RELATIVE","din_start":600.0000440294347,"din_end":660.0000384616422,"din_rules":["Interventions","r1","r1_rev","r2","r3","r4","r5","r6"],"din_hits":[0,245988,245943,30570,1257458,1226854,232210,232219],"din_fluxs":[[0.0,0.0,0.0,0.0,0.0,0.0,0.0,0.0],[0.0,-0.00112981099218936,0.021617237434836515,0.031572455954322065,0.0,-0.002083985363201871,0.0,0.0],[0.0,0.0011310941034375994,-0.020804941896657093,-0.040734376593818594,0.0,0.002952308162576194,0.0,0.0],[0.0,0.0,0.0,-0.15673622574580362,0.0031185072387587007,0.0,0.0032492203389118935,0.0],[0.0,0.0,0.0,0.006975559489074557,-0.0031085125455557585,0.011626891421505926,-0.003108074011691331,0.0],[0.0,0.0,0.0,0.0,0.003118205992481524,-0.01194504248690397,0.0032186673707895186,0.0],[0.0,0.0,0.0,0.0,0.0,0.0,-0.0017987931795059697,0.008005490803674886],[0.0,0.0,0.0,0.0,0.0,0.0,0.0012566820346203507,-0.007941448846668366]]}