{"din_name":"flux_level07125.json","din_kind":"RELATIVE","din_start":600.0000251350458,"din_end":660.0000066128267,"din_rules":["Interventions","r1","r1_rev","r2","r3","r4","r5","r6"],"din_hits":[0,43135,43121,8296,2408888,2400591,1200497,1200520],"din_fluxs":[[0.0,0.0,0.0,0.0,0.0,0.0,0.0,0.0],[0.0,-0.0010927091675580047,0.08207295905973025,0.09227194009608095,0.0,-0.002029139516363586,0.0,0.0],[0.0,0.0010939068172162196,-0.07420251486184398,-0.13887050476301366,0.0,0.003975266078947426,0.0,0.0],[0.0,0.0,0.0,-0.3454027602175346,0.003131799858979774,0.0,0.003764149237833069,0.0],[0.0,0.0,0.0,0.0034142889114678766,-0.0031215864882731884,0.011428372204414316,-0.0031230017404710853,0.0],[0.0,0.0,0.0,0.0,0.0031313665171190004,-0.011371759666389519,0.0034440422697983105,0.0],[0.0,0.0,0.0,0.0,0.0,0.0,-0.002143470527803749,0.004095076579663321],[0.0,0.0,0.0,0.0,0.0,0.0,0.0015260387307070849,-0.004078324214640795]]}