{"din_name":"flux_level06091.json","din_kind":"RELATIVE","din_start":600.0000459964103,"din_end":660.0000003262529,"din_rules":["Interventions","r1","r1_rev","r2","r3","r4","r5","r6"],"din_hits":[0,88974,88951,4212,549929,545718,736427,736433],"din_fluxs":[[0.0,0.0,0.0,0.0,0.0,0.0,0.0,0.0],[0.0,-0.0011029516841511908,0.045740970424367866,0.06519691144942547,0.0,-0.0020494428911832373,0.0,0.0],[0.0,0.0011041728526152148,-0.04296919590582544,-0.08023656844662876,0.0,0.003425899259915629,0.0,0.0],[0.0,0.0,0.0,-0.3762524661721527,0.0025720427780533163,0.0,0.0030194526719486657,0.0],[0.0,0.0,0.0,0.011609404136998647,-0.0025660068062416186,0.018674853453264192,-0.0025637261097337972,0.0],[0.0,0.0,0.0,0.0,0.002572614619206945,-0.018685581181345022,0.002911543681240473,0.0],[0.0,0.0,0.0,0.0,0.0,0.0,-0.0017225351850997217,0.0043030188704819925],[0.0,0.0,0.0,0.0,0.0,0.0,0.0014712950519956264,-0.004284522088291115]]}