{"din_name":"flux_level08959.json","din_kind":"RELATIVE","din_start":600.0000488314596,"din_end":660.0000119988978,"din_rules":["Interventions","r1","r1_rev","r2","r3","r4","r5","r6"],"din_hits":[0,39088,39053,24220,2486635,2462419,374819,374810],"din_fluxs":[[0.0,0.0,0.0,0.0,0.0,0.0,0.0,0.0],[0.0,-0.0011043373806277688,0.043267305050677635,0.05053167109867606,0.0,-0.002048746451486902,0.0,0.0],[0.0,0.0011055653591943615,-0.0407039494349891,-0.07912578792864115,0.0,0.003630316691708157,0.0,0.0],[0.0,0.0,0.0,-0.2051678803952282,0.0034017502281518215,0.0,0.0036111256003612375,0.0],[0.0,0.0,0.0,0.0031310436870144146,-0.0033902296149841533,0.010120370240509985,-0.0033905481504538154,0.0],[0.0,0.0,0.0,0.0,0.0034017724922824795,-0.010140966135925229,0.0034972128221055446,0.0],[0.0,0.0,0.0,0.0,0.0,0.0,-0.0018805073452688884,0.01153514920702927],[0.0,0.0,0.0,0.0,0.0,0.0,0.001250947542906084,-0.011402267524089507]]}