{"din_name":"flux_level07616.json","din_kind":"RELATIVE","din_start":600.0000044200335,"din_end":660.0000033381082,"din_rules":["Interventions","r1","r1_rev","r2","r3","r4","r5","r6"],"din_hits":[0,4144260,4143469,2871972,3037330,165401,429066,429055],"din_fluxs":[[0.0,0.0,0.0,0.0,0.0,0.0,0.0,0.0],[0.0,-0.0048991789302459746,0.0012861547674515514,0.005226379679466872,0.0,-0.009554649279020054,0.0,0.0],[0.0,0.004923936185254894,-0.0012620673383642986,-0.0025163581994866215,0.0,0.004803562406727994,0.0,0.0],[0.0,0.0,0.0,-0.030266512779293802,0.0025068885420161495,0.0,0.0027263699632251097,0.0],[0.0,0.0,0.0,0.02581793807799621,-0.002500639395740997,0.010064951491692608,-0.0025024286725399613,0.0],[0.0,0.0,0.0,0.0,0.0025073133320781494,-0.055615207428898715,0.0028514902457589543,0.0],[0.0,0.0,0.0,0.0,0.0,0.0,-0.007423615054277209,0.0012086840101893804],[0.0,0.0,0.0,0.0,0.0,0.0,0.006003812491119381,-0.0012072239273493276]]}