{"din_name":"flux_level11492.json","din_kind":"RELATIVE","din_start":600.0000102134844,"din_end":660.0000016078276,"din_rules":["Interventions","r1","r1_rev","r2","r3","r4","r5","r6"],"din_hits":[0,136442,136423,62068,4451362,4389280,1614533,1614534],"din_fluxs":[[0.0,0.0,0.0,0.0,0.0,0.0,0.0,0.0],[0.0,-0.0011042857594563422,0.04331381787540196,0.044462940146407504,0.0,-0.002045254350728754,0.0,0.0],[0.0,0.0011055088326321866,-0.040794533643399314,-0.07711572347376475,0.0,0.004367617219050978,0.0,0.0],[0.0,0.0,0.0,-0.3096536219705139,0.0025478325513570085,0.0,0.0029045784727888477,0.0],[0.0,0.0,0.0,0.007791640152923206,-0.0025418991961531794,0.01962349154969785,-0.002541947316170136,0.0],[0.0,0.0,0.0,0.0,0.002548386705782215,-0.01958106949448837,0.0026820964057090563,0.0],[0.0,0.0,0.0,0.0,0.0,0.0,-0.0019165777643996556,0.003050566508118992],[0.0,0.0,0.0,0.0,0.0,0.0,0.0015482311607250502,-0.003041269518384261]]}