{"din_name":"flux_level11033.json","din_kind":"RELATIVE","din_start":600.0000021421675,"din_end":660.0000108785907,"din_rules":["Interventions","r1","r1_rev","r2","r3","r4","r5","r6"],"din_hits":[0,27328,27293,87907,3555769,3467847,582793,582810],"din_fluxs":[[0.0,0.0,0.0,0.0,0.0,0.0,0.0,0.0],[0.0,-0.0011176752667303345,0.028267345682505815,0.031055206020707393,0.0,-0.002029939216721327,0.0,0.0],[0.0,0.0011189531202053138,-0.026940461343030065,-0.05220648116285378,0.0,0.0038667823009402545,0.0,0.0],[0.0,0.0,0.0,-0.19341547308607449,0.0027857731798826826,0.0,0.0029361762656779805,0.0],[0.0,0.0,0.0,0.006173162200913453,-0.00277829124618687,0.015029967953229929,-0.002778700861210759,0.0],[0.0,0.0,0.0,0.0,0.0027860417281332164,-0.015190524879972361,0.002845728707384356,0.0],[0.0,0.0,0.0,0.0,0.0,0.0,-0.0015573221412537193,0.009892367226753804],[0.0,0.0,0.0,0.0,0.0,0.0,0.0011878363667295862,-0.009794589952682575]]}