{"din_name":"flux_level06479.json","din_kind":"RELATIVE","din_start":600.0000139575644,"din_end":660.0000165769104,"din_rules":["Interventions","r1","r1_rev","r2","r3","r4","r5","r6"],"din_hits":[0,45520,45507,4729,1972185,1967449,811258,811242],"din_fluxs":[[0.0,0.0,0.0,0.0,0.0,0.0,0.0,0.0],[0.0,-0.0010907766705218155,0.09701788746446635,0.11879976908681762,0.0,-0.002035372058657053,0.0,0.0],[0.0,0.0010919694069979721,-0.0863008116966871,-0.1600958936666263,0.0,0.0038576492556272506,0.0,0.0],[0.0,0.0,0.0,-0.40000203100664466,0.0031048473085204045,0.0,0.0035801736822641326,0.0],[0.0,0.0,0.0,0.0040978394512307574,-0.003097520660342978,0.011542525678431349,-0.003096484388068387,0.0],[0.0,0.0,0.0,0.0,0.003107156739890256,-0.011478840010952337,0.0033588197436627883,0.0],[0.0,0.0,0.0,0.0,0.0,0.0,-0.002073892411403253,0.0043390188220297134],[0.0,0.0,0.0,0.0,0.0,0.0,0.0014675968274472093,-0.004320211620663]]}