{"din_name":"flux_level07654.json","din_kind":"RELATIVE","din_start":600.0000025603031,"din_end":660.0000023955714,"din_rules":["Interventions","r1","r1_rev","r2","r3","r4","r5","r6"],"din_hits":[0,32225,32211,17215,3000477,2983253,998076,998088],"din_fluxs":[[0.0,0.0,0.0,0.0,0.0,0.0,0.0,0.0],[0.0,-0.001096873774906089,0.061851252754638215,0.06797455213602077,0.0,-0.002026496992872097,0.0,0.0],[0.0,0.0010980831615342577,-0.05712682454439035,-0.10948795912084243,0.0,0.003913174614798326,0.0,0.0],[0.0,0.0,0.0,-0.268026102980221,0.0032853636443610393,0.0,0.003786982032232414,0.0],[0.0,0.0,0.0,0.002791129362136303,-0.003276167993610015,0.010600501076190103,-0.0032754774781585468,0.0],[0.0,0.0,0.0,0.0,0.0032869542138053297,-0.010568953720386133,0.003505677105270236,0.0],[0.0,0.0,0.0,0.0,0.0,0.0,-0.002064430805110515,0.005430144156597693],[0.0,0.0,0.0,0.0,0.0,0.0,0.001409575279539081,-0.005400691976626933]]}