{"din_name":"flux_level10987.json","din_kind":"RELATIVE","din_start":600.0000044174252,"din_end":660.000007422713,"din_rules":["Interventions","r1","r1_rev","r2","r3","r4","r5","r6"],"din_hits":[0,63301,63290,158,217510,217339,325580,325636],"din_fluxs":[[0.0,0.0,0.0,0.0,0.0,0.0,0.0,0.0],[0.0,-0.0010902731966165823,0.10161905253335428,0.20638173155059644,0.0,-0.0020186707847709997,0.0,0.0],[0.0,0.00109146428393896,-0.08997565805730542,-0.16959747120694776,0.0,0.002149649999885797,0.0,0.0],[0.0,0.0,0.0,-0.33929106700763395,0.010961693990758557,0.0,0.021502252548377343,0.0],[0.0,0.0,0.0,0.004111903377737874,-0.010876239383055701,0.0049350970035694905,-0.0108737922306914,0.0],[0.0,0.0,0.0,0.0,0.010996740118516101,-0.004950817521148504,0.021347192537411935,0.0],[0.0,0.0,0.0,0.0,0.0,0.0,-0.01234135459766572,0.004433115003920196],[0.0,0.0,0.0,0.0,0.0,0.0,0.005693322892890215,-0.004413452335657863]]}