{"din_name":"flux_level06876.json","din_kind":"RELATIVE","din_start":600.0000022250416,"din_end":660.0000121489488,"din_rules":["Interventions","r1","r1_rev","r2","r3","r4","r5","r6"],"din_hits":[0,91394,91364,53463,3411641,3358176,2277,2276],"din_fluxs":[[0.0,0.0,0.0,0.0,0.0,0.0,0.0,0.0],[0.0,-0.001105874731309639,0.04060144272851096,0.0412947774080895,0.0,-0.0020252354894693056,0.0,0.0],[0.0,0.0011071030213406876,-0.03834221383540256,-0.07313172394963843,0.0,0.004392921663271016,0.0,0.0],[0.0,0.0,0.0,-0.3000967385606344,0.0025356756011978582,0.0,0.002535881821102925,0.0],[0.0,0.0,0.0,0.008020740832782345,-0.0025296299379099236,0.02002212687927673,-0.0025296500259027023,0.0],[0.0,0.0,0.0,0.0,0.0025360530268577117,-0.019996161304053045,0.002536230706794322,0.0],[0.0,0.0,0.0,0.0,0.0,0.0,-0.00126557572852769,36.25066584687447],[0.0,0.0,0.0,0.0,0.0,0.0,0.001034147258885829,-0.7586994727592249]]}