{"din_name":"flux_level05599.json","din_kind":"RELATIVE","din_start":600.0000259733216,"din_end":660.0000071584151,"din_rules":["Interventions","r1","r1_rev","r2","r3","r4","r5","r6"],"din_hits":[0,58439,58378,12528,405878,393343,1371673,1371670],"din_fluxs":[[0.0,0.0,0.0,0.0,0.0,0.0,0.0,0.0],[0.0,-0.0011342706781053546,0.019938319655436406,0.027809658266378517,0.0,-0.002108235222996161,0.0,0.0],[0.0,0.0011355837217968793,-0.019176216336578303,-0.037445088338690286,0.0,0.0031137727287076345,0.0,0.0],[0.0,0.0,0.0,-0.15506124151678335,0.0029412399188709763,0.0,0.004261551602900966,0.0],[0.0,0.0,0.0,0.007460941383323848,-0.002931661134818169,0.013140028287137027,-0.002935396481413149,0.0],[0.0,0.0,0.0,0.0,0.0029402561285716017,-0.013521940191956756,0.004057048202193829,0.0],[0.0,0.0,0.0,0.0,0.0,0.0,-0.0023353983784797938,0.003392020467064123],[0.0,0.0,0.0,0.0,0.0,0.0,0.002011025030288093,-0.0033805275025350838]]}