{"din_name":"flux_level02277.json","din_kind":"RELATIVE","din_start":600.0000047938264,"din_end":660.0000003392602,"din_rules":["Interventions","r1","r1_rev","r2","r3","r4","r5","r6"],"din_hits":[0,10647,10635,20438,4096695,4076241,462898,462890],"din_fluxs":[[0.0,0.0,0.0,0.0,0.0,0.0,0.0,0.0],[0.0,-0.0010912426562503688,0.09265315181220794,0.07800054578439009,0.0,-0.0019972609295806324,0.0,0.0],[0.0,0.0010924423281341226,-0.08272786985705216,-0.15294265169482454,0.0,0.005315119164860748,0.0,0.0],[0.0,0.0,0.0,-0.39357093336675975,0.002695903689287938,0.0,0.0029396560295863335,0.0],[0.0,0.0,0.0,0.003855723455263706,-0.0026900436789349023,0.016141906580530857,-0.0026894011573361265,0.0],[0.0,0.0,0.0,0.0,0.002697309648975041,-0.015971416603159545,0.0027388322259259117,0.0],[0.0,0.0,0.0,0.0,0.0,0.0,-0.0015834401021788645,0.00686200010017705],[0.0,0.0,0.0,0.0,0.0,0.0,0.0012100779006198991,-0.006814958689983275]]}