{"din_name":"flux_level11727.json","din_kind":"RELATIVE","din_start":600.000000711795,"din_end":660.0000074378274,"din_rules":["Interventions","r1","r1_rev","r2","r3","r4","r5","r6"],"din_hits":[0,62578,62558,9282,1579248,1569983,2218746,2218739],"din_fluxs":[[0.0,0.0,0.0,0.0,0.0,0.0,0.0,0.0],[0.0,-0.0010948512371548585,0.07040910931746469,0.07825711951908797,0.0,-0.0020412057051917756,0.0,0.0],[0.0,0.0010960532460258553,-0.06447620030905624,-0.11825207837207304,0.0,0.004485382775954274,0.0,0.0],[0.0,0.0,0.0,-0.43017212956701384,0.002534800011382765,0.0,0.0036361193635717068,0.0],[0.0,0.0,0.0,0.008355893965267706,-0.0025282840673084474,0.019799535963398333,-0.0025288003589575554,0.0],[0.0,0.0,0.0,0.0,0.0025346936836966906,-0.019620085907685113,0.0031093140306364163,0.0],[0.0,0.0,0.0,0.0,0.0,0.0,-0.002456369278400231,0.0021771483558687935],[0.0,0.0,0.0,0.0,0.0,0.0,0.0020543482090446775,-0.0021724129825717435]]}