{"din_name":"flux_level08071.json","din_kind":"RELATIVE","din_start":600.0000025910327,"din_end":660.0000111738055,"din_rules":["Interventions","r1","r1_rev","r2","r3","r4","r5","r6"],"din_hits":[0,49089,49044,62917,2241072,2178141,1091845,1091837],"din_fluxs":[[0.0,0.0,0.0,0.0,0.0,0.0,0.0,0.0],[0.0,-0.001120934486378647,0.026091070224873784,0.030062161219864558,0.0,-0.0020824433119902234,0.0,0.0],[0.0,0.0011222100290152687,-0.024955298133673347,-0.04856340098532446,0.0,0.0038435433099743405,0.0,0.0],[0.0,0.0,0.0,-0.21223339574306227,0.0026300207025864884,0.0,0.002966420059037204,0.0],[0.0,0.0,0.0,0.008098197108210173,-0.0026235359127452355,0.017736237096087407,-0.002623026200647705,0.0],[0.0,0.0,0.0,0.0,0.0026304516918868896,-0.017959090938415898,0.0027911328939469386,0.0],[0.0,0.0,0.0,0.0,0.0,0.0,-0.0017118855274434574,0.004526981535395599],[0.0,0.0,0.0,0.0,0.0,0.0,0.0013764666987850422,-0.0045065097061078845]]}