{"din_name":"flux_level10626.json","din_kind":"RELATIVE","din_start":600.0000019973517,"din_end":660.0000008430156,"din_rules":["Interventions","r1","r1_rev","r2","r3","r4","r5","r6"],"din_hits":[0,417205,417063,365601,2718208,2352581,1545566,1545551],"din_fluxs":[[0.0,0.0,0.0,0.0,0.0,0.0,0.0,0.0],[0.0,-0.00124159760002368,0.00736397948887146,0.013765119345175644,0.0,-0.0023237511260640526,0.0,0.0],[0.0,0.0012431700469534696,-0.007181410602116865,-0.014197769338589563,0.0,0.0025644415442498242,0.0,0.0],[0.0,0.0,0.0,-0.1097446159490934,0.002604340531198622,0.0,0.0031067669662186766,0.0],[0.0,0.0,0.0,0.01662565922317462,-0.0025975223716384077,0.01786270752872124,-0.0025956525690616528,0.0],[0.0,0.0,0.0,0.0,0.0026042814483323395,-0.020263416310391004,0.0030393513366071124,0.0],[0.0,0.0,0.0,0.0,0.0,0.0,-0.003623618797515359,0.0015957250648903395],[0.0,0.0,0.0,0.0,0.0,0.0,0.002864284256374351,-0.001593180898442787]]}