{"din_name":"flux_level11035.json","din_kind":"RELATIVE","din_start":600.0000104412792,"din_end":660.0000224157403,"din_rules":["Interventions","r1","r1_rev","r2","r3","r4","r5","r6"],"din_hits":[0,17276,17242,90086,3552726,3462634,584761,584756],"din_fluxs":[[0.0,0.0,0.0,0.0,0.0,0.0,0.0,0.0],[0.0,-0.0011182012268189589,0.028069713239971972,0.03172236992933523,0.0,-0.0020942747285980124,0.0,0.0],[0.0,0.0011194969790936703,-0.026682849448165548,-0.05151575862885205,0.0,0.003843799850299279,0.0,0.0],[0.0,0.0,0.0,-0.191640700906616,0.002785423747578031,0.0,0.0029387824075095175,0.0],[0.0,0.0,0.0,0.006189026983681315,-0.002778041881141897,0.015038642494096071,-0.002777759772827285,0.0],[0.0,0.0,0.0,0.0,0.002785793900244264,-0.015203226783841272,0.0028450214290193995,0.0],[0.0,0.0,0.0,0.0,0.0,0.0,-0.0015575743963974296,0.009871846385998371],[0.0,0.0,0.0,0.0,0.0,0.0,0.0011873330346733497,-0.009774475323052374]]}