{"din_name":"flux_level05233.json","din_kind":"RELATIVE","din_start":600.0000032341781,"din_end":660.0000046615911,"din_rules":["Interventions","r1","r1_rev","r2","r3","r4","r5","r6"],"din_hits":[0,50540,50526,5296,1583357,1578051,1644738,1644733],"din_fluxs":[[0.0,0.0,0.0,0.0,0.0,0.0,0.0,0.0],[0.0,-0.0010911846770609748,0.0969101684789208,0.10884317043576534,0.0,-0.0020146185482501334,0.0,0.0],[0.0,0.0010923782286057324,-0.08395633369725117,-0.15030154382383204,0.0,0.004361894688875822,0.0,0.0],[0.0,0.0,0.0,-0.4679995486419871,0.002646164111736872,0.0,0.003507348458193291,0.0],[0.0,0.0,0.0,0.007261231608403555,-0.0026391211865621563,0.01696776511414761,-0.002638364807124504,0.0],[0.0,0.0,0.0,0.0,0.0026461071864670033,-0.01681157642577746,0.0030968216133110344,0.0],[0.0,0.0,0.0,0.0,0.0,0.0,-0.002236343346283828,0.0026030557778644672],[0.0,0.0,0.0,0.0,0.0,0.0,0.0018083818798884026,-0.0025962869487141014]]}