{"din_name":"flux_level11011.json","din_kind":"RELATIVE","din_start":600.0000226797712,"din_end":660.0000199892322,"din_rules":["Interventions","r1","r1_rev","r2","r3","r4","r5","r6"],"din_hits":[0,16441,16428,5927,1861034,1855112,1553724,1553756],"din_fluxs":[[0.0,0.0,0.0,0.0,0.0,0.0,0.0,0.0],[0.0,-0.001090184426213067,0.1038978646175177,0.0994604180477642,0.0,-0.0019738077351939714,0.0,0.0],[0.0,0.0010913782857540138,-0.0905700469060282,-0.166795508165438,0.0,0.00464203114421098,0.0,0.0],[0.0,0.0,0.0,-0.4061843174019449,0.0028878867776773185,0.0,0.003693305394165119,0.0],[0.0,0.0,0.0,0.0035229966935782105,-0.002880228986108342,0.013454883125893274,-0.002880517945427924,0.0],[0.0,0.0,0.0,0.0,0.002888554971695861,-0.013340712892452073,0.003275806531006946,0.0],[0.0,0.0,0.0,0.0,0.0,0.0,-0.0020330427077764807,0.003831975369922733],[0.0,0.0,0.0,0.0,0.0,0.0,0.0015748761848189566,-0.0038173039302422137]]}