{"din_name":"flux_level10560.json","din_kind":"RELATIVE","din_start":600.0000003453412,"din_end":660.0000022225552,"din_rules":["Interventions","r1","r1_rev","r2","r3","r4","r5","r6"],"din_hits":[0,30757,30747,9344,3787926,3778586,1680180,1680203],"din_fluxs":[[0.0,0.0,0.0,0.0,0.0,0.0,0.0,0.0],[0.0,-0.0010897674516137435,0.11003319724521467,0.11348799767368023,0.0,-0.002029171164254806,0.0,0.0],[0.0,0.0010909583781163578,-0.09402242139488784,-0.1748386159697163,0.0,0.004260927025524783,0.0,0.0],[0.0,0.0,0.0,-0.38763577179062925,0.003160756623242423,0.0,0.003951666854056012,0.0],[0.0,0.0,0.0,0.002690554197418063,-0.003150899801113849,0.01122271606692647,-0.003149619150365916,0.0],[0.0,0.0,0.0,0.0,0.0031608667440116557,-0.011142818628683266,0.0034706206598195573,0.0],[0.0,0.0,0.0,0.0,0.0,0.0,-0.0022698215065640468,0.00357986258915374],[0.0,0.0,0.0,0.0,0.0,0.0,0.0015772586410640662,-0.003567055555510366]]}