{"din_name":"flux_level13430.json","din_kind":"RELATIVE","din_start":600.0000012039666,"din_end":660.0000017040355,"din_rules":["Interventions","r1","r1_rev","r2","r3","r4","r5","r6"],"din_hits":[0,293466,293414,54977,1594221,1539224,1575607,1575600],"din_fluxs":[[0.0,0.0,0.0,0.0,0.0,0.0,0.0,0.0],[0.0,-0.0011347419942342985,0.019752451068159357,0.027247288975846752,0.0,-0.0021078492759580014,0.0,0.0],[0.0,0.0011360363436733057,-0.019045721715026196,-0.036910787336716634,0.0,0.0032378413842397784,0.0,0.0],[0.0,0.0,0.0,-0.20368013934040427,0.0025914600758562946,0.0,0.003520879733339005,0.0],[0.0,0.0,0.0,0.011245983860414619,-0.0025844927490667733,0.018502778736401132,-0.002583450360581312,0.0],[0.0,0.0,0.0,0.0,0.002591181819669154,-0.019009557384598683,0.0032356236642324524,0.0],[0.0,0.0,0.0,0.0,0.0,0.0,-0.0033212509138661923,0.0017018698757310315],[0.0,0.0,0.0,0.0,0.0,0.0,0.002675633710830251,-0.0016989763816308938]]}