{"din_name":"flux_level12696.json","din_kind":"RELATIVE","din_start":600.0000033078846,"din_end":660.000000795936,"din_rules":["Interventions","r1","r1_rev","r2","r3","r4","r5","r6"],"din_hits":[0,117074,117054,51068,3393002,3341937,711523,711540],"din_fluxs":[[0.0,0.0,0.0,0.0,0.0,0.0,0.0,0.0],[0.0,-0.0011097930308387595,0.035408458216910556,0.040801091432811167,0.0,-0.0020464518024220575,0.0,0.0],[0.0,0.0011110296878194634,-0.033614734802387754,-0.06521259519972743,0.0,0.0037303919309561078,0.0,0.0],[0.0,0.0,0.0,-0.21644040938347534,0.0029274407001377753,0.0,0.003154809512566611,0.0],[0.0,0.0,0.0,0.005272246627967457,-0.0029195578999909183,0.013237031581708043,-0.002919660606920099,0.0],[0.0,0.0,0.0,0.0,0.0029281216136020226,-0.013318232562779756,0.003031284049565443,0.0],[0.0,0.0,0.0,0.0,0.0,0.0,-0.0017860609550793326,0.005809826414813369],[0.0,0.0,0.0,0.0,0.0,0.0,0.0012941849047565963,-0.005776107435532598]]}