{"din_name":"flux_level10391.json","din_kind":"RELATIVE","din_start":600.0000343264824,"din_end":660.0000033750249,"din_rules":["Interventions","r1","r1_rev","r2","r3","r4","r5","r6"],"din_hits":[0,66556,66539,5129,1757971,1752840,522743,522744],"din_fluxs":[[0.0,0.0,0.0,0.0,0.0,0.0,0.0,0.0],[0.0,-0.0010962340647167768,0.06433599723838897,0.09532363586178434,0.0,-0.002031976910351004,0.0,0.0],[0.0,0.001097439461524062,-0.05928881480685004,-0.11382576942809565,0.0,0.0028605960868850248,0.0,0.0],[0.0,0.0,0.0,-0.25033790056770605,0.004893513541207562,0.0,0.006574483292430875,0.0],[0.0,0.0,0.0,0.0024374573170912192,-0.00487085876633841,0.006927435385057342,-0.004874856797924371,0.0],[0.0,0.0,0.0,0.0,0.004894752743862435,-0.0069306077433620335,0.005943525123906483,0.0],[0.0,0.0,0.0,0.0,0.0,0.0,-0.006209122321724463,0.0017935028572763582],[0.0,0.0,0.0,0.0,0.0,0.0,0.0028015412379207845,-0.0017902893655940993]]}