{"din_name":"flux_level07452.json","din_kind":"RELATIVE","din_start":600.0000398621974,"din_end":660.0000185776671,"din_rules":["Interventions","r1","r1_rev","r2","r3","r4","r5","r6"],"din_hits":[0,28984,28950,47457,1800922,1753458,1345243,1345273],"din_fluxs":[[0.0,0.0,0.0,0.0,0.0,0.0,0.0,0.0],[0.0,-0.0011181632419237672,0.028021329524526923,0.03054755393778458,0.0,-0.002048417698380407,0.0,0.0],[0.0,0.0011194410975818498,-0.026712803184781,-0.05135850596722342,0.0,0.003939426237990653,0.0,0.0],[0.0,0.0,0.0,-0.22040267468133598,0.0026155333559436432,0.0,0.003526411020863869,0.0],[0.0,0.0,0.0,0.007921140689700122,-0.0026088221536338147,0.018069817882403166,-0.0026085293302701537,0.0],[0.0,0.0,0.0,0.0,0.002615651582449216,-0.01824998106454976,0.0029983453967538814,0.0],[0.0,0.0,0.0,0.0,0.0,0.0,-0.002581308601491578,0.0021057981412640125],[0.0,0.0,0.0,0.0,0.0,0.0,0.002061913145241543,-0.002101367704619467]]}