{"din_name":"flux_level01142.json","din_kind":"RELATIVE","din_start":600.0000154944066,"din_end":660.0000047380971,"din_rules":["Interventions","r1","r1_rev","r2","r3","r4","r5","r6"],"din_hits":[0,52529,52510,5674,1456087,1450395,1587033,1587039],"din_fluxs":[[0.0,0.0,0.0,0.0,0.0,0.0,0.0,0.0],[0.0,-0.0010946608765650494,0.07168453694506445,0.08751640862176147,0.0,-0.0020242041084904167,0.0,0.0],[0.0,0.0010958628472879446,-0.06551477731826227,-0.12304297303135221,0.0,0.003662833241191076,0.0,0.0],[0.0,0.0,0.0,-0.33791734277384955,0.003096036985140575,0.0,0.004051238851322771,0.0],[0.0,0.0,0.0,0.004587113889501279,-0.003087018897459592,0.011648532315012217,-0.00308500585683042,0.0],[0.0,0.0,0.0,0.0,0.003096586879969187,-0.011616576068366037,0.0037259229510394503,0.0],[0.0,0.0,0.0,0.0,0.0,0.0,-0.0023369357386731826,0.003438302071883296],[0.0,0.0,0.0,0.0,0.0,0.0,0.0017652797049573384,-0.003426491937631302]]}