{"din_name":"flux_level05349.json","din_kind":"RELATIVE","din_start":600.000002304736,"din_end":660.0000002907884,"din_rules":["Interventions","r1","r1_rev","r2","r3","r4","r5","r6"],"din_hits":[0,10370,10354,18501,3263267,3244762,1207092,1207122],"din_fluxs":[[0.0,0.0,0.0,0.0,0.0,0.0,0.0,0.0],[0.0,-0.0010941293974599223,0.07404234411488661,0.07032018128696159,0.0,-0.0019963678047996442,0.0,0.0],[0.0,0.0010953394792929479,-0.06737822098564467,-0.12765529819322477,0.0,0.0045786944410739164,0.0,0.0],[0.0,0.0,0.0,-0.31623246243499165,0.0029576189930763763,0.0,0.0036959522732020345,0.0],[0.0,0.0,0.0,0.0030181485842801985,-0.0029497029460028,0.012853182877209726,-0.0029500626614452374,0.0],[0.0,0.0,0.0,0.0,0.0029584390064610173,-0.012769144618229426,0.0031718457058855136,0.0],[0.0,0.0,0.0,0.0,0.0,0.0,-0.002077159186108496,0.0036862341821153805],[0.0,0.0,0.0,0.0,0.0,0.0,0.0015032188941515113,-0.0036726530168076565]]}