{"din_name":"flux_level04267.json","din_kind":"RELATIVE","din_start":600.0000089863844,"din_end":660.0000098868471,"din_rules":["Interventions","r1","r1_rev","r2","r3","r4","r5","r6"],"din_hits":[0,89048,89036,23918,3987973,3964041,224709,224694],"din_fluxs":[[0.0,0.0,0.0,0.0,0.0,0.0,0.0,0.0],[0.0,-0.0010958191845749695,0.0660404532728632,0.06984319162098214,0.0,-0.002027799182922701,0.0,0.0],[0.0,0.0010970228588348264,-0.060763064856504415,-0.11442089587884173,0.0,0.00424283651523667,0.0,0.0],[0.0,0.0,0.0,-0.33565767625584725,0.002822279964441947,0.0,0.0028907257892419394,0.0],[0.0,0.0,0.0,0.004768987276887404,-0.002814406350578047,0.014279579111375255,-0.002814445763982357,0.0],[0.0,0.0,0.0,0.0,0.00282235370765157,-0.014210207023124838,0.0028462341980413303,0.0],[0.0,0.0,0.0,0.0,0.0,0.0,-0.0015485237339479426,0.011374457836824566],[0.0,0.0,0.0,0.0,0.0,0.0,0.0011307470393416294,-0.011245296141799872]]}