{"din_name":"flux_level11832.json","din_kind":"RELATIVE","din_start":600.0000272174364,"din_end":660.0000026491936,"din_rules":["Interventions","r1","r1_rev","r2","r3","r4","r5","r6"],"din_hits":[0,85939,85917,40992,2568760,2527766,1966074,1966066],"din_fluxs":[[0.0,0.0,0.0,0.0,0.0,0.0,0.0,0.0],[0.0,-0.001107625320057511,0.03817686909720706,0.0406965149107134,0.0,-0.002050974623332366,0.0,0.0],[0.0,0.0011088581426506425,-0.03613297267222062,-0.0688794428886054,0.0,0.004139862640429044,0.0,0.0],[0.0,0.0,0.0,-0.2727704561345928,0.0026133029783378687,0.0,0.003247251028666088,0.0],[0.0,0.0,0.0,0.00732447184928393,-0.002606642515297018,0.017986229477037173,-0.002606431021737868,0.0],[0.0,0.0,0.0,0.0,0.0026134597826586964,-0.018017591228136513,0.0029239247592990846,0.0],[0.0,0.0,0.0,0.0,0.0,0.0,-0.0021032775488606143,0.002768409323673473],[0.0,0.0,0.0,0.0,0.0,0.0,0.0016983965645319282,-0.0027607524172456135]]}