{"din_name":"flux_level02908.json","din_kind":"RELATIVE","din_start":600.000001666294,"din_end":660.000005866632,"din_rules":["Interventions","r1","r1_rev","r2","r3","r4","r5","r6"],"din_hits":[0,993891,993556,1247290,3278280,2030978,1939528,1939570],"din_fluxs":[[0.0,0.0,0.0,0.0,0.0,0.0,0.0,0.0],[0.0,-0.0015916934197560994,0.0030218147337475005,0.008784707111845541,0.0,-0.00300730302614062,0.0,0.0],[0.0,0.0015943317657692324,-0.0029583109879385287,-0.00589464422071495,0.0,0.002095624958355669,0.0,0.0],[0.0,0.0,0.0,-0.05625801279795,0.002734787736505336,0.0,0.002947866108898658,0.0],[0.0,0.0,0.0,0.021766906483608312,-0.002727110899911349,0.01296725407219615,-0.0027285653975964246,0.0],[0.0,0.0,0.0,0.0,0.0027344388375283627,-0.020073428261445387,0.0030803972733518025,0.0],[0.0,0.0,0.0,0.0,0.0,0.0,-0.0021679325811765596,0.002849066577912242],[0.0,0.0,0.0,0.0,0.0,0.0,0.0016802673762112371,-0.0028409545811656487]]}