{"din_name":"flux_level02245.json","din_kind":"RELATIVE","din_start":600.0000016859864,"din_end":660.0000215792722,"din_rules":["Interventions","r1","r1_rev","r2","r3","r4","r5","r6"],"din_hits":[0,112807,112756,23004,769748,746743,711165,711170],"din_fluxs":[[0.0,0.0,0.0,0.0,0.0,0.0,0.0,0.0],[0.0,-0.0011291774350980402,0.021877918002578618,0.028949700633926066,0.0,-0.0020829556790190507,0.0,0.0],[0.0,0.0011304649240975382,-0.021034774066129438,-0.04093999523349196,0.0,0.003350506361601623,0.0,0.0],[0.0,0.0,0.0,-0.20878974793386487,0.0026187404082846093,0.0,0.00505980381537515,0.0],[0.0,0.0,0.0,0.010249210048612385,-0.00261245565388999,0.01784539349099238,-0.002606768187026814,0.0],[0.0,0.0,0.0,0.0,0.0026193180748196356,-0.018246599762670995,0.004244347366990175,0.0],[0.0,0.0,0.0,0.0,0.0,0.0,-0.008232879629797605,0.0012244051602384955],[0.0,0.0,0.0,0.0,0.0,0.0,0.006533399591512146,-0.0012229076387532487]]}