{"din_name":"flux_level09482.json","din_kind":"RELATIVE","din_start":600.0000142293758,"din_end":660.0000027301398,"din_rules":["Interventions","r1","r1_rev","r2","r3","r4","r5","r6"],"din_hits":[0,55338,55327,7632,2565044,2557411,391892,391897],"din_fluxs":[[0.0,0.0,0.0,0.0,0.0,0.0,0.0,0.0],[0.0,-0.0010911759255074456,0.09505166166381428,0.10669139722559394,0.0,-0.002016383168585331,0.0,0.0],[0.0,0.001092369322250953,-0.08362282383089356,-0.15377037514909295,0.0,0.004075688606172557,0.0,0.0],[0.0,0.0,0.0,-0.4043267467679322,0.0029476746116133077,0.0,0.0038498252075340285,0.0],[0.0,0.0,0.0,0.0045125771540342734,-0.0029381506276170777,0.012839590614802542,-0.002936410104194201,0.0],[0.0,0.0,0.0,0.0,0.0029468110528332475,-0.012757239345390787,0.0032700318743504636,0.0],[0.0,0.0,0.0,0.0,0.0,0.0,-0.006493798931249683,0.00130744591867863],[0.0,0.0,0.0,0.0,0.0,0.0,0.004499844975550319,-0.0013057380651883995]]}