{"din_name":"flux_level03874.json","din_kind":"RELATIVE","din_start":600.0000145950872,"din_end":660.0000007990582,"din_rules":["Interventions","r1","r1_rev","r2","r3","r4","r5","r6"],"din_hits":[0,448806,448732,169705,2919596,2749868,1454017,1453973],"din_fluxs":[[0.0,0.0,0.0,0.0,0.0,0.0,0.0,0.0],[0.0,-0.0011615972154088844,0.013582067871938613,0.02046021213799864,0.0,-0.0021634967937638294,0.0,0.0],[0.0,0.001162955461649497,-0.01317601646099363,-0.025856122775041745,0.0,0.0029412886980669044,0.0,0.0],[0.0,0.0,0.0,-0.12658204112678084,0.0028502099488363305,0.0,0.003375689038865138,0.0],[0.0,0.0,0.0,0.009421639751955325,-0.0028423007725888075,0.014123097137078404,-0.0028446775101689825,0.0],[0.0,0.0,0.0,0.0,0.002850418969055858,-0.01489585811951164,0.003229060688427089,0.0],[0.0,0.0,0.0,0.0,0.0,0.0,-0.002852520835890837,0.0020804437335520945],[0.0,0.0,0.0,0.0,0.0,0.0,0.002097491676699658,-0.0020761193684168972]]}