{"din_name":"flux_level05166.json","din_kind":"RELATIVE","din_start":600.0000071411031,"din_end":660.0000159560617,"din_rules":["Interventions","r1","r1_rev","r2","r3","r4","r5","r6"],"din_hits":[0,239096,239056,99625,2973465,2873854,1383390,1383372],"din_fluxs":[[0.0,0.0,0.0,0.0,0.0,0.0,0.0,0.0],[0.0,-0.0011299624564669914,0.02153888876968477,0.02729367734141304,0.0,-0.0020975123619298088,0.0,0.0],[0.0,0.0011312459412958626,-0.020730198771594627,-0.040410743687670635,0.0,0.0034993522022006554,0.0,0.0],[0.0,0.0,0.0,-0.20045928110314987,0.0026138050328009354,0.0,0.0034400935504012827,0.0],[0.0,0.0,0.0,0.009714435869232351,-0.002607101054207066,0.01805326372835189,-0.0026062557975888925,0.0],[0.0,0.0,0.0,0.0,0.002613921686318361,-0.018448610634841576,0.0030463591048914555,0.0],[0.0,0.0,0.0,0.0,0.0,0.0,-0.004278313960245415,0.0014664120139556945],[0.0,0.0,0.0,0.0,0.0,0.0,0.003355343969639472,-0.0014642637379466274]]}