{"din_name":"flux_level05684.json","din_kind":"RELATIVE","din_start":600.000005252011,"din_end":660.0000012952187,"din_rules":["Interventions","r1","r1_rev","r2","r3","r4","r5","r6"],"din_hits":[0,57592,57492,128792,2108121,1979307,1073429,1073449],"din_fluxs":[[0.0,0.0,0.0,0.0,0.0,0.0,0.0,0.0],[0.0,-0.00116239491982776,0.013502276702353827,0.01980622908663511,0.0,-0.0021585979201944336,0.0,0.0],[0.0,0.0011638001336237629,-0.0130444592696064,-0.025730890285151364,0.0,0.002989224425022344,0.0,0.0],[0.0,0.0,0.0,-0.1071627942669473,0.003066492201379542,0.0,0.004601119014725613,0.0],[0.0,0.0,0.0,0.00752384507128749,-0.0030575698295036945,0.012158460433993193,-0.003056835837463816,0.0],[0.0,0.0,0.0,0.0,0.00306698413427084,-0.0128073842568586,0.0039246758430650395,0.0],[0.0,0.0,0.0,0.0,0.0,0.0,-0.005435844874558033,0.001451716455338426],[0.0,0.0,0.0,0.0,0.0,0.0,0.0037255944844898337,-0.0014496105079552348]]}