{"din_name":"flux_level05863.json","din_kind":"RELATIVE","din_start":600.0000024968695,"din_end":660.0000121841772,"din_rules":["Interventions","r1","r1_rev","r2","r3","r4","r5","r6"],"din_hits":[0,81538,81517,5566,983110,977533,1134066,1134083],"din_fluxs":[[0.0,0.0,0.0,0.0,0.0,0.0,0.0,0.0],[0.0,-0.001097345625871935,0.060280516120118366,0.07716585243306405,0.0,-0.0020117343218054758,0.0,0.0],[0.0,0.0010985532405645515,-0.05578873105064644,-0.10242187591950262,0.0,0.003794683762888444,0.0,0.0],[0.0,0.0,0.0,-0.4138436813763687,0.002586370970620436,0.0,0.0033032594405521306,0.0],[0.0,0.0,0.0,0.009713310806913438,-0.0025797120584446806,0.018330479976644994,-0.0025802277559978243,0.0],[0.0,0.0,0.0,0.0,0.002586386864162811,-0.01824332401583822,0.00305138783641415,0.0],[0.0,0.0,0.0,0.0,0.0,0.0,-0.002230920697483808,0.0025176761091891507],[0.0,0.0,0.0,0.0,0.0,0.0,0.001834709998330454,-0.002511342809725525]]}