{"din_name":"flux_level13339.json","din_kind":"RELATIVE","din_start":600.000014190646,"din_end":660.00001499546,"din_rules":["Interventions","r1","r1_rev","r2","r3","r4","r5","r6"],"din_hits":[0,45501,45496,5317,2025889,2020586,1263134,1263090],"din_fluxs":[[0.0,0.0,0.0,0.0,0.0,0.0,0.0,0.0],[0.0,-0.0010897850015751036,0.10939300782058914,0.1251994275548799,0.0,-0.0020442096168075585,0.0,0.0],[0.0,0.001090974907031861,-0.09469821181698009,-0.17040863085391303,0.0,0.004318671212295413,0.0,0.0],[0.0,0.0,0.0,-0.45843960475928586,0.0027801550434685502,0.0,0.003554823964862277,0.0],[0.0,0.0,0.0,0.005602790866875869,-0.0027732377548835272,0.014700787739329023,-0.0027735478028215123,0.0],[0.0,0.0,0.0,0.0,0.002780955205582021,-0.01457455295452472,0.0031592567931564394,0.0],[0.0,0.0,0.0,0.0,0.0,0.0,-0.00247940758979929,0.00239097798093478],[0.0,0.0,0.0,0.0,0.0,0.0,0.0018835133881548419,-0.002385267156044694]]}