{"din_name":"flux_level11847.json","din_kind":"RELATIVE","din_start":600.0000828805578,"din_end":660.0000297352353,"din_rules":["Interventions","r1","r1_rev","r2","r3","r4","r5","r6"],"din_hits":[0,36834,36821,744,526280,525537,866155,866148],"din_fluxs":[[0.0,0.0,0.0,0.0,0.0,0.0,0.0,0.0],[0.0,-0.0010930740894794417,0.07970082986897208,0.13746968056485623,0.0,-0.0020059197841126434,0.0,0.0],[0.0,0.0010942730512966108,-0.0722689567925692,-0.1379383173462096,0.0,0.0024541071733384418,0.0,0.0],[0.0,0.0,0.0,-0.2858622331616525,0.007037864104458968,0.0,0.011940227181827402,0.0],[0.0,0.0,0.0,0.0026788455343696063,-0.007022604835316857,0.005668996253399206,-0.007021929246859375,0.0],[0.0,0.0,0.0,0.0,0.00707251997846882,-0.0056757075029415785,0.01148936527569142,0.0],[0.0,0.0,0.0,0.0,0.0,0.0,-0.006505036564833453,0.004550486688289669],[0.0,0.0,0.0,0.0,0.0,0.0,0.003889453107244206,-0.004529794492128112]]}