{"din_name":"flux_level02959.json","din_kind":"RELATIVE","din_start":600.0000076669685,"din_end":660.0000069079895,"din_rules":["Interventions","r1","r1_rev","r2","r3","r4","r5","r6"],"din_hits":[0,86632,86605,15618,1418563,1402931,1529472,1529526],"din_fluxs":[[0.0,0.0,0.0,0.0,0.0,0.0,0.0,0.0],[0.0,-0.001103814993863823,0.044092998425486876,0.049889293813341576,0.0,-0.0020198819519100463,0.0,0.0],[0.0,0.001105038369514732,-0.041487170324446015,-0.07834340528084956,0.0,0.003962135221381387,0.0,0.0],[0.0,0.0,0.0,-0.3153869414285094,0.002611698894825606,0.0,0.003904524599491267,0.0],[0.0,0.0,0.0,0.007898996593176541,-0.0026053628195619382,0.017889716031604826,-0.0026044028817360978,0.0],[0.0,0.0,0.0,0.0,0.0026121763890136784,-0.017882382812950036,0.0033146764655753473,0.0],[0.0,0.0,0.0,0.0,0.0,0.0,-0.003274260356866139,0.0017376674032841537],[0.0,0.0,0.0,0.0,0.0,0.0,0.002632352908741743,-0.00173465065030874]]}