{"din_name":"flux_level00243.json","din_kind":"RELATIVE","din_start":600.0000070828713,"din_end":660.000009358322,"din_rules":["Interventions","r1","r1_rev","r2","r3","r4","r5","r6"],"din_hits":[0,83253,83237,17124,3135737,3118586,1387998,1388026],"din_fluxs":[[0.0,0.0,0.0,0.0,0.0,0.0,0.0,0.0],[0.0,-0.001095147295047935,0.06876105174015958,0.07340372457590989,0.0,-0.0020112517286671548,0.0,0.0],[0.0,0.0010963496173312867,-0.06309332975795832,-0.11827793731439501,0.0,0.004236813895426993,0.0,0.0],[0.0,0.0,0.0,-0.35544007698238517,0.0027875228474222207,0.0,0.0034383766170494926,0.0],[0.0,0.0,0.0,0.005180874515089335,-0.0027793967267172484,0.014717348394800938,-0.002778301376341622,0.0],[0.0,0.0,0.0,0.0,0.00278714480676199,-0.014639564295813002,0.0030587302969309555,0.0],[0.0,0.0,0.0,0.0,0.0,0.0,-0.002423220381139135,0.0024428570470288067],[0.0,0.0,0.0,0.0,0.0,0.0,0.0018158651635726648,-0.002436895515189906]]}