{"din_name":"flux_level02628.json","din_kind":"RELATIVE","din_start":600.000038688049,"din_end":660.0000267292645,"din_rules":["Interventions","r1","r1_rev","r2","r3","r4","r5","r6"],"din_hits":[0,17364,17359,1853,853060,851194,922562,922546],"din_fluxs":[[0.0,0.0,0.0,0.0,0.0,0.0,0.0,0.0],[0.0,-0.0010897864547922912,0.10855332538622238,0.12576770408229132,0.0,-0.0020002992199260154,0.0,0.0],[0.0,0.0010909779296249234,-0.09412435597657827,-0.17235814541176678,0.0,0.004009396640839045,0.0,0.0],[0.0,0.0,0.0,-0.43093732749111374,0.003027702411923251,0.0,0.0036490529801224882,0.0],[0.0,0.0,0.0,0.004296082335825473,-0.0030173675703185593,0.012127763048730556,-0.003015859327728091,0.0],[0.0,0.0,0.0,0.0,0.003026502453568137,-0.012047911703523309,0.0034363982542074223,0.0],[0.0,0.0,0.0,0.0,0.0,0.0,-0.0019088081382869,0.00580237873650804],[0.0,0.0,0.0,0.0,0.0,0.0,0.0015333705232290764,-0.005768738318809075]]}