{"din_name":"flux_level11935.json","din_kind":"RELATIVE","din_start":600.0000038727303,"din_end":660.0000014437496,"din_rules":["Interventions","r1","r1_rev","r2","r3","r4","r5","r6"],"din_hits":[0,69883,69834,51780,2251208,2199424,666366,666375],"din_fluxs":[[0.0,0.0,0.0,0.0,0.0,0.0,0.0,0.0],[0.0,-0.0011160544602052931,0.029510502584403082,0.032915199617619406,0.0,-0.002059889273013009,0.0,0.0],[0.0,0.0011173099868920927,-0.028158076068047214,-0.05437237421515523,0.0,0.003906399968390554,0.0,0.0],[0.0,0.0,0.0,-0.22556252352980313,0.002648584266009884,0.0,0.003682022096709419,0.0],[0.0,0.0,0.0,0.0075660006692227265,-0.0026419562416145023,0.017297303536859803,-0.0026403623777402348,0.0],[0.0,0.0,0.0,0.0,0.002648966028425841,-0.01745259599622263,0.003036341887852997,0.0],[0.0,0.0,0.0,0.0,0.0,0.0,-0.005630515157759036,0.0013238789249239093],[0.0,0.0,0.0,0.0,0.0,0.0,0.004339281704269465,-0.0013221278311399448]]}