{"din_name":"flux_level07257.json","din_kind":"RELATIVE","din_start":600.0000045272918,"din_end":660.0000656958274,"din_rules":["Interventions","r1","r1_rev","r2","r3","r4","r5","r6"],"din_hits":[0,9689,9665,7613,887161,879556,380507,380494],"din_fluxs":[[0.0,0.0,0.0,0.0,0.0,0.0,0.0,0.0],[0.0,-0.0010961658292224447,0.06480271479371789,0.0599304490964086,0.0,-0.002060159061465475,0.0,0.0],[0.0,0.0010973822345072756,-0.059509392215051325,-0.11185363071366458,0.0,0.0050302858835701205,0.0,0.0],[0.0,0.0,0.0,-0.36611489232565436,0.002562626368340906,0.0,0.0030059752055893838,0.0],[0.0,0.0,0.0,0.0061053972621191045,-0.0025582776296897898,0.019090138377573375,-0.00255670355663938,0.0],[0.0,0.0,0.0,0.0,0.0025648599255287774,-0.01892191349020911,0.0027023174500373053,0.0],[0.0,0.0,0.0,0.0,0.0,0.0,-0.0017293533567179276,0.0039987896538259265],[0.0,0.0,0.0,0.0,0.0,0.0,0.0014051522614623117,-0.003982821895563605]]}