{"din_name":"flux_level08184.json","din_kind":"RELATIVE","din_start":600.0000172105404,"din_end":660.0000469376729,"din_rules":["Interventions","r1","r1_rev","r2","r3","r4","r5","r6"],"din_hits":[0,27476,27367,154223,1570852,1416620,952617,952588],"din_fluxs":[[0.0,0.0,0.0,0.0,0.0,0.0,0.0,0.0],[0.0,-0.0012018679638638187,0.00960833996363572,0.015588576698330595,0.0,-0.002203423862249957,0.0,0.0],[0.0,0.0012035710267332066,-0.009197809573884391,-0.018169373817256546,0.0,0.002717056453052488,0.0,0.0],[0.0,0.0,0.0,-0.08743875191695105,0.003041531782788674,0.0,0.0034637525421114773,0.0],[0.0,0.0,0.0,0.009473784169641111,-0.003032494486735078,0.012237616390502899,-0.003032066573928567,0.0],[0.0,0.0,0.0,0.0,0.00304174585928531,-0.013397607431600723,0.003365566078613408,0.0],[0.0,0.0,0.0,0.0,0.0,0.0,-0.002068152792347171,0.004195213063171332],[0.0,0.0,0.0,0.0,0.0,0.0,0.0015255148570531717,-0.004177638307306965]]}