{"din_name":"flux_level07362.json","din_kind":"RELATIVE","din_start":600.0000179153981,"din_end":660.0000058723004,"din_rules":["Interventions","r1","r1_rev","r2","r3","r4","r5","r6"],"din_hits":[0,68902,68886,236,150854,150627,1560436,1560401],"din_fluxs":[[0.0,0.0,0.0,0.0,0.0,0.0,0.0,0.0],[0.0,-0.0010933545144898764,0.07828295888104499,0.188918958263905,0.0,-0.0020363502336270766,0.0,0.0],[0.0,0.0010945528308675128,-0.07108652770266927,-0.11692243853781034,0.0,0.002497842464902577,0.0,0.0],[0.0,0.0,0.0,-0.5943471019544561,0.0026110941451611904,0.0,0.003721605590843001,0.0],[0.0,0.0,0.0,0.02184642025847841,-0.0026077256477003027,0.017395182996403826,-0.0026094022864270212,0.0],[0.0,0.0,0.0,0.0,0.0026145508324850355,-0.017320767127762125,0.003729555960994584,0.0],[0.0,0.0,0.0,0.0,0.0,0.0,-0.0019850502889817026,0.003607392645061027],[0.0,0.0,0.0,0.0,0.0,0.0,0.0018817178278725537,-0.003594391902479299]]}