{"din_name":"flux_level08924.json","din_kind":"RELATIVE","din_start":600.000000086283,"din_end":660.0000041187602,"din_rules":["Interventions","r1","r1_rev","r2","r3","r4","r5","r6"],"din_hits":[0,57352,57344,11686,3377688,3365989,1622496,1622490],"din_fluxs":[[0.0,0.0,0.0,0.0,0.0,0.0,0.0,0.0],[0.0,-0.0010900286680047768,0.10453467938458902,0.10708565632535043,0.0,-0.0020348814548649475,0.0,0.0],[0.0,0.0010912191868772618,-0.09218724978084757,-0.16624954580572676,0.0,0.004976083279959673,0.0,0.0],[0.0,0.0,0.0,-0.4744532887628853,0.00260978779850725,0.0,0.003622469049478685,0.0],[0.0,0.0,0.0,0.006156799249158796,-0.002603215314892996,0.017779828730581582,-0.002603253288843647,0.0],[0.0,0.0,0.0,0.0,0.002610012970497246,-0.01757622718976064,0.002946009815955626,0.0],[0.0,0.0,0.0,0.0,0.0,0.0,-0.0032060863392969984,0.0017228825531078187],[0.0,0.0,0.0,0.0,0.0,0.0,0.002523556746567184,-0.0017199170902551756]]}