{"din_name":"flux_level04711.json","din_kind":"RELATIVE","din_start":600.0000009680975,"din_end":660.0000082730811,"din_rules":["Interventions","r1","r1_rev","r2","r3","r4","r5","r6"],"din_hits":[0,172388,172324,88837,1802211,1713368,1677765,1677766],"din_fluxs":[[0.0,0.0,0.0,0.0,0.0,0.0,0.0,0.0],[0.0,-0.0011468304612542999,0.01637830826715754,0.02245733879979792,0.0,-0.0021284586183049838,0.0,0.0],[0.0,0.0011481602062779926,-0.015835017145021623,-0.03091083590143324,0.0,0.0032573529613297673,0.0,0.0],[0.0,0.0,0.0,-0.175362821650197,0.0025866007705937894,0.0,0.0032738785450447928,0.0],[0.0,0.0,0.0,0.0114390483836489,-0.0025802831993085628,0.01872203340813967,-0.0025803480833025035,0.0],[0.0,0.0,0.0,0.0,0.002586979323837762,-0.019421529502396204,0.003030175362424211,0.0],[0.0,0.0,0.0,0.0,0.0,0.0,-0.0025292074184397654,0.0021345537272405147],[0.0,0.0,0.0,0.0,0.0,0.0,0.0020508720045059954,-0.002130002000571069]]}