{"din_name":"flux_level02544.json","din_kind":"RELATIVE","din_start":600.0000131442773,"din_end":660.0000072618259,"din_rules":["Interventions","r1","r1_rev","r2","r3","r4","r5","r6"],"din_hits":[0,53734,53718,823,605571,604748,1719526,1719531],"din_fluxs":[[0.0,0.0,0.0,0.0,0.0,0.0,0.0,0.0],[0.0,-0.0010893148431796577,0.11262570082177902,0.2023662855692707,0.0,-0.0020379445737524573,0.0,0.0],[0.0,0.0010905035602082596,-0.09839152345180488,-0.1638571415219914,0.0,0.0032347254772134622,0.0,0.0],[0.0,0.0,0.0,-0.582048082665257,0.0027076140967908107,0.0,0.003822648364821379,0.0],[0.0,0.0,0.0,0.012340251368407312,-0.002701208353056301,0.015667270386295843,-0.002700975362002025,0.0],[0.0,0.0,0.0,0.0,0.0027085288970890493,-0.015548015556799105,0.0036629136868899606,0.0],[0.0,0.0,0.0,0.0,0.0,0.0,-0.0022838975516601395,0.0028298839030951647],[0.0,0.0,0.0,0.0,0.0,0.0,0.0019542798797502945,-0.002821883416405954]]}