{"din_name":"flux_level12248.json","din_kind":"RELATIVE","din_start":600.0000020139914,"din_end":660.0000010372481,"din_rules":["Interventions","r1","r1_rev","r2","r3","r4","r5","r6"],"din_hits":[0,4213,4193,32140,3894678,3862530,276997,277004],"din_fluxs":[[0.0,0.0,0.0,0.0,0.0,0.0,0.0,0.0],[0.0,-0.0010956833902713086,0.06697664722414931,0.06107633938113276,0.0,-0.002113651689591694,0.0,0.0],[0.0,0.0010969187485342434,-0.06110699750494801,-0.11733267333858118,0.0,0.005118121249735489,0.0,0.0],[0.0,0.0,0.0,-0.3258467286055255,0.0026934863711434213,0.0,0.002886091390905672,0.0],[0.0,0.0,0.0,0.004297966782420298,-0.002686535996992515,0.016301362831024523,-0.002686161140628729,0.0],[0.0,0.0,0.0,0.0,0.002693778164998134,-0.016173448600141214,0.0027191385792221597,0.0],[0.0,0.0,0.0,0.0,0.0,0.0,-0.001547628036129704,0.0077777791783473485],[0.0,0.0,0.0,0.0,0.0,0.0,0.0011770332711306245,-0.007717332693681035]]}