{"din_name":"flux_level01338.json","din_kind":"RELATIVE","din_start":600.0000063418332,"din_end":660.0000013566706,"din_rules":["Interventions","r1","r1_rev","r2","r3","r4","r5","r6"],"din_hits":[0,539,489,67090,1504782,1437691,1569371,1569384],"din_fluxs":[[0.0,0.0,0.0,0.0,0.0,0.0,0.0,0.0],[0.0,-0.0011378846065418372,0.02497135432208001,0.0326186627537501,0.0,-0.002083557312388963,0.0,0.0],[0.0,0.0011426041679304315,-0.01771464490169094,-0.03458739652176559,0.0,0.0035675128975327483,0.0,0.0],[0.0,0.0,0.0,-0.16170469438914678,0.0026834568029487148,0.0,0.0032751535980013553,0.0],[0.0,0.0,0.0,0.008749429133977452,-0.002675115274692329,0.016742862947347018,-0.002675122062828384,0.0],[0.0,0.0,0.0,0.0,0.00268223928812733,-0.01722175523423317,0.0030450199896128022,0.0],[0.0,0.0,0.0,0.0,0.0,0.0,-0.0019175746757240835,0.0036182123476175498],[0.0,0.0,0.0,0.0,0.0,0.0,0.0015656444848271653,-0.0036051353846927392]]}