{"din_name":"flux_level04437.json","din_kind":"RELATIVE","din_start":600.0000059805832,"din_end":660.0000026953436,"din_rules":["Interventions","r1","r1_rev","r2","r3","r4","r5","r6"],"din_hits":[0,38244,38230,9730,2052712,2042972,230847,230850],"din_fluxs":[[0.0,0.0,0.0,0.0,0.0,0.0,0.0,0.0],[0.0,-0.0010917950538857492,0.08851578441197186,0.08525730685594229,0.0,-0.0020089383376389273,0.0,0.0],[0.0,0.001092990663385677,-0.07947960299439805,-0.143505195749524,0.0,0.005012477328949871,0.0,0.0],[0.0,0.0,0.0,-0.45037287933414516,0.0025527781084522115,0.0,0.0029264179404842384,0.0],[0.0,0.0,0.0,0.006586160762169964,-0.0025462435722015614,0.019279809332912706,-0.0025456300479726655,0.0],[0.0,0.0,0.0,0.0,0.0025527455426016675,-0.019056419067106485,0.0026401834792296325,0.0],[0.0,0.0,0.0,0.0,0.0,0.0,-0.0035153872637399817,0.0015769652435275163],[0.0,0.0,0.0,0.0,0.0,0.0,0.002784985041684942,-0.0015744812114495532]]}