{"din_name":"flux_level10934.json","din_kind":"RELATIVE","din_start":600.0000011551614,"din_end":660.0000091528902,"din_rules":["Interventions","r1","r1_rev","r2","r3","r4","r5","r6"],"din_hits":[0,55351,55338,82,112334,112254,726428,726412],"din_fluxs":[[0.0,0.0,0.0,0.0,0.0,0.0,0.0,0.0],[0.0,-0.001089540516087461,0.11296405442055439,0.25549905350555074,0.0,-0.002014376613113996,0.0,0.0],[0.0,0.0010907299708293936,-0.09628367625839018,-0.17253352618191056,0.0,0.0021598334547582813,0.0,0.0],[0.0,0.0,0.0,-0.4584179846867162,0.004449693440653059,0.0,0.014246154673833448,0.0],[0.0,0.0,0.0,0.009441606197620132,-0.004423730095942164,0.0073416785762618715,-0.004424751300611288,0.0],[0.0,0.0,0.0,0.0,0.004443417089158856,-0.007360707441058054,0.014191296913763784,0.0],[0.0,0.0,0.0,0.0,0.0,0.0,-0.00811258878009268,0.002489156006962702],[0.0,0.0,0.0,0.0,0.0,0.0,0.006683659305375991,-0.0024829661940210953]]}