{"din_name":"flux_level09675.json","din_kind":"RELATIVE","din_start":600.0000183456409,"din_end":660.0000054956672,"din_rules":["Interventions","r1","r1_rev","r2","r3","r4","r5","r6"],"din_hits":[0,85705,85681,31400,2864785,2833377,282410,282413],"din_fluxs":[[0.0,0.0,0.0,0.0,0.0,0.0,0.0,0.0],[0.0,-0.0011028684209447718,0.045865068982379985,0.0494078209567681,0.0,-0.002046685000525397,0.0,0.0],[0.0,0.001104089510752324,-0.043082296921511075,-0.0822969924844172,0.0,0.004066746566302213,0.0,0.0],[0.0,0.0,0.0,-0.2767700097513186,0.0027636649105014966,0.0,0.003683802886846169,0.0],[0.0,0.0,0.0,0.005641342758351816,-0.0027568473736121176,0.015152780027714871,-0.002757923470921542,0.0],[0.0,0.0,0.0,0.0,0.002764480820744179,-0.015148308359578132,0.0030819788196384985,0.0],[0.0,0.0,0.0,0.0,0.0,0.0,-0.01094709050924444,0.0011505511323014529],[0.0,0.0,0.0,0.0,0.0,0.0,0.008072093932589569,-0.0011492288202248086]]}