{"din_name":"flux_level10520.json","din_kind":"RELATIVE","din_start":600.0000059165832,"din_end":660.0000531456139,"din_rules":["Interventions","r1","r1_rev","r2","r3","r4","r5","r6"],"din_hits":[0,189917,189872,19810,1601168,1581357,284163,284149],"din_fluxs":[[0.0,0.0,0.0,0.0,0.0,0.0,0.0,0.0],[0.0,-0.0011208600980228201,0.026089811702923165,0.04350197684150735,0.0,-0.0020788156897366605,0.0,0.0],[0.0,0.001122122405976121,-0.0249977481255009,-0.049269767428187346,0.0,0.002508979325256448,0.0,0.0],[0.0,0.0,0.0,-0.11098594725067701,0.007034805959693723,0.0,0.010369184982879958,0.0],[0.0,0.0,0.0,0.0025888860174114233,-0.006981677939582345,0.005784750336542149,-0.006992475333271171,0.0],[0.0,0.0,0.0,0.0,0.007030908664193783,-0.0058736122462586604,0.00945151853185038,0.0],[0.0,0.0,0.0,0.0,0.0,0.0,-0.018313820417969095,0.0013096934553888523],[0.0,0.0,0.0,0.0,0.0,0.0,0.005694520496186955,-0.001307980223399679]]}