{"din_name":"flux_level03871.json","din_kind":"RELATIVE","din_start":600.000035003188,"din_end":660.0000029775515,"din_rules":["Interventions","r1","r1_rev","r2","r3","r4","r5","r6"],"din_hits":[0,84346,84304,15434,790834,775380,917947,917970],"din_fluxs":[[0.0,0.0,0.0,0.0,0.0,0.0,0.0,0.0],[0.0,-0.0011185721312783922,0.027655096164519853,0.035892463319552835,0.0,-0.002077157670625227,0.0,0.0],[0.0,0.0011198339526529333,-0.026436613653503235,-0.051579064039334474,0.0,0.0033887683343939543,0.0,0.0],[0.0,0.0,0.0,-0.20629131952735263,0.002826169458945315,0.0,0.0035487131916366235,0.0],[0.0,0.0,0.0,0.007374655466458638,-0.0028180618326224148,0.014342101100688523,-0.002818505339804409,0.0],[0.0,0.0,0.0,0.0,0.002826027507729605,-0.014554658048450774,0.003339822114799608,0.0],[0.0,0.0,0.0,0.0,0.0,0.0,-0.002134965841710951,0.003294894465477929],[0.0,0.0,0.0,0.0,0.0,0.0,0.001696275309349644,-0.0032840499113737415]]}