{"din_name":"flux_level02473.json","din_kind":"RELATIVE","din_start":600.0000164399754,"din_end":660.000012200477,"din_rules":["Interventions","r1","r1_rev","r2","r3","r4","r5","r6"],"din_hits":[0,63414,63308,1917,35110,33183,501323,501329],"din_fluxs":[[0.0,0.0,0.0,0.0,0.0,0.0,0.0,0.0],[0.0,-0.0011809447089895612,0.0112564372104689,0.021061429604237018,0.0,-0.0021967763474516127,0.0,0.0],[0.0,0.001182416841466381,-0.010883372462526231,-0.02153223411102594,0.0,0.0023710616870389477,0.0,0.0],[0.0,0.0,0.0,-0.08118092743757087,0.00386840283391759,0.0,0.017221616985615484,0.0],[0.0,0.0,0.0,0.007612922783265295,-0.0038536545021986726,0.008463718407432977,-0.003849525888181858,0.0],[0.0,0.0,0.0,0.0,0.0038686313678690004,-0.009183558494087363,0.01708434962826355,0.0],[0.0,0.0,0.0,0.0,0.0,0.0,-0.009325359024348825,0.0021936535965434312],[0.0,0.0,0.0,0.0,0.0,0.0,0.008494539249197299,-0.002188845026361376]]}