{"din_name":"flux_level08415.json","din_kind":"RELATIVE","din_start":600.000001373937,"din_end":660.0000015746851,"din_rules":["Interventions","r1","r1_rev","r2","r3","r4","r5","r6"],"din_hits":[0,86571,86544,35219,3919024,3883808,2071146,2071165],"din_fluxs":[[0.0,0.0,0.0,0.0,0.0,0.0,0.0,0.0],[0.0,-0.0010980659612677326,0.057974650189418865,0.056757898322845446,0.0,-0.0020162283071121128,0.0,0.0],[0.0,0.0010992748571894495,-0.05378734472412359,-0.10069278585550216,0.0,0.004642293244408544,0.0,0.0],[0.0,0.0,0.0,-0.34979483220698815,0.002585051498071948,0.0,0.0033288770466311504,0.0],[0.0,0.0,0.0,0.006520421688748285,-0.0025790341205906117,0.018539821100503957,-0.002579336909635538,0.0],[0.0,0.0,0.0,0.0,0.002585710812743326,-0.01841982843398324,0.0028548669921420297,0.0],[0.0,0.0,0.0,0.0,0.0,0.0,-0.0025053883530503393,0.0021211555468209956],[0.0,0.0,0.0,0.0,0.0,0.0,0.00200159499595837,-0.0021166607329142434]]}