{"din_name":"flux_level10847.json","din_kind":"RELATIVE","din_start":600.000020448668,"din_end":660.0000094968484,"din_rules":["Interventions","r1","r1_rev","r2","r3","r4","r5","r6"],"din_hits":[0,8810,8777,17438,926309,908867,1570260,1570287],"din_fluxs":[[0.0,0.0,0.0,0.0,0.0,0.0,0.0,0.0],[0.0,-0.0011128732652076012,0.03256238938818438,0.03679114569109512,0.0,-0.0020677534697913693,0.0,0.0],[0.0,0.0011141788426224245,-0.030688618642002157,-0.05930807899287786,0.0,0.0037901695326552714,0.0,0.0],[0.0,0.0,0.0,-0.1914185714729121,0.0029642217252024146,0.0,0.004048236147097743,0.0],[0.0,0.0,0.0,0.004761527013467425,-0.0029557970470229537,0.012966890208012187,-0.002953522909123398,0.0],[0.0,0.0,0.0,0.0,0.0029645718791769496,-0.013059189341963285,0.0036707014543580553,0.0],[0.0,0.0,0.0,0.0,0.0,0.0,-0.0021942529541288257,0.0036744572450892045],[0.0,0.0,0.0,0.0,0.0,0.0,0.0017789673811325585,-0.0036609698772389343]]}