{"din_name":"flux_level03749.json","din_kind":"RELATIVE","din_start":600.0000012317391,"din_end":660.0000023779838,"din_rules":["Interventions","r1","r1_rev","r2","r3","r4","r5","r6"],"din_hits":[0,48644,48632,9901,2324503,2314584,1692150,1692176],"din_fluxs":[[0.0,0.0,0.0,0.0,0.0,0.0,0.0,0.0],[0.0,-0.0010913643728382133,0.09755609700514198,0.09355791957758423,0.0,-0.002034851390134223,0.0,0.0],[0.0,0.0010925584440831474,-0.08237384117306441,-0.1475326232651538,0.0,0.004830701645838076,0.0,0.0],[0.0,0.0,0.0,-0.4567234351915419,0.00257902253781763,0.0,0.0033555956134523265,0.0],[0.0,0.0,0.0,0.006601733382793674,-0.002573964857810576,0.018508871867181757,-0.0025744645002211356,0.0],[0.0,0.0,0.0,0.0,0.002580615911724062,-0.018304417557105206,0.0028957196429144844,0.0],[0.0,0.0,0.0,0.0,0.0,0.0,-0.002235852341586214,0.0024563750716228203],[0.0,0.0,0.0,0.0,0.0,0.0,0.0018099721477844626,-0.0024503472673335957]]}