{"din_name":"flux_level00086.json","din_kind":"RELATIVE","din_start":600.0000154515087,"din_end":660.0000029650547,"din_rules":["Interventions","r1","r1_rev","r2","r3","r4","r5","r6"],"din_hits":[0,73315,73261,6305,212838,206527,176485,176508],"din_fluxs":[[0.0,0.0,0.0,0.0,0.0,0.0,0.0,0.0],[0.0,-0.0011374083550896115,0.0188976214326646,0.029397061074368916,0.0,-0.002135171143114724,0.0,0.0],[0.0,0.0011387263200692396,-0.018201998267516818,-0.03552740991540216,0.0,0.0028479775627960383,0.0,0.0],[0.0,0.0,0.0,-0.16160890146769763,0.002922749553490496,0.0,0.011996957997494801,0.0],[0.0,0.0,0.0,0.00891694060009327,-0.00291340673871452,0.013202830453331042,-0.002915891274422709,0.0],[0.0,0.0,0.0,0.0,0.002921902088704888,-0.013666523733295948,0.010514391443754574,0.0],[0.0,0.0,0.0,0.0,0.0,0.0,-0.030791703024058738,0.0010942442833525392],[0.0,0.0,0.0,0.0,0.0,0.0,0.022739191608724823,-0.0010930465607818193]]}