{"din_name":"flux_level05799.json","din_kind":"RELATIVE","din_start":600.000042438733,"din_end":660.0000133338666,"din_rules":["Interventions","r1","r1_rev","r2","r3","r4","r5","r6"],"din_hits":[0,76697,76686,14014,2771826,2757803,218255,218254],"din_fluxs":[[0.0,0.0,0.0,0.0,0.0,0.0,0.0,0.0],[0.0,-0.0010947582565725067,0.0706065926369125,0.07827397740476166,0.0,-0.002038299000874774,0.0,0.0],[0.0,0.001095959619949192,-0.06465803639493703,-0.12160179794445568,0.0,0.004179097610888713,0.0,0.0],[0.0,0.0,0.0,-0.35801955832951105,0.0028190774983815016,0.0,0.0028860971395072168,0.0],[0.0,0.0,0.0,0.0051058749069352715,-0.0028111100718073616,0.014286650297364815,-0.00281092466992398,0.0],[0.0,0.0,0.0,0.0,0.0028190383803168894,-0.01421337373057704,0.0028494072395384034,0.0],[0.0,0.0,0.0,0.0,0.0,0.0,-0.0015091322296217377,0.015470847301150868],[0.0,0.0,0.0,0.0,0.0,0.0,0.0011252877064928672,-0.015231736849803003]]}