{"din_name":"flux_level10946.json","din_kind":"RELATIVE","din_start":600.0000113161204,"din_end":660.0000028656592,"din_rules":["Interventions","r1","r1_rev","r2","r3","r4","r5","r6"],"din_hits":[0,50649,50629,25300,2398112,2372807,782932,782930],"din_fluxs":[[0.0,0.0,0.0,0.0,0.0,0.0,0.0,0.0],[0.0,-0.0011012132794362747,0.04955952069825648,0.050972839991371977,0.0,-0.0020438060137682153,0.0,0.0],[0.0,0.0011024322749076743,-0.04635237256008227,-0.08833185921358307,0.0,0.004308061013798444,0.0,0.0],[0.0,0.0,0.0,-0.2901356545147784,0.002722557467916919,0.0,0.0029841234007046973,0.0],[0.0,0.0,0.0,0.005502162532817321,-0.0027153076952798516,0.015806900568595572,-0.0027156141237017974,0.0],[0.0,0.0,0.0,0.0,0.002722705366915219,-0.015770492365824156,0.0028396936068753303,0.0],[0.0,0.0,0.0,0.0,0.0,0.0,-0.0016411749929477655,0.006173739667273861],[0.0,0.0,0.0,0.0,0.0,0.0,0.0012846870135173492,-0.006135666919507214]]}