{"din_name":"flux_level07243.json","din_kind":"RELATIVE","din_start":600.0000310356248,"din_end":660.0000228682948,"din_rules":["Interventions","r1","r1_rev","r2","r3","r4","r5","r6"],"din_hits":[0,59584,59572,2301,1426433,1424140,14627,14628],"din_fluxs":[[0.0,0.0,0.0,0.0,0.0,0.0,0.0,0.0],[0.0,-0.0010908533058265912,0.09653333105883698,0.14428260839647133,0.0,-0.002020378770788437,0.0,0.0],[0.0,0.001092045847569834,-0.08589099374039916,-0.15931170399248878,0.0,0.0030890811161905936,0.0,0.0],[0.0,0.0,0.0,-0.3844189713475448,0.003710795101905196,0.0,0.004500102968160333,0.0],[0.0,0.0,0.0,0.004194547301344538,-0.0036945285402073965,0.008863997808926083,-0.003697820292102017,0.0],[0.0,0.0,0.0,0.0,0.003708240118613162,-0.008843835247651626,0.006322009702668417,0.0],[0.0,0.0,0.0,0.0,0.0,0.0,-0.14638040446371456,0.0010148330195335602],[0.0,0.0,0.0,0.0,0.0,0.0,0.12780221401543246,-0.001013803981237553]]}