{"din_name":"flux_level12734.json","din_kind":"RELATIVE","din_start":600.0000239010377,"din_end":660.0000421990723,"din_rules":["Interventions","r1","r1_rev","r2","r3","r4","r5","r6"],"din_hits":[0,1748,1736,4009,920690,916673,1584811,1584782],"din_fluxs":[[0.0,0.0,0.0,0.0,0.0,0.0,0.0,0.0],[0.0,-0.0010894942901550574,0.11374855494639102,0.08977104230023542,0.0,-0.002073215969068868,0.0,0.0],[0.0,0.0010907167239236166,-0.09791112728151723,-0.17954946823324103,0.0,0.0058160044157665285,0.0,0.0],[0.0,0.0,0.0,-0.44286343932266664,0.0026096753027227398,0.0,0.004513813732520666,0.0],[0.0,0.0,0.0,0.004335136747713425,-0.002603671447156347,0.017844034524042252,-0.002603573529333823,0.0],[0.0,0.0,0.0,0.0,0.0026104737128729853,-0.01761227315275087,0.003399601623648817,0.0],[0.0,0.0,0.0,0.0,0.0,0.0,-0.0026393057090152404,0.002129049759221083],[0.0,0.0,0.0,0.0,0.0,0.0,0.0021877273035897688,-0.0021245217943288235]]}