{"din_name":"flux_level00351.json","din_kind":"RELATIVE","din_start":600.0000125114428,"din_end":660.0000005573825,"din_rules":["Interventions","r1","r1_rev","r2","r3","r4","r5","r6"],"din_hits":[0,102903,102880,47317,4666201,4618875,237405,237392],"din_fluxs":[[0.0,0.0,0.0,0.0,0.0,0.0,0.0,0.0],[0.0,-0.0010990159315477407,0.055050392962975196,0.05435164673542205,0.0,-0.002047652618686593,0.0,0.0],[0.0,0.0011002270868779537,-0.051233616649438714,-0.09631077927975192,0.0,0.004701864565284223,0.0,0.0],[0.0,0.0,0.0,-0.3502766691823145,0.002544799103069826,0.0,0.0025939511184288784,0.0],[0.0,0.0,0.0,0.007106663733892757,-0.002538694254440628,0.019656670231713882,-0.0025381313089966927,0.0],[0.0,0.0,0.0,0.0,0.002545161239500792,-0.019527037933230244,0.002559635997713265,0.0],[0.0,0.0,0.0,0.0,0.0,0.0,-0.0014367972045715076,0.008739568253030379],[0.0,0.0,0.0,0.0,0.0,0.0,0.001145084316719541,-0.008663277894689396]]}