{"din_name":"flux_level10239.json","din_kind":"RELATIVE","din_start":600.0000090905878,"din_end":660.0000017365356,"din_rules":["Interventions","r1","r1_rev","r2","r3","r4","r5","r6"],"din_hits":[0,174699,174662,85127,3768107,3682970,2366115,2366086],"din_fluxs":[[0.0,0.0,0.0,0.0,0.0,0.0,0.0,0.0],[0.0,-0.0011156259892763515,0.029815861027326248,0.033706923098266985,0.0,-0.0020561577124279073,0.0,0.0],[0.0,0.0011168758779464523,-0.0284654982065224,-0.055078829950219226,0.0,0.003923762882327465,0.0,0.0],[0.0,0.0,0.0,-0.24565958373159383,0.002579649685264221,0.0,0.003223890216370188,0.0],[0.0,0.0,0.0,0.008673050387611817,-0.0025732223257351225,0.01885303660884515,-0.0025742198066236867,0.0],[0.0,0.0,0.0,0.0,0.0025798677997081977,-0.019008414009394233,0.0028877483298212665,0.0],[0.0,0.0,0.0,0.0,0.0,0.0,-0.0024834762787765475,0.0021439311292103676],[0.0,0.0,0.0,0.0,0.0,0.0,0.0019944992450261563,-0.0021393406529819077]]}