{"din_name":"flux_level08277.json","din_kind":"RELATIVE","din_start":600.0000302841416,"din_end":660.0000313576829,"din_rules":["Interventions","r1","r1_rev","r2","r3","r4","r5","r6"],"din_hits":[0,185157,185126,40850,1768862,1728004,861453,861470],"din_fluxs":[[0.0,0.0,0.0,0.0,0.0,0.0,0.0,0.0],[0.0,-0.001127813281948146,0.022453972538970052,0.03215080233304745,0.0,-0.0020926250174519495,0.0,0.0],[0.0,0.0011290923423189056,-0.021589062376146332,-0.0423019850560356,0.0,0.0029771700261961263,0.0,0.0],[0.0,0.0,0.0,-0.1339363810340269,0.0035484233514422236,0.0,0.004975070345472691,0.0],[0.0,0.0,0.0,0.00493216285250204,-0.003536365105725035,0.009574674425209232,-0.0035330646240793353,0.0],[0.0,0.0,0.0,0.0,0.0035489402029432837,-0.009798320326721179,0.004511257172765844,0.0],[0.0,0.0,0.0,0.0,0.0,0.0,-0.004994255115952308,0.001659784427120605],[0.0,0.0,0.0,0.0,0.0,0.0,0.0030426631759001696,-0.001657032034872213]]}