{"din_name":"flux_level13614.json","din_kind":"RELATIVE","din_start":600.0000399871325,"din_end":660.0000422858526,"din_rules":["Interventions","r1","r1_rev","r2","r3","r4","r5","r6"],"din_hits":[0,43452,43428,2091,550285,548166,759468,759498],"din_fluxs":[[0.0,0.0,0.0,0.0,0.0,0.0,0.0,0.0],[0.0,-0.001100986935140282,0.04994127934783467,0.07993915399524253,0.0,-0.0020544089481159696,0.0,0.0],[0.0,0.0011022061386003316,-0.04669019329638132,-0.09097101321841021,0.0,0.002660534620470854,0.0,0.0],[0.0,0.0,0.0,-0.20629085768966265,0.005473509451335637,0.0,0.007403557428794808,0.0],[0.0,0.0,0.0,0.0028238566037724648,-0.0054450110636263035,0.006454396195574043,-0.005440239953645215,0.0],[0.0,0.0,0.0,0.0,0.005474906884142955,-0.00648435455845557,0.007178189327040584,0.0],[0.0,0.0,0.0,0.0,0.0,0.0,-0.0038794408422498945,0.006287277374981323],[0.0,0.0,0.0,0.0,0.0,0.0,0.002665008873265479,-0.0062477630548474624]]}