{"din_name":"flux_level07751.json","din_kind":"RELATIVE","din_start":600.0000037502299,"din_end":660.0000110010546,"din_rules":["Interventions","r1","r1_rev","r2","r3","r4","r5","r6"],"din_hits":[0,75225,75203,10386,3147187,3136799,1564813,1564809],"din_fluxs":[[0.0,0.0,0.0,0.0,0.0,0.0,0.0,0.0],[0.0,-0.0010940878036832847,0.07409170801457224,0.09241548089553084,0.0,-0.0020335223365597907,0.0,0.0],[0.0,0.0010952874420520687,-0.06758270805871582,-0.12811885544048568,0.0,0.0035162838156689645,0.0,0.0],[0.0,0.0,0.0,-0.3080271471808596,0.003495331887422295,0.0,0.004339435341165582,0.0],[0.0,0.0,0.0,0.00307544794342285,-0.003482832658297778,0.009623969850464374,-0.0034824243527244443,0.0],[0.0,0.0,0.0,0.0,0.003495015709867004,-0.009598176913800627,0.00396149419869139,0.0],[0.0,0.0,0.0,0.0,0.0,0.0,-0.0026347532142067453,0.0033338653371974506],[0.0,0.0,0.0,0.0,0.0,0.0,0.0017082965274580275,-0.0033227621133572333]]}