{"din_name":"flux_level02552.json","din_kind":"RELATIVE","din_start":600.000121278745,"din_end":660.0000037127191,"din_rules":["Interventions","r1","r1_rev","r2","r3","r4","r5","r6"],"din_hits":[0,25835,25817,188,108781,108600,32021,32022],"din_fluxs":[[0.0,0.0,0.0,0.0,0.0,0.0,0.0,0.0],[0.0,-0.001097302021759405,0.06023871102315223,0.11691530449800858,0.0,-0.002039694668227948,0.0,0.0],[0.0,0.0010985141825278757,-0.05570384396183038,-0.10814465221898063,0.0,0.0021531156976131887,0.0,0.0],[0.0,0.0,0.0,-0.2097028976060199,0.02389890190969675,0.0,0.02625958539193573,0.0],[0.0,0.0,0.0,0.0019311291585216194,-0.023152790116774728,0.004442539122809997,-0.023155581602599264,0.0],[0.0,0.0,0.0,0.0,0.023712554248869505,-0.004456227566750763,0.026067500205983432,0.0],[0.0,0.0,0.0,0.0,0.0,0.0,-0.012894837235989023,0.04714187378104758],[0.0,0.0,0.0,0.0,0.0,0.0,0.005289307050952193,-0.044916595393153645]]}