{"din_name":"flux_level12806.json","din_kind":"RELATIVE","din_start":600.0000120689404,"din_end":660.0000020554205,"din_rules":["Interventions","r1","r1_rev","r2","r3","r4","r5","r6"],"din_hits":[0,137875,137796,115214,2204986,2089764,1656831,1656793],"din_fluxs":[[0.0,0.0,0.0,0.0,0.0,0.0,0.0,0.0],[0.0,-0.0011515302711682157,0.015365464697560647,0.02161035556046919,0.0,-0.002146979368427405,0.0,0.0],[0.0,0.0011528757940950853,-0.014863823901724915,-0.02921310102081009,0.0,0.003148858274255802,0.0,0.0],[0.0,0.0,0.0,-0.13850514151249482,0.002796097370603363,0.0,0.003413499213448345,0.0],[0.0,0.0,0.0,0.008947806105385753,-0.0027883416964190754,0.014882055005716521,-0.002786989327069467,0.0],[0.0,0.0,0.0,0.0,0.0027961446250791113,-0.015523699772223593,0.003189952785682928,0.0],[0.0,0.0,0.0,0.0,0.0,0.0,-0.0022988295640289902,0.002723616477034154],[0.0,0.0,0.0,0.0,0.0,0.0,0.001766859941030066,-0.00271620425748603]]}