{"din_name":"flux_level03345.json","din_kind":"RELATIVE","din_start":600.0000129237048,"din_end":660.0000493918175,"din_rules":["Interventions","r1","r1_rev","r2","r3","r4","r5","r6"],"din_hits":[0,26928,26915,1385,699487,698100,547274,547265],"din_fluxs":[[0.0,0.0,0.0,0.0,0.0,0.0,0.0,0.0],[0.0,-0.001090450711646064,0.10041540349035738,0.13546654684939533,0.0,-0.002016628231372748,0.0,0.0],[0.0,0.0010916437050291778,-0.08892313170627543,-0.16185896986938164,0.0,0.0036247760143464035,0.0,0.0],[0.0,0.0,0.0,-0.43991446385464356,0.003014174827667888,0.0,0.005875560326962108,0.0],[0.0,0.0,0.0,0.005890345058843403,-0.003003251723676644,0.01221423731162393,-0.0030003874663349756,0.0],[0.0,0.0,0.0,0.0,0.003012300679470224,-0.01215063618024939,0.004702314836882201,0.0],[0.0,0.0,0.0,0.0,0.0,0.0,-0.007085543748486128,0.0013381550460586289],[0.0,0.0,0.0,0.0,0.0,0.0,0.004995967167612874,-0.0013363668054419834]]}