{"din_name":"flux_level13977.json","din_kind":"RELATIVE","din_start":600.0000006298409,"din_end":660.0000021485031,"din_rules":["Interventions","r1","r1_rev","r2","r3","r4","r5","r6"],"din_hits":[0,11370,11351,32741,3759666,3726923,686381,686375],"din_fluxs":[[0.0,0.0,0.0,0.0,0.0,0.0,0.0,0.0],[0.0,-0.0010964271806842907,0.06380304845598041,0.05839977587877447,0.0,-0.002080828559144058,0.0,0.0],[0.0,0.001097644540486862,-0.058667412237330324,-0.11241102500181527,0.0,0.005019908927348184,0.0,0.0],[0.0,0.0,0.0,-0.3248195052751084,0.002681041755312036,0.0,0.0035064983815410885,0.0],[0.0,0.0,0.0,0.004626608485660219,-0.002674764772992623,0.016514768851573536,-0.002673866678815364,0.0],[0.0,0.0,0.0,0.0,0.0026819490250431016,-0.016394614473838786,0.002795500294825319,0.0],[0.0,0.0,0.0,0.0,0.0,0.0,-0.002634284519940295,0.0020628736657800966],[0.0,0.0,0.0,0.0,0.0,0.0,0.0020004430197966077,-0.0020586224326239566]]}