{"din_name":"flux_level11904.json","din_kind":"RELATIVE","din_start":600.0000042352034,"din_end":660.0000058852274,"din_rules":["Interventions","r1","r1_rev","r2","r3","r4","r5","r6"],"din_hits":[0,29816,29806,7034,3086802,3079757,5203,5203],"din_fluxs":[[0.0,0.0,0.0,0.0,0.0,0.0,0.0,0.0],[0.0,-0.001090108035376249,0.1037888481653589,0.11967446542079466,0.0,-0.0020429517208927278,0.0,0.0],[0.0,0.001091299885581613,-0.09161369050297775,-0.16984538876807154,0.0,0.00389597567052476,0.0,0.0],[0.0,0.0,0.0,-0.3692217543587554,0.00339341647170364,0.0,0.003395517894831938,0.0],[0.0,0.0,0.0,0.002461133117168045,-0.003382864461798431,0.010009508681965118,-0.0033829063934235214,0.0],[0.0,0.0,0.0,0.0,0.003394359591550955,-0.009950124537407774,0.0033953866493678653,0.0],[0.0,0.0,0.0,0.0,0.0,0.0,-0.0016940830436439909,30.293249083222033],[0.0,0.0,0.0,0.0,0.0,0.0,0.0011161096727701158,-0.6233679287590548]]}