{"din_name":"flux_level05945.json","din_kind":"RELATIVE","din_start":600.0000017894924,"din_end":660.0000130414962,"din_rules":["Interventions","r1","r1_rev","r2","r3","r4","r5","r6"],"din_hits":[0,54303,54253,30598,1008888,978281,65030,65020],"din_fluxs":[[0.0,0.0,0.0,0.0,0.0,0.0,0.0,0.0],[0.0,-0.0011266983882591347,0.02301582443345205,0.028390013070192368,0.0,-0.002074602641044288,0.0,0.0],[0.0,0.0011279898425353547,-0.022076898206337785,-0.04313831891684372,0.0,0.003535612184672961,0.0,0.0],[0.0,0.0,0.0,-0.18641388452151636,0.0027253341242371126,0.0,0.00275065550362594,0.0],[0.0,0.0,0.0,0.007926909071077678,-0.0027186880512530646,0.01589836272145079,-0.0027187554958368267,0.0],[0.0,0.0,0.0,0.0,0.002726127044147944,-0.016209293076229408,0.002742164822244522,0.0],[0.0,0.0,0.0,0.0,0.0,0.0,-0.0013812427566873315,0.07522243116366237],[0.0,0.0,0.0,0.0,0.0,0.0,0.001132350480130054,-0.06951661296242446]]}