{"din_name":"flux_level08747.json","din_kind":"RELATIVE","din_start":600.0000027183993,"din_end":660.000005469916,"din_rules":["Interventions","r1","r1_rev","r2","r3","r4","r5","r6"],"din_hits":[0,23617,23609,10536,2642021,2631479,1170408,1170417],"din_fluxs":[[0.0,0.0,0.0,0.0,0.0,0.0,0.0,0.0],[0.0,-0.0010896804485203673,0.10941937529972358,0.09705980141714947,0.0,-0.0019729997226477568,0.0,0.0],[0.0,0.001090871586219619,-0.09480080560871984,-0.17107352049605237,0.0,0.005520649640079981,0.0,0.0],[0.0,0.0,0.0,-0.4765643446991382,0.0025551092906600996,0.0,0.0032854420445351633,0.0],[0.0,0.0,0.0,0.005668210475298622,-0.0025494778185155297,0.0191793604798901,-0.0025483072993849132,0.0],[0.0,0.0,0.0,0.0,0.0025559998000262516,-0.018921722676504854,0.002755436577391013,0.0],[0.0,0.0,0.0,0.0,0.0,0.0,-0.0022791034739583636,0.002327566210837712],[0.0,0.0,0.0,0.0,0.0,0.0,0.001833133230790838,-0.002322153441500262]]}