{"din_name":"flux_level03145.json","din_kind":"RELATIVE","din_start":600.0000206025499,"din_end":660.0000312884466,"din_rules":["Interventions","r1","r1_rev","r2","r3","r4","r5","r6"],"din_hits":[0,3322,3289,30927,964750,933809,636366,636380],"din_fluxs":[[0.0,0.0,0.0,0.0,0.0,0.0,0.0,0.0],[0.0,-0.0011229377755733567,0.025894473097189005,0.028692955253283314,0.0,-0.0020091128871618327,0.0,0.0],[0.0,0.0011244766973330196,-0.023888934123071998,-0.044932195112620976,0.0,0.0038765865445089427,0.0,0.0],[0.0,0.0,0.0,-0.21248980014053112,0.0025738561331582407,0.0,0.0029493597242212476,0.0],[0.0,0.0,0.0,0.008860593908100841,-0.0025677576835964025,0.01913350416956718,-0.0025684339759041693,0.0],[0.0,0.0,0.0,0.0,0.0025743877834965376,-0.019388914270467673,0.002761921359678614,0.0],[0.0,0.0,0.0,0.0,0.0,0.0,-0.0016690594215656243,0.004617818394887901],[0.0,0.0,0.0,0.0,0.0,0.0,0.001381360106601909,-0.004596519308471515]]}