{"din_name":"flux_level11309.json","din_kind":"RELATIVE","din_start":600.00000545865,"din_end":660.0000063742518,"din_rules":["Interventions","r1","r1_rev","r2","r3","r4","r5","r6"],"din_hits":[0,146841,146781,112216,2777015,2664785,1098885,1098896],"din_fluxs":[[0.0,0.0,0.0,0.0,0.0,0.0,0.0,0.0],[0.0,-0.0011359824738608917,0.019348105518738043,0.024612729724546742,0.0,-0.0020974863500064504,0.0,0.0],[0.0,0.0011372851490120297,-0.01865105430212331,-0.03623786739579885,0.0,0.0034523270669253093,0.0,0.0],[0.0,0.0,0.0,-0.18328722508360715,0.0026211580736613476,0.0,0.0028388565747308274,0.0],[0.0,0.0,0.0,0.009796151509536869,-0.00261469197949509,0.01793683416701069,-0.0026136606376161134,0.0],[0.0,0.0,0.0,0.0,0.002621565738058976,-0.018420798745631937,0.0027450493936137265,0.0],[0.0,0.0,0.0,0.0,0.0,0.0,-0.001628850145683513,0.005347670179984665],[0.0,0.0,0.0,0.0,0.0,0.0,0.001309798191219912,-0.0053191006948624005]]}