{"din_name":"flux_level03816.json","din_kind":"RELATIVE","din_start":600.0000063514831,"din_end":660.0000098379328,"din_rules":["Interventions","r1","r1_rev","r2","r3","r4","r5","r6"],"din_hits":[0,45192,45133,13430,269168,255731,980679,980674],"din_fluxs":[[0.0,0.0,0.0,0.0,0.0,0.0,0.0,0.0],[0.0,-0.001154778840969322,0.01479045334621653,0.021811724899693977,0.0,-0.0021303236851077383,0.0,0.0],[0.0,0.0011561735035591197,-0.014260471390745261,-0.028000339033261237,0.0,0.0029493595089917207,0.0,0.0],[0.0,0.0,0.0,-0.12637971794998124,0.0029413837980115033,0.0,0.0037240443624379374,0.0],[0.0,0.0,0.0,0.008512826182555968,-0.0029338148296256888,0.013128919498443251,-0.0029341751639985225,0.0],[0.0,0.0,0.0,0.0,0.0029425087628264226,-0.013770234932226984,0.003661198917145516,0.0],[0.0,0.0,0.0,0.0,0.0,0.0,-0.0019440022812004126,0.005397996667627875],[0.0,0.0,0.0,0.0,0.0,0.0,0.0017504694976914895,-0.005368887721035246]]}