{"din_name":"flux_level08767.json","din_kind":"RELATIVE","din_start":600.0000001537862,"din_end":660.0000377059162,"din_rules":["Interventions","r1","r1_rev","r2","r3","r4","r5","r6"],"din_hits":[0,40124,40110,12703,3632732,3620029,744369,744356],"din_fluxs":[[0.0,0.0,0.0,0.0,0.0,0.0,0.0,0.0],[0.0,-0.0010898037416264906,0.10853924332008369,0.10457974958257016,0.0,-0.0020226055394783446,0.0,0.0],[0.0,0.0010909941944573284,-0.09406687408930832,-0.16988426293852257,0.0,0.00499600276039374,0.0,0.0],[0.0,0.0,0.0,-0.4487971062386262,0.0026855568779018844,0.0,0.003099668110546954,0.0],[0.0,0.0,0.0,0.004840731147471048,-0.0026780465864404404,0.01627014886556072,-0.0026784731353148884,0.0],[0.0,0.0,0.0,0.0,0.0026852394696833164,-0.0160960916404688,0.002795172258841943,0.0],[0.0,0.0,0.0,0.0,0.0,0.0,-0.0021957414310475776,0.0026138323907163763],[0.0,0.0,0.0,0.0,0.0,0.0,0.001672997697606888,-0.0026070090273754773]]}