{"din_name":"flux_level12100.json","din_kind":"RELATIVE","din_start":600.0000154307553,"din_end":660.00000092829,"din_rules":["Interventions","r1","r1_rev","r2","r3","r4","r5","r6"],"din_hits":[0,109908,109866,60340,1969199,1908857,173841,173856],"din_fluxs":[[0.0,0.0,0.0,0.0,0.0,0.0,0.0,0.0],[0.0,-0.001125409435389672,0.023623073575941275,0.028756615087950705,0.0,-0.002095507022479961,0.0,0.0],[0.0,0.0011266871187551267,-0.022678136775487807,-0.04410978295404593,0.0,0.003656662161636613,0.0,0.0],[0.0,0.0,0.0,-0.2112215576125527,0.002600624606622618,0.0,0.0026509716635520313,0.0],[0.0,0.0,0.0,0.009279004270244804,-0.0025943366707636504,0.018371980693083777,-0.0025946857499087217,0.0],[0.0,0.0,0.0,0.0,0.002601101631466212,-0.018686296956894763,0.0026259030248246616,0.0],[0.0,0.0,0.0,0.0,0.0,0.0,-0.0013912975624115554,0.015536468020758136],[0.0,0.0,0.0,0.0,0.0,0.0,0.0011105821139476865,-0.015294897451264472]]}