{"din_name":"flux_level12990.json","din_kind":"RELATIVE","din_start":600.0000394521596,"din_end":660.0000107541136,"din_rules":["Interventions","r1","r1_rev","r2","r3","r4","r5","r6"],"din_hits":[0,85479,85460,844,300237,299383,973332,973346],"din_fluxs":[[0.0,0.0,0.0,0.0,0.0,0.0,0.0,0.0],[0.0,-0.0010989816697377546,0.0551730324988503,0.1010207322240812,0.0,-0.0020393588455232723,0.0,0.0],[0.0,0.001100193191629366,-0.051333096263873716,-0.09714904378094513,0.0,0.0024521926096317996,0.0,0.0],[0.0,0.0,0.0,-0.3062937740276185,0.003789980057674389,0.0,0.008961188801347775,0.0],[0.0,0.0,0.0,0.006858632460380031,-0.003777538667591045,0.008606874879434092,-0.0037652724510627857,0.0],[0.0,0.0,0.0,0.0,0.0037918902515091234,-0.008671006576997344,0.008891902481143785,0.0],[0.0,0.0,0.0,0.0,0.0,0.0,-0.006040461688571818,0.0020430255913681467],[0.0,0.0,0.0,0.0,0.0,0.0,0.004510398102739438,-0.0020388555331870115]]}