{"din_name":"flux_level02500.json","din_kind":"RELATIVE","din_start":600.000015378489,"din_end":660.0000068888912,"din_rules":["Interventions","r1","r1_rev","r2","r3","r4","r5","r6"],"din_hits":[0,16208,16202,16217,3580022,3563796,132004,132010],"din_fluxs":[[0.0,0.0,0.0,0.0,0.0,0.0,0.0,0.0],[0.0,-0.0010897634954404876,0.10720835211723084,0.08890157554208572,0.0,-0.002014100248211762,0.0,0.0],[0.0,0.001090955447433811,-0.09421955408736005,-0.16756387404712064,0.0,0.005715549154700545,0.0,0.0],[0.0,0.0,0.0,-0.45747166479365947,0.0025602392760907308,0.0,0.0025983901750864066,0.0],[0.0,0.0,0.0,0.005167502406096938,-0.002554272215445141,0.019084287195296007,-0.002554297424816812,0.0],[0.0,0.0,0.0,0.0,0.0025608178932371942,-0.018825354651624836,0.002569975733302182,0.0],[0.0,0.0,0.0,0.0,0.0,0.0,-0.0013092059151262937,0.04424484010627113],[0.0,0.0,0.0,0.0,0.0,0.0,0.0010622206912958895,-0.042284403421816406]]}