{"din_name":"flux_level09306.json","din_kind":"RELATIVE","din_start":600.0000015847214,"din_end":660.0000135778447,"din_rules":["Interventions","r1","r1_rev","r2","r3","r4","r5","r6"],"din_hits":[0,30683,30659,27994,2617329,2589336,1456329,1456303],"din_fluxs":[[0.0,0.0,0.0,0.0,0.0,0.0,0.0,0.0],[0.0,-0.0010992240585344644,0.054564678579730096,0.052324923833824005,0.0,-0.0020432146132368513,0.0,0.0],[0.0,0.0011004403552712283,-0.05074927223150954,-0.09595196719867743,0.0,0.004799932492653829,0.0,0.0],[0.0,0.0,0.0,-0.32393752323646363,0.0025979582988511912,0.0,0.0034369045338319987,0.0],[0.0,0.0,0.0,0.006036028069232242,-0.0025915936784080447,0.018293450378526258,-0.0025903266095105887,0.0],[0.0,0.0,0.0,0.0,0.002598333764670033,-0.018185966192133512,0.0028675627591518253,0.0],[0.0,0.0,0.0,0.0,0.0,0.0,-0.0023998346756973453,0.0022461794019151475],[0.0,0.0,0.0,0.0,0.0,0.0,0.0019143966213865636,-0.0022411386122837807]]}