{"din_name":"flux_level01471.json","din_kind":"RELATIVE","din_start":600.0000008219326,"din_end":660.0000188294418,"din_rules":["Interventions","r1","r1_rev","r2","r3","r4","r5","r6"],"din_hits":[0,94811,94788,8763,2077950,2069182,1986278,1986318],"din_fluxs":[[0.0,0.0,0.0,0.0,0.0,0.0,0.0,0.0],[0.0,-0.001095253316347205,0.06858086659930994,0.08548252948610661,0.0,-0.0020350742502465245,0.0,0.0],[0.0,0.001096455450800284,-0.06291773685385076,-0.11839692709929646,0.0,0.0036873497124892077,0.0,0.0],[0.0,0.0,0.0,-0.3508833412910372,0.0029564801504707106,0.0,0.004012305553354204,0.0],[0.0,0.0,0.0,0.005479074301393354,-0.002948600799618887,0.012755245453215151,-0.0029470769002529836,0.0],[0.0,0.0,0.0,0.0,0.0029573292602771547,-0.012720616842234649,0.003605450959295522,0.0],[0.0,0.0,0.0,0.0,0.0,0.0,-0.0026496580964670757,0.002483399307054564],[0.0,0.0,0.0,0.0,0.0,0.0,0.0019800606326665004,-0.0024772376536829513]]}