{"din_name":"flux_level12770.json","din_kind":"RELATIVE","din_start":600.0000066006653,"din_end":660.0000000915362,"din_rules":["Interventions","r1","r1_rev","r2","r3","r4","r5","r6"],"din_hits":[0,50950,50931,17506,1309004,1291510,1017277,1017237],"din_fluxs":[[0.0,0.0,0.0,0.0,0.0,0.0,0.0,0.0],[0.0,-0.0011050122650049033,0.041898581262888764,0.045219936236224736,0.0,-0.002052036348085206,0.0,0.0],[0.0,0.0011062409938154608,-0.039497740025489524,-0.07509236898282151,0.0,0.004148016739663881,0.0,0.0],[0.0,0.0,0.0,-0.2930335890502386,0.0026141417488684867,0.0,0.003379795328941218,0.0],[0.0,0.0,0.0,0.00727175002390992,-0.002608089418442703,0.017902546263837037,-0.0026077952529053004,0.0],[0.0,0.0,0.0,0.0,0.002614921800287226,-0.01790091412573203,0.002979526736572507,0.0],[0.0,0.0,0.0,0.0,0.0,0.0,-0.002357904040817297,0.0023413169908589188],[0.0,0.0,0.0,0.0,0.0,0.0,0.0018912936056402175,-0.002335842732194154]]}