{"din_name":"flux_level07004.json","din_kind":"RELATIVE","din_start":600.0000019930546,"din_end":660.0000174047926,"din_rules":["Interventions","r1","r1_rev","r2","r3","r4","r5","r6"],"din_hits":[0,76310,76283,51137,3296701,3245537,1410742,1410724],"din_fluxs":[[0.0,0.0,0.0,0.0,0.0,0.0,0.0,0.0],[0.0,-0.0011125185091608735,0.03257061214451081,0.039301892695573305,0.0,-0.002054155405104063,0.0,0.0],[0.0,0.001113764790668263,-0.0309881139110506,-0.0606342603328236,0.0,0.00350772223251666,0.0,0.0],[0.0,0.0,0.0,-0.1739004910634675,0.003312622045188569,0.0,0.004322923711150533,0.0],[0.0,0.0,0.0,0.0038953336610988137,-0.003302905715326772,0.010574761689130841,-0.003304282862342323,0.0],[0.0,0.0,0.0,0.0,0.003313880339491644,-0.010660495486736761,0.0037483163684015395,0.0],[0.0,0.0,0.0,0.0,0.0,0.0,-0.0029267512786802863,0.002476261585603723],[0.0,0.0,0.0,0.0,0.0,0.0,0.0019143567487975638,-0.002470136344886394]]}