{"din_name":"flux_level03090.json","din_kind":"RELATIVE","din_start":600.0000073192748,"din_end":660.0000092875307,"din_rules":["Interventions","r1","r1_rev","r2","r3","r4","r5","r6"],"din_hits":[0,167841,167774,111629,2988257,2876625,258036,258065],"din_fluxs":[[0.0,0.0,0.0,0.0,0.0,0.0,0.0,0.0],[0.0,-0.0011386939859501127,0.018489847175613625,0.025084275430938472,0.0,-0.0021024084678475047,0.0,0.0],[0.0,0.001140002145461409,-0.017842267030110638,-0.03505313160847542,0.0,0.0031691517608252212,0.0,0.0],[0.0,0.0,0.0,-0.13035383347439417,0.0031051453750300098,0.0,0.0038570081541595127,0.0],[0.0,0.0,0.0,0.006260244000396341,-0.003095565768120349,0.01186239285712358,-0.003093608732921612,0.0],[0.0,0.0,0.0,0.0,0.00310518612145749,-0.01223322005759533,0.003466715734562126,0.0],[0.0,0.0,0.0,0.0,0.0,0.0,-0.011379484085107432,0.0011663047406197814],[0.0,0.0,0.0,0.0,0.0,0.0,0.007502966446572487,-0.0011649471390635206]]}