{"din_name":"flux_level07776.json","din_kind":"RELATIVE","din_start":600.0000049373695,"din_end":660.0000020010871,"din_rules":["Interventions","r1","r1_rev","r2","r3","r4","r5","r6"],"din_hits":[0,100181,100144,42497,3430344,3387850,1243812,1243818],"din_fluxs":[[0.0,0.0,0.0,0.0,0.0,0.0,0.0,0.0],[0.0,-0.001107941763130117,0.03774643864352707,0.04493343288357046,0.0,-0.002061015343156032,0.0,0.0],[0.0,0.00110917453772237,-0.03574516048138957,-0.06940408037967623,0.0,0.0035996100074232244,0.0,0.0],[0.0,0.0,0.0,-0.2016158655737387,0.003200731192033124,0.0,0.0036675760639505606,0.0],[0.0,0.0,0.0,0.004079682462604951,-0.00319073091811984,0.01114109482113925,-0.0031898941922879854,0.0],[0.0,0.0,0.0,0.0,0.0032009545433462168,-0.01119927398101824,0.003437627027120583,0.0],[0.0,0.0,0.0,0.0,0.0,0.0,-0.002105326058285928,0.004556562850456746],[0.0,0.0,0.0,0.0,0.0,0.0,0.0014525062766701782,-0.004535820338058411]]}