{"din_name":"flux_level10448.json","din_kind":"RELATIVE","din_start":600.000012649372,"din_end":660.0000186903829,"din_rules":["Interventions","r1","r1_rev","r2","r3","r4","r5","r6"],"din_hits":[0,11724,11711,13188,2586462,2573250,748735,748745],"din_fluxs":[[0.0,0.0,0.0,0.0,0.0,0.0,0.0,0.0],[0.0,-0.001090843779589104,0.09622667876843471,0.08220977353229263,0.0,-0.0020108650637270563,0.0,0.0],[0.0,0.0010920414447122275,-0.08558057043310263,-0.15863265358180179,0.0,0.005637647946043394,0.0,0.0],[0.0,0.0,0.0,-0.42979589652173017,0.0025875081809511244,0.0,0.0029267597000823837,0.0],[0.0,0.0,0.0,0.004911484368247558,-0.0025812781862878153,0.018404276913410792,-0.002581832194017367,0.0],[0.0,0.0,0.0,0.0,0.0025879634328427534,-0.018177317651119382,0.0026783189290771705,0.0],[0.0,0.0,0.0,0.0,0.0,0.0,-0.0015913562628816669,0.005524578141047166],[0.0,0.0,0.0,0.0,0.0,0.0,0.001282416273363139,-0.00549408431253707]]}