{"din_name":"flux_level08065.json","din_kind":"RELATIVE","din_start":600.0000104401266,"din_end":660.000002149609,"din_rules":["Interventions","r1","r1_rev","r2","r3","r4","r5","r6"],"din_hits":[0,49629,49583,64536,2241946,2177394,1126599,1126598],"din_fluxs":[[0.0,0.0,0.0,0.0,0.0,0.0,0.0,0.0],[0.0,-0.0011214971270080889,0.025751970217541366,0.029264244207663694,0.0,-0.002059864623154225,0.0,0.0],[0.0,0.0011227741556846503,-0.024637632941958133,-0.047555274286416364,0.0,0.003812061392750009,0.0,0.0],[0.0,0.0,0.0,-0.20948861381691178,0.002630522265369008,0.0,0.0029398922180001058,0.0],[0.0,0.0,0.0,0.008152094224692832,-0.00262415718399303,0.01772813411788294,-0.0026247659021644545,0.0],[0.0,0.0,0.0,0.0,0.0026310799357508233,-0.017964172878090705,0.002788134054919583,0.0],[0.0,0.0,0.0,0.0,0.0,0.0,-0.0016576591394590584,0.005114986343513465],[0.0,0.0,0.0,0.0,0.0,0.0,0.0013426324310806983,-0.005088849678354171]]}