{"din_name":"flux_level07897.json","din_kind":"RELATIVE","din_start":600.0000099164688,"din_end":660.0000006205051,"din_rules":["Interventions","r1","r1_rev","r2","r3","r4","r5","r6"],"din_hits":[0,83348,83309,71380,3273306,3201918,935873,935879],"din_fluxs":[[0.0,0.0,0.0,0.0,0.0,0.0,0.0,0.0],[0.0,-0.0011144739732039917,0.03078567860003838,0.034216223149642754,0.0,-0.0020657814888114857,0.0,0.0],[0.0,0.0011157248927101031,-0.029345455341820828,-0.056764328872311726,0.0,0.003952130923970213,0.0,0.0],[0.0,0.0,0.0,-0.227394278583857,0.002666696544201046,0.0,0.002918253450643262,0.0],[0.0,0.0,0.0,0.007173525640444842,-0.0026598080797852696,0.016935226341478798,-0.002659164611560841,0.0],[0.0,0.0,0.0,0.0,0.0026669088853482196,-0.017064978130511464,0.0027700030092562655,0.0],[0.0,0.0,0.0,0.0,0.0,0.0,-0.00169550656438442,0.004843593406404825],[0.0,0.0,0.0,0.0,0.0,0.0,0.0013281597294195519,-0.004820155898559207]]}