{"din_name":"flux_level01709.json","din_kind":"RELATIVE","din_start":600.0000140354614,"din_end":660.0000072587297,"din_rules":["Interventions","r1","r1_rev","r2","r3","r4","r5","r6"],"din_hits":[0,719,709,7543,1616823,1609282,1521446,1521455],"din_fluxs":[[0.0,0.0,0.0,0.0,0.0,0.0,0.0,0.0],[0.0,-0.0010924130962402239,0.08769214165980806,0.0733536891830627,0.0,-0.0020327159024972727,0.0,0.0],[0.0,0.0010937331009326031,-0.07637014490001061,-0.14456914540601593,0.0,0.004776830307494356,0.0,0.0],[0.0,0.0,0.0,-0.3294323778921486,0.0029848734464664284,0.0,0.0053866617033826196,0.0],[0.0,0.0,0.0,0.0025150044961815615,-0.0029763887667551905,0.012595006495560763,-0.0029768443227378536,0.0],[0.0,0.0,0.0,0.0,0.0029852812197228113,-0.012496715815842186,0.00378012251659823,0.0],[0.0,0.0,0.0,0.0,0.0,0.0,-0.0031521166409826085,0.0020689745271399314],[0.0,0.0,0.0,0.0,0.0,0.0,0.0023167360340043716,-0.002064698212698204]]}