{"din_name":"flux_level11946.json","din_kind":"RELATIVE","din_start":600.0000030730232,"din_end":660.0000000362498,"din_rules":["Interventions","r1","r1_rev","r2","r3","r4","r5","r6"],"din_hits":[0,63656,63632,19528,4401097,4381560,492786,492787],"din_fluxs":[[0.0,0.0,0.0,0.0,0.0,0.0,0.0,0.0],[0.0,-0.0010920738877634917,0.08690372495415376,0.08542126425811519,0.0,-0.0020288258919138793,0.0,0.0],[0.0,0.0010932683332666479,-0.07813010798714937,-0.14445434693220793,0.0,0.00473985514928063,0.0,0.0],[0.0,0.0,0.0,-0.3992753894152529,0.002723876793093343,0.0,0.002854156931712189,0.0],[0.0,0.0,0.0,0.004785611070644107,-0.0027167858182690205,0.01564192633429325,-0.0027170743960023285,0.0],[0.0,0.0,0.0,0.0,0.0027241913458291088,-0.015506137739715261,0.0027660898564082184,0.0],[0.0,0.0,0.0,0.0,0.0,0.0,-0.0015414391535719125,0.00877716519990878],[0.0,0.0,0.0,0.0,0.0,0.0,0.0011736957243146631,-0.008700180866081297]]}