{"din_name":"flux_level02490.json","din_kind":"RELATIVE","din_start":600.0000013114505,"din_end":660.0000200928647,"din_rules":["Interventions","r1","r1_rev","r2","r3","r4","r5","r6"],"din_hits":[0,524,503,20107,2292593,2272481,708880,708892],"din_fluxs":[[0.0,0.0,0.0,0.0,0.0,0.0,0.0,0.0],[0.0,-0.001096193135713087,0.06929640953614494,0.056317589604142626,0.0,-0.002052455740566906,0.0,0.0],[0.0,0.0010976890727552716,-0.05977685308308185,-0.11294326347871943,0.0,0.0049560477315556345,0.0,0.0],[0.0,0.0,0.0,-0.31921403105577534,0.002684081225284685,0.0,0.0030557728171988503,0.0],[0.0,0.0,0.0,0.004402086053222287,-0.0026768469117389574,0.0164824832235066,-0.002676738650771011,0.0],[0.0,0.0,0.0,0.0,0.0026840341878182766,-0.016356027964471442,0.002790778858551368,0.0],[0.0,0.0,0.0,0.0,0.0,0.0,-0.0016360512528195035,0.005816674129672519],[0.0,0.0,0.0,0.0,0.0,0.0,0.0012887077312928486,-0.005782867268178772]]}