{"din_name":"flux_level13598.json","din_kind":"RELATIVE","din_start":600.0000050292299,"din_end":660.0000164604974,"din_rules":["Interventions","r1","r1_rev","r2","r3","r4","r5","r6"],"din_hits":[0,166816,166780,3408,478352,474934,1698169,1698212],"din_fluxs":[[0.0,0.0,0.0,0.0,0.0,0.0,0.0,0.0],[0.0,-0.0011089326032736639,0.03650273499896794,0.061596265578960085,0.0,-0.002061077355093823,0.0,0.0],[0.0,0.0011101663086702078,-0.03461628146458351,-0.06649100757800061,0.0,0.0026582203533577035,0.0,0.0],[0.0,0.0,0.0,-0.2612644819919936,0.003130965257636169,0.0,0.005493775526959627,0.0],[0.0,0.0,0.0,0.008565318523169238,-0.0031210130308813376,0.011347263756423831,-0.0031250993821283525,0.0],[0.0,0.0,0.0,0.0,0.0031307894988540554,-0.011501450842952135,0.005365934710769916,0.0],[0.0,0.0,0.0,0.0,0.0,0.0,-0.003410040721031887,0.002357567069503008],[0.0,0.0,0.0,0.0,0.0,0.0,0.0027960357316670808,-0.002352015285383485]]}