{"din_name":"flux_level12118.json","din_kind":"RELATIVE","din_start":600.0000092715715,"din_end":660.0000141869814,"din_rules":["Interventions","r1","r1_rev","r2","r3","r4","r5","r6"],"din_hits":[0,32319,32308,16766,3648411,3631658,1185993,1185998],"din_fluxs":[[0.0,0.0,0.0,0.0,0.0,0.0,0.0,0.0],[0.0,-0.0010932399299140574,0.08016190282316335,0.07995859405650642,0.0,-0.002029201958533175,0.0,0.0],[0.0,0.001094439559411873,-0.07161722645796269,-0.13520249758523042,0.0,0.004412213790113456,0.0,0.0],[0.0,0.0,0.0,-0.33547832087445034,0.002982006808557347,0.0,0.004135318101173645,0.0],[0.0,0.0,0.0,0.0032118059104695724,-0.0029737809440717306,0.012597331598773479,-0.002974852897198445,0.0],[0.0,0.0,0.0,0.0,0.0029826585151032157,-0.012517672356122228,0.0032956599755506262,0.0],[0.0,0.0,0.0,0.0,0.0,0.0,-0.0031262792794938114,0.0019761278046107737],[0.0,0.0,0.0,0.0,0.0,0.0,0.0021813943262287243,-0.001972226331709867]]}