{"din_name":"flux_level03477.json","din_kind":"RELATIVE","din_start":600.0000001830059,"din_end":660.0000100357629,"din_rules":["Interventions","r1","r1_rev","r2","r3","r4","r5","r6"],"din_hits":[0,115994,115792,366072,1652709,1286636,2107866,2107848],"din_fluxs":[[0.0,0.0,0.0,0.0,0.0,0.0,0.0,0.0],[0.0,-0.0013485088016386103,0.004873159167705327,0.010894446018145942,0.0,-0.0025300906372073195,0.0,0.0],[0.0,0.001350596887822849,-0.0047293535277516605,-0.009326266347361289,0.0,0.0022543296966863638,0.0,0.0],[0.0,0.0,0.0,-0.06142300287909865,0.0029840228352330683,0.0,0.003718440943938856,0.0],[0.0,0.0,0.0,0.014385907668440489,-0.00297510035106628,0.011885209805268372,-0.0029770024242699103,0.0],[0.0,0.0,0.0,0.0,0.00298397199630122,-0.015013251968354105,0.003813529921467529,0.0],[0.0,0.0,0.0,0.0,0.0,0.0,-0.002621122363360514,0.0026240676603737005],[0.0,0.0,0.0,0.0,0.0,0.0,0.0019993801522802156,-0.0026171905004393693]]}