{"din_name":"flux_level00843.json","din_kind":"RELATIVE","din_start":600.0000077974404,"din_end":660.0000613337696,"din_rules":["Interventions","r1","r1_rev","r2","r3","r4","r5","r6"],"din_hits":[0,117761,117734,1094,271116,270025,390467,390451],"din_fluxs":[[0.0,0.0,0.0,0.0,0.0,0.0,0.0,0.0],[0.0,-0.001102673026581916,0.0462787632825941,0.08733047910830882,0.0,-0.0020342898759754375,0.0,0.0],[0.0,0.0011038926639948365,-0.043455170994302864,-0.081463761231997,0.0,0.0025627490358409145,0.0,0.0],[0.0,0.0,0.0,-0.3691283480995524,0.002879949130076625,0.0,0.007704104534029626,0.0],[0.0,0.0,0.0,0.012016053656659413,-0.0028702824027217935,0.013400538194657297,-0.0028808209882188796,0.0],[0.0,0.0,0.0,0.0,0.0028785434694477995,-0.013495778094900494,0.007455082403739304,0.0],[0.0,0.0,0.0,0.0,0.0,0.0,-0.012160756345422121,0.00121213970438476],[0.0,0.0,0.0,0.0,0.0,0.0,0.009172023637812044,-0.0012106725091834854]]}