{"din_name":"flux_level03447.json","din_kind":"RELATIVE","din_start":600.0000047684489,"din_end":660.0000046944008,"din_rules":["Interventions","r1","r1_rev","r2","r3","r4","r5","r6"],"din_hits":[0,63181,63161,29589,3870303,3840693,1147981,1147969],"din_fluxs":[[0.0,0.0,0.0,0.0,0.0,0.0,0.0,0.0],[0.0,-0.001097253032317331,0.0606188589553319,0.06056275257612329,0.0,-0.002029461931560911,0.0,0.0],[0.0,0.001098461060149677,-0.056073678560542836,-0.10623477317374208,0.0,0.004448029112345356,0.0,0.0],[0.0,0.0,0.0,-0.3178655042222705,0.002766260131138016,0.0,0.0037723882537762936,0.0],[0.0,0.0,0.0,0.004779895617207545,-0.0027591792848141662,0.015078344138325803,-0.0027605285364980725,0.0],[0.0,0.0,0.0,0.0,0.0027668212066128484,-0.015005165212877355,0.003060502361519803,0.0],[0.0,0.0,0.0,0.0,0.0,0.0,-0.0037404215486289464,0.0016163429982219036],[0.0,0.0,0.0,0.0,0.0,0.0,0.0027743394033503863,-0.0016137333914465466]]}