{"din_name":"flux_level01398.json","din_kind":"RELATIVE","din_start":600.000013120003,"din_end":660.0000065648096,"din_rules":["Interventions","r1","r1_rev","r2","r3","r4","r5","r6"],"din_hits":[0,23355,23302,147404,2942120,2794699,1768851,1768848],"din_fluxs":[[0.0,0.0,0.0,0.0,0.0,0.0,0.0,0.0],[0.0,-0.0011442772574798191,0.017144243863866662,0.02260539561641897,0.0,-0.002153276882781042,0.0,0.0],[0.0,0.0011456752492153325,-0.016433840971316473,-0.03196392114633778,0.0,0.00339687679729528,0.0,0.0],[0.0,0.0,0.0,-0.16112093042611322,0.0026523393824108015,0.0,0.0035584219548228605,0.0],[0.0,0.0,0.0,0.009766453817885696,-0.002645541334658191,0.017332051652792026,-0.0026443280170388482,0.0],[0.0,0.0,0.0,0.0,0.002652573458277773,-0.01792827460580016,0.003073492327708676,0.0],[0.0,0.0,0.0,0.0,0.0,0.0,-0.003290161857035628,0.001724331796338146],[0.0,0.0,0.0,0.0,0.0,0.0,0.0025683006981443122,-0.0017213615322120375]]}