{"din_name":"flux_level03845.json","din_kind":"RELATIVE","din_start":600.0000058341217,"din_end":660.000001365273,"din_rules":["Interventions","r1","r1_rev","r2","r3","r4","r5","r6"],"din_hits":[0,116552,116517,94684,3648555,3553872,585824,585807],"din_fluxs":[[0.0,0.0,0.0,0.0,0.0,0.0,0.0,0.0],[0.0,-0.0011198607266238922,0.026739483211944203,0.03121970311933765,0.0,-0.0020942006843136154,0.0,0.0],[0.0,0.0011211232982675473,-0.025593779310393222,-0.049667431752570976,0.0,0.003774603959756592,0.0,0.0],[0.0,0.0,0.0,-0.20556061639956333,0.0026956303593289187,0.0,0.0033687841160227154,0.0],[0.0,0.0,0.0,0.007459343085521408,-0.0026886163784732033,0.016418846200858286,-0.0026917361879130294,0.0],[0.0,0.0,0.0,0.0,0.0026958736827809825,-0.01662969098767108,0.002935041780361254,0.0],[0.0,0.0,0.0,0.0,0.0,0.0,-0.005795722878951299,0.0013133222187217907],[0.0,0.0,0.0,0.0,0.0,0.0,0.0043673544251481965,-0.001311598984485885]]}