{"din_name":"flux_level11255.json","din_kind":"RELATIVE","din_start":600.0000299520182,"din_end":660.0000102586445,"din_rules":["Interventions","r1","r1_rev","r2","r3","r4","r5","r6"],"din_hits":[0,112327,112305,8116,765352,757230,859872,859877],"din_fluxs":[[0.0,0.0,0.0,0.0,0.0,0.0,0.0,0.0],[0.0,-0.0011125289337086091,0.03259203842987912,0.0479303069350787,0.0,-0.0020668510470433937,0.0,0.0],[0.0,0.001113772550117509,-0.031018615694544224,-0.05997053847934894,0.0,0.002902003688132509,0.0,0.0],[0.0,0.0,0.0,-0.18757046459988452,0.0035144712474783966,0.0,0.005793527439286218,0.0],[0.0,0.0,0.0,0.005217178580569765,-0.0035034597036084627,0.009585775741561338,-0.0035006687529744794,0.0],[0.0,0.0,0.0,0.0,0.003515802319300313,-0.009716179301082454,0.0053342601150481745,0.0],[0.0,0.0,0.0,0.0,0.0,0.0,-0.004699816642974038,0.0018419051807884038],[0.0,0.0,0.0,0.0,0.0,0.0,0.0031097119724752217,-0.0018385160287569704]]}