{"din_name":"flux_level00713.json","din_kind":"RELATIVE","din_start":600.0000141141982,"din_end":660.0000169479608,"din_rules":["Interventions","r1","r1_rev","r2","r3","r4","r5","r6"],"din_hits":[0,55294,55275,1812,369632,367796,1782319,1782347],"din_fluxs":[[0.0,0.0,0.0,0.0,0.0,0.0,0.0,0.0],[0.0,-0.001098071969214972,0.05801258367453032,0.08788058317488273,0.0,-0.0020273298693942333,0.0,0.0],[0.0,0.001099282492014992,-0.053798451889637285,-0.09705758888168257,0.0,0.0034557335351882127,0.0,0.0],[0.0,0.0,0.0,-0.45095569239015115,0.0025302987978100956,0.0,0.004063644949613599,0.0],[0.0,0.0,0.0,0.013162697684364033,-0.0025231343083732738,0.019806566550312307,-0.002520682035994027,0.0],[0.0,0.0,0.0,0.0,0.002529515046146859,-0.01971993955496759,0.0038100511544059096,0.0],[0.0,0.0,0.0,0.0,0.0,0.0,-0.0024510579222379696,0.0023251217814371106],[0.0,0.0,0.0,0.0,0.0,0.0,0.0021917991509332008,-0.002319720420011821]]}