{"din_name":"flux_level03076.json","din_kind":"RELATIVE","din_start":600.0000197096217,"din_end":660.0000298791509,"din_rules":["Interventions","r1","r1_rev","r2","r3","r4","r5","r6"],"din_hits":[0,94716,94691,1363,500772,499412,701356,701405],"din_fluxs":[[0.0,0.0,0.0,0.0,0.0,0.0,0.0,0.0],[0.0,-0.0010974679457397857,0.05969551020035626,0.10404957843693027,0.0,-0.0020441756801477286,0.0,0.0],[0.0,0.0010986753646826679,-0.05529685196846579,-0.10464207038707111,0.0,0.002646932615075379,0.0,0.0],[0.0,0.0,0.0,-0.32622244309010695,0.003469149569074353,0.0,0.007228688360161204,0.0],[0.0,0.0,0.0,0.007053517366431314,-0.003457476327603924,0.009629142267820502,-0.0034493831231980857,0.0],[0.0,0.0,0.0,0.0,0.0034694841583143305,-0.009673760347298069,0.006989661105736062,0.0],[0.0,0.0,0.0,0.0,0.0,0.0,-0.007399576334269546,0.0015004375494282218],[0.0,0.0,0.0,0.0,0.0,0.0,0.00495646498206852,-0.001498188032636016]]}