{"din_name":"flux_level02358.json","din_kind":"RELATIVE","din_start":600.000004623929,"din_end":660.0000014922415,"din_rules":["Interventions","r1","r1_rev","r2","r3","r4","r5","r6"],"din_hits":[0,154261,154183,230036,3354079,3124019,1114997,1114993],"din_fluxs":[[0.0,0.0,0.0,0.0,0.0,0.0,0.0,0.0],[0.0,-0.0011725405800713487,0.012117875700536537,0.018674996090308895,0.0,-0.002179988550654041,0.0,0.0],[0.0,0.0011739438817309365,-0.011753419696380935,-0.023046532217795044,0.0,0.0028412032298482668,0.0,0.0],[0.0,0.0,0.0,-0.09355691221279257,0.003223589721647476,0.0,0.0036742048289860195,0.0],[0.0,0.0,0.0,0.00731018230247282,-0.0032132043685447714,0.011106584060712342,-0.003211805192316943,0.0],[0.0,0.0,0.0,0.0,0.0032235689499707162,-0.011815627587810682,0.003495164245568249,0.0],[0.0,0.0,0.0,0.0,0.0,0.0,-0.0025054643494438543,0.0029751396614567348],[0.0,0.0,0.0,0.0,0.0,0.0,0.0016638053221449413,-0.002966297831020691]]}