{"din_name":"flux_level12362.json","din_kind":"RELATIVE","din_start":600.0000220385888,"din_end":660.0000100733936,"din_rules":["Interventions","r1","r1_rev","r2","r3","r4","r5","r6"],"din_hits":[0,62177,62169,5587,2369936,2364351,1127386,1127336],"din_fluxs":[[0.0,0.0,0.0,0.0,0.0,0.0,0.0,0.0],[0.0,-0.0010897950831613183,0.10699044197226885,0.12873358079881708,0.0,-0.0020051627848512847,0.0,0.0],[0.0,0.0010909849803034375,-0.09409390802665614,-0.16961644253427083,0.0,0.0040916767480750176,0.0,0.0],[0.0,0.0,0.0,-0.4621651464954321,0.002841258657079419,0.0,0.003978377055043525,0.0],[0.0,0.0,0.0,0.005795328661313684,-0.0028328816316595443,0.013916683772425522,-0.002833721637115393,0.0],[0.0,0.0,0.0,0.0,0.002840932789836436,-0.013810548922811354,0.0033852570452132147,0.0],[0.0,0.0,0.0,0.0,0.0,0.0,-0.004121071633198034,0.0015728052429146448],[0.0,0.0,0.0,0.0,0.0,0.0,0.003010913613935856,-0.0015703341754968593]]}