{"din_name":"flux_level06685.json","din_kind":"RELATIVE","din_start":600.0000052933271,"din_end":660.0000021633203,"din_rules":["Interventions","r1","r1_rev","r2","r3","r4","r5","r6"],"din_hits":[0,52892,52881,7893,2881197,2873295,1543300,1543302],"din_fluxs":[[0.0,0.0,0.0,0.0,0.0,0.0,0.0,0.0],[0.0,-0.0010901927438575958,0.10396459494849422,0.11434662494456857,0.0,-0.0020318465691943044,0.0,0.0],[0.0,0.0010913838513895127,-0.09058430198743107,-0.16621903799588977,0.0,0.004312308509325278,0.0,0.0],[0.0,0.0,0.0,-0.43066181960950517,0.002874765591750642,0.0,0.004127932178564985,0.0],[0.0,0.0,0.0,0.004554531987491712,-0.0028677853361044918,0.013550947995797452,-0.0028669643298912095,0.0],[0.0,0.0,0.0,0.0,0.0028760411363580782,-0.013446442481089126,0.003398821213598846,0.0],[0.0,0.0,0.0,0.0,0.0,0.0,-0.0035240964266693483,0.0017566239939692768],[0.0,0.0,0.0,0.0,0.0,0.0,0.0025682118329173028,-0.0017535413207648205]]}