{"din_name":"flux_level07372.json","din_kind":"RELATIVE","din_start":600.0000124870063,"din_end":660.0000169849882,"din_rules":["Interventions","r1","r1_rev","r2","r3","r4","r5","r6"],"din_hits":[0,48225,48215,7003,1347134,1340111,1811941,1811971],"din_fluxs":[[0.0,0.0,0.0,0.0,0.0,0.0,0.0,0.0],[0.0,-0.0010935587674732726,0.0771353184021674,0.08542732554790476,0.0,-0.0020462638363774243,0.0,0.0],[0.0,0.0010947580436821728,-0.07010946585532582,-0.12613086775535517,0.0,0.0045909041982060755,0.0,0.0],[0.0,0.0,0.0,-0.4511731077471546,0.0025292807787391444,0.0,0.0035471998197940968,0.0],[0.0,0.0,0.0,0.008181937382747017,-0.0025233517554720994,0.019931753436932806,-0.0025242903256997257,0.0],[0.0,0.0,0.0,0.0,0.002529739891765691,-0.019729124902722172,0.0030550813766160993,0.0],[0.0,0.0,0.0,0.0,0.0,0.0,-0.0023521677224595406,0.0022779716618786666],[0.0,0.0,0.0,0.0,0.0,0.0,0.0019685667102966953,-0.002272786672865729]]}