{"din_name":"flux_level09814.json","din_kind":"RELATIVE","din_start":600.0000177871433,"din_end":660.0000164562047,"din_rules":["Interventions","r1","r1_rev","r2","r3","r4","r5","r6"],"din_hits":[0,3774,3766,5743,1106306,1100549,216238,216278],"din_fluxs":[[0.0,0.0,0.0,0.0,0.0,0.0,0.0,0.0],[0.0,-0.0010907412966877103,0.09792386046044289,0.07687292391467668,0.0,-0.001975588897631713,0.0,0.0],[0.0,0.0010919498047613353,-0.08666317333737082,-0.15793870432811657,0.0,0.005659368409939138,0.0,0.0],[0.0,0.0,0.0,-0.42840167468456747,0.002578381990815489,0.0,0.003013717454515621,0.0],[0.0,0.0,0.0,0.004817911776083057,-0.0025724030283760363,0.018634061545793213,-0.002573200050202404,0.0],[0.0,0.0,0.0,0.0,0.0025790434821704048,-0.018397760909344696,0.002654373206090349,0.0],[0.0,0.0,0.0,0.0,0.0,0.0,-0.001842581922193768,0.003380023098415879],[0.0,0.0,0.0,0.0,0.0,0.0,0.0014629346778482425,-0.0033686049084100207]]}