{"din_name":"flux_level02887.json","din_kind":"RELATIVE","din_start":600.000010750531,"din_end":660.0000031788167,"din_rules":["Interventions","r1","r1_rev","r2","r3","r4","r5","r6"],"din_hits":[0,81683,81671,4662,2199158,2194474,1061928,1061947],"din_fluxs":[[0.0,0.0,0.0,0.0,0.0,0.0,0.0,0.0],[0.0,-0.0010929993647875661,0.08045653105718097,0.11872602658103795,0.0,-0.0020293471006280375,0.0,0.0],[0.0,0.0010941965760120644,-0.07289287617599427,-0.13841450168022398,0.0,0.0029694853340912356,0.0,0.0],[0.0,0.0,0.0,-0.3086674981508246,0.004320692634042559,0.0,0.005555708556190639,0.0],[0.0,0.0,0.0,0.002985398843643613,-0.0043024605911998635,0.007609582228162272,-0.004301176232064861,0.0],[0.0,0.0,0.0,0.0,0.004321081391963397,-0.007602296314233414,0.005134519356582047,0.0],[0.0,0.0,0.0,0.0,0.0,0.0,-0.0036517611591477235,0.002852731119202885],[0.0,0.0,0.0,0.0,0.0,0.0,0.0019937537747121907,-0.002844601314698035]]}