{"din_name":"flux_level12458.json","din_kind":"RELATIVE","din_start":600.0000045329662,"din_end":660.0000030706983,"din_rules":["Interventions","r1","r1_rev","r2","r3","r4","r5","r6"],"din_hits":[0,126881,126804,207507,2918490,2710970,732993,732978],"din_fluxs":[[0.0,0.0,0.0,0.0,0.0,0.0,0.0,0.0],[0.0,-0.001173255922912286,0.012029300788064001,0.018461113544457033,0.0,-0.002189016724256455,0.0,0.0],[0.0,0.00117466703317232,-0.01166415823018687,-0.023002271066878677,0.0,0.0029004499502429414,0.0,0.0],[0.0,0.0,0.0,-0.10287353879724156,0.003017786757872133,0.0,0.003256756687306398,0.0],[0.0,0.0,0.0,0.00837867940599807,-0.003008752622358353,0.01251502872943492,-0.003009484685331251,0.0],[0.0,0.0,0.0,0.0,0.0030178423376285186,-0.013326160451600694,0.003162574803128939,0.0],[0.0,0.0,0.0,0.0,0.0,0.0,-0.001988759102325941,0.004354798981810101],[0.0,0.0,0.0,0.0,0.0,0.0,0.0013995288811926518,-0.004335854486602529]]}