{"din_name":"flux_level07356.json","din_kind":"RELATIVE","din_start":600.0000055607513,"din_end":660.0000078121352,"din_rules":["Interventions","r1","r1_rev","r2","r3","r4","r5","r6"],"din_hits":[0,59583,59571,7568,2624629,2617056,2028049,2028012],"din_fluxs":[[0.0,0.0,0.0,0.0,0.0,0.0,0.0,0.0],[0.0,-0.0010897058242670802,0.10783090770439915,0.12024699764500192,0.0,-0.0020023946363921497,0.0,0.0],[0.0,0.0010908956266200572,-0.0947267428218499,-0.16854045221325328,0.0,0.004594183090731415,0.0,0.0],[0.0,0.0,0.0,-0.4883321397795014,0.0026524005592479124,0.0,0.003714968840956072,0.0],[0.0,0.0,0.0,0.006509749878951836,-0.002645641207243778,0.016829068093528462,-0.002645916727824092,0.0],[0.0,0.0,0.0,0.0,0.002652662383247661,-0.016653856626938114,0.0031254622804306677,0.0],[0.0,0.0,0.0,0.0,0.0,0.0,-0.002836426491569574,0.001953192393371984],[0.0,0.0,0.0,0.0,0.0,0.0,0.0022369051229027873,-0.001949382532050818]]}