{"din_name":"flux_level09244.json","din_kind":"RELATIVE","din_start":600.0000039958804,"din_end":660.0000088565267,"din_rules":["Interventions","r1","r1_rev","r2","r3","r4","r5","r6"],"din_hits":[0,64461,64426,113375,4198315,4084940,1358629,1358611],"din_fluxs":[[0.0,0.0,0.0,0.0,0.0,0.0,0.0,0.0],[0.0,-0.0011179691924766155,0.02807941505524748,0.030665077874939137,0.0,-0.0020530495526490727,0.0,0.0],[0.0,0.0011192321814021409,-0.026820475157718533,-0.051971446869649635,0.0,0.004061585806576433,0.0,0.0],[0.0,0.0,0.0,-0.2366371620208698,0.0025493286954381906,0.0,0.0032688107181636224,0.0],[0.0,0.0,0.0,0.008857214527952991,-0.0025430575388263542,0.0197674068021245,-0.002545245762515672,0.0],[0.0,0.0,0.0,0.0,0.0025495491093725634,-0.019940771547942233,0.0027641233198902665,0.0],[0.0,0.0,0.0,0.0,0.0,0.0,-0.003336128380699932,0.001639179899687038],[0.0,0.0,0.0,0.0,0.0,0.0,0.002666250563275453,-0.0016364962953478925]]}