{"din_name":"flux_level08786.json","din_kind":"RELATIVE","din_start":600.0000032165096,"din_end":660.0000170678535,"din_rules":["Interventions","r1","r1_rev","r2","r3","r4","r5","r6"],"din_hits":[0,17202,17186,22402,1818362,1795974,505756,505758],"din_fluxs":[[0.0,0.0,0.0,0.0,0.0,0.0,0.0,0.0],[0.0,-0.0011018629163803617,0.04792752821226352,0.047175318784078143,0.0,-0.002070957567250743,0.0,0.0],[0.0,0.0011030926063720292,-0.04482869900566782,-0.08636275573599447,0.0,0.004597145782000547,0.0,0.0],[0.0,0.0,0.0,-0.2823661313462786,0.0026790695846515963,0.0,0.0032753518472858198,0.0],[0.0,0.0,0.0,0.005447856886292601,-0.002673401587028879,0.016599376733624455,-0.0026738715194873177,0.0],[0.0,0.0,0.0,0.0,0.0026805896207489723,-0.016551233449655797,0.0028306569390127044,0.0],[0.0,0.0,0.0,0.0,0.0,0.0,-0.0023181386195900906,0.002420763169252681],[0.0,0.0,0.0,0.0,0.0,0.0,0.0017762488231189177,-0.00241490879480451]]}