{"din_name":"flux_level00791.json","din_kind":"RELATIVE","din_start":600.0000066329551,"din_end":660.0000041587904,"din_rules":["Interventions","r1","r1_rev","r2","r3","r4","r5","r6"],"din_hits":[0,144288,144089,724793,4277661,3552858,596222,596198],"din_fluxs":[[0.0,0.0,0.0,0.0,0.0,0.0,0.0,0.0],[0.0,-0.0012835444277816501,0.0060814757226682606,0.01246174729644971,0.0,-0.0024035287661852613,0.0,0.0],[0.0,0.0012853183038388119,-0.005915122203033857,-0.011713394042623438,0.0,0.00241605562715964,0.0,0.0],[0.0,0.0,0.0,-0.09363784151254589,0.0026470591648412407,0.0,0.0028961732085516327,0.0],[0.0,0.0,0.0,0.017489839364856673,-0.002640046339465483,0.016645212960962285,-0.002642838353833979,0.0],[0.0,0.0,0.0,0.0,0.002647032948235221,-0.01964737360050511,0.002887261492933944,0.0],[0.0,0.0,0.0,0.0,0.0,0.0,-0.006698531543269504,0.0012534095419231331],[0.0,0.0,0.0,0.0,0.0,0.0,0.005135799527971698,-0.001251840622687082]]}