{"din_name":"flux_level06009.json","din_kind":"RELATIVE","din_start":600.0000064861979,"din_end":660.0000012979428,"din_rules":["Interventions","r1","r1_rev","r2","r3","r4","r5","r6"],"din_hits":[0,17851,17837,15188,3736786,3721605,101877,101877],"din_fluxs":[[0.0,0.0,0.0,0.0,0.0,0.0,0.0,0.0],[0.0,-0.0010893198928364762,0.11505967556608254,0.09621767218883494,0.0,-0.0019889074513535763,0.0,0.0],[0.0,0.0010905107494948198,-0.09890274088647423,-0.1788109685652353,0.0,0.005675373582791866,0.0,0.0],[0.0,0.0,0.0,-0.4603994837894045,0.002590713575191918,0.0,0.0026548045797165887,0.0],[0.0,0.0,0.0,0.004895515234644031,-0.0025845778427000267,0.018277358430383243,-0.0025847578111818418,0.0],[0.0,0.0,0.0,0.0,0.002591279683745116,-0.018037090315583888,0.0025998813304667335,0.0],[0.0,0.0,0.0,0.0,0.0,0.0,-0.001405480562197649,0.01270068860841907],[0.0,0.0,0.0,0.0,0.0,0.0,0.0011014651880454924,-0.01253964576346316]]}