{"din_name":"flux_level07466.json","din_kind":"RELATIVE","din_start":600.0000038882869,"din_end":660.0000001862978,"din_rules":["Interventions","r1","r1_rev","r2","r3","r4","r5","r6"],"din_hits":[0,49668,49655,12840,3512810,3499952,292238,292231],"din_fluxs":[[0.0,0.0,0.0,0.0,0.0,0.0,0.0,0.0],[0.0,-0.00109235602650464,0.08450433716225289,0.09106965047051198,0.0,-0.00202110330204095,0.0,0.0],[0.0,0.0010935524961274317,-0.07620064557375202,-0.14360484448624836,0.0,0.0041695605928138806,0.0,0.0],[0.0,0.0,0.0,-0.35372832060299253,0.003056876524416894,0.0,0.0031511914518748086,0.0],[0.0,0.0,0.0,0.003427516957683177,-0.003047990231169572,0.011953284133148218,-0.003048102864706891,0.0],[0.0,0.0,0.0,0.0,0.00305731641279194,-0.01188439789416003,0.003096282428587673,0.0],[0.0,0.0,0.0,0.0,0.0,0.0,-0.0016119500814438205,0.02031644767217493],[0.0,0.0,0.0,0.0,0.0,0.0,0.0011490592883567753,-0.019903696639181265]]}