{"din_name":"flux_level08441.json","din_kind":"RELATIVE","din_start":600.0000008302659,"din_end":660.0000022356074,"din_rules":["Interventions","r1","r1_rev","r2","r3","r4","r5","r6"],"din_hits":[0,106185,106147,56204,2815341,2759118,423772,423783],"din_fluxs":[[0.0,0.0,0.0,0.0,0.0,0.0,0.0,0.0],[0.0,-0.001113388803475626,0.03174190381556412,0.03559848488369356,0.0,-0.0020483244673710523,0.0,0.0],[0.0,0.0011146353487522201,-0.030236546390633424,-0.05847650061146355,0.0,0.003903858614882018,0.0,0.0],[0.0,0.0,0.0,-0.23479910098061527,0.002670242793060833,0.0,0.0027560004005577387,0.0],[0.0,0.0,0.0,0.007262381931156913,-0.002663353813239603,0.016831975991767237,-0.0026632966782639575,0.0],[0.0,0.0,0.0,0.0,0.0026704738094563154,-0.016953356900464223,0.002715084977857568,0.0],[0.0,0.0,0.0,0.0,0.0,0.0,-0.0014415605256437316,0.014052007027829863],[0.0,0.0,0.0,0.0,0.0,0.0,0.0011437869134689365,-0.013854653142676037]]}