{"din_name":"flux_level01856.json","din_kind":"RELATIVE","din_start":600.0000139453341,"din_end":660.0000129571171,"din_rules":["Interventions","r1","r1_rev","r2","r3","r4","r5","r6"],"din_hits":[0,18249,18225,23840,1347446,1323607,311666,311652],"din_fluxs":[[0.0,0.0,0.0,0.0,0.0,0.0,0.0,0.0],[0.0,-0.0011073676820281882,0.03855557083056819,0.039055808567504714,0.0,-0.0020489447875080237,0.0,0.0],[0.0,0.0011086172707240013,-0.036361584898643405,-0.07022127116784338,0.0,0.00441963386706801,0.0,0.0],[0.0,0.0,0.0,-0.2744387724882719,0.002574636890101299,0.0,0.002759222764994283,0.0],[0.0,0.0,0.0,0.007361056071974074,-0.0025685811365334997,0.018974075029555674,-0.00256931789201852,0.0],[0.0,0.0,0.0,0.0,0.0025752078908742727,-0.01898017490503666,0.002643167100869825,0.0],[0.0,0.0,0.0,0.0,0.0,0.0,-0.0015291428187443254,0.006504868714056646],[0.0,0.0,0.0,0.0,0.0,0.0,0.0012350454180760444,-0.006462584299629725]]}