{"din_name":"flux_level02057.json","din_kind":"RELATIVE","din_start":600.0001245462104,"din_end":660.0000660371853,"din_rules":["Interventions","r1","r1_rev","r2","r3","r4","r5","r6"],"din_hits":[0,59495,59488,24,33669,33648,419228,419231],"din_fluxs":[[0.0,0.0,0.0,0.0,0.0,0.0,0.0,0.0],[0.0,-0.001090288397985197,0.10153101711559503,0.26826115447051246,0.0,-0.0020006146909225106,0.0,0.0],[0.0,0.0010914794106168923,-0.08990512541644743,-0.12829160532030148,0.0,0.0021287837210669514,0.0,0.0],[0.0,0.0,0.0,-0.6760357352817672,0.0026057653983380014,0.0,0.004314828984514216,0.0],[0.0,0.0,0.0,0.026554374120914766,-0.0026073449235840106,0.01733404931129747,-0.0026132867192815603,0.0],[0.0,0.0,0.0,0.0,0.002614168014016206,-0.01723989951538985,0.004500229781906573,0.0],[0.0,0.0,0.0,0.0,0.0,0.0,-0.0024897235526438683,0.0025783966292133084],[0.0,0.0,0.0,0.0,0.0,0.0,0.0023454355374536696,-0.0025717555356309513]]}