{"din_name":"flux_level05900.json","din_kind":"RELATIVE","din_start":600.0000050691341,"din_end":660.0000292801489,"din_rules":["Interventions","r1","r1_rev","r2","r3","r4","r5","r6"],"din_hits":[0,71016,71006,410,335360,334942,1482157,1482176],"din_fluxs":[[0.0,0.0,0.0,0.0,0.0,0.0,0.0,0.0],[0.0,-0.0010911931214063278,0.09320908303247415,0.1998386131735306,0.0,-0.002044879534427405,0.0,0.0],[0.0,0.0010923862160361686,-0.08328538468160145,-0.1460632404144025,0.0,0.0025562940101404026,0.0,0.0],[0.0,0.0,0.0,-0.5082365273262542,0.0031047888934835587,0.0,0.0053809457662450585,0.0],[0.0,0.0,0.0,0.011712100846009444,-0.0030919336979997616,0.01145305417866048,-0.0030920605930474113,0.0],[0.0,0.0,0.0,0.0,0.0031015268259642786,-0.011440908202049304,0.005335713747920668,0.0],[0.0,0.0,0.0,0.0,0.0,0.0,-0.003223037311956208,0.0025150921493422235],[0.0,0.0,0.0,0.0,0.0,0.0,0.0027302474725316057,-0.0025087719407860835]]}