{"din_name":"flux_level04765.json","din_kind":"RELATIVE","din_start":600.0000221038895,"din_end":660.0000171717493,"din_rules":["Interventions","r1","r1_rev","r2","r3","r4","r5","r6"],"din_hits":[0,16286,16249,5987,348101,342125,1528103,1528105],"din_fluxs":[[0.0,0.0,0.0,0.0,0.0,0.0,0.0,0.0],[0.0,-0.0011155616732309857,0.03018215335267229,0.037612934885714794,0.0,-0.00205014102640307,0.0,0.0],[0.0,0.0011168486859056085,-0.02863783013921277,-0.056041259600532384,0.0,0.0034216644566238004,0.0,0.0],[0.0,0.0,0.0,-0.17644752926077112,0.0031677969924692835,0.0,0.006011124542673921,0.0],[0.0,0.0,0.0,0.004810898882449928,-0.0031559109906424097,0.01137814032694035,-0.003150617671781281,0.0],[0.0,0.0,0.0,0.0,0.003165873535968974,-0.01150833512331976,0.0054369195798509296,0.0],[0.0,0.0,0.0,0.0,0.0,0.0,-0.003266686353149381,0.0025756105873894776],[0.0,0.0,0.0,0.0,0.0,0.0,0.00275897470797095,-0.002568983597257177]]}