{"din_name":"flux_level13488.json","din_kind":"RELATIVE","din_start":600.0000037046004,"din_end":660.0000050896468,"din_rules":["Interventions","r1","r1_rev","r2","r3","r4","r5","r6"],"din_hits":[0,104582,104560,35931,3663555,3627612,53940,53941],"din_fluxs":[[0.0,0.0,0.0,0.0,0.0,0.0,0.0,0.0],[0.0,-0.001099430884848909,0.053893007378386606,0.05454851276891793,0.0,-0.0020253332798387726,0.0,0.0],[0.0,0.0011006430350538048,-0.05021630454165794,-0.09442546503647242,0.0,0.004561336513923556,0.0,0.0],[0.0,0.0,0.0,-0.34720623053801414,0.002563354127089999,0.0,0.0032157606743037927,0.0],[0.0,0.0,0.0,0.0071715182235050755,-0.002557032615965871,0.019121834004336622,-0.002551383772015487,0.0],[0.0,0.0,0.0,0.0,0.0025635922389374392,-0.01901472260769339,0.0028687030012015924,0.0],[0.0,0.0,0.0,0.0,0.0,0.0,-0.050691940065077545,0.0010273025184651414],[0.0,0.0,0.0,0.0,0.0,0.0,0.04185826950444006,-0.0010262481340607536]]}