{"din_name":"flux_level08352.json","din_kind":"RELATIVE","din_start":600.0000002335538,"din_end":660.0000068327544,"din_rules":["Interventions","r1","r1_rev","r2","r3","r4","r5","r6"],"din_hits":[0,22638,22609,46109,2246512,2200397,61359,61361],"din_fluxs":[[0.0,0.0,0.0,0.0,0.0,0.0,0.0,0.0],[0.0,-0.001116332151255607,0.029300261519883967,0.03427069262933361,0.0,-0.0020594043470566047,0.0,0.0],[0.0,0.0011176093250844965,-0.027879996009845188,-0.05475636130195825,0.0,0.003646637884270857,0.0,0.0],[0.0,0.0,0.0,-0.1678133887673003,0.003130413396223816,0.0,0.0031568966405223693,0.0],[0.0,0.0,0.0,0.004411611223870198,-0.0031214778051435682,0.011670627907824534,-0.0031217088325469597,0.0],[0.0,0.0,0.0,0.0,0.0031312765050809203,-0.011790569977273525,0.0031433984547100395,0.0],[0.0,0.0,0.0,0.0,0.0,0.0,-0.0015821057523810252,0.09144432113677299],[0.0,0.0,0.0,0.0,0.0,0.0,0.0011417287564050374,-0.08294871559636656]]}