{"din_name":"flux_level09726.json","din_kind":"RELATIVE","din_start":600.000002378531,"din_end":660.00001335347,"din_rules":["Interventions","r1","r1_rev","r2","r3","r4","r5","r6"],"din_hits":[0,26203,26179,15969,2406914,2390961,402512,402491],"din_fluxs":[[0.0,0.0,0.0,0.0,0.0,0.0,0.0,0.0],[0.0,-0.0010944481780694418,0.07252389134067525,0.06798307476747789,0.0,-0.0020418580293979937,0.0,0.0],[0.0,0.001095650725800113,-0.06621828180252037,-0.1244363393300035,0.0,0.0048945134728596885,0.0,0.0],[0.0,0.0,0.0,-0.3630459466775549,0.0026694536815502225,0.0,0.002909004679274393,0.0],[0.0,0.0,0.0,0.004964808810163358,-0.0026631836947896715,0.016658275023782067,-0.0026639292689408,0.0],[0.0,0.0,0.0,0.0,0.0026703034243255987,-0.016522402579268736,0.002736007621984411,0.0],[0.0,0.0,0.0,0.0,0.0,0.0,-0.001690359402739613,0.004852915758602021],[0.0,0.0,0.0,0.0,0.0,0.0,0.001304127047849207,-0.004829378430213217]]}