{"din_name":"flux_level09039.json","din_kind":"RELATIVE","din_start":600.0001562413618,"din_end":660.0002096837089,"din_rules":["Interventions","r1","r1_rev","r2","r3","r4","r5","r6"],"din_hits":[0,119562,119533,151,35362,35208,38407,38399],"din_fluxs":[[0.0,0.0,0.0,0.0,0.0,0.0,0.0,0.0],[0.0,-0.001108680996585893,0.036791402791362005,0.07312518446329923,0.0,-0.0020551930930650113,0.0,0.0],[0.0,0.00110991529400205,-0.034875735402819574,-0.06846066329254834,0.0,0.0020832364293915454,0.0,0.0],[0.0,0.0,0.0,-0.13853241200008393,0.05039391438150931,0.0,0.1244741323442631,0.0],[0.0,0.0,0.0,0.003480767418751339,-0.047089366166350614,0.004216429238593919,-0.04681527815659638,0.0],[0.0,0.0,0.0,0.0,0.04952523185703049,-0.004296395196487824,0.12402451127198519,0.0],[0.0,0.0,0.0,0.0,0.0,0.0,-0.06755281621115751,0.00495237934611769],[0.0,0.0,0.0,0.0,0.0,0.0,0.01027042694955099,-0.004927859023386147]]}