{"din_name":"flux_level05494.json","din_kind":"RELATIVE","din_start":600.0000074146686,"din_end":660.0000100336274,"din_rules":["Interventions","r1","r1_rev","r2","r3","r4","r5","r6"],"din_hits":[0,185977,185867,367567,3495784,3128214,606836,606858],"din_fluxs":[[0.0,0.0,0.0,0.0,0.0,0.0,0.0,0.0],[0.0,-0.0012070029896978094,0.009104101001367939,0.015473887853902012,0.0,-0.0022557743657326055,0.0,0.0],[0.0,0.0012085026084874449,-0.008854396692393051,-0.017431032776932708,0.0,0.0027308720397426246,0.0,0.0],[0.0,0.0,0.0,-0.11614623212737411,0.0026543314685225786,0.0,0.002734651993639613,0.0],[0.0,0.0,0.0,0.013924945951734,-0.0026474736048165484,0.017021824373428883,-0.002647314538938974,0.0],[0.0,0.0,0.0,0.0,0.0026545241886625722,-0.01869413913530359,0.002713927551816089,0.0],[0.0,0.0,0.0,0.0,0.0,0.0,-0.0015784271144086758,0.0064272345119757305],[0.0,0.0,0.0,0.0,0.0,0.0,0.0012295143691812213,-0.006385941467385947]]}