{"din_name":"flux_level07788.json","din_kind":"RELATIVE","din_start":600.0000015496672,"din_end":660.000000455621,"din_rules":["Interventions","r1","r1_rev","r2","r3","r4","r5","r6"],"din_hits":[0,27001,26976,26046,3080583,3054521,1608873,1608902],"din_fluxs":[[0.0,0.0,0.0,0.0,0.0,0.0,0.0,0.0],[0.0,-0.001099819010359895,0.05281559604886608,0.055671123285300425,0.0,-0.0020436415251445655,0.0,0.0],[0.0,0.0011010379103822668,-0.04921237450034471,-0.09491011104571817,0.0,0.0041044545821426,0.0,0.0],[0.0,0.0,0.0,-0.2519958696401986,0.0030732223143480762,0.0,0.0045474562467439986,0.0],[0.0,0.0,0.0,0.0033637865511772914,-0.0030643033190197355,0.011953035317503741,-0.003064237664806496,0.0],[0.0,0.0,0.0,0.0,0.0030737329536940513,-0.0119288565025742,0.003567827304576001,0.0],[0.0,0.0,0.0,0.0,0.0,0.0,-0.003085730197988695,0.0021144086869317735],[0.0,0.0,0.0,0.0,0.0,0.0,0.002144140699345962,-0.0021099408624643827]]}