{"din_name":"flux_level07223.json","din_kind":"RELATIVE","din_start":600.0000073322063,"din_end":660.0000387234933,"din_rules":["Interventions","r1","r1_rev","r2","r3","r4","r5","r6"],"din_hits":[0,118533,118511,571,168915,168337,867220,867208],"din_fluxs":[[0.0,0.0,0.0,0.0,0.0,0.0,0.0,0.0],[0.0,-0.0011030247762900574,0.0456541407378076,0.08894206156747934,0.0,-0.002050103328813549,0.0,0.0],[0.0,0.0011042452866194007,-0.04289353573206276,-0.08248893805346273,0.0,0.0022378829219833183,0.0,0.0],[0.0,0.0,0.0,-0.24033070226471415,0.004561029199568161,0.0,0.006618209147701782,0.0],[0.0,0.0,0.0,0.0065742769524690615,-0.004546395651411892,0.00720763110780091,-0.0045475393112639146,0.0],[0.0,0.0,0.0,0.0,0.004567230485246529,-0.007305655214035872,0.006603442928651831,0.0],[0.0,0.0,0.0,0.0,0.0,0.0,-0.003399287880517416,0.006107345488174897],[0.0,0.0,0.0,0.0,0.0,0.0,0.0030166241355433876,-0.0060700723871408785]]}