{"din_name":"flux_level11746.json","din_kind":"RELATIVE","din_start":600.0000479174486,"din_end":660.0000207220053,"din_rules":["Interventions","r1","r1_rev","r2","r3","r4","r5","r6"],"din_hits":[0,53501,53476,3544,376481,372949,1477607,1477618],"din_fluxs":[[0.0,0.0,0.0,0.0,0.0,0.0,0.0,0.0],[0.0,-0.0011054497329479347,0.04135645169396461,0.055069348782071474,0.0,-0.0020303849212322004,0.0,0.0],[0.0,0.001106679777752553,-0.03899789985393642,-0.07376444328119176,0.0,0.003441107557916096,0.0,0.0],[0.0,0.0,0.0,-0.3242933627493887,0.002640049453026477,0.0,0.0043805017033712,0.0],[0.0,0.0,0.0,0.009917075090078952,-0.002631257618386426,0.017201702162743145,-0.0026338614867325175,0.0],[0.0,0.0,0.0,0.0,0.0026381826736241692,-0.017262859938477974,0.0040325045084929085,0.0],[0.0,0.0,0.0,0.0,0.0,0.0,-0.002673321260020449,0.0022527423844753433],[0.0,0.0,0.0,0.0,0.0,0.0,0.002326578569668817,-0.0022476730378786685]]}