{"din_name":"flux_level10604.json","din_kind":"RELATIVE","din_start":600.0000333022898,"din_end":660.0000036311751,"din_rules":["Interventions","r1","r1_rev","r2","r3","r4","r5","r6"],"din_hits":[0,62995,62981,17544,3983194,3965644,1684758,1684703],"din_fluxs":[[0.0,0.0,0.0,0.0,0.0,0.0,0.0,0.0],[0.0,-0.0010914918150769588,0.09113270255099935,0.08927850309140609,0.0,-0.0019868345601333566,0.0,0.0],[0.0,0.0010926857991859495,-0.08159019927712943,-0.14832014020187465,0.0,0.004907155699034903,0.0,0.0],[0.0,0.0,0.0,-0.43153267672637285,0.0026279223230549786,0.0,0.0033279948402903017,0.0],[0.0,0.0,0.0,0.0056460189982929145,-0.0026217950714551583,0.017411674084215543,-0.002621351838458376,0.0],[0.0,0.0,0.0,0.0,0.0026286928916007856,-0.017232042855897498,0.0028537126406428326,0.0],[0.0,0.0,0.0,0.0,0.0,0.0,-0.002432476899688292,0.0022290689628609132],[0.0,0.0,0.0,0.0,0.0,0.0,0.0019081602398625587,-0.0022241039579473255]]}