{"din_name":"flux_level07265.json","din_kind":"RELATIVE","din_start":600.0000468919878,"din_end":660.0000046035224,"din_rules":["Interventions","r1","r1_rev","r2","r3","r4","r5","r6"],"din_hits":[0,77997,77973,3616,805990,802375,367002,367005],"din_fluxs":[[0.0,0.0,0.0,0.0,0.0,0.0,0.0,0.0],[0.0,-0.0010972481138643317,0.060588371662650346,0.08668242208015051,0.0,-0.002050399842839195,0.0,0.0],[0.0,0.001098455414457044,-0.056063687172660824,-0.10469591547521975,0.0,0.0033800086084707316,0.0,0.0],[0.0,0.0,0.0,-0.3742185505718894,0.002822893305060111,0.0,0.0031398675884912026,0.0],[0.0,0.0,0.0,0.008033323318011321,-0.0028147562980575694,0.014150781082100283,-0.002813670428424399,0.0],[0.0,0.0,0.0,0.0,0.0028227044077069542,-0.01414001252884753,0.0030320168330971457,0.0],[0.0,0.0,0.0,0.0,0.0,0.0,-0.00189907109774973,0.004137553667333172],[0.0,0.0,0.0,0.0,0.0,0.0,0.0014433124667999958,-0.00412044685649211]]}