{"din_name":"flux_level11368.json","din_kind":"RELATIVE","din_start":600.0000115570119,"din_end":660.0000357429582,"din_rules":["Interventions","r1","r1_rev","r2","r3","r4","r5","r6"],"din_hits":[0,61808,61792,4142,1146149,1141997,79639,79633],"din_fluxs":[[0.0,0.0,0.0,0.0,0.0,0.0,0.0,0.0],[0.0,-0.0010932236333167952,0.07927471904339631,0.10153715178554114,0.0,-0.002013795955992624,0.0,0.0],[0.0,0.001094421809108932,-0.0718644964906846,-0.1305913209597521,0.0,0.0039137978532537195,0.0,0.0],[0.0,0.0,0.0,-0.44310572808005616,0.0026699922287050743,0.0,0.002695743267322329,0.0],[0.0,0.0,0.0,0.008133886132409781,-0.002662381486362735,0.016497847584426732,-0.002662018879351151,0.0],[0.0,0.0,0.0,0.0,0.002669489704357694,-0.016386616088562816,0.002685520970328131,0.0],[0.0,0.0,0.0,0.0,0.0,0.0,-0.0013537952756814478,0.0710683713841173],[0.0,0.0,0.0,0.0,0.0,0.0,0.001120365588693335,-0.06598924955044418]]}