{"din_name":"flux_level08742.json","din_kind":"RELATIVE","din_start":600.0000007200601,"din_end":660.0000020861685,"din_rules":["Interventions","r1","r1_rev","r2","r3","r4","r5","r6"],"din_hits":[0,133286,133239,100937,2598617,2497690,1276915,1276909],"din_fluxs":[[0.0,0.0,0.0,0.0,0.0,0.0,0.0,0.0],[0.0,-0.0011338522765739127,0.020091271404505832,0.02524996298261257,0.0,-0.002094889822943431,0.0,0.0],[0.0,0.0011351503745057028,-0.019352274607262007,-0.03745832380887419,0.0,0.0034964379689736078,0.0,0.0],[0.0,0.0,0.0,-0.1929037428247349,0.0025919023023614116,0.0,0.002989127520991819,0.0],[0.0,0.0,0.0,0.010033840767954449,-0.0025852489804607365,0.01863294845433454,-0.0025853790006731816,0.0],[0.0,0.0,0.0,0.0,0.002591953742841118,-0.01908885518327799,0.00279500460908785,0.0],[0.0,0.0,0.0,0.0,0.0,0.0,-0.0020937406332538714,0.0027036222476432914],[0.0,0.0,0.0,0.0,0.0,0.0,0.0016746604916971807,-0.002696319784043514]]}