{"din_name":"flux_level08446.json","din_kind":"RELATIVE","din_start":600.0000134844075,"din_end":660.0000000915787,"din_rules":["Interventions","r1","r1_rev","r2","r3","r4","r5","r6"],"din_hits":[0,109475,109443,31000,2040861,2009842,347603,347596],"din_fluxs":[[0.0,0.0,0.0,0.0,0.0,0.0,0.0,0.0],[0.0,-0.0011152097194153086,0.03012714429581315,0.039699670151045766,0.0,-0.0020682068568348365,0.0,0.0],[0.0,0.001116460784353836,-0.028743609583896733,-0.05633187425178692,0.0,0.0032301777611894937,0.0,0.0],[0.0,0.0,0.0,-0.16342442142532987,0.003492113570053743,0.0,0.0037070593509936404,0.0],[0.0,0.0,0.0,0.0041253744838541835,-0.003480602413139281,0.009769992505288302,-0.003481079437382013,0.0],[0.0,0.0,0.0,0.0,0.0034927822459528413,-0.009885027171078861,0.0036165514016801557,0.0],[0.0,0.0,0.0,0.0,0.0,0.0,-0.0020106612236138353,0.008342839218332251],[0.0,0.0,0.0,0.0,0.0,0.0,0.0012895363044829436,-0.008273292554743617]]}