{"din_name":"flux_level12474.json","din_kind":"RELATIVE","din_start":600.000014887665,"din_end":660.0000007856257,"din_rules":["Interventions","r1","r1_rev","r2","r3","r4","r5","r6"],"din_hits":[0,34270,34257,5324,2890291,2884954,118121,118111],"din_fluxs":[[0.0,0.0,0.0,0.0,0.0,0.0,0.0,0.0],[0.0,-0.0010907480834170982,0.09734306374503976,0.12580170741913957,0.0,-0.0020088715893403636,0.0,0.0],[0.0,0.001091941282495028,-0.08655521060581814,-0.16251330916925796,0.0,0.0033447686853449294,0.0,0.0],[0.0,0.0,0.0,-0.33449265995598704,0.004093115348217904,0.0,0.004170301735572258,0.0],[0.0,0.0,0.0,0.0019509920255518186,-0.004076918123590948,0.008010429048442918,-0.004076666256197163,0.0],[0.0,0.0,0.0,0.0,0.004093631850000478,-0.007976821980328435,0.00413016332356241,0.0],[0.0,0.0,0.0,0.0,0.0,0.0,-0.0021007170159082177,0.04118472458849663],[0.0,0.0,0.0,0.0,0.0,0.0,0.001211376483217152,-0.03948699183994873]]}