{"din_name":"flux_level02749.json","din_kind":"RELATIVE","din_start":600.0000180733643,"din_end":660.0000173692566,"din_rules":["Interventions","r1","r1_rev","r2","r3","r4","r5","r6"],"din_hits":[0,39670,39641,38713,2459606,2420878,2080095,2080128],"din_fluxs":[[0.0,0.0,0.0,0.0,0.0,0.0,0.0,0.0],[0.0,-0.0011055869857537037,0.04116352530710676,0.040734188983897905,0.0,-0.0020391742494305022,0.0,0.0],[0.0,0.001106819661574261,-0.03880694622375456,-0.07394143389805226,0.0,0.00444231676694182,0.0,0.0],[0.0,0.0,0.0,-0.2839479757153717,0.0025785213254865325,0.0,0.0033473608474162008,0.0],[0.0,0.0,0.0,0.00705553697082409,-0.0025720748244787805,0.018861832368001492,-0.002572306619279814,0.0],[0.0,0.0,0.0,0.0,0.0025787128669264286,-0.018839982548532887,0.0029098620002392253,0.0],[0.0,0.0,0.0,0.0,0.0,0.0,-0.002138258215060727,0.0026373942787350046],[0.0,0.0,0.0,0.0,0.0,0.0,0.0017465704734753143,-0.0026304451979439745]]}