{"din_name":"flux_level01464.json","din_kind":"RELATIVE","din_start":600.0000021667637,"din_end":660.0000129086797,"din_rules":["Interventions","r1","r1_rev","r2","r3","r4","r5","r6"],"din_hits":[0,218417,218334,160447,2592591,2432149,751697,751701],"din_fluxs":[[0.0,0.0,0.0,0.0,0.0,0.0,0.0,0.0],[0.0,-0.001163367030658726,0.013324118135112835,0.019816361583453544,0.0,-0.002169948671264399,0.0,0.0],[0.0,0.0011647376460926534,-0.01291962791807879,-0.025496560549875705,0.0,0.002998722676508657,0.0,0.0],[0.0,0.0,0.0,-0.1215283752037194,0.002866309473279197,0.0,0.003059233819645077,0.0],[0.0,0.0,0.0,0.009107921738043073,-0.00285819761937747,0.013977572526449386,-0.002858264841513581,0.0],[0.0,0.0,0.0,0.0,0.002866399904241688,-0.014753069078016086,0.0029927333362851152,0.0],[0.0,0.0,0.0,0.0,0.0,0.0,-0.001751620593345183,0.005820050272592602],[0.0,0.0,0.0,0.0,0.0,0.0,0.0013088617685736905,-0.00578621504823696]]}