{"din_name":"flux_level05932.json","din_kind":"RELATIVE","din_start":600.0000239909775,"din_end":660.0000176974328,"din_rules":["Interventions","r1","r1_rev","r2","r3","r4","r5","r6"],"din_hits":[0,87314,87288,2723,750533,747802,52601,52601],"din_fluxs":[[0.0,0.0,0.0,0.0,0.0,0.0,0.0,0.0],[0.0,-0.0011024974712803984,0.04673778176855272,0.08309576226651552,0.0,-0.0020437525860369458,0.0,0.0],[0.0,0.001103717537126737,-0.0438565860076856,-0.08537525587036812,0.0,0.0023365899516887717,0.0,0.0],[0.0,0.0,0.0,-0.174489021363267,0.010215084006199323,0.0,0.010460339773845683,0.0],[0.0,0.0,0.0,0.0021225682289337387,-0.01013515966353169,0.0050816573907231126,-0.010132586231256785,0.0],[0.0,0.0,0.0,0.0,0.010239767361807216,-0.0051076053702397645,0.010454221269781516,0.0],[0.0,0.0,0.0,0.0,0.0,0.0,-0.005230220606546576,0.07337023510794125],[0.0,0.0,0.0,0.0,0.0,0.0,0.0021993577187622965,-0.06794767692355566]]}