{"din_name":"flux_level11348.json","din_kind":"RELATIVE","din_start":600.0000105501232,"din_end":660.0000118986204,"din_rules":["Interventions","r1","r1_rev","r2","r3","r4","r5","r6"],"din_hits":[0,16881,16869,5954,2468346,2462400,937126,937081],"din_fluxs":[[0.0,0.0,0.0,0.0,0.0,0.0,0.0,0.0],[0.0,-0.0010909741171309677,0.09522492682888994,0.11126515700903614,0.0,-0.0020361680986551896,0.0,0.0],[0.0,0.0010921702212299364,-0.08480386585553122,-0.16008232437760456,0.0,0.003728989591420269,0.0,0.0],[0.0,0.0,0.0,-0.3314503879206975,0.003688164503072931,0.0,0.005272131104208455,0.0],[0.0,0.0,0.0,0.0018955071019293836,-0.003673037327988974,0.008987701771103035,-0.0036714860098811704,0.0],[0.0,0.0,0.0,0.0,0.0036865894804069092,-0.008940258319102933,0.004201871858056572,0.0],[0.0,0.0,0.0,0.0,0.0,0.0,-0.003312325328912888,0.0024499764141950155],[0.0,0.0,0.0,0.0,0.0,0.0,0.001972440473404569,-0.00244397700212704]]}