{"din_name":"flux_level00849.json","din_kind":"RELATIVE","din_start":600.0000056775003,"din_end":660.0000311727141,"din_rules":["Interventions","r1","r1_rev","r2","r3","r4","r5","r6"],"din_hits":[0,27469,27458,417,140113,139693,946922,946880],"din_fluxs":[[0.0,0.0,0.0,0.0,0.0,0.0,0.0,0.0],[0.0,-0.001096443563325327,0.06369436866015095,0.11066908027245617,0.0,-0.001997021505534397,0.0,0.0],[0.0,0.001097652062840945,-0.05868862660640659,-0.10417532164119427,0.0,0.0030115811294018084,0.0,0.0],[0.0,0.0,0.0,-0.4800058719124845,0.0026465151836036704,0.0,0.003951180104359506,0.0],[0.0,0.0,0.0,0.013383563546207006,-0.002638950099137622,0.016855168416167726,-0.002638121527908589,0.0],[0.0,0.0,0.0,0.0,0.002645935119398919,-0.016814908156074664,0.0038320544916909394,0.0],[0.0,0.0,0.0,0.0,0.0,0.0,-0.00213738309403548,0.0031774977547999353],[0.0,0.0,0.0,0.0,0.0,0.0,0.0019669091111012334,-0.0031674148634533066]]}