{"din_name":"flux_level11073.json","din_kind":"RELATIVE","din_start":600.0000008026142,"din_end":660.0000105655142,"din_rules":["Interventions","r1","r1_rev","r2","r3","r4","r5","r6"],"din_hits":[0,63863,63851,4164,1983604,1979425,697938,697946],"din_fluxs":[[0.0,0.0,0.0,0.0,0.0,0.0,0.0,0.0],[0.0,-0.001092096012975575,0.08637106331726738,0.11837531854761192,0.0,-0.00202564524526345,0.0,0.0],[0.0,0.0010932914221623259,-0.07773910027796919,-0.14592370747377806,0.0,0.0032642460271254474,0.0,0.0],[0.0,0.0,0.0,-0.34519162650476487,0.0036659221690062234,0.0,0.004840014284768064,0.0],[0.0,0.0,0.0,0.0034442437856485692,-0.003654037632461137,0.009009919704183633,-0.003656246706228106,0.0],[0.0,0.0,0.0,0.0,0.0036674565852565333,-0.008987102069050391,0.00437473784877632,0.0],[0.0,0.0,0.0,0.0,0.0,0.0,-0.004666973347312354,0.0017432524523262839],[0.0,0.0,0.0,0.0,0.0,0.0,0.002716424082380254,-0.0017402165878012885]]}