{"din_name":"flux_level03207.json","din_kind":"RELATIVE","din_start":600.0000217542795,"din_end":660.0000014992102,"din_rules":["Interventions","r1","r1_rev","r2","r3","r4","r5","r6"],"din_hits":[0,63301,63291,4558,2048410,2043845,1802850,1802864],"din_fluxs":[[0.0,0.0,0.0,0.0,0.0,0.0,0.0,0.0],[0.0,-0.0010911012438964882,0.09391278522454337,0.12274001253273006,0.0,-0.0020176779235707427,0.0,0.0],[0.0,0.0010922942546030055,-0.0838514527403787,-0.15579372162033217,0.0,0.003586168325627308,0.0,0.0],[0.0,0.0,0.0,-0.39881389409508783,0.0032043428144915157,0.0,0.004184011416379178,0.0],[0.0,0.0,0.0,0.0044448171224377026,-0.0031943426592425457,0.010918608902655051,-0.003193204826232809,0.0],[0.0,0.0,0.0,0.0,0.003204587065011067,-0.010871744254497486,0.003821625093535084,0.0],[0.0,0.0,0.0,0.0,0.0,0.0,-0.002486370287480056,0.003225723020817773],[0.0,0.0,0.0,0.0,0.0,0.0,0.0017937846516290843,-0.0032153279114604675]]}