{"din_name":"flux_level02499.json","din_kind":"RELATIVE","din_start":600.0000067753484,"din_end":660.0000041507843,"din_rules":["Interventions","r1","r1_rev","r2","r3","r4","r5","r6"],"din_hits":[0,23482,23472,17864,3957079,3939208,1514013,1514041],"din_fluxs":[[0.0,0.0,0.0,0.0,0.0,0.0,0.0,0.0],[0.0,-0.0010898390191299535,0.11082623737576812,0.09487118222887103,0.0,-0.0020295285476893536,0.0,0.0],[0.0,0.0010910307613182886,-0.09356612351586137,-0.1677707483780962,0.0,0.0057316806575639844,0.0,0.0],[0.0,0.0,0.0,-0.467656704637651,0.0025392828516355936,0.0,0.0030274945138289663,0.0],[0.0,0.0,0.0,0.005566325337229022,-0.0025333804531954213,0.01967260682293951,-0.002532901630223325,0.0],[0.0,0.0,0.0,0.0,0.0025398191119947702,-0.01939861108347587,0.00266470914711687,0.0],[0.0,0.0,0.0,0.0,0.0,0.0,-0.0017547018322681877,0.0037161173342079843],[0.0,0.0,0.0,0.0,0.0,0.0,0.001429504309275025,-0.0037023240293242114]]}