{"din_name":"flux_level13881.json","din_kind":"RELATIVE","din_start":600.0000123519677,"din_end":660.0000260716992,"din_rules":["Interventions","r1","r1_rev","r2","r3","r4","r5","r6"],"din_hits":[0,315887,315820,8689,250851,242159,965581,965603],"din_fluxs":[[0.0,0.0,0.0,0.0,0.0,0.0,0.0,0.0],[0.0,-0.001149908868094278,0.0156864923904139,0.027873804258544563,0.0,-0.002146436513445599,0.0,0.0],[0.0,0.0011512404559026253,-0.015183907590248041,-0.02951777748717637,0.0,0.002582844386195744,0.0,0.0],[0.0,0.0,0.0,-0.19926994441373988,0.0026063856051303015,0.0,0.0037168008185474973,0.0],[0.0,0.0,0.0,0.015233172346132572,-0.0025997722761098327,0.01780453279488916,-0.002597557697060689,0.0],[0.0,0.0,0.0,0.0,0.002606557285194306,-0.01863844212598478,0.003656710140460562,0.0],[0.0,0.0,0.0,0.0,0.0,0.0,-0.0022645447477397294,0.0026930555701946564],[0.0,0.0,0.0,0.0,0.0,0.0,0.0019968206326700716,-0.0026858060961004447]]}