{"din_name":"flux_level12753.json","din_kind":"RELATIVE","din_start":600.0000097304238,"din_end":660.0000066636176,"din_rules":["Interventions","r1","r1_rev","r2","r3","r4","r5","r6"],"din_hits":[0,79106,79059,62670,1936050,1873376,2161022,2161025],"din_fluxs":[[0.0,0.0,0.0,0.0,0.0,0.0,0.0,0.0],[0.0,-0.001128985076568901,0.021975746669438623,0.027412515546217386,0.0,-0.0021075259105004197,0.0,0.0],[0.0,0.001130276739522632,-0.021115818361104148,-0.040971413248549526,0.0,0.003478360374936573,0.0,0.0],[0.0,0.0,0.0,-0.16954366247039082,0.002801335481006832,0.0,0.00391181047882871,0.0],[0.0,0.0,0.0,0.007277819994195473,-0.0027935053924711024,0.01481340630778462,-0.002794931346067379,0.0],[0.0,0.0,0.0,0.0,0.002801334627450164,-0.015133972875925904,0.0034515240739428346,0.0],[0.0,0.0,0.0,0.0,0.0,0.0,-0.0026292063996152947,0.0023195988251582247],[0.0,0.0,0.0,0.0,0.0,0.0,0.002045652732518224,-0.0023142236105416773]]}