{"din_name":"flux_level13630.json","din_kind":"RELATIVE","din_start":600.000007983513,"din_end":660.000011872314,"din_rules":["Interventions","r1","r1_rev","r2","r3","r4","r5","r6"],"din_hits":[0,3448,3435,13551,4108081,4094544,191145,191153],"din_fluxs":[[0.0,0.0,0.0,0.0,0.0,0.0,0.0,0.0],[0.0,-0.0010892851314830507,0.11267979885704016,0.10077911933538335,0.0,-0.0019876836592890414,0.0,0.0],[0.0,0.001090488932331852,-0.09808357016068676,-0.17811263220524448,0.0,0.0050323046493140735,0.0,0.0],[0.0,0.0,0.0,-0.40346566315136667,0.0028863660006275375,0.0,0.009109409539981701,0.0],[0.0,0.0,0.0,0.00260288220417953,-0.0028792014648165057,0.013488698850050489,-0.002884570705706545,0.0],[0.0,0.0,0.0,0.0,0.0028875233135903346,-0.013354630191807007,0.0034163633885517584,0.0],[0.0,0.0,0.0,0.0,0.0,0.0,-0.031054248381315885,0.0010527697645638756],[0.0,0.0,0.0,0.0,0.0,0.0,0.022418996369268567,-0.001051662660740934]]}