{"din_name":"flux_level09222.json","din_kind":"RELATIVE","din_start":600.0000102245576,"din_end":660.0000046923253,"din_rules":["Interventions","r1","r1_rev","r2","r3","r4","r5","r6"],"din_hits":[0,5874,5856,21388,3121123,3099730,950999,951010],"din_fluxs":[[0.0,0.0,0.0,0.0,0.0,0.0,0.0,0.0],[0.0,-0.0010991581710660214,0.05490737062005001,0.06102699486042376,0.0,-0.002058064609748805,0.0,0.0],[0.0,0.0011004031391823653,-0.050747855239990834,-0.09872633264835848,0.0,0.003800008075625543,0.0,0.0],[0.0,0.0,0.0,-0.2257459060242383,0.003552991135211011,0.0,0.006836739840668525,0.0],[0.0,0.0,0.0,0.0021311994363148747,-0.0035408799627915945,0.009517647935827028,-0.00353810251860313,0.0],[0.0,0.0,0.0,0.0,0.003553478245609706,-0.009495437836442584,0.004205057643954144,0.0],[0.0,0.0,0.0,0.0,0.0,0.0,-0.0052664964313553254,0.0015807448882795457],[0.0,0.0,0.0,0.0,0.0,0.0,0.0031332776929749043,-0.0015782484423716749]]}