{"din_name":"flux_level10505.json","din_kind":"RELATIVE","din_start":600.0000034887171,"din_end":660.0000014141851,"din_rules":["Interventions","r1","r1_rev","r2","r3","r4","r5","r6"],"din_hits":[0,23473,23457,18005,3398319,3380307,986290,986309],"din_fluxs":[[0.0,0.0,0.0,0.0,0.0,0.0,0.0,0.0],[0.0,-0.001092611567887022,0.0825353751434119,0.07524076664861673,0.0,-0.002007175755552026,0.0,0.0],[0.0,0.001093810785750459,-0.07457108480748537,-0.1392786046411044,0.0,0.004909537717999462,0.0,0.0],[0.0,0.0,0.0,-0.37120065672088,0.002747439695276796,0.0,0.0032714684107071437,0.0],[0.0,0.0,0.0,0.004043240139130483,-0.002741118906628737,0.015304954882148622,-0.00274089072318122,0.0],[0.0,0.0,0.0,0.0,0.0027486629734735195,-0.015172202333659008,0.0028881930829565217,0.0],[0.0,0.0,0.0,0.0,0.0,0.0,-0.001967929182112568,0.0034221619747696907],[0.0,0.0,0.0,0.0,0.0,0.0,0.0014896246766473442,-0.0034104613600108007]]}