{"din_name":"flux_level10185.json","din_kind":"RELATIVE","din_start":600.0000007381151,"din_end":660.0000003455591,"din_rules":["Interventions","r1","r1_rev","r2","r3","r4","r5","r6"],"din_hits":[0,1074341,1074085,897544,3342373,2444825,709898,709908],"din_fluxs":[[0.0,0.0,0.0,0.0,0.0,0.0,0.0,0.0],[0.0,-0.001409350655518086,0.004129765324594811,0.010023070588226686,0.0,-0.0026430673496656747,0.0,0.0],[0.0,0.0014113821753321187,-0.004041266868894269,-0.008016381684279138,0.0,0.002203153235568605,0.0,0.0],[0.0,0.0,0.0,-0.066112956964578,0.0027662091612899843,0.0,0.003075704739190741,0.0],[0.0,0.0,0.0,0.018340790378566143,-0.002758436026391445,0.013802809595452764,-0.0027576717628622115,0.0],[0.0,0.0,0.0,0.0,0.002766018166122973,-0.01833369738275661,0.0031701996580931653,0.0],[0.0,0.0,0.0,0.0,0.0,0.0,-0.0063677276817865735,0.0012913184263606161],[0.0,0.0,0.0,0.0,0.0,0.0,0.004690495681163799,-0.0012896523706134291]]}