{"din_name":"flux_level11753.json","din_kind":"RELATIVE","din_start":600.000284351032,"din_end":660.0000143878109,"din_rules":["Interventions","r1","r1_rev","r2","r3","r4","r5","r6"],"din_hits":[0,442816,442740,8618,209221,200593,220577,220590],"din_fluxs":[[0.0,0.0,0.0,0.0,0.0,0.0,0.0,0.0],[0.0,-0.0011667519717141724,0.012830383314282498,0.02441134911333925,0.0,-0.002173740178651998,0.0,0.0],[0.0,0.0011681232378429067,-0.012454698180151663,-0.024656663289295888,0.0,0.002294587474395547,0.0,0.0],[0.0,0.0,0.0,-0.07515697310026896,0.005145080948407983,0.0,0.015388956633398123,0.0],[0.0,0.0,0.0,0.005998086535882726,-0.005118941215959086,0.006662612413100726,-0.00512397350574693,0.0],[0.0,0.0,0.0,0.0,0.005145355388865641,-0.007148073490168662,0.01519151076263872,0.0],[0.0,0.0,0.0,0.0,0.0,0.0,-0.017887593951845335,0.001449933962822352],[0.0,0.0,0.0,0.0,0.0,0.0,0.008817019796838849,-0.0014478333920257074]]}