{"din_name":"flux_level11194.json","din_kind":"RELATIVE","din_start":600.0000114470985,"din_end":660.0000065521899,"din_rules":["Interventions","r1","r1_rev","r2","r3","r4","r5","r6"],"din_hits":[0,221998,221940,146651,2870864,2724191,2077202,2077187],"din_fluxs":[[0.0,0.0,0.0,0.0,0.0,0.0,0.0,0.0],[0.0,-0.0011559426272965503,0.01452200078168592,0.021610421577406797,0.0,-0.0021561849021751126,0.0,0.0],[0.0,0.0011572928120836944,-0.014066791358560503,-0.027817930338612754,0.0,0.002946620760441478,0.0,0.0],[0.0,0.0,0.0,-0.10333028225700848,0.0032924902966939324,0.0,0.00422750915574649,0.0],[0.0,0.0,0.0,0.006447782890424068,-0.003281980356930682,0.010734585176721684,-0.0032820041869040355,0.0],[0.0,0.0,0.0,0.0,0.0032928128904004795,-0.011248640304796241,0.00393916177927644,0.0],[0.0,0.0,0.0,0.0,0.0,0.0,-0.002851299944034114,0.0026465019665687225],[0.0,0.0,0.0,0.0,0.0,0.0,0.001953057426742589,-0.0026395057481214674]]}