{"din_name":"flux_level07479.json","din_kind":"RELATIVE","din_start":600.0000013506686,"din_end":660.0000257194379,"din_rules":["Interventions","r1","r1_rev","r2","r3","r4","r5","r6"],"din_hits":[0,44185,44161,4116,629094,624962,1057117,1057116],"din_fluxs":[[0.0,0.0,0.0,0.0,0.0,0.0,0.0,0.0],[0.0,-0.0010989431502614003,0.05524480209286284,0.06834434274703284,0.0,-0.0020258226607631213,0.0,0.0],[0.0,0.0011001566404133297,-0.051371738095844964,-0.09658754664063229,0.0,0.0037768369315843114,0.0,0.0],[0.0,0.0,0.0,-0.35601798915831706,0.0026991025628036063,0.0,0.0033776280895661385,0.0],[0.0,0.0,0.0,0.0076845447130198235,-0.002691302691301671,0.01605416627585723,-0.0026911777662357904,0.0],[0.0,0.0,0.0,0.0,0.0026985653231162824,-0.01602197213795718,0.0031837209894321305,0.0],[0.0,0.0,0.0,0.0,0.0,0.0,-0.001864078103806293,0.0041093652040682755],[0.0,0.0,0.0,0.0,0.0,0.0,0.001579279508069638,-0.004092495219009023]]}