{"din_name":"flux_level05883.json","din_kind":"RELATIVE","din_start":600.0000069161861,"din_end":660.0000049602755,"din_rules":["Interventions","r1","r1_rev","r2","r3","r4","r5","r6"],"din_hits":[0,158905,158877,43839,2693115,2649280,501029,501029],"din_fluxs":[[0.0,0.0,0.0,0.0,0.0,0.0,0.0,0.0],[0.0,-0.001109979104233238,0.03523108642148166,0.04024966231145787,0.0,-0.0020564373189772933,0.0,0.0],[0.0,0.0011112155895797238,-0.03345389871054271,-0.06403621360868096,0.0,0.003897860918493496,0.0,0.0],[0.0,0.0,0.0,-0.2684499138024162,0.0026192687161380006,0.0,0.0030145992629924947,0.0],[0.0,0.0,0.0,0.00797726931329224,-0.0026134017674203603,0.017797399796531756,-0.0026176863332110388,0.0],[0.0,0.0,0.0,0.0,0.0026202682731699266,-0.017876298422483772,0.0028169812756505754,0.0],[0.0,0.0,0.0,0.0,0.0,0.0,-0.004392941399967656,0.0014365223543750154],[0.0,0.0,0.0,0.0,0.0,0.0,0.003406227076605042,-0.0014344608286056717]]}