{"din_name":"flux_level09497.json","din_kind":"RELATIVE","din_start":600.0000044800664,"din_end":660.0000101854602,"din_rules":["Interventions","r1","r1_rev","r2","r3","r4","r5","r6"],"din_hits":[0,2062,2042,27901,2936555,2908641,578833,578854],"din_fluxs":[[0.0,0.0,0.0,0.0,0.0,0.0,0.0,0.0],[0.0,-0.0010962037012231586,0.06660060476271892,0.058592699302813335,0.0,-0.0021120989578461116,0.0,0.0],[0.0,0.0010974806058692672,-0.06023815162614491,-0.10714935276773191,0.0,0.0049800464908491045,0.0,0.0],[0.0,0.0,0.0,-0.3450642705859068,0.0025730319702514455,0.0,0.003037131755135497,0.0],[0.0,0.0,0.0,0.00547593831035394,-0.002565650724829293,0.018945259357034717,-0.0025659518773315697,0.0],[0.0,0.0,0.0,0.0,0.0025722450046859807,-0.018768481556140523,0.0026440285390102246,0.0],[0.0,0.0,0.0,0.0,0.0,0.0,-0.0018147712281214173,0.003487495230563897],[0.0,0.0,0.0,0.0,0.0,0.0,0.0014440225129666105,-0.003475350528668775]]}