{"din_name":"flux_level07337.json","din_kind":"RELATIVE","din_start":600.000023105243,"din_end":660.0000083374597,"din_rules":["Interventions","r1","r1_rev","r2","r3","r4","r5","r6"],"din_hits":[0,58707,58683,1136,270725,269567,51865,51859],"din_fluxs":[[0.0,0.0,0.0,0.0,0.0,0.0,0.0,0.0],[0.0,-0.0011016586508009075,0.04842561804219174,0.08142358683185895,0.0,-0.002039471151030073,0.0,0.0],[0.0,0.0011028781379613106,-0.04535906398656468,-0.08701197841300733,0.0,0.0026481735424620885,0.0,0.0],[0.0,0.0,0.0,-0.27980454068313,0.00350625539905084,0.0,0.003621027429001288,0.0],[0.0,0.0,0.0,0.006833935385839988,-0.00349567978284412,0.009500391528059709,-0.003493911466420085,0.0],[0.0,0.0,0.0,0.0,0.003507971072037772,-0.009578732467550279,0.0036150543420045075,0.0],[0.0,0.0,0.0,0.0,0.0,0.0,-0.0018726341017201692,0.018702768809387593],[0.0,0.0,0.0,0.0,0.0,0.0,0.001311033045889345,-0.01835301587599347]]}