{"din_name":"flux_level01979.json","din_kind":"RELATIVE","din_start":600.0000079269124,"din_end":660.0000282262235,"din_rules":["Interventions","r1","r1_rev","r2","r3","r4","r5","r6"],"din_hits":[0,53742,53734,5907,2756110,2750192,546294,546302],"din_fluxs":[[0.0,0.0,0.0,0.0,0.0,0.0,0.0,0.0],[0.0,-0.001089634029568892,0.11398855781683388,0.13092103926830453,0.0,-0.0020225226857109413,0.0,0.0],[0.0,0.0010908236984097752,-0.09581667460486472,-0.17595082549145122,0.0,0.004024044825612286,0.0,0.0],[0.0,0.0,0.0,-0.4296874330582453,0.003035623572503689,0.0,0.004346580218466697,0.0],[0.0,0.0,0.0,0.00427060056484592,-0.0030271073840847456,0.012049587126652214,-0.0030254377322915305,0.0],[0.0,0.0,0.0,0.0,0.00303630566729904,-0.01196926123680572,0.003515376445988307,0.0],[0.0,0.0,0.0,0.0,0.0,0.0,-0.007054392846746096,0.0012936531518695617],[0.0,0.0,0.0,0.0,0.0,0.0,0.0047607256278181485,-0.001291981163336806]]}