{"din_name":"flux_level05475.json","din_kind":"RELATIVE","din_start":600.0000125737702,"din_end":660.0000500915212,"din_rules":["Interventions","r1","r1_rev","r2","r3","r4","r5","r6"],"din_hits":[0,403416,403330,42799,792604,749811,904784,904819],"din_fluxs":[[0.0,0.0,0.0,0.0,0.0,0.0,0.0,0.0],[0.0,-0.0011707960255361632,0.012307120239171077,0.02113420578157257,0.0,-0.0021843633081970793,0.0,0.0],[0.0,0.0011721784312419144,-0.011951274245502424,-0.023646002741077695,0.0,0.002570827914523239,0.0,0.0],[0.0,0.0,0.0,-0.08847065091850058,0.0036285030583155455,0.0,0.004897797344876048,0.0],[0.0,0.0,0.0,0.007043660386689198,-0.0036160720582026087,0.009232880178254133,-0.003616829129657769,0.0],[0.0,0.0,0.0,0.0,0.0036292486375107402,-0.00986543312916187,0.004795412153716369,0.0],[0.0,0.0,0.0,0.0,0.0,0.0,-0.003190331986691162,0.00285128858164634],[0.0,0.0,0.0,0.0,0.0,0.0,0.0021813830540976962,-0.00284316240368885]]}