{"din_name":"flux_level03101.json","din_kind":"RELATIVE","din_start":600.000009525234,"din_end":660.0000001046616,"din_rules":["Interventions","r1","r1_rev","r2","r3","r4","r5","r6"],"din_hits":[0,46621,46608,18959,4565895,4546930,679757,679772],"din_fluxs":[[0.0,0.0,0.0,0.0,0.0,0.0,0.0,0.0],[0.0,-0.0010902106502689688,0.10396547991305506,0.09405292258547994,0.0,-0.001996870728992624,0.0,0.0],[0.0,0.0010914019528242551,-0.09061258267063362,-0.163652501725116,0.0,0.005322913585624933,0.0,0.0],[0.0,0.0,0.0,-0.45489280023573886,0.002593431642239475,0.0,0.002805057944055514,0.0],[0.0,0.0,0.0,0.0054151566372646455,-0.002586577234792343,0.01821854206958412,-0.0025867067091464783,0.0],[0.0,0.0,0.0,0.0,0.0025932865776287016,-0.017997645334465285,0.0026456084447594474,0.0],[0.0,0.0,0.0,0.0,0.0,0.0,-0.0016377106732168576,0.004869745897017657],[0.0,0.0,0.0,0.0,0.0,0.0,0.0012918868146169784,-0.004846051034215667]]}