{"din_name":"flux_level08798.json","din_kind":"RELATIVE","din_start":600.0000083922292,"din_end":660.0000082200274,"din_rules":["Interventions","r1","r1_rev","r2","r3","r4","r5","r6"],"din_hits":[0,10526,10497,36018,1866566,1830533,1502758,1502750],"din_fluxs":[[0.0,0.0,0.0,0.0,0.0,0.0,0.0,0.0],[0.0,-0.0011113282145496452,0.03394501679510043,0.0371752162701146,0.0,-0.0021013387577084597,0.0,0.0],[0.0,0.001112614454141161,-0.032040805146819555,-0.06212345974859442,0.0,0.00404789140587615,0.0,0.0],[0.0,0.0,0.0,-0.21165528688486335,0.0028047976335422793,0.0,0.003756406179976546,0.0],[0.0,0.0,0.0,0.005418802403473369,-0.0027977966948871625,0.014727749564512636,-0.0027974893910660383,0.0],[0.0,0.0,0.0,0.0,0.0028056666423817464,-0.014805615448214609,0.003221556916889434,0.0],[0.0,0.0,0.0,0.0,0.0,0.0,-0.002279960356179712,0.0027959363014372603],[0.0,0.0,0.0,0.0,0.0,0.0,0.0017592600877637855,-0.002788127193087005]]}