{"din_name":"flux_level02341.json","din_kind":"RELATIVE","din_start":600.0000007811476,"din_end":660.0000056157345,"din_rules":["Interventions","r1","r1_rev","r2","r3","r4","r5","r6"],"din_hits":[0,676230,676111,48496,514427,465913,1073520,1073549],"din_fluxs":[[0.0,0.0,0.0,0.0,0.0,0.0,0.0,0.0],[0.0,-0.0012104168780232268,0.008874935791446844,0.01635308977432251,0.0,-0.0022525781441187693,0.0,0.0],[0.0,0.0012118957375746137,-0.008648398830329534,-0.01701349911941356,0.0,0.0025135853819667985,0.0,0.0],[0.0,0.0,0.0,-0.11597145424058113,0.002701331639703902,0.0,0.004771481424868424,0.0],[0.0,0.0,0.0,0.014472611786405513,-0.002694006060230514,0.015922716195156603,-0.002699126352069088,0.0],[0.0,0.0,0.0,0.0,0.0027012817868251105,-0.01762180894462498,0.0046816347085831544,0.0],[0.0,0.0,0.0,0.0,0.0,0.0,-0.004747190450359168,0.0015108006533852082],[0.0,0.0,0.0,0.0,0.0,0.0,0.003825613899770293,-0.001508520305491622]]}