{"din_name":"flux_level00378.json","din_kind":"RELATIVE","din_start":600.0000152710296,"din_end":660.0000285109764,"din_rules":["Interventions","r1","r1_rev","r2","r3","r4","r5","r6"],"din_hits":[0,39815,39796,14616,1794208,1779584,233249,233251],"din_fluxs":[[0.0,0.0,0.0,0.0,0.0,0.0,0.0,0.0],[0.0,-0.001099053780291114,0.054851629418263166,0.05799707215252154,0.0,-0.0020455280885431264,0.0,0.0],[0.0,0.0011002682613154222,-0.05102717724759936,-0.09728790500243026,0.0,0.0041802652443194204,0.0,0.0],[0.0,0.0,0.0,-0.29589539754262134,0.0028342319479996887,0.0,0.0030354330728701263,0.0],[0.0,0.0,0.0,0.004767695470296456,-0.0028256279391089194,0.014191960206788284,-0.002825634732801403,0.0],[0.0,0.0,0.0,0.0,0.0028336337881456246,-0.01415269028406434,0.0028999086726718606,0.0],[0.0,0.0,0.0,0.0,0.0,0.0,-0.0018422972980810207,0.004414388028064946],[0.0,0.0,0.0,0.0,0.0,0.0,0.0013375604148032677,-0.004394917584567085]]}