{"din_name":"flux_level12868.json","din_kind":"RELATIVE","din_start":600.0000020727232,"din_end":660.0000367560076,"din_rules":["Interventions","r1","r1_rev","r2","r3","r4","r5","r6"],"din_hits":[0,74938,74926,6603,1848498,1841890,113572,113556],"din_fluxs":[[0.0,0.0,0.0,0.0,0.0,0.0,0.0,0.0],[0.0,-0.0010922819092967354,0.08498218543775368,0.10354580197343954,0.0,-0.00201804866229617,0.0,0.0],[0.0,0.0010934775453694436,-0.07659843443202316,-0.13882104221134708,0.0,0.004146939792222914,0.0,0.0],[0.0,0.0,0.0,-0.45275823643723595,0.002664275378163706,0.0,0.003222880002700756,0.0],[0.0,0.0,0.0,0.007450547224930751,-0.0026578752847006256,0.016596228894710244,-0.0026632524098030154,0.0],[0.0,0.0,0.0,0.0,0.002664963598258461,-0.016465839836846793,0.002928744780652922,0.0],[0.0,0.0,0.0,0.0,0.0,0.0,-0.014475471639312546,0.001104691909539354],[0.0,0.0,0.0,0.0,0.0,0.0,0.011063078930385167,-0.0011034721410014237]]}