{"din_name":"flux_level13184.json","din_kind":"RELATIVE","din_start":600.0000050457403,"din_end":660.0000052552231,"din_rules":["Interventions","r1","r1_rev","r2","r3","r4","r5","r6"],"din_hits":[0,130116,130070,56565,3433338,3376757,1551657,1551652],"din_fluxs":[[0.0,0.0,0.0,0.0,0.0,0.0,0.0,0.0],[0.0,-0.001114690423129454,0.03059915117411852,0.03796406331206684,0.0,-0.0020484169368013934,0.0,0.0],[0.0,0.0011159387614945503,-0.029179870002413722,-0.05711613078003401,0.0,0.003409236032233571,0.0,0.0],[0.0,0.0,0.0,-0.17058200260355888,0.0032926767840473978,0.0,0.0039048419311088025,0.0],[0.0,0.0,0.0,0.004310857393056981,-0.003282736872474818,0.010666129063183554,-0.0032815105030793985,0.0],[0.0,0.0,0.0,0.0,0.003293572754402368,-0.010779549650059226,0.0036290546960247635,0.0],[0.0,0.0,0.0,0.0,0.0,0.0,-0.0023160506331291806,0.0038324304875179],[0.0,0.0,0.0,0.0,0.0,0.0,0.0015725858982022691,-0.003817757625982516]]}