{"din_name":"flux_level07902.json","din_kind":"RELATIVE","din_start":600.0000055371763,"din_end":660.0000019324552,"din_rules":["Interventions","r1","r1_rev","r2","r3","r4","r5","r6"],"din_hits":[0,83061,83034,70649,3275350,3204715,1217919,1217886],"din_fluxs":[[0.0,0.0,0.0,0.0,0.0,0.0,0.0,0.0],[0.0,-0.0011143757723504739,0.03088423348045327,0.03411595428325404,0.0,-0.0020516640792924592,0.0,0.0],[0.0,0.001115626222402174,-0.02943573075536201,-0.057118582255499026,0.0,0.0039688971183983466,0.0,0.0],[0.0,0.0,0.0,-0.2276038684951243,0.002667073871907879,0.0,0.0030246965173698587,0.0],[0.0,0.0,0.0,0.007122858400102412,-0.002660040294361117,0.016933018212904882,-0.0026603454927458968,0.0],[0.0,0.0,0.0,0.0,0.002667138969679395,-0.01705931350829693,0.002814500526692319,0.0],[0.0,0.0,0.0,0.0,0.0,0.0,-0.001848119681938946,0.0037226032372883974],[0.0,0.0,0.0,0.0,0.0,0.0,0.001448156898462602,-0.0037087582481945447]]}