{"din_name":"flux_level13282.json","din_kind":"RELATIVE","din_start":600.0000287831309,"din_end":660.0000217770418,"din_rules":["Interventions","r1","r1_rev","r2","r3","r4","r5","r6"],"din_hits":[0,67937,67925,934,492128,491195,1169097,1169081],"din_fluxs":[[0.0,0.0,0.0,0.0,0.0,0.0,0.0,0.0],[0.0,-0.0010931045829068505,0.07971582079385604,0.1420009467694081,0.0,-0.0020262772982522622,0.0,0.0],[0.0,0.0010943022942933184,-0.07227475818262923,-0.1309390298137764,0.0,0.002834540165620674,0.0,0.0],[0.0,0.0,0.0,-0.43583841885120334,0.0030710865430039723,0.0,0.0050905858365566615,0.0],[0.0,0.0,0.0,0.009196046595538332,-0.0030604087230745123,0.011714189925918906,-0.003060725101449734,0.0],[0.0,0.0,0.0,0.0,0.0030698071972963185,-0.011708274240553599,0.004846109777340749,0.0],[0.0,0.0,0.0,0.0,0.0,0.0,-0.0033985560080762667,0.00218158743521452],[0.0,0.0,0.0,0.0,0.0,0.0,0.0026663188341876608,-0.0021768328277847007]]}