{"din_name":"flux_level10345.json","din_kind":"RELATIVE","din_start":600.0000150225994,"din_end":660.0000063257824,"din_rules":["Interventions","r1","r1_rev","r2","r3","r4","r5","r6"],"din_hits":[0,18214,18205,786,469451,468668,119367,119353],"din_fluxs":[[0.0,0.0,0.0,0.0,0.0,0.0,0.0,0.0],[0.0,-0.0010898849019000362,0.10978497587166168,0.15035168981271996,0.0,-0.002031296092491671,0.0,0.0],[0.0,0.0010910774509000447,-0.09383602553826818,-0.16948577300578296,0.0,0.0035150375787606288,0.0,0.0],[0.0,0.0,0.0,-0.46164776990458944,0.0030749361411360017,0.0,0.0037175483445561833,0.0],[0.0,0.0,0.0,0.005797219900993819,-0.0030688585453977598,0.011697119768796354,-0.0030682272027991826,0.0],[0.0,0.0,0.0,0.0,0.0030783168158466903,-0.011636979350225366,0.0034718811794114657,0.0],[0.0,0.0,0.0,0.0,0.0,0.0,-0.004516495752732926,0.0015521455069837354],[0.0,0.0,0.0,0.0,0.0,0.0,0.0030243428146547327,-0.0015497390016865724]]}