{"din_name":"flux_level08787.json","din_kind":"RELATIVE","din_start":600.0000239508233,"din_end":660.0000082717198,"din_rules":["Interventions","r1","r1_rev","r2","r3","r4","r5","r6"],"din_hits":[0,195516,195465,55635,1807877,1752233,504337,504356],"din_fluxs":[[0.0,0.0,0.0,0.0,0.0,0.0,0.0,0.0],[0.0,-0.0011295387232302867,0.02171478273029409,0.028340866001430334,0.0,-0.0020906377696938054,0.0,0.0],[0.0,0.0011308224909282521,-0.020893815736702705,-0.04066070891978846,0.0,0.003366492152064825,0.0,0.0],[0.0,0.0,0.0,-0.1907124350639949,0.002695552123329876,0.0,0.0029655869154758692,0.0],[0.0,0.0,0.0,0.008962294580925156,-0.0026879374499890903,0.016372557602602974,-0.0026894229797688398,0.0],[0.0,0.0,0.0,0.0,0.002695173176112106,-0.016748944189945363,0.002852156085256262,0.0],[0.0,0.0,0.0,0.0,0.0,0.0,-0.002326626477286576,0.0024258981541310566],[0.0,0.0,0.0,0.0,0.0,0.0,0.0017725240196139003,-0.002420019874837135]]}