{"din_name":"flux_level06811.json","din_kind":"RELATIVE","din_start":600.0000120612291,"din_end":660.0001201096259,"din_rules":["Interventions","r1","r1_rev","r2","r3","r4","r5","r6"],"din_hits":[0,36706,36699,5,1991,2008,343805,343798],"din_fluxs":[[0.0,0.0,0.0,0.0,0.0,0.0,0.0,0.0],[0.0,-0.0010963065511300468,0.06418791039047028,0.17097023362802247,0.0,-0.0020369265421794984,0.0,0.0],[0.0,0.0010975125070272153,-0.05913362728324611,-0.10358332274043061,0.0,0.00205988926031409,0.0,0.0],[0.0,0.0,0.0,-0.5100123456790124,0.0029750589662029363,0.0,0.007993042936668564,0.0],[0.0,0.0,0.0,0.020927929764505783,-0.002967521955175319,0.012372508907324246,-0.002918235578136137,0.0],[0.0,0.0,0.0,0.0,0.0029759432582292245,-0.012439080469958076,0.007634095203732536,0.0],[0.0,0.0,0.0,0.0,0.0,0.0,-0.003821175416507025,0.0024144353717803183],[0.0,0.0,0.0,0.0,0.0,0.0,0.003808751305599914,-0.002408610681275454]]}