{"din_name":"flux_level09769.json","din_kind":"RELATIVE","din_start":600.0000052778641,"din_end":660.0000061523342,"din_rules":["Interventions","r1","r1_rev","r2","r3","r4","r5","r6"],"din_hits":[0,125479,125434,119432,3330474,3211035,1476523,1476528],"din_fluxs":[[0.0,0.0,0.0,0.0,0.0,0.0,0.0,0.0],[0.0,-0.0011306384024646547,0.021253594463182774,0.026332690341233093,0.0,-0.002109125338748591,0.0,0.0],[0.0,0.0011319286158209159,-0.02044923932113933,-0.03965722495087956,0.0,0.003549357592302438,0.0,0.0],[0.0,0.0,0.0,-0.18507121140714888,0.002659952615569861,0.0,0.002967650824048595,0.0],[0.0,0.0,0.0,0.008749182114435355,-0.002653143790912586,0.01712885543387146,-0.0026531303837370956,0.0],[0.0,0.0,0.0,0.0,0.002660213671238965,-0.017509751458580334,0.0028227415270302733,0.0],[0.0,0.0,0.0,0.0,0.0,0.0,-0.0017900427603705282,0.004066122223752524],[0.0,0.0,0.0,0.0,0.0,0.0,0.0014181934511232537,-0.004049605380834572]]}