{"din_name":"flux_level07012.json","din_kind":"RELATIVE","din_start":600.0000057545506,"din_end":660.0000010636506,"din_rules":["Interventions","r1","r1_rev","r2","r3","r4","r5","r6"],"din_hits":[0,5406,5389,20113,3037771,3017659,1373425,1373464],"din_fluxs":[[0.0,0.0,0.0,0.0,0.0,0.0,0.0,0.0],[0.0,-0.0010975193832943866,0.060386259591888744,0.060940744641991514,0.0,-0.001976261421227922,0.0,0.0],[0.0,0.0010987581256114124,-0.05550905814473498,-0.1056822514356861,0.0,0.0040569315850516935,0.0,0.0],[0.0,0.0,0.0,-0.2501914965863624,0.003290954180437759,0.0,0.004943037868425241,0.0],[0.0,0.0,0.0,0.0023764393676415883,-0.0032795419004980927,0.010617114081206669,-0.0032784636179580954,0.0],[0.0,0.0,0.0,0.0,0.0032903372161109294,-0.010578283948388022,0.0037530098067677844,0.0],[0.0,0.0,0.0,0.0,0.0,0.0,-0.0029984344743190336,0.0023837948839931285],[0.0,0.0,0.0,0.0,0.0,0.0,0.0019761430475084708,-0.0023781187951624153]]}