{"din_name":"flux_level03034.json","din_kind":"RELATIVE","din_start":600.0000130716282,"din_end":660.0000050892327,"din_rules":["Interventions","r1","r1_rev","r2","r3","r4","r5","r6"],"din_hits":[0,123281,123248,36053,1852225,1816181,1332297,1332266],"din_fluxs":[[0.0,0.0,0.0,0.0,0.0,0.0,0.0,0.0],[0.0,-0.0011132666270337785,0.03183442796276977,0.036795024179473085,0.0,-0.002068170116838073,0.0,0.0],[0.0,0.0011145121896019784,-0.03032511791347138,-0.05796808068030238,0.0,0.0038764414900122938,0.0,0.0],[0.0,0.0,0.0,-0.2658118184460787,0.0025613758541026678,0.0,0.0033160942272244536,0.0],[0.0,0.0,0.0,0.009024545838190068,-0.002555297291126855,0.019275922075527727,-0.0025576475576671114,0.0],[0.0,0.0,0.0,0.0,0.002561854856530258,-0.019396857610968488,0.002947113938805196,0.0],[0.0,0.0,0.0,0.0,0.0,0.0,-0.0027638411844325313,0.0019197426396918755],[0.0,0.0,0.0,0.0,0.0,0.0,0.002235281855308157,-0.0019160600470936049]]}