{"din_name":"flux_level04329.json","din_kind":"RELATIVE","din_start":600.0000085442052,"din_end":660.0000013585453,"din_rules":["Interventions","r1","r1_rev","r2","r3","r4","r5","r6"],"din_hits":[0,39255,39242,9453,2401094,2391629,1330600,1330575],"din_fluxs":[[0.0,0.0,0.0,0.0,0.0,0.0,0.0,0.0],[0.0,-0.0010918032819665444,0.08859578125140859,0.089432028579703,0.0,-0.0020034848857643705,0.0,0.0],[0.0,0.001092998865234445,-0.07953207565644022,-0.1458050082958215,0.0,0.004477491236459674,0.0,0.0],[0.0,0.0,0.0,-0.39623335058503045,0.002804555104709286,0.0,0.0034243842921725105,0.0],[0.0,0.0,0.0,0.0045401906902727985,-0.002796088650450272,0.014462377209198024,-0.002796901025527766,0.0],[0.0,0.0,0.0,0.0,0.002803930008462421,-0.014350686019076615,0.003065954353227035,0.0],[0.0,0.0,0.0,0.0,0.0,0.0,-0.0019909437193868615,0.0036023102687317943],[0.0,0.0,0.0,0.0,0.0,0.0,0.0015247328371517878,-0.00358934295098637]]}