{"din_name":"flux_level02122.json","din_kind":"RELATIVE","din_start":600.0000005771151,"din_end":660.0000094238986,"din_rules":["Interventions","r1","r1_rev","r2","r3","r4","r5","r6"],"din_hits":[0,1577211,1576701,420286,633171,212895,936269,936262],"din_fluxs":[[0.0,0.0,0.0,0.0,0.0,0.0,0.0,0.0],[0.0,-0.0021149973592828704,0.002008499611925528,0.006579984028545981,0.0,-0.004045803843398692,0.0,0.0],[0.0,0.0021196911232868884,-0.001968147708473012,-0.003917121555032613,0.0,0.002506080823252486,0.0,0.0],[0.0,0.0,0.0,-0.04930895288618449,0.0025227451003261027,0.0,0.002903978788383304,0.0],[0.0,0.0,0.0,0.027854881186444743,-0.0025163779560931658,0.014829621056176188,-0.002516603765644069,0.0],[0.0,0.0,0.0,0.0,0.0025226985770628544,-0.03127047189006338,0.0030032803529330384,0.0],[0.0,0.0,0.0,0.0,0.0,0.0,-0.0019091446964487363,0.0031608055445679537],[0.0,0.0,0.0,0.0,0.0,0.0,0.0016340547632786888,-0.0031508226843694554]]}