{"din_name":"flux_level12263.json","din_kind":"RELATIVE","din_start":600.0000007387221,"din_end":660.0000046411841,"din_rules":["Interventions","r1","r1_rev","r2","r3","r4","r5","r6"],"din_hits":[0,246358,246300,52535,1109088,1056538,1413829,1413853],"din_fluxs":[[0.0,0.0,0.0,0.0,0.0,0.0,0.0,0.0],[0.0,-0.0011609420408771822,0.013684517802921363,0.022377055951502706,0.0,-0.0021626573430525847,0.0,0.0],[0.0,0.0011623037935127847,-0.013267592002637402,-0.02625016209617892,0.0,0.0026612291932066605,0.0,0.0],[0.0,0.0,0.0,-0.08411646268138376,0.0040356619668157154,0.0,0.006215739740760423,0.0],[0.0,0.0,0.0,0.005442146964211455,-0.004019318196128685,0.0082754221519327,-0.004019219012161118,0.0],[0.0,0.0,0.0,0.0,0.004035557116762458,-0.008725057346852241,0.005899516949958423,0.0],[0.0,0.0,0.0,0.0,0.0,0.0,-0.004084652704692625,0.002551599919114674],[0.0,0.0,0.0,0.0,0.0,0.0,0.002637865463493731,-0.002545096384911019]]}