{"din_name":"flux_level07901.json","din_kind":"RELATIVE","din_start":600.000001367742,"din_end":660.00000847385,"din_rules":["Interventions","r1","r1_rev","r2","r3","r4","r5","r6"],"din_hits":[0,83240,83214,57983,2711945,2653948,935046,935078],"din_fluxs":[[0.0,0.0,0.0,0.0,0.0,0.0,0.0,0.0],[0.0,-0.001114442875028757,0.03076622306096985,0.034326301876233416,0.0,-0.002061143151013771,0.0,0.0],[0.0,0.0011156933753744527,-0.029327749372116806,-0.056782805323276606,0.0,0.0039440674156918055,0.0,0.0],[0.0,0.0,0.0,-0.2289858292622577,0.002665687750079908,0.0,0.0029274593817052003,0.0],[0.0,0.0,0.0,0.007249939438539353,-0.0026587703119553626,0.01694639945515701,-0.0026582946395957655,0.0],[0.0,0.0,0.0,0.0,0.0026658646033195,-0.017078383877380678,0.0027878959627957675,0.0],[0.0,0.0,0.0,0.0,0.0,0.0,-0.0016978062140828615,0.004843038657930528],[0.0,0.0,0.0,0.0,0.0,0.0,0.0013400718317649431,-0.004819605936716866]]}