{"din_name":"flux_level04549.json","din_kind":"RELATIVE","din_start":600.0000017027361,"din_end":660.0000385332038,"din_rules":["Interventions","r1","r1_rev","r2","r3","r4","r5","r6"],"din_hits":[0,35721,35701,1388,715409,714000,843981,843987],"din_fluxs":[[0.0,0.0,0.0,0.0,0.0,0.0,0.0,0.0],[0.0,-0.001092704279119024,0.08251822705284535,0.1269268442758333,0.0,-0.002027849596914108,0.0,0.0],[0.0,0.0010939018649450613,-0.07455654407091718,-0.1411997275730111,0.0,0.0029118132104992743,0.0,0.0],[0.0,0.0,0.0,-0.32893738216956747,0.004162992923389045,0.0,0.0064488241217316835,0.0],[0.0,0.0,0.0,0.003672031010994917,-0.004147610984373793,0.007852743714265947,-0.004144156669901873,0.0],[0.0,0.0,0.0,0.0,0.004164911670317324,-0.00784984474539635,0.0059675412533739544,0.0],[0.0,0.0,0.0,0.0,0.0,0.0,-0.00407297743752879,0.0026616142689742327],[0.0,0.0,0.0,0.0,0.0,0.0,0.0025691482946103962,-0.002654536299012575]]}