{"din_name":"flux_level08022.json","din_kind":"RELATIVE","din_start":600.0000007376054,"din_end":660.0000179551287,"din_rules":["Interventions","r1","r1_rev","r2","r3","r4","r5","r6"],"din_hits":[0,197461,197303,704212,4245619,3541414,1678570,1678570],"din_fluxs":[[0.0,0.0,0.0,0.0,0.0,0.0,0.0,0.0],[0.0,-0.00127874477257816,0.0061949617192241365,0.012527526953188296,0.0,-0.0023951335527759346,0.0,0.0],[0.0,0.001280471808463317,-0.006034191085592614,-0.011919838189294311,0.0,0.0024279709104260304,0.0,0.0],[0.0,0.0,0.0,-0.09611501011159392,0.002632687764754144,0.0,0.002844073166681086,0.0],[0.0,0.0,0.0,0.017609046549871124,-0.00262579760297866,0.016971143085580058,-0.0026251594768760536,0.0],[0.0,0.0,0.0,0.0,0.002632717944167399,-0.01994215510336644,0.0028455186263135757,0.0],[0.0,0.0,0.0,0.0,0.0,0.0,-0.0023962609957049034,0.002268935457163879],[0.0,0.0,0.0,0.0,0.0,0.0,0.0018707778241850216,-0.0022637925379329913]]}