{"din_name":"flux_level12137.json","din_kind":"RELATIVE","din_start":600.000013535772,"din_end":660.0000074164261,"din_rules":["Interventions","r1","r1_rev","r2","r3","r4","r5","r6"],"din_hits":[0,19848,19826,12657,1787044,1774377,1377782,1377760],"din_fluxs":[[0.0,0.0,0.0,0.0,0.0,0.0,0.0,0.0],[0.0,-0.0011035885169453812,0.04464400981173046,0.05848734952993925,0.0,-0.0020534292187812863,0.0,0.0],[0.0,0.0011048232315290817,-0.041887642413539414,-0.08183973794382925,0.0,0.003206835983348781,0.0,0.0],[0.0,0.0,0.0,-0.18210843508623895,0.004400679919898666,0.0,0.0067025312774964705,0.0],[0.0,0.0,0.0,0.0019493458250439627,-0.004383507196812178,0.0076035217179749705,-0.004383049291249533,0.0],[0.0,0.0,0.0,0.0,0.004402854964887161,-0.007612167170031791,0.0056319973102488645,0.0],[0.0,0.0,0.0,0.0,0.0,0.0,-0.0037867440143825822,0.0030293499626465577],[0.0,0.0,0.0,0.0,0.0,0.0,0.0022098730596393514,-0.0030201803094497817]]}