{"din_name":"flux_level06352.json","din_kind":"RELATIVE","din_start":600.0000050000602,"din_end":660.0000098756676,"din_rules":["Interventions","r1","r1_rev","r2","r3","r4","r5","r6"],"din_hits":[0,54685,54671,7231,2045198,2037967,1777074,1777085],"din_fluxs":[[0.0,0.0,0.0,0.0,0.0,0.0,0.0,0.0],[0.0,-0.0010905048355329841,0.10098213149045658,0.10708701607175637,0.0,-0.0020166041020881465,0.0,0.0],[0.0,0.0010916966077472103,-0.08828785351794027,-0.15572553703866282,0.0,0.0048144612746024735,0.0,0.0],[0.0,0.0,0.0,-0.49641983526498396,0.0025403662208100604,0.0,0.0033313975224235626,0.0],[0.0,0.0,0.0,0.007907804001927303,-0.0025336260502529877,0.01956723163364664,-0.002531847164522676,0.0],[0.0,0.0,0.0,0.0,0.0025400624679445018,-0.019329455891565935,0.0029042661106945104,0.0],[0.0,0.0,0.0,0.0,0.0,0.0,-0.0023205141647246207,0.002292781193415106],[0.0,0.0,0.0,0.0,0.0,0.0,0.0019066440934068624,-0.002287529485788016]]}