{"din_name":"flux_level04531.json","din_kind":"RELATIVE","din_start":600.000010246073,"din_end":660.0000016420843,"din_rules":["Interventions","r1","r1_rev","r2","r3","r4","r5","r6"],"din_hits":[0,394369,394277,273846,3939820,3665960,731605,731596],"din_fluxs":[[0.0,0.0,0.0,0.0,0.0,0.0,0.0,0.0],[0.0,-0.00116944192657157,0.01247981417967216,0.0187826369304088,0.0,-0.0021667902366082023,0.0,0.0],[0.0,0.0011708209799962633,-0.012117363913385651,-0.02381622827768081,0.0,0.002984007954274415,0.0,0.0],[0.0,0.0,0.0,-0.1382048325125981,0.002666843464490789,0.0,0.0027654884405839395,0.0],[0.0,0.0,0.0,0.011709762414013706,-0.0026597738103644394,0.016918799602840755,-0.0026591082564644147,0.0],[0.0,0.0,0.0,0.0,0.0026668718349932563,-0.017942829949440676,0.002733209872309829,0.0],[0.0,0.0,0.0,0.0,0.0,0.0,-0.0016275284819514727,0.005663049540767246],[0.0,0.0,0.0,0.0,0.0,0.0,0.0012620459408052894,-0.005631009747465063]]}