{"din_name":"flux_level04042.json","din_kind":"RELATIVE","din_start":600.0000221923884,"din_end":660.0000070466135,"din_rules":["Interventions","r1","r1_rev","r2","r3","r4","r5","r6"],"din_hits":[0,194248,194122,243654,1966881,1723193,76094,76077],"din_fluxs":[[0.0,0.0,0.0,0.0,0.0,0.0,0.0,0.0],[0.0,-0.0012338761114522208,0.007692839142696998,0.014133990710664287,0.0,-0.002309203588318068,0.0,0.0],[0.0,0.0012354567486292931,-0.007488558883592709,-0.01483933329241499,0.0,0.002522180524860011,0.0,0.0],[0.0,0.0,0.0,-0.06275891387335281,0.003522229106875967,0.0,0.0037021928147111106,0.0],[0.0,0.0,0.0,0.008387943820393359,-0.003510372712965158,0.00954949802778369,-0.0035127290475992124,0.0],[0.0,0.0,0.0,0.0,0.003522827569939426,-0.010805367835618867,0.0036538488559965435,0.0],[0.0,0.0,0.0,0.0,0.0,0.0,-0.006984910960176622,0.0013437181366173384],[0.0,0.0,0.0,0.0,0.0,0.0,0.004043193982127343,-0.0013419159074569364]]}