{"din_name":"flux_level00770.json","din_kind":"RELATIVE","din_start":600.0000009961049,"din_end":660.0000056640274,"din_rules":["Interventions","r1","r1_rev","r2","r3","r4","r5","r6"],"din_hits":[0,40848,40835,3307,2105012,2101675,546718,546716],"din_fluxs":[[0.0,0.0,0.0,0.0,0.0,0.0,0.0,0.0],[0.0,-0.0010901523608974621,0.10322881331968045,0.14212459146051443,0.0,-0.0020364592815011796,0.0,0.0],[0.0,0.0010913437202667306,-0.09113102466957496,-0.17050047741783453,0.0,0.0032565575458278037,0.0,0.0],[0.0,0.0,0.0,-0.3624206264017002,0.004021972954299304,0.0,0.005074182985860664,0.0],[0.0,0.0,0.0,0.0025806167567193035,-0.004009604578999897,0.008125380323923041,-0.004012119099584788,0.0],[0.0,0.0,0.0,0.0,0.004025773996580098,-0.00809565876663745,0.004504955265265239,0.0],[0.0,0.0,0.0,0.0,0.0,0.0,-0.003864949141477439,0.0022258453338709246],[0.0,0.0,0.0,0.0,0.0,0.0,0.002074372616456143,-0.002220895924387933]]}