{"din_name":"flux_level02743.json","din_kind":"RELATIVE","din_start":600.0000053868761,"din_end":660.0000101442297,"din_rules":["Interventions","r1","r1_rev","r2","r3","r4","r5","r6"],"din_hits":[0,68284,68267,12047,1890440,1878375,1856435,1856462],"din_fluxs":[[0.0,0.0,0.0,0.0,0.0,0.0,0.0,0.0],[0.0,-0.001095428521060026,0.06786092700419946,0.07233056840154024,0.0,-0.00202758074780655,0.0,0.0],[0.0,0.0010966318893233236,-0.06229431838116471,-0.11445902515393758,0.0,0.004484082088872376,0.0,0.0],[0.0,0.0,0.0,-0.40814855382292375,0.0025582409886227924,0.0,0.0038499661323671084,0.0],[0.0,0.0,0.0,0.007745441766259382,-0.0025518263730167964,0.019146535091943237,-0.0025514583207907355,0.0],[0.0,0.0,0.0,0.0,0.002558357478644793,-0.018989938639991794,0.003147663063086615,0.0],[0.0,0.0,0.0,0.0,0.0,0.0,-0.0031734379226096687,0.001735668173621836],[0.0,0.0,0.0,0.0,0.0,0.0,0.002584378754481018,-0.0017326588352046363]]}