{"din_name":"flux_level11174.json","din_kind":"RELATIVE","din_start":600.0000035041511,"din_end":660.0000029898516,"din_rules":["Interventions","r1","r1_rev","r2","r3","r4","r5","r6"],"din_hits":[0,34137,34123,7579,1936346,1928765,1660671,1660678],"din_fluxs":[[0.0,0.0,0.0,0.0,0.0,0.0,0.0,0.0],[0.0,-0.0010906422458953494,0.09847833774824601,0.09886923299763968,0.0,-0.0020183550210777696,0.0,0.0],[0.0,0.0010918351344690953,-0.08737912156092872,-0.15828679937174542,0.0,0.0049830091239951605,0.0,0.0],[0.0,0.0,0.0,-0.46600150987818706,0.0025916779646902705,0.0,0.00345096414859216,0.0],[0.0,0.0,0.0,0.0063431329529293964,-0.0025856097265777992,0.018214290777435048,-0.0025859597963069875,0.0],[0.0,0.0,0.0,0.0,0.0025923171095128387,-0.01800708969682843,0.002951707122517686,0.0],[0.0,0.0,0.0,0.0,0.0,0.0,-0.0022058435707737315,0.002538328847502437],[0.0,0.0,0.0,0.0,0.0,0.0,0.0017931573261924898,-0.0025318923412482566]]}