{"din_name":"flux_level11744.json","din_kind":"RELATIVE","din_start":600.0000016181866,"din_end":660.0000302828221,"din_rules":["Interventions","r1","r1_rev","r2","r3","r4","r5","r6"],"din_hits":[0,53669,53642,3582,376320,372736,577024,577031],"din_fluxs":[[0.0,0.0,0.0,0.0,0.0,0.0,0.0,0.0],[0.0,-0.0011056887329228464,0.04099140117926059,0.05564756931583086,0.0,-0.002052702099022174,0.0,0.0],[0.0,0.0011069194135056419,-0.038667315972812484,-0.07330858919624982,0.0,0.003428073102267203,0.0,0.0],[0.0,0.0,0.0,-0.32576387160064274,0.002635827557437165,0.0,0.0030380808168013,0.0],[0.0,0.0,0.0,0.009812094501852071,-0.002630248595161724,0.01722662580771309,-0.0026290092668426746,0.0],[0.0,0.0,0.0,0.0,0.002637200696774166,-0.017284849070131114,0.002970982103727169,0.0],[0.0,0.0,0.0,0.0,0.0,0.0,-0.0016406376153348127,0.00578646062010961],[0.0,0.0,0.0,0.0,0.0,0.0,0.001425267180167383,-0.0057530155333506555]]}