{"din_name":"flux_level11375.json","din_kind":"RELATIVE","din_start":600.0000140921545,"din_end":660.0000036373433,"din_rules":["Interventions","r1","r1_rev","r2","r3","r4","r5","r6"],"din_hits":[0,35152,35137,28642,2416881,2388232,346163,346165],"din_fluxs":[[0.0,0.0,0.0,0.0,0.0,0.0,0.0,0.0],[0.0,-0.0011004008448398488,0.0513461130815332,0.04944292687392112,0.0,-0.0020615548734528033,0.0,0.0],[0.0,0.001101619200539494,-0.04793082493446299,-0.09049849051897456,0.0,0.004774278099093263,0.0,0.0],[0.0,0.0,0.0,-0.3290137947212512,0.0025454645980582144,0.0,0.0026404106354701966,0.0],[0.0,0.0,0.0,0.006846613095763173,-0.0025397687062311486,0.019683360417865038,-0.0025396178076927192,0.0],[0.0,0.0,0.0,0.0,0.0025462469241881577,-0.01956752257122259,0.0025818361998798823,0.0],[0.0,0.0,0.0,0.0,0.0,0.0,-0.0013796267280740012,0.013235989225681501],[0.0,0.0,0.0,0.0,0.0,0.0,0.0011293624205601022,-0.013060910735530814]]}