{"din_name":"flux_level05316.json","din_kind":"RELATIVE","din_start":600.0000230690124,"din_end":660.0000026588023,"din_rules":["Interventions","r1","r1_rev","r2","r3","r4","r5","r6"],"din_hits":[0,7235,7222,12542,2442414,2429875,1220127,1220159],"din_fluxs":[[0.0,0.0,0.0,0.0,0.0,0.0,0.0,0.0],[0.0,-0.0010922126815376355,0.08569354751165406,0.0763660967990096,0.0,-0.0020375686492135206,0.0,0.0],[0.0,0.0010934197980502168,-0.07696644865230183,-0.1422797033732387,0.0,0.004948766097953516,0.0,0.0],[0.0,0.0,0.0,-0.3605994292656176,0.0027988159346909558,0.0,0.0037323048844138096,0.0],[0.0,0.0,0.0,0.0033999552160315534,-0.0027915256199833776,0.014593266244208761,-0.0027913354327979783,0.0],[0.0,0.0,0.0,0.0,0.0027993462405226156,-0.014464368534476154,0.0030637557416311797,0.0],[0.0,0.0,0.0,0.0,0.0,0.0,-0.0021652912572344787,0.0029759738397933874],[0.0,0.0,0.0,0.0,0.0,0.0,0.0016386005861979366,-0.0029671280037498896]]}