{"din_name":"flux_level03190.json","din_kind":"RELATIVE","din_start":600.0000396841848,"din_end":660.0000012955288,"din_rules":["Interventions","r1","r1_rev","r2","r3","r4","r5","r6"],"din_hits":[0,11138,11125,7378,2067020,2059635,398579,398566],"din_fluxs":[[0.0,0.0,0.0,0.0,0.0,0.0,0.0,0.0],[0.0,-0.001089280316887479,0.11355702111385804,0.10026562340171179,0.0,-0.0020301913714136544,0.0,0.0],[0.0,0.00109047307412965,-0.09900531184740405,-0.18289745093305862,0.0,0.005510036789029438,0.0,0.0],[0.0,0.0,0.0,-0.45029044242509764,0.00266117996492457,0.0,0.003090591842450563,0.0],[0.0,0.0,0.0,0.0042274075619663926,-0.002654216539076192,0.01674149556204167,-0.0026540397153742862,0.0],[0.0,0.0,0.0,0.0,0.002661283405578738,-0.016541146978539003,0.0027441022672869985,0.0],[0.0,0.0,0.0,0.0,0.0,0.0,-0.0018573096350634924,0.0035906158624741703],[0.0,0.0,0.0,0.0,0.0,0.0,0.0014318720311467304,-0.0035777405687184966]]}