{"din_name":"flux_level08812.json","din_kind":"RELATIVE","din_start":600.0000016445089,"din_end":660.0000016871624,"din_rules":["Interventions","r1","r1_rev","r2","r3","r4","r5","r6"],"din_hits":[0,40678,40665,23713,4453462,4429742,261331,261349],"din_fluxs":[[0.0,0.0,0.0,0.0,0.0,0.0,0.0,0.0],[0.0,-0.0010913576356635615,0.09221608742933617,0.08223836073939303,0.0,-0.0019880422303968515,0.0,0.0],[0.0,0.0010925520229926509,-0.08243983425672305,-0.15132085860376818,0.0,0.005535925172644522,0.0,0.0],[0.0,0.0,0.0,-0.4476405017847651,0.002525830136167951,0.0,0.0026356531453298054,0.0],[0.0,0.0,0.0,0.006126080573008151,-0.002520591469444057,0.020080342366958822,-0.002521059644060883,0.0],[0.0,0.0,0.0,0.0,0.002526968788058001,-0.019818174369610444,0.0025469998677853864,0.0],[0.0,0.0,0.0,0.0,0.0,0.0,-0.0016182834283411307,0.004571491633671941],[0.0,0.0,0.0,0.0,0.0,0.0,0.0012953078263291647,-0.004550605492141031]]}