{"din_name":"flux_level12243.json","din_kind":"RELATIVE","din_start":600.0000018391253,"din_end":660.0000066593119,"din_rules":["Interventions","r1","r1_rev","r2","r3","r4","r5","r6"],"din_hits":[0,460,444,27294,4403904,4376617,285590,285584],"din_fluxs":[[0.0,0.0,0.0,0.0,0.0,0.0,0.0,0.0],[0.0,-0.0010916884678128726,0.0893168420269697,0.09298605443141597,0.0,-0.0022343723467097873,0.0,0.0],[0.0,0.0010930647620822252,-0.07669779418037946,-0.1480972012796176,0.0,0.005630142581857802,0.0,0.0],[0.0,0.0,0.0,-0.39320342544381454,0.002612375946749978,0.0,0.0028242595273306604,0.0],[0.0,0.0,0.0,0.004413563859507632,-0.002606803969434357,0.017854509229182587,-0.0026065500429506704,0.0],[0.0,0.0,0.0,0.0,0.002613627273973928,-0.01764785979709747,0.0026344091844159403,0.0],[0.0,0.0,0.0,0.0,0.0,0.0,-0.001508212699137051,0.007538383352406614],[0.0,0.0,0.0,0.0,0.0,0.0,0.001176591417965629,-0.007481611691125381]]}