{"din_name":"flux_level10640.json","din_kind":"RELATIVE","din_start":600.0000079975197,"din_end":660.0000268450254,"din_rules":["Interventions","r1","r1_rev","r2","r3","r4","r5","r6"],"din_hits":[0,104564,104548,952,366503,365554,1261748,1261767],"din_fluxs":[[0.0,0.0,0.0,0.0,0.0,0.0,0.0,0.0],[0.0,-0.0010968027269674088,0.06215957687886121,0.120070109035641,0.0,-0.002021421891296717,0.0,0.0],[0.0,0.001098008604830312,-0.05742775654179346,-0.10425356862692665,0.0,0.0026100924366922705,0.0,0.0],[0.0,0.0,0.0,-0.4291951755043974,0.002911640134397257,0.0,0.0038167862416914307,0.0],[0.0,0.0,0.0,0.011832869841140849,-0.0029024942240114065,0.01305307895058546,-0.0029056799445788995,0.0],[0.0,0.0,0.0,0.0,0.002910946511941134,-0.013079014866639526,0.0037649072830957544,0.0],[0.0,0.0,0.0,0.0,0.0,0.0,-0.002059371445699466,0.0043486846755091575],[0.0,0.0,0.0,0.0,0.0,0.0,0.00181739024646256,-0.00432979681051195]]}