{"din_name":"flux_level00249.json","din_kind":"RELATIVE","din_start":600.0000024206118,"din_end":660.0000025973635,"din_rules":["Interventions","r1","r1_rev","r2","r3","r4","r5","r6"],"din_hits":[0,1772205,1771789,1075636,2233334,1157683,1449767,1449783],"din_fluxs":[[0.0,0.0,0.0,0.0,0.0,0.0,0.0,0.0],[0.0,-0.0017411928439718099,0.0025670946551524486,0.007837000224760035,0.0,-0.0033149264513242654,0.0,0.0],[0.0,0.0017443185995193874,-0.002515668028518541,-0.004998617351287802,0.0,0.002182978652498459,0.0,0.0],[0.0,0.0,0.0,-0.045636671356512934,0.0028038862336876957,0.0,0.003094696953214564,0.0],[0.0,0.0,0.0,0.02076770161035197,-0.002795926293375587,0.01145202264843936,-0.002797054248679424,0.0],[0.0,0.0,0.0,0.0,0.002803659449889286,-0.01992594180513801,0.003224932285292155,0.0],[0.0,0.0,0.0,0.0,0.0,0.0,-0.0022871511745997555,0.002745665626955954],[0.0,0.0,0.0,0.0,0.0,0.0,0.0017466878362166986,-0.0027381328040653368]]}