{"din_name":"flux_level00638.json","din_kind":"RELATIVE","din_start":600.0000157979374,"din_end":660.0000043480336,"din_rules":["Interventions","r1","r1_rev","r2","r3","r4","r5","r6"],"din_hits":[0,10999,10989,10565,2902122,2891561,1300233,1300214],"din_fluxs":[[0.0,0.0,0.0,0.0,0.0,0.0,0.0,0.0],[0.0,-0.0010890349064199873,0.12070798997836588,0.09703615913568209,0.0,-0.001963663725229892,0.0,0.0],[0.0,0.001090227210986166,-0.10098809804610594,-0.18443507201315487,0.0,0.005595492004637024,0.0,0.0],[0.0,0.0,0.0,-0.45109434818164834,0.0026527636244334874,0.0,0.004180435606959373,0.0],[0.0,0.0,0.0,0.004045611046865497,-0.002646847177836503,0.016893036129491307,-0.0026461888072730278,0.0],[0.0,0.0,0.0,0.0,0.0026538782126190666,-0.01668449273645467,0.0029650883105213958,0.0],[0.0,0.0,0.0,0.0,0.0,0.0,-0.0030693706533960413,0.001803631641571222],[0.0,0.0,0.0,0.0,0.0,0.0,0.0023843021449606785,-0.0018003816165427613]]}