{"din_name":"flux_level09875.json","din_kind":"RELATIVE","din_start":600.0000147130443,"din_end":660.0000181093945,"din_rules":["Interventions","r1","r1_rev","r2","r3","r4","r5","r6"],"din_hits":[0,69467,69453,741,597262,596509,283614,283627],"din_fluxs":[[0.0,0.0,0.0,0.0,0.0,0.0,0.0,0.0],[0.0,-0.0010923643411827324,0.08440274120036559,0.1535043799726809,0.0,-0.0020220001672247748,0.0,0.0],[0.0,0.0010935602880865827,-0.07613793652165507,-0.14381657193586345,0.0,0.0024017322074547337,0.0,0.0],[0.0,0.0,0.0,-0.3166802800711195,0.006044473539677821,0.0,0.006659857926072521,0.0],[0.0,0.0,0.0,0.0038583175143703245,-0.0060103462467197485,0.006061433186379304,-0.006009542041493455,0.0],[0.0,0.0,0.0,0.0,0.006046803065184276,-0.006075445556721913,0.00660049214754124,0.0],[0.0,0.0,0.0,0.0,0.0,0.0,-0.0033756684892696305,0.018322302442551033],[0.0,0.0,0.0,0.0,0.0,0.0,0.0022277055642482392,-0.01798680476427765]]}