{"din_name":"flux_level05220.json","din_kind":"RELATIVE","din_start":600.0000190826456,"din_end":660.0000081637343,"din_rules":["Interventions","r1","r1_rev","r2","r3","r4","r5","r6"],"din_hits":[0,36291,36263,511,73482,72956,500170,500188],"din_fluxs":[[0.0,0.0,0.0,0.0,0.0,0.0,0.0,0.0],[0.0,-0.0011099606841522868,0.03538591103128355,0.06370601857373824,0.0,-0.002070676076961454,0.0,0.0],[0.0,0.0011112073591939252,-0.03352530589766034,-0.0650253618874979,0.0,0.0024787303080736093,0.0,0.0],[0.0,0.0,0.0,-0.2392382216564443,0.00343567898836824,0.0,0.007230334993050275,0.0],[0.0,0.0,0.0,0.008192693640948229,-0.0034231671774470293,0.009761982461705863,-0.0034159961396531885,0.0],[0.0,0.0,0.0,0.0,0.003434951954368729,-0.009929391689218733,0.007184479611930843,0.0],[0.0,0.0,0.0,0.0,0.0,0.0,-0.00409236761055871,0.0025551981456817885],[0.0,0.0,0.0,0.0,0.0,0.0,0.0035600027209430327,-0.0025486790571747106]]}