{"din_name":"flux_level00074.json","din_kind":"RELATIVE","din_start":600.0000092118217,"din_end":660.000009394918,"din_rules":["Interventions","r1","r1_rev","r2","r3","r4","r5","r6"],"din_hits":[0,67985,67976,15766,3769998,3754250,1084248,1084199],"din_fluxs":[[0.0,0.0,0.0,0.0,0.0,0.0,0.0,0.0],[0.0,-0.001090887565065855,0.09587008761452648,0.09545892673417479,0.0,-0.0020195906305805443,0.0,0.0],[0.0,0.001092079953868148,-0.08538455529889113,-0.1535067026232253,0.0,0.005035923152856573,0.0,0.0],[0.0,0.0,0.0,-0.46916549274231995,0.0025611648189458333,0.0,0.0032866390161580034,0.0],[0.0,0.0,0.0,0.006730076413041346,-0.00255550591939643,0.01899815071638623,-0.002556648427337039,0.0],[0.0,0.0,0.0,0.0,0.0025620589513344013,-0.018772222987458988,0.002786106041534757,0.0],[0.0,0.0,0.0,0.0,0.0,0.0,-0.0036237531535963222,0.0015640117386654412],[0.0,0.0,0.0,0.0,0.0,0.0,0.0028767736163591243,-0.0015615677313803819]]}