{"din_name":"flux_level12054.json","din_kind":"RELATIVE","din_start":600.0000250950048,"din_end":660.0000021099722,"din_rules":["Interventions","r1","r1_rev","r2","r3","r4","r5","r6"],"din_hits":[0,252676,252637,78265,2708509,2630236,989036,989036],"din_fluxs":[[0.0,0.0,0.0,0.0,0.0,0.0,0.0,0.0],[0.0,-0.0011257175362683666,0.02343034535384867,0.029684447180041623,0.0,-0.002093342561057188,0.0,0.0],[0.0,0.0011269904486629317,-0.022511000348117458,-0.04348512710264467,0.0,0.00348999412022955,0.0,0.0],[0.0,0.0,0.0,-0.2103431219754024,0.002627068790948279,0.0,0.0028774336139994637,0.0],[0.0,0.0,0.0,0.009373376135520452,-0.002620485264711629,0.0177160939232581,-0.0026209585959311257,0.0],[0.0,0.0,0.0,0.0,0.0026273820905913813,-0.01804525560347774,0.002770152061696957,0.0],[0.0,0.0,0.0,0.0,0.0,0.0,-0.0018594109349492696,0.0035106282022715624],[0.0,0.0,0.0,0.0,0.0,0.0,0.0014691765649952199,-0.0034983154334286234]]}