{"din_name":"flux_level06580.json","din_kind":"RELATIVE","din_start":600.0000112658479,"din_end":660.0000192443382,"din_rules":["Interventions","r1","r1_rev","r2","r3","r4","r5","r6"],"din_hits":[0,12458,12431,18400,1298144,1279731,1906030,1906005],"din_fluxs":[[0.0,0.0,0.0,0.0,0.0,0.0,0.0,0.0],[0.0,-0.0011025981000808527,0.04633653174885408,0.043859259968149364,0.0,-0.002055502853081556,0.0,0.0],[0.0,0.0011038375914905574,-0.04335493281759448,-0.08191646430196978,0.0,0.004724130767891167,0.0,0.0],[0.0,0.0,0.0,-0.30864544862618615,0.002545242647060894,0.0,0.0036971926134118606,0.0],[0.0,0.0,0.0,0.007008772662054569,-0.00253937600161973,0.01975093988972433,-0.002540415094508692,0.0],[0.0,0.0,0.0,0.0,0.002545851522872851,-0.019665049072057808,0.0030793893630112687,0.0],[0.0,0.0,0.0,0.0,0.0,0.0,-0.0022618745938639477,0.0024316716754038945],[0.0,0.0,0.0,0.0,0.0,0.0,0.001900632250303188,-0.0024257649348193365]]}