{"din_name":"flux_level11318.json","din_kind":"RELATIVE","din_start":600.0000163703037,"din_end":660.0000666349235,"din_rules":["Interventions","r1","r1_rev","r2","r3","r4","r5","r6"],"din_hits":[0,84962,84857,117289,1519719,1402415,812705,812732],"din_fluxs":[[0.0,0.0,0.0,0.0,0.0,0.0,0.0,0.0],[0.0,-0.0011804961669217267,0.011251198245304055,0.01779579825393702,0.0,-0.0022007721309797957,0.0,0.0],[0.0,0.001181947630481668,-0.010899746202235338,-0.0215604555135367,0.0,0.0028356130130684624,0.0,0.0],[0.0,0.0,0.0,-0.0966925321331133,0.003060799463968747,0.0,0.003428966943267427,0.0],[0.0,0.0,0.0,0.008502487832079733,-0.003051658111909842,0.012147171696087212,-0.003052294313127813,0.0],[0.0,0.0,0.0,0.0,0.003061023179550864,-0.013029373301950625,0.0033356656143225627,0.0],[0.0,0.0,0.0,0.0,0.0,0.0,-0.001974135790543924,0.004965979021364829],[0.0,0.0,0.0,0.0,0.0,0.0,0.0014555978414555104,-0.0049413495733563835]]}