{"din_name":"flux_level11351.json","din_kind":"RELATIVE","din_start":600.0000264568275,"din_end":660.000000105687,"din_rules":["Interventions","r1","r1_rev","r2","r3","r4","r5","r6"],"din_hits":[0,66033,65975,9188,436901,427701,839002,838951],"din_fluxs":[[0.0,0.0,0.0,0.0,0.0,0.0,0.0,0.0],[0.0,-0.0011275392833708009,0.02263589247553862,0.03423390544269439,0.0,-0.0021020110408278302,0.0,0.0],[0.0,0.0011288286226328408,-0.021729586314790664,-0.04294563170466935,0.0,0.0028515213734447717,0.0,0.0],[0.0,0.0,0.0,-0.1312592122780373,0.003753241405154038,0.0,0.0061320347960647364,0.0],[0.0,0.0,0.0,0.004960279819213663,-0.003739312749983224,0.00890065419721296,-0.003741751026548772,0.0],[0.0,0.0,0.0,0.0,0.0037533674227656164,-0.009122709570333003,0.005762507754343957,0.0],[0.0,0.0,0.0,0.0,0.0,0.0,-0.0036956435865478725,0.0027307922599452087],[0.0,0.0,0.0,0.0,0.0,0.0,0.0026665735211488847,-0.002723341131086084]]}