{"din_name":"flux_level09804.json","din_kind":"RELATIVE","din_start":600.0000059164477,"din_end":660.0000017677062,"din_rules":["Interventions","r1","r1_rev","r2","r3","r4","r5","r6"],"din_hits":[0,42399,42374,52169,4005772,3953607,605771,605781],"din_fluxs":[[0.0,0.0,0.0,0.0,0.0,0.0,0.0,0.0],[0.0,-0.0011018566773063384,0.04817337611953062,0.04592776726643536,0.0,-0.0020223642688890074,0.0,0.0],[0.0,0.0011030783930193898,-0.045109971974414236,-0.08539634178208236,0.0,0.004653501723233597,0.0,0.0],[0.0,0.0,0.0,-0.3039313610066728,0.002587559930312949,0.0,0.0031967453205317088,0.0],[0.0,0.0,0.0,0.006413220253851402,-0.0025817450953071115,0.01857797026631882,-0.0025823448752121726,0.0],[0.0,0.0,0.0,0.0,0.0025884414322020193,-0.0185014280952864,0.0027030110916883626,0.0],[0.0,0.0,0.0,0.0,0.0,0.0,-0.0034297631568896625,0.0016176006766890946],[0.0,0.0,0.0,0.0,0.0,0.0,0.002683337887442464,-0.0016149865979410492]]}