{"din_name":"flux_level11256.json","din_kind":"RELATIVE","din_start":600.000010979716,"din_end":660.0000116795758,"din_rules":["Interventions","r1","r1_rev","r2","r3","r4","r5","r6"],"din_hits":[0,112546,112516,8058,765617,757543,1269493,1269497],"din_fluxs":[[0.0,0.0,0.0,0.0,0.0,0.0,0.0,0.0],[0.0,-0.0011123160618290164,0.03275215652383286,0.048333023899573176,0.0,-0.0020645223731268433,0.0,0.0],[0.0,0.0011135596509364207,-0.031171054437401525,-0.0607175264694785,0.0,0.0029115337786374796,0.0,0.0],[0.0,0.0,0.0,-0.1893499037213031,0.0035144250488274996,0.0,0.005258664883821207,0.0],[0.0,0.0,0.0,0.005307632109325747,-0.0035019645222084165,0.009586799786921797,-0.0035035787696688758,0.0],[0.0,0.0,0.0,0.0,0.0035142841177212584,-0.009718327965899855,0.004955343347864634,0.0],[0.0,0.0,0.0,0.0,0.0,0.0,-0.0031827268275713355,0.002845083210758292],[0.0,0.0,0.0,0.0,0.0,0.0,0.0023278492356041958,-0.00283699635013966]]}