{"din_name":"flux_level01838.json","din_kind":"RELATIVE","din_start":600.0000062937252,"din_end":660.0000161412077,"din_rules":["Interventions","r1","r1_rev","r2","r3","r4","r5","r6"],"din_hits":[0,100726,100707,14319,2236868,2222525,1207283,1207334],"din_fluxs":[[0.0,0.0,0.0,0.0,0.0,0.0,0.0,0.0],[0.0,-0.0011000188232363176,0.05241157031762441,0.06494599229744326,0.0,-0.0020490340747027825,0.0,0.0],[0.0,0.0011012324624398624,-0.04890258200727722,-0.09355409312059035,0.0,0.0035231611551792765,0.0,0.0],[0.0,0.0,0.0,-0.2682210265630341,0.003168113728023938,0.0,0.0046782438343748135,0.0],[0.0,0.0,0.0,0.004432220668690077,-0.003157774299873099,0.011234416875081216,-0.003158748745453749,0.0],[0.0,0.0,0.0,0.0,0.0031677821277636695,-0.011245388704788885,0.003939431907833631,0.0],[0.0,0.0,0.0,0.0,0.0,0.0,-0.004276290649576089,0.001677187550187421],[0.0,0.0,0.0,0.0,0.0,0.0,0.0028767233627578883,-0.001674377885110992]]}