{"din_name":"flux_level10030.json","din_kind":"RELATIVE","din_start":600.000001547333,"din_end":660.0000450725315,"din_rules":["Interventions","r1","r1_rev","r2","r3","r4","r5","r6"],"din_hits":[0,20300,20279,22410,2035728,2013329,154928,154928],"din_fluxs":[[0.0,0.0,0.0,0.0,0.0,0.0,0.0,0.0],[0.0,-0.0011004263353303419,0.05133133402497736,0.04962724281317287,0.0,-0.0020400008819947695,0.0,0.0],[0.0,0.0011016502888319952,-0.04786353151775279,-0.09051110207549626,0.0,0.0045639831024929245,0.0,0.0],[0.0,0.0,0.0,-0.2928778753621806,0.0026849101260247353,0.0,0.0027382242967291005,0.0],[0.0,0.0,0.0,0.005222248221957062,-0.002677965497042603,0.016492863150984072,-0.0026784386211775113,0.0],[0.0,0.0,0.0,0.0,0.0026851616155976763,-0.016426748728658406,0.002706890772435407,0.0],[0.0,0.0,0.0,0.0,0.0,0.0,-0.0013855454055226733,0.032818345543174],[0.0,0.0,0.0,0.0,0.0,0.0,0.0011056510858146874,-0.031740936314722884]]}