{"din_name":"flux_level07373.json","din_kind":"RELATIVE","din_start":600.000005312703,"din_end":660.0000122805916,"din_rules":["Interventions","r1","r1_rev","r2","r3","r4","r5","r6"],"din_hits":[0,25042,25019,16803,1340612,1323803,1805414,1805388],"din_fluxs":[[0.0,0.0,0.0,0.0,0.0,0.0,0.0,0.0],[0.0,-0.0011015444977429765,0.04869252193986233,0.04712275929531538,0.0,-0.0020195598944154863,0.0,0.0],[0.0,0.001102769686449617,-0.04553467806134136,-0.08630670679291928,0.0,0.004670186703506133,0.0,0.0],[0.0,0.0,0.0,-0.3253354153038159,0.0025364282379315606,0.0,0.0036636131144042747,0.0],[0.0,0.0,0.0,0.00725847475703904,-0.00253086178599288,0.01995179652247172,-0.0025327158060200776,0.0],[0.0,0.0,0.0,0.0,0.002537296176145271,-0.01985188514797163,0.003062847068138265,0.0],[0.0,0.0,0.0,0.0,0.0,0.0,-0.002359706157312025,0.002281857070502427],[0.0,0.0,0.0,0.0,0.0,0.0,0.001973445239631302,-0.002276654880186135]]}