{"din_name":"flux_level03962.json","din_kind":"RELATIVE","din_start":600.0000040904755,"din_end":660.0000074347403,"din_rules":["Interventions","r1","r1_rev","r2","r3","r4","r5","r6"],"din_hits":[0,23834,23769,2103,48282,46182,1008420,1008433],"din_fluxs":[[0.0,0.0,0.0,0.0,0.0,0.0,0.0,0.0],[0.0,-0.001157721955659705,0.01432509549827462,0.023862499238530475,0.0,-0.002144076549027217,0.0,0.0],[0.0,0.001159187494957474,-0.013742321559876595,-0.026866804874549975,0.0,0.002604560259002029,0.0,0.0],[0.0,0.0,0.0,-0.11274941577054248,0.003266358274339395,0.0,0.004764074726730218,0.0],[0.0,0.0,0.0,0.007935738110989061,-0.0032554001748723326,0.010710777258883915,-0.0032576969052106387,0.0],[0.0,0.0,0.0,0.0,0.0032660222433162833,-0.0113035211454945,0.0047273918283061754,0.0],[0.0,0.0,0.0,0.0,0.0,0.0,-0.002393551767292031,0.004962483384471694],[0.0,0.0,0.0,0.0,0.0,0.0,0.0023296199310915678,-0.0049378739957055915]]}