{"din_name":"flux_level02389.json","din_kind":"RELATIVE","din_start":600.0000006221554,"din_end":660.0000011913893,"din_rules":["Interventions","r1","r1_rev","r2","r3","r4","r5","r6"],"din_hits":[0,18517,18449,45748,1420111,1374330,1231283,1231293],"din_fluxs":[[0.0,0.0,0.0,0.0,0.0,0.0,0.0,0.0],[0.0,-0.0011410145756760315,0.018013250105390677,0.02721547201391644,0.0,-0.002114723870426049,0.0,0.0],[0.0,0.0011424167864868022,-0.017223572979788528,-0.033814993396883916,0.0,0.002793924075704509,0.0,0.0],[0.0,0.0,0.0,-0.08649162337471286,0.004863235487055729,0.0,0.0064692897273747624,0.0],[0.0,0.0,0.0,0.0031635887581316895,-0.004840830534343221,0.007156850757288877,-0.004841818172021285,0.0],[0.0,0.0,0.0,0.0,0.004864463848806394,-0.0073497144382568425,0.006031930101969775,0.0],[0.0,0.0,0.0,0.0,0.0,0.0,-0.0034884675557880925,0.004873941110616253],[0.0,0.0,0.0,0.0,0.0,0.0,0.002148924284124937,-0.004850212390214086]]}