{"din_name":"flux_level07057.json","din_kind":"RELATIVE","din_start":600.0000013490799,"din_end":660.0000209019895,"din_rules":["Interventions","r1","r1_rev","r2","r3","r4","r5","r6"],"din_hits":[0,542342,542131,389922,1682513,1292593,698745,698713],"din_fluxs":[[0.0,0.0,0.0,0.0,0.0,0.0,0.0,0.0],[0.0,-0.001363033462401615,0.004642406087637149,0.010809174178869618,0.0,-0.0025637685475607304,0.0,0.0],[0.0,0.0013649570975023055,-0.004536957290636679,-0.008975602397674582,0.0,0.0022503465302902786,0.0,0.0],[0.0,0.0,0.0,-0.08742518477042914,0.0025777780951515453,0.0,0.002674156728933641,0.0],[0.0,0.0,0.0,0.0215569143140115,-0.002571045591576412,0.01754512741888816,-0.0025711915321718205,0.0],[0.0,0.0,0.0,0.0,0.0025776439059057394,-0.022203584194907523,0.002687560975823553,0.0],[0.0,0.0,0.0,0.0,0.0,0.0,-0.0014805233617369974,0.008149707002619832],[0.0,0.0,0.0,0.0,0.0,0.0,0.0012275245470906384,-0.008083301678830517]]}