{"din_name":"flux_level03476.json","din_kind":"RELATIVE","din_start":600.00000513341,"din_end":660.0000093601157,"din_rules":["Interventions","r1","r1_rev","r2","r3","r4","r5","r6"],"din_hits":[0,115848,115614,94411,429234,334814,2257264,2257267],"din_fluxs":[[0.0,0.0,0.0,0.0,0.0,0.0,0.0,0.0],[0.0,-0.0013475535206264062,0.0048837425857895115,0.01103542767166286,0.0,-0.0025140741242795175,0.0,0.0],[0.0,0.0013496346987139478,-0.004739808728146591,-0.009357008706361232,0.0,0.0022682987325834715,0.0,0.0],[0.0,0.0,0.0,-0.0887534721338782,0.0025861846186018603,0.0,0.0038920988300464275,0.0],[0.0,0.0,0.0,0.020931945193969733,-0.0025793739687857914,0.017461694926693954,-0.0025795126727944416,0.0],[0.0,0.0,0.0,0.0,0.0025860088979510238,-0.021815764513139855,0.003974405485847329,0.0],[0.0,0.0,0.0,0.0,0.0,0.0,-0.002444438862597179,0.002446492677625087],[0.0,0.0,0.0,0.0,0.0,0.0,0.002190908326237776,-0.002440513476513515]]}