{"din_name":"flux_level09527.json","din_kind":"RELATIVE","din_start":600.0000077405174,"din_end":660.0000147107379,"din_rules":["Interventions","r1","r1_rev","r2","r3","r4","r5","r6"],"din_hits":[0,25883,25807,30797,428241,397427,1122480,1122540],"din_fluxs":[[0.0,0.0,0.0,0.0,0.0,0.0,0.0,0.0],[0.0,-0.001170739739199889,0.012449714875168355,0.018733542507479838,0.0,-0.0022153487728435203,0.0,0.0],[0.0,0.0011722656292694328,-0.0119509521020491,-0.023415124041594716,0.0,0.0030115540752104443,0.0,0.0],[0.0,0.0,0.0,-0.13473051715404294,0.0026703701753750314,0.0,0.0032949606116992455,0.0],[0.0,0.0,0.0,0.011523982143593368,-0.0026631232596073737,0.016891494398645547,-0.00266363549942177,0.0],[0.0,0.0,0.0,0.0,0.002670230003970637,-0.017925126038421352,0.0031982628540961956,0.0],[0.0,0.0,0.0,0.0,0.0,0.0,-0.0017719643140074548,0.0047662586103239995],[0.0,0.0,0.0,0.0,0.0,0.0,0.0015719483288205197,-0.004743561523197492]]}