{"din_name":"flux_level05062.json","din_kind":"RELATIVE","din_start":600.0000054016477,"din_end":660.000000459828,"din_rules":["Interventions","r1","r1_rev","r2","r3","r4","r5","r6"],"din_hits":[0,60844,60836,13171,2104913,2091728,2006472,2006461],"din_fluxs":[[0.0,0.0,0.0,0.0,0.0,0.0,0.0,0.0],[0.0,-0.0010952840692566251,0.06838366497666826,0.07218136246590602,0.0,-0.0020390752621911134,0.0,0.0],[0.0,0.0010964867298804565,-0.0627507455459064,-0.1170549856136878,0.0,0.004490999769990982,0.0,0.0],[0.0,0.0,0.0,-0.3877810552444329,0.002619915193186733,0.0,0.0035692461229900213,0.0],[0.0,0.0,0.0,0.006588143666768254,-0.00261263594147744,0.017648704747350127,-0.002612701260287617,0.0],[0.0,0.0,0.0,0.0,0.0026194792315251203,-0.017517948027680513,0.0030642880315572348,0.0],[0.0,0.0,0.0,0.0,0.0,0.0,-0.002392505341930688,0.00232205763687602],[0.0,0.0,0.0,0.0,0.0,0.0,0.0019320817600623405,-0.0023166714494043277]]}