{"din_name":"flux_level09041.json","din_kind":"RELATIVE","din_start":600.0002282504521,"din_end":660.0000259479301,"din_rules":["Interventions","r1","r1_rev","r2","r3","r4","r5","r6"],"din_hits":[0,78416,78381,892,201710,200821,59916,59905],"din_fluxs":[[0.0,0.0,0.0,0.0,0.0,0.0,0.0,0.0],[0.0,-0.0011087506357120838,0.03681519075497093,0.07179011930858012,0.0,-0.0020585203243256634,0.0,0.0],[0.0,0.0011099868456124137,-0.034882860630914926,-0.06848628338809956,0.0,0.0021240669143555214,0.0,0.0],[0.0,0.0,0.0,-0.13236312935064504,0.0494111117323407,0.0,0.06492480085196795,0.0],[0.0,0.0,0.0,0.0014998815554745268,-0.0472715500528703,0.00427442815725686,-0.047407715222047966,0.0],[0.0,0.0,0.0,0.0,0.0497452974939747,-0.0042987741522558095,0.06398212695939572,0.0],[0.0,0.0,0.0,0.0,0.0,0.0,-0.04284695418600478,0.003204091562419831],[0.0,0.0,0.0,0.0,0.0,0.0,0.0027487471736667795,-0.0031938238922842904]]}