{"din_name":"flux_level03091.json","din_kind":"RELATIVE","din_start":600.0000179582655,"din_end":660.0000333125887,"din_rules":["Interventions","r1","r1_rev","r2","r3","r4","r5","r6"],"din_hits":[0,167696,167638,98481,2270212,2171720,265638,265621],"din_fluxs":[[0.0,0.0,0.0,0.0,0.0,0.0,0.0,0.0],[0.0,-0.0011389039029289893,0.018440760718215887,0.024033822832650258,0.0,-0.0021106608175638724,0.0,0.0],[0.0,0.0011402129899578505,-0.01779418028964784,-0.03462917299607029,0.0,0.003414401057125045,0.0,0.0],[0.0,0.0,0.0,-0.1924888066074939,0.0025568708892666626,0.0,0.0031858586124234927,0.0],[0.0,0.0,0.0,0.011272926584540825,-0.0025507805998882973,0.01952279133474762,-0.0025557944509264447,0.0],[0.0,0.0,0.0,0.0,0.002557325432657135,-0.02009628948010198,0.0028515721848862835,0.0],[0.0,0.0,0.0,0.0,0.0,0.0,-0.011032626532290557,0.0011357158502580701],[0.0,0.0,0.0,0.0,0.0,0.0,0.008783722184388476,-0.0011344274957895647]]}