{"din_name":"flux_level01530.json","din_kind":"RELATIVE","din_start":600.0000430562751,"din_end":660.0000000842242,"din_rules":["Interventions","r1","r1_rev","r2","r3","r4","r5","r6"],"din_hits":[0,36796,36786,1063,1057647,1056575,1013486,1013498],"din_fluxs":[[0.0,0.0,0.0,0.0,0.0,0.0,0.0,0.0],[0.0,-0.0010890233437976609,0.11770504489689455,0.18410886010254823,0.0,-0.002006624561899464,0.0,0.0],[0.0,0.0010902121106028152,-0.10103080584526984,-0.18651998383562843,0.0,0.002876197473374647,0.0,0.0],[0.0,0.0,0.0,-0.40354262716225664,0.004411113755913913,0.0,0.005585193559699909,0.0],[0.0,0.0,0.0,0.003486279846037454,-0.0043798296910324466,0.007461326950645938,-0.004378717964107815,0.0],[0.0,0.0,0.0,0.0,0.004399117838024081,-0.007443096398779025,0.005335228672284439,0.0],[0.0,0.0,0.0,0.0,0.0,0.0,-0.002974382054620628,0.0056252722597618775],[0.0,0.0,0.0,0.0,0.0,0.0,0.002011039091893229,-0.005593653970985372]]}