{"din_name":"flux_level13496.json","din_kind":"RELATIVE","din_start":600.0000103136936,"din_end":660.0000002270014,"din_rules":["Interventions","r1","r1_rev","r2","r3","r4","r5","r6"],"din_hits":[0,3849,3825,70781,4116274,4045498,1461800,1461792],"din_fluxs":[[0.0,0.0,0.0,0.0,0.0,0.0,0.0,0.0],[0.0,-0.001105841286822535,0.04135704925375253,0.04275532311457508,0.0,-0.002144185118504067,0.0,0.0],[0.0,0.0011071604852514673,-0.03840832834585882,-0.07392860340640599,0.0,0.004571948360371652,0.0,0.0],[0.0,0.0,0.0,-0.2665151245846569,0.0026065914077418022,0.0,0.0031046834548343577,0.0],[0.0,0.0,0.0,0.006484868402002444,-0.00260002375804643,0.018215567464754546,-0.002600171210080693,0.0],[0.0,0.0,0.0,0.0,0.002606807506892673,-0.018197883316178047,0.002740586728702852,0.0],[0.0,0.0,0.0,0.0,0.0,0.0,-0.0018806819215859674,0.0033521593358781764],[0.0,0.0,0.0,0.0,0.0,0.0,0.0014951119283453625,-0.0033409352950742213]]}