{"din_name":"flux_level00751.json","din_kind":"RELATIVE","din_start":600.0000050026221,"din_end":660.0000010150413,"din_rules":["Interventions","r1","r1_rev","r2","r3","r4","r5","r6"],"din_hits":[0,249104,249049,173702,3829181,3655463,356576,356583],"din_fluxs":[[0.0,0.0,0.0,0.0,0.0,0.0,0.0,0.0],[0.0,-0.001146484457888829,0.01644635199926867,0.02297058503367912,0.0,-0.0021268098287532435,0.0,0.0],[0.0,0.0011478091717985963,-0.01590616135926268,-0.03129872774425948,0.0,0.0031221935348577055,0.0,0.0],[0.0,0.0,0.0,-0.12767516208259852,0.0029964546750823246,0.0,0.003088602879014246,0.0],[0.0,0.0,0.0,0.007271883190400855,-0.002987461420928528,0.012707766870574733,-0.0029876094450025986,0.0],[0.0,0.0,0.0,0.0,0.002996416727944027,-0.013202638019936758,0.003044605356016878,0.0],[0.0,0.0,0.0,0.0,0.0,0.0,-0.0017303586873230077,0.007641980538113707],[0.0,0.0,0.0,0.0,0.0,0.0,0.0012045232917976567,-0.007583656290207664]]}