{"din_name":"flux_level00459.json","din_kind":"RELATIVE","din_start":600.0000562498328,"din_end":660.0000101261382,"din_rules":["Interventions","r1","r1_rev","r2","r3","r4","r5","r6"],"din_hits":[0,76180,76145,1570,188639,187042,1080349,1080392],"din_fluxs":[[0.0,0.0,0.0,0.0,0.0,0.0,0.0,0.0],[0.0,-0.0011117434874279184,0.03339978744269076,0.05657468624816535,0.0,-0.002059603356889269,0.0,0.0],[0.0,0.001112987897109058,-0.031755441469616105,-0.06084946159983951,0.0,0.0026014796748599495,0.0,0.0],[0.0,0.0,0.0,-0.24228379505404757,0.003153299790865473,0.0,0.004151734128166325,0.0],[0.0,0.0,0.0,0.008541358850189572,-0.0031416259876062055,0.011220023556610625,-0.0031407666895077653,0.0],[0.0,0.0,0.0,0.0,0.003151509337213768,-0.01139981835095967,0.004117228907127131,0.0],[0.0,0.0,0.0,0.0,0.0,0.0,-0.0021376336372825166,0.005489851419994557],[0.0,0.0,0.0,0.0,0.0,0.0,0.0019740241197748302,-0.005459751367944705]]}