{"din_name":"flux_level01850.json","din_kind":"RELATIVE","din_start":600.0000037075066,"din_end":660.0000068841475,"din_rules":["Interventions","r1","r1_rev","r2","r3","r4","r5","r6"],"din_hits":[0,87443,87407,44107,2733341,2689232,928304,928313],"din_fluxs":[[0.0,0.0,0.0,0.0,0.0,0.0,0.0,0.0],[0.0,-0.0011127272420198312,0.032351308189269845,0.038727115462708926,0.0,-0.0020552118577872275,0.0,0.0],[0.0,0.0011139733005882176,-0.030794662295210606,-0.05980999598026635,0.0,0.003537099192823459,0.0,0.0],[0.0,0.0,0.0,-0.18503242433378217,0.0031445923255679843,0.0,0.004951883929599665,0.0],[0.0,0.0,0.0,0.004527654003178507,-0.0031352531825073705,0.01151796846836037,-0.0031367124535794442,0.0],[0.0,0.0,0.0,0.0,0.003145129440737056,-0.011618267691808038,0.003892974068359373,0.0],[0.0,0.0,0.0,0.0,0.0,0.0,-0.006369802488420859,0.0013684706374247077],[0.0,0.0,0.0,0.0,0.0,0.0,0.004212099968073997,-0.001366599589997841]]}