{"din_name":"flux_level09056.json","din_kind":"RELATIVE","din_start":600.0000077381193,"din_end":660.0000168080762,"din_rules":["Interventions","r1","r1_rev","r2","r3","r4","r5","r6"],"din_hits":[0,20346,20330,7844,1482706,1474870,647880,647884],"din_fluxs":[[0.0,0.0,0.0,0.0,0.0,0.0,0.0,0.0],[0.0,-0.001095803895116731,0.06606512004174012,0.07145843896135216,0.0,-0.0020084868824158985,0.0,0.0],[0.0,0.0010970132624330844,-0.060707077608504134,-0.11676155630889062,0.0,0.004004132981272521,0.0,0.0],[0.0,0.0,0.0,-0.29276050002278314,0.003162847378024625,0.0,0.004139441451091181,0.0],[0.0,0.0,0.0,0.0031895884009902316,-0.003152136779845141,0.01128314361486598,-0.0031515085990608334,0.0],[0.0,0.0,0.0,0.0,0.003162107163391488,-0.011242613674138376,0.003537292224639626,0.0],[0.0,0.0,0.0,0.0,0.0,0.0,-0.002672792881967198,0.0026134782666713896],[0.0,0.0,0.0,0.0,0.0,0.0,0.0018221224108249548,-0.0026066550660763634]]}