{"din_name":"flux_level01810.json","din_kind":"RELATIVE","din_start":600.0000069469758,"din_end":660.000001280137,"din_rules":["Interventions","r1","r1_rev","r2","r3","r4","r5","r6"],"din_hits":[0,46645,46630,17889,3644003,3626125,423492,423489],"din_fluxs":[[0.0,0.0,0.0,0.0,0.0,0.0,0.0,0.0],[0.0,-0.0010928313731291977,0.081239592401554,0.07947829849026759,0.0,-0.002016824083674309,0.0,0.0],[0.0,0.001094029143624261,-0.07355583886693433,-0.13726804639943557,0.0,0.004629390502255951,0.0,0.0],[0.0,0.0,0.0,-0.3761758592646237,0.0027713468814072766,0.0,0.0029111031690993374,0.0],[0.0,0.0,0.0,0.004418921315997697,-0.002764983719218162,0.014923832493810973,-0.0027651425049398303,0.0],[0.0,0.0,0.0,0.0,0.0027726597910663563,-0.014807938085936046,0.002819376722872204,0.0],[0.0,0.0,0.0,0.0,0.0,0.0,-0.0015801992141505803,0.008348042509339482],[0.0,0.0,0.0,0.0,0.0,0.0,0.0011834754620991224,-0.008278399497907084]]}