{"din_name":"flux_level10338.json","din_kind":"RELATIVE","din_start":600.000005132123,"din_end":660.0000903417514,"din_rules":["Interventions","r1","r1_rev","r2","r3","r4","r5","r6"],"din_hits":[0,756,749,6691,1535017,1528344,126141,126175],"din_fluxs":[[0.0,0.0,0.0,0.0,0.0,0.0,0.0,0.0],[0.0,-0.001089484774291069,0.11500746906750905,0.09307665631041658,0.0,-0.0019548455445658856,0.0,0.0],[0.0,0.0010907429508905074,-0.09827493034209371,-0.171289994834049,0.0,0.005532070195388691,0.0,0.0],[0.0,0.0,0.0,-0.42722350265701803,0.0026427364614219255,0.0,0.004361856716846456,0.0],[0.0,0.0,0.0,0.0038889184936142665,-0.0026361623483824566,0.01714333918410153,-0.002635424439562167,0.0],[0.0,0.0,0.0,0.0,0.002643134445722127,-0.016927581487107997,0.0027270621922646367,0.0],[0.0,0.0,0.0,0.0,0.0,0.0,-0.004265862415868712,0.001456547190768802],[0.0,0.0,0.0,0.0,0.0,0.0,0.0032645933559549353,-0.0014544240502794576]]}