{"din_name":"flux_level05278.json","din_kind":"RELATIVE","din_start":600.0000188314383,"din_end":660.0000048706121,"din_rules":["Interventions","r1","r1_rev","r2","r3","r4","r5","r6"],"din_hits":[0,580179,579906,1125443,3700454,2574991,734509,734502],"din_fluxs":[[0.0,0.0,0.0,0.0,0.0,0.0,0.0,0.0],[0.0,-0.0014724180776624922,0.0036335275260074053,0.009674604964684232,0.0,-0.002775789312345381,0.0,0.0],[0.0,0.0014746964589396646,-0.003552670927664841,-0.007037860726108184,0.0,0.002116227460376824,0.0,0.0],[0.0,0.0,0.0,-0.06868739975914143,0.0026620671219069157,0.0,0.00270777057976539,0.0],[0.0,0.0,0.0,0.021980469564544868,-0.0026548840902527867,0.014889197026622635,-0.002654809986263652,0.0],[0.0,0.0,0.0,0.0,0.0026619046704572436,-0.0208086088999351,0.00273985836926153,0.0],[0.0,0.0,0.0,0.0,0.0,0.0,-0.0015597636025137117,0.007021016208680271],[0.0,0.0,0.0,0.0,0.0,0.0,0.0012221225549770784,-0.006971769708798981]]}