{"din_name":"flux_level01683.json","din_kind":"RELATIVE","din_start":600.0000064228857,"din_end":660.0000713050671,"din_rules":["Interventions","r1","r1_rev","r2","r3","r4","r5","r6"],"din_hits":[0,56607,56404,81941,391967,310027,114703,114723],"din_fluxs":[[0.0,0.0,0.0,0.0,0.0,0.0,0.0,0.0],[0.0,-0.0013231469032036198,0.00531925936343256,0.011123931732005798,0.0,-0.0024767541311497034,0.0,0.0],[0.0,0.0013253565678265783,-0.005120305082175071,-0.010209355400338349,0.0,0.002358073968547981,0.0,0.0],[0.0,0.0,0.0,-0.037082742049822384,0.004652630995515308,0.0,0.004928338513157715,0.0],[0.0,0.0,0.0,0.007958320570019597,-0.004630246243834135,0.006897797434311555,-0.004631173684202257,0.0],[0.0,0.0,0.0,0.0,0.004651610635210545,-0.008622928378821629,0.004942758098499896,0.0],[0.0,0.0,0.0,0.0,0.0,0.0,-0.002576609723844366,0.014479616682148228],[0.0,0.0,0.0,0.0,0.0,0.0,0.0016090228889161502,-0.014270068481612122]]}