{"din_name":"flux_level05788.json","din_kind":"RELATIVE","din_start":600.0000068243031,"din_end":660.0000183896211,"din_rules":["Interventions","r1","r1_rev","r2","r3","r4","r5","r6"],"din_hits":[0,44551,44543,5693,1824258,1818557,1488150,1488119],"din_fluxs":[[0.0,0.0,0.0,0.0,0.0,0.0,0.0,0.0],[0.0,-0.0010902490729864924,0.10214611951134558,0.11440513271509227,0.0,-0.002019172790080492,0.0,0.0],[0.0,0.0010914404140904936,-0.09028121846501862,-0.1613059190307626,0.0,0.004603343587886115,0.0,0.0],[0.0,0.0,0.0,-0.47893353328335836,0.002632341774902284,0.0,0.003249017670607516,0.0],[0.0,0.0,0.0,0.00666423774818834,-0.0026261773349450534,0.017243895852429917,-0.002627160177700484,0.0],[0.0,0.0,0.0,0.0,0.0026330973396542345,-0.01706403230015089,0.002939510717368352,0.0],[0.0,0.0,0.0,0.0,0.0,0.0,-0.0019484556266632202,0.0032681549065348555],[0.0,0.0,0.0,0.0,0.0,0.0,0.0015792442535769817,-0.0032574816768242477]]}