{"din_name":"flux_level00963.json","din_kind":"RELATIVE","din_start":600.000005540386,"din_end":660.0000117628717,"din_rules":["Interventions","r1","r1_rev","r2","r3","r4","r5","r6"],"din_hits":[0,11146,11140,5086,1553986,1548902,1474112,1474097],"din_fluxs":[[0.0,0.0,0.0,0.0,0.0,0.0,0.0,0.0],[0.0,-0.0010904334824840202,0.09986010069422097,0.09644137121747749,0.0,-0.002040325641310754,0.0,0.0],[0.0,0.0010916286508237756,-0.08853110949569924,-0.16461980837495932,0.0,0.004677495515221788,0.0,0.0],[0.0,0.0,0.0,-0.3891511894103687,0.002920007497922952,0.0,0.0054567232562449264,0.0],[0.0,0.0,0.0,0.0031286480332941456,-0.0029102782713172,0.013156632471325674,-0.00291038791946607,0.0],[0.0,0.0,0.0,0.0,0.002918773310264795,-0.013045952069528292,0.003838297998443019,0.0],[0.0,0.0,0.0,0.0,0.0,0.0,-0.003662167073977886,0.001782349029258739],[0.0,0.0,0.0,0.0,0.0,0.0,0.00270940706198413,-0.0017791751864773128]]}