{"din_name":"flux_level07713.json","din_kind":"RELATIVE","din_start":600.0000993385444,"din_end":660.0000362946814,"din_rules":["Interventions","r1","r1_rev","r2","r3","r4","r5","r6"],"din_hits":[0,43291,43278,260,389063,388797,446214,446220],"din_fluxs":[[0.0,0.0,0.0,0.0,0.0,0.0,0.0,0.0],[0.0,-0.0010897194513327852,0.11083884710078525,0.21010759303078502,0.0,-0.0020200685218767253,0.0,0.0],[0.0,0.0010909096433432564,-0.09469216813172374,-0.1785211255576857,0.0,0.002210260638574569,0.0,0.0],[0.0,0.0,0.0,-0.3299003536317138,0.013754863788842785,0.0,0.019084488482830286,0.0],[0.0,0.0,0.0,0.002467361022084455,-0.013686116880479318,0.004730798928116636,-0.01366909037621963,0.0],[0.0,0.0,0.0,0.0,0.013878176650181703,-0.004732148976657112,0.01889307126717767,0.0],[0.0,0.0,0.0,0.0,0.0,0.0,-0.009671609169382978,0.013218610217611126],[0.0,0.0,0.0,0.0,0.0,0.0,0.00545203918534598,-0.013043743228874501]]}