{"din_name":"flux_level04100.json","din_kind":"RELATIVE","din_start":600.0000075713862,"din_end":660.0000077406162,"din_rules":["Interventions","r1","r1_rev","r2","r3","r4","r5","r6"],"din_hits":[0,115060,115036,7438,947774,940334,1353991,1354001],"din_fluxs":[[0.0,0.0,0.0,0.0,0.0,0.0,0.0,0.0],[0.0,-0.0011017562736224565,0.04823764412850156,0.06453075916004429,0.0,-0.002050099035520981,0.0,0.0],[0.0,0.0011029738060598592,-0.04520578164919493,-0.08403593458549118,0.0,0.00363349025796789,0.0,0.0],[0.0,0.0,0.0,-0.3803396739715584,0.002551778302387933,0.0,0.0037528179310788857,0.0],[0.0,0.0,0.0,0.010839363962399783,-0.0025448092587411516,0.019285971516621925,-0.0025423308149703817,0.0],[0.0,0.0,0.0,0.0,0.0025513001125370945,-0.01925266892123136,0.003360568299523408,0.0],[0.0,0.0,0.0,0.0,0.0,0.0,-0.003202070080148895,0.0017409369776670292],[0.0,0.0,0.0,0.0,0.0,0.0,0.0026463360053537053,-0.001737909444256958]]}