{"din_name":"flux_level01127.json","din_kind":"RELATIVE","din_start":600.0000051526557,"din_end":660.0000265532883,"din_rules":["Interventions","r1","r1_rev","r2","r3","r4","r5","r6"],"din_hits":[0,18890,18827,30329,618489,588151,951216,951237],"din_fluxs":[[0.0,0.0,0.0,0.0,0.0,0.0,0.0,0.0],[0.0,-0.0011493710106125527,0.01604992340330217,0.02211951986325467,0.0,-0.0021331772377802794,0.0,0.0],[0.0,0.001150820566098284,-0.01532756528655176,-0.029946440990403358,0.0,0.003098150429720426,0.0,0.0],[0.0,0.0,0.0,-0.11709903311879849,0.0030819803557321445,0.0,0.004527929862495723,0.0],[0.0,0.0,0.0,0.006794766271013664,-0.0030729516144217565,0.01205093499356438,-0.003072800240465578,0.0],[0.0,0.0,0.0,0.0,0.0030824540963561727,-0.012543832468793762,0.00411128495006277,0.0],[0.0,0.0,0.0,0.0,0.0,0.0,-0.0028224214733332423,0.002571022005336869],[0.0,0.0,0.0,0.0,0.0,0.0,0.0021519092507269575,-0.002564416704324445]]}