{"din_name":"flux_level05825.json","din_kind":"RELATIVE","din_start":600.0000038345024,"din_end":660.0000077734666,"din_rules":["Interventions","r1","r1_rev","r2","r3","r4","r5","r6"],"din_hits":[0,30294,30231,62933,1896886,1833962,583649,583629],"din_fluxs":[[0.0,0.0,0.0,0.0,0.0,0.0,0.0,0.0],[0.0,-0.0011296011339550567,0.021834323491264736,0.026677876874817014,0.0,-0.002070806618247861,0.0,0.0],[0.0,0.0011309163622127184,-0.020908014582104905,-0.040806371628755986,0.0,0.00346879445916549,0.0,0.0],[0.0,0.0,0.0,-0.15279484296429358,0.002929134384270222,0.0,0.003508653252621997,0.0],[0.0,0.0,0.0,0.006269783192067172,-0.0029210366650158576,0.013360466043346392,-0.0029213959130131497,0.0],[0.0,0.0,0.0,0.0,0.002929614533557411,-0.013652743497985675,0.0031426558508404405,0.0],[0.0,0.0,0.0,0.0,0.0,0.0,-0.0024848816433261224,0.0025243222361442377],[0.0,0.0,0.0,0.0,0.0,0.0,0.0017713021413745807,-0.0025179545553430283]]}