{"din_name":"flux_level02952.json","din_kind":"RELATIVE","din_start":600.000001792765,"din_end":660.000004174269,"din_rules":["Interventions","r1","r1_rev","r2","r3","r4","r5","r6"],"din_hits":[0,93791,93776,8653,2495512,2486868,383053,383044],"din_fluxs":[[0.0,0.0,0.0,0.0,0.0,0.0,0.0,0.0],[0.0,-0.0010962006515620568,0.06458876807892908,0.08809583765758026,0.0,-0.0020404278128557086,0.0,0.0],[0.0,0.001097405263177232,-0.05951125308689648,-0.11362146713775133,0.0,0.003157981315239488,0.0,0.0],[0.0,0.0,0.0,-0.27055547389654827,0.003902706386592301,0.0,0.0046141697531255545,0.0],[0.0,0.0,0.0,0.003101498606215601,-0.0038874913476496715,0.008426896418887123,-0.003887468373927679,0.0],[0.0,0.0,0.0,0.0,0.0039026817206095276,-0.008426528039304809,0.00429423156407832,0.0],[0.0,0.0,0.0,0.0,0.0,0.0,-0.005231128165675415,0.0016409089601888336],[0.0,0.0,0.0,0.0,0.0,0.0,0.0027906503853814177,-0.0016382196293179803]]}