{"din_name":"flux_level12657.json","din_kind":"RELATIVE","din_start":600.000011414591,"din_end":660.0000347753671,"din_rules":["Interventions","r1","r1_rev","r2","r3","r4","r5","r6"],"din_hits":[0,15507,15401,83518,786329,702811,844939,844961],"din_fluxs":[[0.0,0.0,0.0,0.0,0.0,0.0,0.0,0.0],[0.0,-0.0012129730273485624,0.008994586381145203,0.015350953820906059,0.0,-0.002266009435137472,0.0,0.0],[0.0,0.0012149785913713178,-0.00850007602237402,-0.016695515907100535,0.0,0.002614747727130486,0.0,0.0],[0.0,0.0,0.0,-0.07020739326841925,0.003406259322816869,0.0,0.00651128556423964,0.0],[0.0,0.0,0.0,0.008069540888963295,-0.003394555199437455,0.010100822305118329,-0.0033970420387198995,0.0],[0.0,0.0,0.0,0.0,0.003406111996093045,-0.01118219744366121,0.0059163976768977,0.0],[0.0,0.0,0.0,0.0,0.0,0.0,-0.0068436025319796,0.0014828176320243473],[0.0,0.0,0.0,0.0,0.0,0.0,0.004520853234546607,-0.0014806212768610973]]}