{"din_name":"flux_level09161.json","din_kind":"RELATIVE","din_start":600.0000334753465,"din_end":660.0000009157843,"din_rules":["Interventions","r1","r1_rev","r2","r3","r4","r5","r6"],"din_hits":[0,29833,29817,1412,464776,463359,1525862,1525889],"din_fluxs":[[0.0,0.0,0.0,0.0,0.0,0.0,0.0,0.0],[0.0,-0.001093374300227455,0.07843230199314004,0.10744173452348085,0.0,-0.002018388396987583,0.0,0.0],[0.0,0.001094574726157543,-0.07112568363582174,-0.13025427236561887,0.0,0.0036054145950743244,0.0,0.0],[0.0,0.0,0.0,-0.43023470223290305,0.0027957157835001513,0.0,0.004079937247546763,0.0],[0.0,0.0,0.0,0.0076866527414051295,-0.0027859233062177808,0.014502047897309972,-0.002787269828358507,0.0],[0.0,0.0,0.0,0.0,0.002793703394384382,-0.014436251076754274,0.0038043836595258802,0.0],[0.0,0.0,0.0,0.0,0.0,0.0,-0.0022412524418044142,0.0031890316096270226],[0.0,0.0,0.0,0.0,0.0,0.0,0.0019398135992369208,-0.0031788728020025765]]}