{"din_name":"flux_level04234.json","din_kind":"RELATIVE","din_start":600.000000852443,"din_end":660.0000476171874,"din_rules":["Interventions","r1","r1_rev","r2","r3","r4","r5","r6"],"din_hits":[0,22843,22823,3266,960489,957213,1544030,1544059],"din_fluxs":[[0.0,0.0,0.0,0.0,0.0,0.0,0.0,0.0],[0.0,-0.0010927129760805701,0.08214219554597002,0.09685122682761961,0.0,-0.0020437026992530514,0.0,0.0],[0.0,0.0010939118641254786,-0.07423497874746748,-0.13879394342092452,0.0,0.0038572018813864653,0.0,0.0],[0.0,0.0,0.0,-0.36052092376790845,0.0030892441244244066,0.0,0.004386907901489138,0.0],[0.0,0.0,0.0,0.004041698674724544,-0.003079386747462051,0.011701033653686821,-0.0030803919081007153,0.0],[0.0,0.0,0.0,0.0,0.003088903796692363,-0.011646675909781282,0.003935357812440676,0.0],[0.0,0.0,0.0,0.0,0.0,0.0,-0.002413025812718183,0.0033445762503166287],[0.0,0.0,0.0,0.0,0.0,0.0,0.0018946096183089336,-0.0033334001631407026]]}