{"din_name":"flux_level13606.json","din_kind":"RELATIVE","din_start":600.000014989711,"din_end":660.0000005112441,"din_rules":["Interventions","r1","r1_rev","r2","r3","r4","r5","r6"],"din_hits":[0,16437,16428,11680,2350731,2339023,1834632,1834696],"din_fluxs":[[0.0,0.0,0.0,0.0,0.0,0.0,0.0,0.0],[0.0,-0.0010944285221490993,0.07206163039827621,0.07381746774689431,0.0,-0.00202952793551536,0.0,0.0],[0.0,0.0010956338768820966,-0.06582298244519456,-0.12602808994746081,0.0,0.0042746908104827515,0.0,0.0],[0.0,0.0,0.0,-0.3021432249565359,0.0031230590734149443,0.0,0.005056856377038248,0.0],[0.0,0.0,0.0,0.0027667583546296236,-0.0031147201623545023,0.011534894373732793,-0.0031129610382893045,0.0],[0.0,0.0,0.0,0.0,0.003124465933498821,-0.011474806406755175,0.003859317421946944,0.0],[0.0,0.0,0.0,0.0,0.0,0.0,-0.0031608291373613753,0.002159511110966704],[0.0,0.0,0.0,0.0,0.0,0.0,0.002227580380453575,-0.0021548507767432507]]}