{"din_name":"flux_level03309.json","din_kind":"RELATIVE","din_start":600.000005640914,"din_end":660.0000059790633,"din_rules":["Interventions","r1","r1_rev","r2","r3","r4","r5","r6"],"din_hits":[0,35251,35232,23873,3334285,3310415,1925769,1925792],"din_fluxs":[[0.0,0.0,0.0,0.0,0.0,0.0,0.0,0.0],[0.0,-0.001099474602100604,0.05388624397557936,0.06044238056098158,0.0,-0.0020470448272696534,0.0,0.0],[0.0,0.0011006909143192482,-0.05015715970683126,-0.09629903837144445,0.0,0.0038088625643122754,0.0,0.0],[0.0,0.0,0.0,-0.23932154842670292,0.003338420702080054,0.0,0.004638572458482638,0.0],[0.0,0.0,0.0,0.002812306194085873,-0.0033290904569037343,0.010366979034058782,-0.003328113076771646,0.0],[0.0,0.0,0.0,0.0,0.0033402326160382567,-0.010352024108709374,0.003882307347337158,0.0],[0.0,0.0,0.0,0.0,0.0,0.0,-0.0028128900613975365,0.002722979508538934],[0.0,0.0,0.0,0.0,0.0,0.0,0.0018796419786604162,-0.002715572416964288]]}