{"din_name":"flux_level07667.json","din_kind":"RELATIVE","din_start":600.0000132711812,"din_end":660.0000021401981,"din_rules":["Interventions","r1","r1_rev","r2","r3","r4","r5","r6"],"din_hits":[0,546369,546216,157126,1294516,1137366,1343891,1343926],"din_fluxs":[[0.0,0.0,0.0,0.0,0.0,0.0,0.0,0.0],[0.0,-0.0012323703659116638,0.007747225117752788,0.014269828225645017,0.0,-0.0022974982256975616,0.0,0.0],[0.0,0.0012339103277334224,-0.0075552463273428384,-0.01494985282830019,0.0,0.002526874173449359,0.0,0.0],[0.0,0.0,0.0,-0.08305890170302327,0.002968603858399166,0.0,0.004102056453538589,0.0],[0.0,0.0,0.0,0.011446240743881191,-0.0029597831463813768,0.012647224456477492,-0.002961225930154746,0.0],[0.0,0.0,0.0,0.0,0.002968571724113509,-0.01429387741953101,0.00402511744993543,0.0],[0.0,0.0,0.0,0.0,0.0,0.0,-0.00376319178540013,0.001785345522051175],[0.0,0.0,0.0,0.0,0.0,0.0,0.0027605851347235542,-0.0017821611323721295]]}