{"din_name":"flux_level00071.json","din_kind":"RELATIVE","din_start":600.0000057350372,"din_end":660.0000030336291,"din_rules":["Interventions","r1","r1_rev","r2","r3","r4","r5","r6"],"din_hits":[0,67792,67783,13114,3620995,3607890,1065521,1065535],"din_fluxs":[[0.0,0.0,0.0,0.0,0.0,0.0,0.0,0.0],[0.0,-0.0010907766363764365,0.10012622689484872,0.10035461102665388,0.0,-0.0020030139761937037,0.0,0.0],[0.0,0.0010919687712017613,-0.08647126596263743,-0.15789123245245373,0.0,0.004741574571018122,0.0,0.0],[0.0,0.0,0.0,-0.44710049310375094,0.002667214584765188,0.0,0.0034781848549873904,0.0],[0.0,0.0,0.0,0.005796239505654755,-0.002659670532942703,0.016602032501858863,-0.0026599808176208375,0.0],[0.0,0.0,0.0,0.0,0.0026667643686877794,-0.01643831173864553,0.0029303293947809824,0.0],[0.0,0.0,0.0,0.0,0.0,0.0,-0.0036801406994259427,0.0015911892533534543],[0.0,0.0,0.0,0.0,0.0,0.0,0.0028151969413147196,-0.0015886594607530302]]}