{"din_name":"flux_level06468.json","din_kind":"RELATIVE","din_start":600.0000465401299,"din_end":660.0000411382139,"din_rules":["Interventions","r1","r1_rev","r2","r3","r4","r5","r6"],"din_hits":[0,493657,493571,5451,108694,103223,37111,37115],"din_fluxs":[[0.0,0.0,0.0,0.0,0.0,0.0,0.0,0.0],[0.0,-0.0011797644960259734,0.011292840819845298,0.021991695498138685,0.0,-0.0021983729193314665,0.0,0.0],[0.0,0.0011811677868871677,-0.010978716743878026,-0.02179303161652293,0.0,0.002247602167404851,0.0,0.0],[0.0,0.0,0.0,-0.05304130946037483,0.009746408502154734,0.0,0.010034855963162245,0.0],[0.0,0.0,0.0,0.004752654946009164,-0.009652993985827207,0.005104817122937318,-0.009655267590615234,0.0],[0.0,0.0,0.0,0.0,0.00974780283073969,-0.005550427150007998,0.010034318821855452,0.0],[0.0,0.0,0.0,0.0,0.0,0.0,-0.0049766647420169405,0.19915327740219838],[0.0,0.0,0.0,0.0,0.0,0.0,0.004177707023249985,-0.1347613909316131]]}