{"din_name":"flux_level01015.json","din_kind":"RELATIVE","din_start":600.0000129005318,"din_end":660.0000092450156,"din_rules":["Interventions","r1","r1_rev","r2","r3","r4","r5","r6"],"din_hits":[0,240361,240248,157382,1567841,1410440,1606699,1606735],"din_fluxs":[[0.0,0.0,0.0,0.0,0.0,0.0,0.0,0.0],[0.0,-0.0012042638246181256,0.009276370719370456,0.015620043916432479,0.0,-0.0022190867487284585,0.0,0.0],[0.0,0.0012057463170720537,-0.009025549725356163,-0.01781193657666801,0.0,0.0027212713158801154,0.0,0.0],[0.0,0.0,0.0,-0.11806757060353863,0.0026584828290751425,0.0,0.003518167415021049,0.0],[0.0,0.0,0.0,0.013806618165038536,-0.002651522117555487,0.016925923295017884,-0.0026526337953425437,0.0],[0.0,0.0,0.0,0.0,0.002658584174510913,-0.018549934570360097,0.003364663237394677,0.0],[0.0,0.0,0.0,0.0,0.0,0.0,-0.003302271460973477,0.0017517498819357752],[0.0,0.0,0.0,0.0,0.0,0.0,0.0026165540276996547,-0.0017486828350892223]]}