{"din_name":"flux_level11954.json","din_kind":"RELATIVE","din_start":600.0000128692967,"din_end":660.0000054286518,"din_rules":["Interventions","r1","r1_rev","r2","r3","r4","r5","r6"],"din_hits":[0,265026,264965,86676,2135591,2048888,478412,478403],"din_fluxs":[[0.0,0.0,0.0,0.0,0.0,0.0,0.0,0.0],[0.0,-0.0011413937870161607,0.017719004309666192,0.024511429510436663,0.0,-0.0021163919154658997,0.0,0.0],[0.0,0.0011427052681868921,-0.01711735425779319,-0.03333152759402063,0.0,0.003164303467845647,0.0,0.0],[0.0,0.0,0.0,-0.15988570818072964,0.002758707507516992,0.0,0.002883011745808282,0.0],[0.0,0.0,0.0,0.009075745970685863,-0.002751265025547574,0.015353213251930224,-0.002751779738130965,0.0],[0.0,0.0,0.0,0.0,0.0027588660027558663,-0.01588148465494849,0.0028403901245182676,0.0],[0.0,0.0,0.0,0.0,0.0,0.0,-0.0015821795762084386,0.008176768777206116],[0.0,0.0,0.0,0.0,0.0,0.0,0.0012183939083764007,-0.008109976164385026]]}