{"din_name":"flux_level11899.json","din_kind":"RELATIVE","din_start":600.0000039150073,"din_end":660.0000204542682,"din_rules":["Interventions","r1","r1_rev","r2","r3","r4","r5","r6"],"din_hits":[0,26242,26205,75726,3632862,3557120,251460,251463],"din_fluxs":[[0.0,0.0,0.0,0.0,0.0,0.0,0.0,0.0],[0.0,-0.001114047121568501,0.03117397037106479,0.03432101306852688,0.0,-0.0020608655957955364,0.0,0.0],[0.0,0.0011153129832104415,-0.02962895545565935,-0.05759867036847113,0.0,0.0038949088787030408,0.0,0.0],[0.0,0.0,0.0,-0.19592778465074034,0.002863732252445033,0.0,0.0029572558625446973,0.0],[0.0,0.0,0.0,0.005326440882771351,-0.002856095659196446,0.014015823303490575,-0.002855981452986639,0.0],[0.0,0.0,0.0,0.0,0.002864292132136813,-0.014124841871717479,0.00289212550705092,0.0],[0.0,0.0,0.0,0.0,0.0,0.0,-0.0015423396376009317,0.014282278075390765],[0.0,0.0,0.0,0.0,0.0,0.0,0.0011265202102350947,-0.014078473114717882]]}