{"din_name":"flux_level08795.json","din_kind":"RELATIVE","din_start":600.0000016151455,"din_end":660.0000058474023,"din_rules":["Interventions","r1","r1_rev","r2","r3","r4","r5","r6"],"din_hits":[0,94761,94730,31045,1870649,1839604,1936502,1936480],"din_fluxs":[[0.0,0.0,0.0,0.0,0.0,0.0,0.0,0.0],[0.0,-0.0011116062110489995,0.03353169555441516,0.039175324937997025,0.0,-0.002069342505154914,0.0,0.0],[0.0,0.0011128489355585586,-0.03188123821687678,-0.06159296600400952,0.0,0.003725464115052647,0.0,0.0],[0.0,0.0,0.0,-0.22549778752643782,0.0028031046266901284,0.0,0.003971448915555461,0.0],[0.0,0.0,0.0,0.006360684552166415,-0.0027957652391093065,0.014658704092845112,-0.0027956587317186535,0.0],[0.0,0.0,0.0,0.0,0.0028036156145471005,-0.01476958840801549,0.003465951335636107,0.0],[0.0,0.0,0.0,0.0,0.0,0.0,-0.0027819111530053313,0.002166572540837676],[0.0,0.0,0.0,0.0,0.0,0.0,0.00214643503526761,-0.0021618831286365535]]}