{"din_name":"flux_level13939.json","din_kind":"RELATIVE","din_start":600.0000031667142,"din_end":660.000003724543,"din_rules":["Interventions","r1","r1_rev","r2","r3","r4","r5","r6"],"din_hits":[0,248653,248609,111117,4207421,4096293,601785,601791],"din_fluxs":[[0.0,0.0,0.0,0.0,0.0,0.0,0.0,0.0],[0.0,-0.001122926773157193,0.02490053223241793,0.030651227601812166,0.0,-0.002078767254359679,0.0,0.0],[0.0,0.0011241930449815533,-0.02389056152632096,-0.04635504455522219,0.0,0.0035371704025597525,0.0,0.0],[0.0,0.0,0.0,-0.19386626655803343,0.0027532519159868376,0.0,0.0034732252565161706,0.0],[0.0,0.0,0.0,0.0075169321520081045,-0.002745877692330779,0.015438819317623914,-0.0027411422093297708,0.0],[0.0,0.0,0.0,0.0,0.0027534465830259523,-0.015695513470976585,0.003101623765543356,0.0],[0.0,0.0,0.0,0.0,0.0,0.0,-0.008848628674502514,0.001192680936053804],[0.0,0.0,0.0,0.0,0.0,0.0,0.006542299051392416,-0.0011912597772568364]]}