{"din_name":"flux_level12797.json","din_kind":"RELATIVE","din_start":600.0000006692296,"din_end":660.0000729611401,"din_rules":["Interventions","r1","r1_rev","r2","r3","r4","r5","r6"],"din_hits":[0,5681,5665,362,151934,151564,1475185,1475213],"din_fluxs":[[0.0,0.0,0.0,0.0,0.0,0.0,0.0,0.0],[0.0,-0.0010904242855859759,0.1011549863039956,0.1280200862571062,0.0,-0.0020587521070674778,0.0,0.0],[0.0,0.0010916254006135787,-0.08922414277886238,-0.15941718772928487,0.0,0.004071037245417423,0.0,0.0],[0.0,0.0,0.0,-0.4747691698958641,0.002750599241003525,0.0,0.0050873726109950945,0.0],[0.0,0.0,0.0,0.006991340152171069,-0.0027405346574860567,0.015151556777799786,-0.0027438726590864526,0.0],[0.0,0.0,0.0,0.0,0.0027480629276353833,-0.015033100624406928,0.004731131204778254,0.0],[0.0,0.0,0.0,0.0,0.0,0.0,-0.0026441827824730995,0.0026332554005624735],[0.0,0.0,0.0,0.0,0.0,0.0,0.0024479741278395973,-0.0026263274867397873]]}