{"din_name":"flux_level10579.json","din_kind":"RELATIVE","din_start":600.0000001151394,"din_end":660.0000119703348,"din_rules":["Interventions","r1","r1_rev","r2","r3","r4","r5","r6"],"din_hits":[0,62198,62186,10497,3287228,3276734,1412568,1412573],"din_fluxs":[[0.0,0.0,0.0,0.0,0.0,0.0,0.0,0.0],[0.0,-0.0010897144129667176,0.10971325578587071,0.11458367428858197,0.0,-0.0020149546839915763,0.0,0.0],[0.0,0.0010909041924737622,-0.09497113334457548,-0.16932226162708008,0.0,0.004868502141622464,0.0,0.0],[0.0,0.0,0.0,-0.48787828362117236,0.002609730054583283,0.0,0.003214827830708329,0.0],[0.0,0.0,0.0,0.006513400016319319,-0.0026040549427242027,0.01774081156059179,-0.0026038475202868976,0.0],[0.0,0.0,0.0,0.0,0.002610859700851408,-0.017537756513004262,0.002829145797063062,0.0],[0.0,0.0,0.0,0.0,0.0,0.0,-0.002369443491785216,0.0022803473123356923],[0.0,0.0,0.0,0.0,0.0,0.0,0.0018709491449889375,-0.002275152811390506]]}