{"din_name":"flux_level00775.json","din_kind":"RELATIVE","din_start":600.0000022915583,"din_end":660.0000227454888,"din_rules":["Interventions","r1","r1_rev","r2","r3","r4","r5","r6"],"din_hits":[0,1257382,1257160,231238,889092,657845,314364,314379],"din_fluxs":[[0.0,0.0,0.0,0.0,0.0,0.0,0.0,0.0],[0.0,-0.00137976147961578,0.004435341968937305,0.010043262208245297,0.0,-0.0025909513547813317,0.0,0.0],[0.0,0.001381698448324028,-0.004340180993002606,-0.008596561996645628,0.0,0.0023154544922212436,0.0,0.0],[0.0,0.0,0.0,-0.06879631822386534,0.002741154675620412,0.0,0.0035473815521245887,0.0],[0.0,0.0,0.0,0.01741731829823853,-0.0027337353357595713,0.014508061023893867,-0.0027263822175168334,0.0],[0.0,0.0,0.0,0.0,0.002741260295756922,-0.018692224361949276,0.0035768206357806574,0.0],[0.0,0.0,0.0,0.0,0.0,0.0,-0.008800250509259689,0.00120279905770195],[0.0,0.0,0.0,0.0,0.0,0.0,0.0065784788773703955,-0.0012013533403539888]]}