{"din_name":"flux_level09592.json","din_kind":"RELATIVE","din_start":600.0000011267067,"din_end":660.0000031917307,"din_rules":["Interventions","r1","r1_rev","r2","r3","r4","r5","r6"],"din_hits":[0,583705,583599,185884,2053725,1867843,1773843,1773866],"din_fluxs":[[0.0,0.0,0.0,0.0,0.0,0.0,0.0,0.0],[0.0,-0.0011971198470303746,0.009771609686352593,0.01649085199634885,0.0,-0.0022290799856086907,0.0,0.0],[0.0,0.001198565970635256,-0.009513464026888919,-0.018733492404119485,0.0,0.0027032585813274003,0.0,0.0],[0.0,0.0,0.0,-0.11248590859196722,0.0027533941070605056,0.0,0.003293280251491508,0.0],[0.0,0.0,0.0,0.012277852410110507,-0.0027456815135190296,0.015294446995623883,-0.0027463615604442176,0.0],[0.0,0.0,0.0,0.0,0.002753229353475128,-0.016680342522383516,0.003211563078736753,0.0],[0.0,0.0,0.0,0.0,0.0,0.0,-0.00238620018498267,0.0025175930312313875],[0.0,0.0,0.0,0.0,0.0,0.0,0.0018575596113953612,-0.002511260061013275]]}