{"din_name":"flux_level10124.json","din_kind":"RELATIVE","din_start":600.0000054099452,"din_end":660.0000133481876,"din_rules":["Interventions","r1","r1_rev","r2","r3","r4","r5","r6"],"din_hits":[0,93038,93017,1485,509990,508495,1423655,1423644],"din_fluxs":[[0.0,0.0,0.0,0.0,0.0,0.0,0.0,0.0],[0.0,-0.001097737871813854,0.059108065073161624,0.10089048730925752,0.0,-0.0020302589509213764,0.0,0.0],[0.0,0.001098946178518551,-0.05476672318199714,-0.10309724823492585,0.0,0.002696466341016501,0.0,0.0],[0.0,0.0,0.0,-0.3407534373346865,0.003351438692489308,0.0,0.004805065928426156,0.0],[0.0,0.0,0.0,0.007489722002527473,-0.0033383227546219126,0.010131167708321155,-0.003337637135067541,0.0],[0.0,0.0,0.0,0.0,0.0033495099313088504,-0.010176566658912905,0.004669922338432604,0.0],[0.0,0.0,0.0,0.0,0.0,0.0,-0.0026439307523923416,0.003733936410647459],[0.0,0.0,0.0,0.0,0.0,0.0,0.002179705299827442,-0.00372000867694351]]}