{"din_name":"flux_level02734.json","din_kind":"RELATIVE","din_start":600.0000008040283,"din_end":660.0000177368538,"din_rules":["Interventions","r1","r1_rev","r2","r3","r4","r5","r6"],"din_hits":[0,103888,103866,17529,2085577,2068035,1498822,1498806],"din_fluxs":[[0.0,0.0,0.0,0.0,0.0,0.0,0.0,0.0],[0.0,-0.0010991196712063494,0.05468690957606118,0.06055397187071645,0.0,-0.0020434657656586276,0.0,0.0],[0.0,0.0011003310831591724,-0.05091773177654991,-0.09519245596380321,0.0,0.004257172739324011,0.0,0.0],[0.0,0.0,0.0,-0.36818173871336074,0.0025600895561189684,0.0,0.0032383769767779565,0.0],[0.0,0.0,0.0,0.0081600760540061,-0.0025539013756868604,0.019131492424663315,-0.00255564950765175,0.0],[0.0,0.0,0.0,0.0,0.0025604457727241487,-0.019034446294019545,0.002901837853820769,0.0],[0.0,0.0,0.0,0.0,0.0,0.0,-0.002463334294954216,0.002149558440551794],[0.0,0.0,0.0,0.0,0.0,0.0,0.0019978149616404284,-0.0021449420383896673]]}