{"din_name":"flux_level08349.json","din_kind":"RELATIVE","din_start":600.000003714441,"din_end":660.0000291537986,"din_rules":["Interventions","r1","r1_rev","r2","r3","r4","r5","r6"],"din_hits":[0,36981,36948,26342,1725626,1699279,536882,536880],"din_fluxs":[[0.0,0.0,0.0,0.0,0.0,0.0,0.0,0.0],[0.0,-0.001116180767046251,0.029400477025376334,0.039311664829264174,0.0,-0.002074320826596108,0.0,0.0],[0.0,0.0011174466189603524,-0.028018391210012244,-0.054931020090709555,0.0,0.003145209722979409,0.0,0.0],[0.0,0.0,0.0,-0.13839195904119994,0.004083223401441593,0.0,0.005774834115012793,0.0],[0.0,0.0,0.0,0.002879829867959203,-0.004067060871833747,0.008200003528196248,-0.004068111853310993,0.0],[0.0,0.0,0.0,0.0,0.004083700008633091,-0.008281156377030413,0.004746866157997915,0.0],[0.0,0.0,0.0,0.0,0.0,0.0,-0.004531207751689585,0.0019581498739622213],[0.0,0.0,0.0,0.0,0.0,0.0,0.002411428712446033,-0.0019543195846968625]]}