{"din_name":"flux_level08437.json","din_kind":"RELATIVE","din_start":600.0000044957662,"din_end":660.0000035538998,"din_rules":["Interventions","r1","r1_rev","r2","r3","r4","r5","r6"],"din_hits":[0,4781,4744,61477,2812093,2750627,416313,416324],"din_fluxs":[[0.0,0.0,0.0,0.0,0.0,0.0,0.0,0.0],[0.0,-0.0011124597280694473,0.03302288262993518,0.03493123705262029,0.0,-0.0020505786263971086,0.0,0.0],[0.0,0.0011138152290411096,-0.030877376666634305,-0.060150002223089055,0.0,0.004173777014827674,0.0,0.0],[0.0,0.0,0.0,-0.2257067988404473,0.0026708536009039923,0.0,0.002800267702545229,0.0],[0.0,0.0,0.0,0.006537291941462549,-0.0026640887099731903,0.016898711462982413,-0.0026638419650712258,0.0],[0.0,0.0,0.0,0.0,0.00267121570561149,-0.016985468704857894,0.002715685661254432,0.0],[0.0,0.0,0.0,0.0,0.0,0.0,-0.001465714821605579,0.01161569651528668],[0.0,0.0,0.0,0.0,0.0,0.0,0.0011561157925472085,-0.011480868798399664]]}