{"din_name":"flux_level03327.json","din_kind":"RELATIVE","din_start":600.0000000745836,"din_end":660.0000020986441,"din_rules":["Interventions","r1","r1_rev","r2","r3","r4","r5","r6"],"din_hits":[0,324130,324067,35017,999968,964914,1290760,1290789],"din_fluxs":[[0.0,0.0,0.0,0.0,0.0,0.0,0.0,0.0],[0.0,-0.0011523268837537821,0.015188776528305256,0.025949036476005573,0.0,-0.0021426696382688053,0.0,0.0],[0.0,0.0011536643045109312,-0.014709272683819085,-0.029097051723339862,0.0,0.002514610524330106,0.0,0.0],[0.0,0.0,0.0,-0.08037517763331076,0.005134565973938263,0.0,0.007325132873086183,0.0],[0.0,0.0,0.0,0.004472177913722273,-0.005105512028348538,0.006798135164307656,-0.005114271534600049,0.0],[0.0,0.0,0.0,0.0,0.005131685024615223,-0.007116837253080532,0.007141471582655418,0.0],[0.0,0.0,0.0,0.0,0.0,0.0,-0.004162035616675481,0.004176888508165734],[0.0,0.0,0.0,0.0,0.0,0.0,0.002635822983929942,-0.004159449953745379]]}