{"din_name":"flux_level13445.json","din_kind":"RELATIVE","din_start":600.0000169125329,"din_end":660.000012260893,"din_rules":["Interventions","r1","r1_rev","r2","r3","r4","r5","r6"],"din_hits":[0,28534,28496,42047,2081647,2039587,712256,712209],"din_fluxs":[[0.0,0.0,0.0,0.0,0.0,0.0,0.0,0.0],[0.0,-0.0011204680235985887,0.026454860014358438,0.03451235840869488,0.0,-0.0020899506039979946,0.0,0.0],[0.0,0.0011217548460769168,-0.025250132274051828,-0.04951056875975225,0.0,0.0032463952098946936,0.0,0.0],[0.0,0.0,0.0,-0.1344813814385813,0.0037163888103686035,0.0,0.0050874345021283745,0.0],[0.0,0.0,0.0,0.0033998739423325005,-0.0037032823273582664,0.009100524240351748,-0.003703482099271732,0.0],[0.0,0.0,0.0,0.0,0.003717076996361132,-0.009218403185690883,0.0042336819259384244,0.0],[0.0,0.0,0.0,0.0,0.0,0.0,-0.0036596359655638806,0.002183904398149098],[0.0,0.0,0.0,0.0,0.0,0.0,0.0021364062403786627,-0.0021791433183152064]]}