{"din_name":"flux_level07631.json","din_kind":"RELATIVE","din_start":600.0000001543323,"din_end":660.0000020577393,"din_rules":["Interventions","r1","r1_rev","r2","r3","r4","r5","r6"],"din_hits":[0,80224,80210,10552,2104495,2093941,1935658,1935653],"din_fluxs":[[0.0,0.0,0.0,0.0,0.0,0.0,0.0,0.0],[0.0,-0.0010935418767624827,0.07708289605925146,0.08613750239052471,0.0,-0.0020142262443546555,0.0,0.0],[0.0,0.0010947404255929744,-0.07008870036853321,-0.12772083620390162,0.0,0.004550846356790073,0.0,0.0],[0.0,0.0,0.0,-0.4520764083037572,0.002533976413567857,0.0,0.0035289618681672826,0.0],[0.0,0.0,0.0,0.008473248875311331,-0.0025276572101823737,0.019787161951859637,-0.0025273451087849895,0.0],[0.0,0.0,0.0,0.0,0.0025340648400866304,-0.01959125839998295,0.0030174548169141853,0.0],[0.0,0.0,0.0,0.0,0.0,0.0,-0.002858180549413005,0.001856261680192612],[0.0,0.0,0.0,0.0,0.0,0.0,0.002342884528489403,-0.0018528194020790635]]}