{"din_name":"flux_level08367.json","din_kind":"RELATIVE","din_start":600.0000010310566,"din_end":660.0000009444298,"din_rules":["Interventions","r1","r1_rev","r2","r3","r4","r5","r6"],"din_hits":[0,86506,86478,2125,390288,388148,1065804,1065800],"din_fluxs":[[0.0,0.0,0.0,0.0,0.0,0.0,0.0,0.0],[0.0,-0.001101048619239271,0.04983866101848703,0.08331563998073246,0.0,-0.0020695592860888474,0.0,0.0],[0.0,0.0011022649548095489,-0.04662200784302329,-0.08684086245029388,0.0,0.0031279920504140722,0.0,0.0],[0.0,0.0,0.0,-0.4113842159146889,0.002603636829262126,0.0,0.004078001317524475,0.0],[0.0,0.0,0.0,0.013107176046134058,-0.00259552748200828,0.017850088375261378,-0.0026028654965875244,0.0],[0.0,0.0,0.0,0.0,0.0026022786431240904,-0.0178558941594947,0.0038449278037752917,0.0],[0.0,0.0,0.0,0.0,0.0,0.0,-0.002907248721437889,0.001985788939151156],[0.0,0.0,0.0,0.0,0.0,0.0,0.002465281853919751,-0.0019818494831392542]]}