{"din_name":"flux_level08601.json","din_kind":"RELATIVE","din_start":600.0000051269326,"din_end":660.0000031728664,"din_rules":["Interventions","r1","r1_rev","r2","r3","r4","r5","r6"],"din_hits":[0,20929,20913,9526,1684624,1675085,1059089,1059083],"din_fluxs":[[0.0,0.0,0.0,0.0,0.0,0.0,0.0,0.0],[0.0,-0.0010959363670076396,0.06686009591612961,0.07059118202724642,0.0,-0.002015303713709141,0.0,0.0],[0.0,0.0010971459263067755,-0.06055415590944135,-0.11484361650555104,0.0,0.004043109199954385,0.0,0.0],[0.0,0.0,0.0,-0.2919477074089221,0.0031197585563232763,0.0,0.004121292370923747,0.0],[0.0,0.0,0.0,0.0032329060464166607,-0.003108926488648559,0.011573491049804546,-0.0031091078570755254,0.0],[0.0,0.0,0.0,0.0,0.0031186219937015284,-0.011529904796155142,0.0035625848449950133,0.0],[0.0,0.0,0.0,0.0,0.0,0.0,-0.0024256170641839573,0.00308121044950686],[0.0,0.0,0.0,0.0,0.0,0.0,0.001726168974319485,-0.003071727007451198]]}