{"din_name":"flux_level07700.json","din_kind":"RELATIVE","din_start":600.0000136886456,"din_end":660.0000133805668,"din_rules":["Interventions","r1","r1_rev","r2","r3","r4","r5","r6"],"din_hits":[0,278436,278391,16371,735536,719145,1849230,1849230],"din_fluxs":[[0.0,0.0,0.0,0.0,0.0,0.0,0.0,0.0],[0.0,-0.0011317680476598045,0.02082172660395246,0.03326880271308066,0.0,-0.0020961526135343843,0.0,0.0],[0.0,0.0011330553113281382,-0.020055456463074054,-0.039175454996967986,0.0,0.0027156898367552583,0.0,0.0],[0.0,0.0,0.0,-0.1580262916703716,0.0031763111115995207,0.0,0.005022431182217715,0.0],[0.0,0.0,0.0,0.007737625586766032,-0.00316508027420192,0.01118231452073655,-0.003172543962893429,0.0],[0.0,0.0,0.0,0.0,0.0031751109425061878,-0.011538963881367466,0.004865558523155654,0.0],[0.0,0.0,0.0,0.0,0.0,0.0,-0.003145898248338114,0.0025178652734111203],[0.0,0.0,0.0,0.0,0.0,0.0,0.0024884415627016107,-0.002511532196239679]]}