{"din_name":"flux_level08780.json","din_kind":"RELATIVE","din_start":600.0000262450752,"din_end":660.0000066176034,"din_rules":["Interventions","r1","r1_rev","r2","r3","r4","r5","r6"],"din_hits":[0,196159,196100,19379,934642,915245,1405181,1405224],"din_fluxs":[[0.0,0.0,0.0,0.0,0.0,0.0,0.0,0.0],[0.0,-0.0011297590580572074,0.02161756426582483,0.03409808905063314,0.0,-0.002103325365269856,0.0,0.0],[0.0,0.0011310430656209555,-0.020802150529848563,-0.04089404665439477,0.0,0.002711415646569706,0.0,0.0],[0.0,0.0,0.0,-0.12369889182250432,0.003993905855058148,0.0,0.005683268643630078,0.0],[0.0,0.0,0.0,0.0049259204520141295,-0.003979444621052742,0.008302060896473612,-0.003980013847169892,0.0],[0.0,0.0,0.0,0.0,0.003995397836089231,-0.008533479848042943,0.0054872820834111855,0.0],[0.0,0.0,0.0,0.0,0.0,0.0,-0.003297250158797594,0.003530224788513775],[0.0,0.0,0.0,0.0,0.0,0.0,0.0023194288565627557,-0.0035177718347962836]]}