{"din_name":"flux_level09782.json","din_kind":"RELATIVE","din_start":600.0000159425596,"din_end":660.0000098016535,"din_rules":["Interventions","r1","r1_rev","r2","r3","r4","r5","r6"],"din_hits":[0,11176,11162,3133,1349393,1346265,600346,600350],"din_fluxs":[[0.0,0.0,0.0,0.0,0.0,0.0,0.0,0.0],[0.0,-0.0010896806389450282,0.10792407649781467,0.11517977906427558,0.0,-0.00199698877975488,0.0,0.0],[0.0,0.0010908744899922184,-0.09469519763318279,-0.17418253310681148,0.0,0.0041287085723548346,0.0,0.0],[0.0,0.0,0.0,-0.3846414333848495,0.003231342841358685,0.0,0.003672822120025948,0.0],[0.0,0.0,0.0,0.0025645682756491608,-0.0032197255482686116,0.010812601782687723,-0.003219598851457197,0.0],[0.0,0.0,0.0,0.0,0.0032301305353459216,-0.010738676644982518,0.003461408271428455,0.0],[0.0,0.0,0.0,0.0,0.0,0.0,-0.0019103748919967575,0.007515438853581071],[0.0,0.0,0.0,0.0,0.0,0.0,0.0013958690805804547,-0.007459010631710455]]}