{"din_name":"flux_level13955.json","din_kind":"RELATIVE","din_start":600.0000085320739,"din_end":660.0000348230363,"din_rules":["Interventions","r1","r1_rev","r2","r3","r4","r5","r6"],"din_hits":[0,23052,23042,12635,2606713,2594059,558073,558050],"din_fluxs":[[0.0,0.0,0.0,0.0,0.0,0.0,0.0,0.0],[0.0,-0.0010956846016746953,0.06669532822788714,0.07440916091663026,0.0,-0.002030162804321399,0.0,0.0],[0.0,0.0010968917396688063,-0.061260391711716045,-0.11707314682183173,0.0,0.0038410167306113735,0.0,0.0],[0.0,0.0,0.0,-0.2725377176959968,0.0034303571821973034,0.0,0.004292679759272298,0.0],[0.0,0.0,0.0,0.002427009299998305,-0.0034173733024273293,0.009936778498023652,-0.0034188259997393294,0.0],[0.0,0.0,0.0,0.0,0.0034290960055460046,-0.0099020722883407,0.0036679408612983427,0.0],[0.0,0.0,0.0,0.0,0.0,0.0,-0.002842906338444498,0.0026347616504075883],[0.0,0.0,0.0,0.0,0.0,0.0,0.0017484488868731184,-0.002627828582751579]]}