{"din_name":"flux_level04149.json","din_kind":"RELATIVE","din_start":600.0000245103205,"din_end":660.0000132692595,"din_rules":["Interventions","r1","r1_rev","r2","r3","r4","r5","r6"],"din_hits":[0,218831,218731,320981,4089224,3768236,19545,19542],"din_fluxs":[[0.0,0.0,0.0,0.0,0.0,0.0,0.0,0.0],[0.0,-0.0011779649643454703,0.01149581480568269,0.01775724487771066,0.0,-0.0021947794883356024,0.0,0.0],[0.0,0.0011793752314843327,-0.01116430593702579,-0.021990323779541732,0.0,0.00293423705974761,0.0,0.0],[0.0,0.0,0.0,-0.1257454954200632,0.0027053973078355435,0.0,0.0027086493173104397,0.0],[0.0,0.0,0.0,0.011537942462912,-0.002698322776605487,0.016211208896274268,-0.0026982317434516402,0.0],[0.0,0.0,0.0,0.0,0.002705645885524902,-0.017329379049529196,0.002707102292580184,0.0],[0.0,0.0,0.0,0.0,0.0,0.0,-0.0013689299112397487,0.07625638327716712],[0.0,0.0,0.0,0.0,0.0,0.0,0.0010289941608415502,-0.07040312337906114]]}