{"din_name":"flux_level11068.json","din_kind":"RELATIVE","din_start":600.0000023256421,"din_end":660.0000023095442,"din_rules":["Interventions","r1","r1_rev","r2","r3","r4","r5","r6"],"din_hits":[0,95816,95795,9159,1973773,1964616,1139924,1139945],"din_fluxs":[[0.0,0.0,0.0,0.0,0.0,0.0,0.0,0.0],[0.0,-0.0010987653346897816,0.055744123412743735,0.07545564285534917,0.0,-0.0020350454513695456,0.0,0.0],[0.0,0.0010999760717772611,-0.05183931808296411,-0.09934754560140364,0.0,0.0031705373372530508,0.0,0.0],[0.0,0.0,0.0,-0.25524390319211565,0.003684426821314875,0.0,0.004646588778234494,0.0],[0.0,0.0,0.0,0.003611711681243662,-0.0036693379429973035,0.009010876280633873,-0.003667518960093544,0.0],[0.0,0.0,0.0,0.0,0.003682858838522367,-0.009025761574245922,0.004295093441030935,0.0],[0.0,0.0,0.0,0.0,0.0,0.0,-0.0028579317648898595,0.003245402026754473],[0.0,0.0,0.0,0.0,0.0,0.0,0.0018088288276381973,-0.003234880466542758]]}