{"din_name":"flux_level13264.json","din_kind":"RELATIVE","din_start":600.0000022151428,"din_end":660.0000009115518,"din_rules":["Interventions","r1","r1_rev","r2","r3","r4","r5","r6"],"din_hits":[0,125332,125307,22212,3005749,2983534,101711,101705],"din_fluxs":[[0.0,0.0,0.0,0.0,0.0,0.0,0.0,0.0],[0.0,-0.0011031753965152242,0.045292937843582036,0.05838264693757257,0.0,-0.002044722667900012,0.0,0.0],[0.0,0.0011043961436045405,-0.042577983285817925,-0.0822903404733982,0.0,0.00329960224164276,0.0,0.0],[0.0,0.0,0.0,-0.21807345553191904,0.0035684987243222725,0.0,0.0036347107092773836,0.0],[0.0,0.0,0.0,0.0035289611978292024,-0.0035546054503200718,0.009427941475722889,-0.0035546119144501207,0.0],[0.0,0.0,0.0,0.0,0.0035672895296380435,-0.009460258598427671,0.003600900303314551,0.0],[0.0,0.0,0.0,0.0,0.0,0.0,-0.002214543466876288,0.0051786319886498785],[0.0,0.0,0.0,0.0,0.0,0.0,0.0012671382057657056,-0.005151853253627211]]}