{"din_name":"flux_level02612.json","din_kind":"RELATIVE","din_start":600.0000018060297,"din_end":660.000004455041,"din_rules":["Interventions","r1","r1_rev","r2","r3","r4","r5","r6"],"din_hits":[0,56126,56116,12498,3178100,3165591,1378990,1378981],"din_fluxs":[[0.0,0.0,0.0,0.0,0.0,0.0,0.0,0.0],[0.0,-0.0010913461752814094,0.09333417320438465,0.09475173791719736,0.0,-0.002031724437950237,0.0,0.0],[0.0,0.0010925399182282098,-0.08227404207224796,-0.150449134500122,0.0,0.004641872041655369,0.0,0.0],[0.0,0.0,0.0,-0.4249115371697079,0.0027059842916138093,0.0,0.003817131828172617,0.0],[0.0,0.0,0.0,0.005247109561823351,-0.002698323818860878,0.01591664627120738,-0.002698627637461355,0.0],[0.0,0.0,0.0,0.0,0.0027056263109921674,-0.01577232216189283,0.0030710031252906985,0.0],[0.0,0.0,0.0,0.0,0.0,0.0,-0.0034521074095120764,0.0016837501909975257],[0.0,0.0,0.0,0.0,0.0,0.0,0.0026304467565142356,-0.0016809180961040347]]}