{"din_name":"flux_level08310.json","din_kind":"RELATIVE","din_start":600.0000044181241,"din_end":660.0000107930434,"din_rules":["Interventions","r1","r1_rev","r2","r3","r4","r5","r6"],"din_hits":[0,43941,43928,8581,2380288,2371684,649869,649894],"din_fluxs":[[0.0,0.0,0.0,0.0,0.0,0.0,0.0,0.0],[0.0,-0.0010945472003359782,0.07167066840414257,0.08704403904886379,0.0,-0.0020203226732000024,0.0,0.0],[0.0,0.0010957493708506657,-0.06554435411070174,-0.12518502176026425,0.0,0.0035471405879816333,0.0,0.0],[0.0,0.0,0.0,-0.2918239166394722,0.0035929495489051676,0.0,0.004635205322530068,0.0],[0.0,0.0,0.0,0.002714860134423307,-0.003581043671167894,0.009290824549413074,-0.003580659639839358,0.0],[0.0,0.0,0.0,0.0,0.0035939310198393674,-0.009265895670392599,0.004004757510156595,0.0],[0.0,0.0,0.0,0.0,0.0,0.0,-0.003606879576106957,0.0020968892251979204],[0.0,0.0,0.0,0.0,0.0,0.0,0.0021325504290759596,-0.002092495195702186]]}