{"din_name":"flux_level09965.json","din_kind":"RELATIVE","din_start":600.0000097538059,"din_end":660.0000149867742,"din_rules":["Interventions","r1","r1_rev","r2","r3","r4","r5","r6"],"din_hits":[0,113209,113175,17824,1760820,1742981,1193309,1193287],"din_fluxs":[[0.0,0.0,0.0,0.0,0.0,0.0,0.0,0.0],[0.0,-0.0011051780541398832,0.04177630946054429,0.05070268523605982,0.0,-0.0020391903458508017,0.0,0.0],[0.0,0.0011064036239956635,-0.03940783950092582,-0.07561618096910647,0.0,0.0036044791216088253,0.0,0.0],[0.0,0.0,0.0,-0.25901929178595984,0.0028960906030325337,0.0,0.004328491728445974,0.0],[0.0,0.0,0.0,0.0059617298515671656,-0.002887786393783227,0.013465060058467943,-0.002886485088307312,0.0],[0.0,0.0,0.0,0.0,0.002896154833907502,-0.013518694982009367,0.003728693565276053,0.0],[0.0,0.0,0.0,0.0,0.0,0.0,-0.00441763777451966,0.001556331951063669],[0.0,0.0,0.0,0.0,0.0,0.0,0.0032129294495047154,-0.00155391264153704]]}