{"din_name":"flux_level07591.json","din_kind":"RELATIVE","din_start":600.0000074976803,"din_end":660.0000013008816,"din_rules":["Interventions","r1","r1_rev","r2","r3","r4","r5","r6"],"din_hits":[0,34250,34234,2016,546753,544719,1036061,1036084],"din_fluxs":[[0.0,0.0,0.0,0.0,0.0,0.0,0.0,0.0],[0.0,-0.0010947058105881078,0.07077561176779754,0.09389714913809412,0.0,-0.0020372961586673528,0.0,0.0],[0.0,0.0010959093097142488,-0.06477855819321822,-0.11973595663035992,0.0,0.0035484808660338043,0.0,0.0],[0.0,0.0,0.0,-0.3878438798775797,0.002875604922409158,0.0,0.0037411211333655643,0.0],[0.0,0.0,0.0,0.006732461823109641,-0.002866595583276457,0.013550092550017444,-0.00286470176215108,0.0],[0.0,0.0,0.0,0.0,0.002874841106086134,-0.013509595211858214,0.003550842497407131,0.0],[0.0,0.0,0.0,0.0,0.0,0.0,-0.0020809159935626736,0.0038306083384245216],[0.0,0.0,0.0,0.0,0.0,0.0,0.0017287097594441078,-0.00381595143308242]]}