{"din_name":"flux_level01743.json","din_kind":"RELATIVE","din_start":600.0000071301562,"din_end":660.0000010021745,"din_rules":["Interventions","r1","r1_rev","r2","r3","r4","r5","r6"],"din_hits":[0,18948,18926,49570,3530628,3481042,877425,877499],"din_fluxs":[[0.0,0.0,0.0,0.0,0.0,0.0,0.0,0.0],[0.0,-0.0011032678246611302,0.04544208355688236,0.0432751479699636,0.0,-0.0020182881324505705,0.0,0.0],[0.0,0.0011045021930439927,-0.042592399037164275,-0.08049547533521322,0.0,0.00451155329081869,0.0,0.0],[0.0,0.0,0.0,-0.27660659836494944,0.002647355678518738,0.0,0.0034530213098877783,0.0],[0.0,0.0,0.0,0.005768016210268206,-0.0026408293238073567,0.01726966170754721,-0.0026412324959960536,0.0],[0.0,0.0,0.0,0.0,0.002647831246742854,-0.017226192097652637,0.0028107352570289437,0.0],[0.0,0.0,0.0,0.0,0.0,0.0,-0.0028948588960918203,0.0018698517830853618],[0.0,0.0,0.0,0.0,0.0,0.0,0.002230928300357773,-0.001866358053346719]]}