{"din_name":"flux_level10499.json","din_kind":"RELATIVE","din_start":600.0000142725269,"din_end":660.0000005856847,"din_rules":["Interventions","r1","r1_rev","r2","r3","r4","r5","r6"],"din_hits":[0,64542,64525,8048,2235051,2226991,462509,462499],"din_fluxs":[[0.0,0.0,0.0,0.0,0.0,0.0,0.0,0.0],[0.0,-0.0010924606431052192,0.08372088879214008,0.09532803397750515,0.0,-0.0020113146699117564,0.0,0.0],[0.0,0.0010936568400519812,-0.07559302953114887,-0.1394645576377567,0.0,0.004098969018103231,0.0,0.0],[0.0,0.0,0.0,-0.40030779988772763,0.002834853807268261,0.0,0.0029722871849773612,0.0],[0.0,0.0,0.0,0.005343146283127896,-0.0028258676929250096,0.014052260663369707,-0.0028258452787750916,0.0],[0.0,0.0,0.0,0.0,0.002833876272432751,-0.013965271197302776,0.002911830735104734,0.0],[0.0,0.0,0.0,0.0,0.0,0.0,-0.0015742412507482174,0.010629787873410568],[0.0,0.0,0.0,0.0,0.0,0.0,0.0012016472350546785,-0.010516884928125672]]}