{"din_name":"flux_level04373.json","din_kind":"RELATIVE","din_start":600.000005725685,"din_end":660.0000098772366,"din_rules":["Interventions","r1","r1_rev","r2","r3","r4","r5","r6"],"din_hits":[0,332641,332468,506022,3338975,2832947,674612,674621],"din_fluxs":[[0.0,0.0,0.0,0.0,0.0,0.0,0.0,0.0],[0.0,-0.0012622752185278035,0.006646835846795919,0.012891438727007518,0.0,-0.002360325020146693,0.0,0.0],[0.0,0.0012639153577724037,-0.006482574010480449,-0.012798652889075685,0.0,0.002458182300957046,0.0,0.0],[0.0,0.0,0.0,-0.07714962521595825,0.002924808691460902,0.0,0.0031715309025015645,0.0],[0.0,0.0,0.0,0.01266024052524929,-0.0029160804139889435,0.012941305347808515,-0.0029152035880080193,0.0],[0.0,0.0,0.0,0.0,0.0029245786228900947,-0.015035083715953999,0.0031625914265503985,0.0],[0.0,0.0,0.0,0.0,0.0,0.0,-0.0037875865017842412,0.001654503486041497],[0.0,0.0,0.0,0.0,0.0,0.0,0.002649001763149934,-0.0016517681583583096]]}