{"din_name":"flux_level04870.json","din_kind":"RELATIVE","din_start":600.0000221129708,"din_end":660.0000327153251,"din_rules":["Interventions","r1","r1_rev","r2","r3","r4","r5","r6"],"din_hits":[0,861260,861038,184008,842080,658044,575331,575364],"din_fluxs":[[0.0,0.0,0.0,0.0,0.0,0.0,0.0,0.0],[0.0,-0.0013227226811796584,0.005240309576219842,0.010626793683026999,0.0,-0.0024825387655085206,0.0,0.0],[0.0,0.0013245041629655582,-0.005122988896264441,-0.01020783989733281,0.0,0.0024263654372228007,0.0,0.0],[0.0,0.0,0.0,-0.026767655633299296,0.008849176881412865,0.0,0.01182961266643258,0.0],[0.0,0.0,0.0,0.0057192329470306435,-0.008770365873609619,0.005091616744385233,-0.008770327001693503,0.0],[0.0,0.0,0.0,0.0,0.008848213709401096,-0.006391317593164148,0.011873817766211192,0.0],[0.0,0.0,0.0,0.0,0.0,0.0,-0.007111741713342454,0.004507404005199166],[0.0,0.0,0.0,0.0,0.0,0.0,0.0028091251692906804,-0.004487093405980762]]}