{"din_name":"flux_level02975.json","din_kind":"RELATIVE","din_start":600.0000008585654,"din_end":660.0000065690459,"din_rules":["Interventions","r1","r1_rev","r2","r3","r4","r5","r6"],"din_hits":[0,46489,46457,100590,4368261,4267671,2133121,2133087],"din_fluxs":[[0.0,0.0,0.0,0.0,0.0,0.0,0.0,0.0],[0.0,-0.001114829947558264,0.030526341679340235,0.03338675323406981,0.0,-0.0020719776557192576,0.0,0.0],[0.0,0.0011160879637004005,-0.029075220635621193,-0.05652890083703369,0.0,0.004044195266104224,0.0,0.0],[0.0,0.0,0.0,-0.21764791633882405,0.0026878636928446917,0.0,0.003554052700441209,0.0],[0.0,0.0,0.0,0.006771963240707796,-0.0026809964836462512,0.016571295175374447,-0.0026812472627399998,0.0],[0.0,0.0,0.0,0.0,0.002688214461000865,-0.016699006665999976,0.0029832755145351763,0.0],[0.0,0.0,0.0,0.0,0.0,0.0,-0.002696374533230476,0.0020556817586737304],[0.0,0.0,0.0,0.0,0.0,0.0,0.002081461252918668,-0.002051458950897375]]}