{"din_name":"flux_level03814.json","din_kind":"RELATIVE","din_start":600.0000010608021,"din_end":660.0000006655886,"din_rules":["Interventions","r1","r1_rev","r2","r3","r4","r5","r6"],"din_hits":[0,105436,105362,224751,3747835,3523069,753448,753485],"din_fluxs":[[0.0,0.0,0.0,0.0,0.0,0.0,0.0,0.0],[0.0,-0.0011556073370088968,0.014605471352994502,0.020301313260885627,0.0,-0.002138217002206019,0.0,0.0],[0.0,0.00115697115136543,-0.014129021144530091,-0.027583825185830524,0.0,0.0032134283129022756,0.0,0.0],[0.0,0.0,0.0,-0.1572159929978744,0.002607145286593401,0.0,0.0028703336108095788,0.0],[0.0,0.0,0.0,0.011436454583580702,-0.002600565232905195,0.018277071400793234,-0.0025995628132530232,0.0],[0.0,0.0,0.0,0.0,0.0026073609938217263,-0.01910261883231294,0.0027139573215684745,0.0],[0.0,0.0,0.0,0.0,0.0,0.0,-0.0025299474693401846,0.002085450303799822],[0.0,0.0,0.0,0.0,0.0,0.0,0.0019712071365151278,-0.0020811052661181204]]}