{"din_name":"flux_level02348.json","din_kind":"RELATIVE","din_start":600.0000008323925,"din_end":660.0000098290562,"din_rules":["Interventions","r1","r1_rev","r2","r3","r4","r5","r6"],"din_hits":[0,289812,289764,120821,3555263,3434453,1144106,1144117],"din_fluxs":[[0.0,0.0,0.0,0.0,0.0,0.0,0.0,0.0],[0.0,-0.0011314534505147337,0.020949673546795087,0.026837909424177877,0.0,-0.0020902428983370844,0.0,0.0],[0.0,0.0011327398034809049,-0.020177366793832682,-0.039037173823724694,0.0,0.0033970274221928054,0.0,0.0],[0.0,0.0,0.0,-0.1848507630597629,0.002685471453030179,0.0,0.0030425531799125865,0.0],[0.0,0.0,0.0,0.008933538795403853,-0.002678352299837245,0.01658622220723284,-0.0026791405285622296,0.0],[0.0,0.0,0.0,0.0,0.0026855503860300036,-0.016986143320221435,0.002883591542606735,0.0],[0.0,0.0,0.0,0.0,0.0,0.0,-0.002598836261759171,0.0021113223459922866],[0.0,0.0,0.0,0.0,0.0,0.0,0.0019873573886834586,-0.0021068694748784754]]}