{"din_name":"flux_level07325.json","din_kind":"RELATIVE","din_start":600.0000078755145,"din_end":660.0000241968523,"din_rules":["Interventions","r1","r1_rev","r2","r3","r4","r5","r6"],"din_hits":[0,172189,172154,7496,797506,789987,405319,405316],"din_fluxs":[[0.0,0.0,0.0,0.0,0.0,0.0,0.0,0.0],[0.0,-0.0011102964584732513,0.034841703437081595,0.053079887100163425,0.0,-0.002061960078495536,0.0,0.0],[0.0,0.001111533431492731,-0.03310412643697767,-0.06370640946227739,0.0,0.0028890401005052333,0.0,0.0],[0.0,0.0,0.0,-0.2385163785677238,0.003081855210590413,0.0,0.003425912417046889,0.0],[0.0,0.0,0.0,0.007439571165968921,-0.0030716145810424657,0.01175281961789698,-0.0030715155408716508,0.0],[0.0,0.0,0.0,0.0,0.0030810782680905924,-0.011899564187544313,0.0033813417360803863,0.0],[0.0,0.0,0.0,0.0,0.0,0.0,-0.002084030692580622,0.004221584261947591],[0.0,0.0,0.0,0.0,0.0,0.0,0.0015008962175353947,-0.004203784225102026]]}