{"din_name":"flux_level11689.json","din_kind":"RELATIVE","din_start":600.0000011517512,"din_end":660.0000078784587,"din_rules":["Interventions","r1","r1_rev","r2","r3","r4","r5","r6"],"din_hits":[0,2964319,2963608,2636375,3124625,488276,582700,582695],"din_fluxs":[[0.0,0.0,0.0,0.0,0.0,0.0,0.0,0.0],[0.0,-0.0032250400770350227,0.0014954301453490573,0.006106601985290244,0.0,-0.006256570746962576,0.0,0.0],[0.0,0.003235833512864672,-0.0014668218599015832,-0.0029183653119380444,0.0,0.0030775207399515174,0.0,0.0],[0.0,0.0,0.0,-0.029155034752902566,0.0027301583063143392,0.0,0.0028584354253420614,0.0],[0.0,0.0,0.0,0.022306564319239216,-0.0027227221759713615,0.007978427185359601,-0.0027230331821608785,0.0],[0.0,0.0,0.0,0.0,0.0027301676682055733,-0.030297206552613566,0.0029592077366176234,0.0],[0.0,0.0,0.0,0.0,0.0,0.0,-0.0029194859021780223,0.0019054935262159552],[0.0,0.0,0.0,0.0,0.0,0.0,0.002181452817994025,-0.001901866146514124]]}