{"din_name":"flux_level02523.json","din_kind":"RELATIVE","din_start":600.0000198209112,"din_end":660.0000075964898,"din_rules":["Interventions","r1","r1_rev","r2","r3","r4","r5","r6"],"din_hits":[0,74688,74656,12275,1166977,1154684,1354002,1353994],"din_fluxs":[[0.0,0.0,0.0,0.0,0.0,0.0,0.0,0.0],[0.0,-0.001112904462273764,0.032187009667395364,0.04753141769953572,0.0,-0.002056810338031878,0.0,0.0],[0.0,0.0011141521601449758,-0.03063663041688069,-0.05993513960996477,0.0,0.0028265585445218584,0.0,0.0],[0.0,0.0,0.0,-0.146029450256067,0.004750669941108579,0.0,0.00665936973464495,0.0],[0.0,0.0,0.0,0.002918983249555913,-0.004726681145344597,0.007158868473552893,-0.0047244126138336106,0.0],[0.0,0.0,0.0,0.0,0.004749156432204272,-0.0072317805562953546,0.006255055435179331,0.0],[0.0,0.0,0.0,0.0,0.0,0.0,-0.0036274013121981694,0.004396854986194961],[0.0,0.0,0.0,0.0,0.0,0.0,0.0023460424984165693,-0.00437754261866965]]}