{"din_name":"flux_level12384.json","din_kind":"RELATIVE","din_start":600.0000018338153,"din_end":660.0000103197978,"din_rules":["Interventions","r1","r1_rev","r2","r3","r4","r5","r6"],"din_hits":[0,160438,160410,54831,3668615,3613784,2089506,2089536],"din_fluxs":[[0.0,0.0,0.0,0.0,0.0,0.0,0.0,0.0],[0.0,-0.0011113786059065444,0.03369366879171404,0.04106788830029517,0.0,-0.0020745450039417177,0.0,0.0],[0.0,0.0011126184223948328,-0.03204361785025741,-0.06232047617079052,0.0,0.003552162851936985,0.0,0.0],[0.0,0.0,0.0,-0.19949639985479625,0.0030647643371241526,0.0,0.0038679883149242583,0.0],[0.0,0.0,0.0,0.0049537340188176866,-0.0030559200285740174,0.012048470322728886,-0.0030555815904939297,0.0],[0.0,0.0,0.0,0.0,0.003065301327467488,-0.012147226463400966,0.0034968956881917335,0.0],[0.0,0.0,0.0,0.0,0.0,0.0,-0.0025839596224621077,0.002647149296583563],[0.0,0.0,0.0,0.0,0.0,0.0,0.0018295864742372155,-0.002640148959281351]]}