{"din_name":"flux_level02849.json","din_kind":"RELATIVE","din_start":600.0000021751117,"din_end":660.0000004146831,"din_rules":["Interventions","r1","r1_rev","r2","r3","r4","r5","r6"],"din_hits":[0,134833,134807,26322,2405430,2379097,738356,738372],"din_fluxs":[[0.0,0.0,0.0,0.0,0.0,0.0,0.0,0.0],[0.0,-0.0011085427145381078,0.03697854202943621,0.04747119435262977,0.0,-0.0020509878369461203,0.0,0.0],[0.0,0.0011097762163772562,-0.03504963862130237,-0.06781736994464672,0.0,0.0033146480692346106,0.0,0.0],[0.0,0.0,0.0,-0.2005032824648438,0.003321920257847046,0.0,0.003708029496345858,0.0],[0.0,0.0,0.0,0.004333927792857757,-0.003311616724193579,0.010452003913992336,-0.0033116256326643535,0.0],[0.0,0.0,0.0,0.0,0.003322636917660391,-0.010526953494031016,0.0035534621606396408,0.0],[0.0,0.0,0.0,0.0,0.0,0.0,-0.0022018975580145018,0.0044277578855590905],[0.0,0.0,0.0,0.0,0.0,0.0,0.0014564870098762767,-0.004408166547108499]]}