{"din_name":"flux_level07155.json","din_kind":"RELATIVE","din_start":600.0000118501803,"din_end":660.0000021408894,"din_rules":["Interventions","r1","r1_rev","r2","r3","r4","r5","r6"],"din_hits":[0,276238,276186,86101,2124225,2038100,193837,193852],"din_fluxs":[[0.0,0.0,0.0,0.0,0.0,0.0,0.0,0.0],[0.0,-0.0011414224613210174,0.017707900936885852,0.02460820635170405,0.0,-0.002118194424933946,0.0,0.0],[0.0,0.0011427336338331868,-0.017107847009754477,-0.033502104439278355,0.0,0.0031722578609206273,0.0,0.0],[0.0,0.0,0.0,-0.1611635426902242,0.0027507988521368026,0.0,0.002794001705322478,0.0],[0.0,0.0,0.0,0.00922202695785059,-0.002743133609310021,0.015468925387986318,-0.00274326787102623,0.0],[0.0,0.0,0.0,0.0,0.0027506782024896764,-0.01600444763049952,0.0027817334912707023,0.0],[0.0,0.0,0.0,0.0,0.0,0.0,-0.001459432797622271,0.017806262322392907],[0.0,0.0,0.0,0.0,0.0,0.0,0.0011204354682811542,-0.017489473925948962]]}