{"din_name":"flux_level12743.json","din_kind":"RELATIVE","din_start":600.0000121757644,"din_end":660.0000010611,"din_rules":["Interventions","r1","r1_rev","r2","r3","r4","r5","r6"],"din_hits":[0,23311,23300,17907,2784833,2766915,1182657,1182674],"din_fluxs":[[0.0,0.0,0.0,0.0,0.0,0.0,0.0,0.0],[0.0,-0.001093223824869736,0.07897592129357042,0.06949724284819107,0.0,-0.0019976848741642067,0.0,0.0],[0.0,0.001094424622790023,-0.07161567167873412,-0.13178942307343108,0.0,0.005219539446011619,0.0,0.0],[0.0,0.0,0.0,-0.3976948027059279,0.002580297291562117,0.0,0.003004573262403505,0.0],[0.0,0.0,0.0,0.005463016266717464,-0.002574580794442344,0.018612212798988424,-0.002575948447765567,0.0],[0.0,0.0,0.0,0.0,0.002581234628865024,-0.01841320465158953,0.002720881813513014,0.0],[0.0,0.0,0.0,0.0,0.0,0.0,-0.0017081435095282985,0.004243245565237488],[0.0,0.0,0.0,0.0,0.0,0.0,0.0013841611973934044,-0.004225257609303287]]}