{"din_name":"flux_level04959.json","din_kind":"RELATIVE","din_start":600.0000030786952,"din_end":660.0000011933345,"din_rules":["Interventions","r1","r1_rev","r2","r3","r4","r5","r6"],"din_hits":[0,49012,49003,12357,3760591,3748243,635267,635256],"din_fluxs":[[0.0,0.0,0.0,0.0,0.0,0.0,0.0,0.0],[0.0,-0.001089389492417438,0.11729524931430414,0.11254396838641134,0.0,-0.0020413456929382076,0.0,0.0],[0.0,0.001090578736125851,-0.09815335281627184,-0.17647910590012705,0.0,0.005157169204322957,0.0,0.0],[0.0,0.0,0.0,-0.4775291951356715,0.002616110826940504,0.0,0.00371141522240347,0.0],[0.0,0.0,0.0,0.005632359083741616,-0.0026092249532199065,0.01764464880102306,-0.0026085774383706093,0.0],[0.0,0.0,0.0,0.0,0.0026160530210709407,-0.01743325156806693,0.0029027616657489766,0.0],[0.0,0.0,0.0,0.0,0.0,0.0,-0.007031818573178082,0.001236609182843471],[0.0,0.0,0.0,0.0,0.0,0.0,0.005457546394629865,-0.0012350814135421526]]}