{"din_name":"flux_level08264.json","din_kind":"RELATIVE","din_start":600.0000782746146,"din_end":660.0000036876889,"din_rules":["Interventions","r1","r1_rev","r2","r3","r4","r5","r6"],"din_hits":[0,19710,19700,145,90561,90383,731663,731673],"din_fluxs":[[0.0,0.0,0.0,0.0,0.0,0.0,0.0,0.0],[0.0,-0.0010935354713981034,0.07786252935947227,0.15401746193899724,0.0,-0.0019490340903541262,0.0,0.0],[0.0,0.0010947376981453008,-0.07061628550946429,-0.12398037775770808,0.0,0.002698359463668486,0.0,0.0],[0.0,0.0,0.0,-0.49290509489065026,0.002804123735263737,0.0,0.0035047527188788773,0.0],[0.0,0.0,0.0,0.014116201411919289,-0.0027920537115235316,0.014293491629716342,-0.0027918901347473678,0.0],[0.0,0.0,0.0,0.0,0.0027998751744668965,-0.014270883444928899,0.003492872763644222,0.0],[0.0,0.0,0.0,0.0,0.0,0.0,-0.0017907624822408917,0.006070620086694989],[0.0,0.0,0.0,0.0,0.0,0.0,0.0017084559311157342,-0.006033807881476667]]}