{"din_name":"flux_level02845.json","din_kind":"RELATIVE","din_start":600.000011473294,"din_end":660.0000024197886,"din_rules":["Interventions","r1","r1_rev","r2","r3","r4","r5","r6"],"din_hits":[0,104515,104483,27409,2404926,2377495,426858,426875],"din_fluxs":[[0.0,0.0,0.0,0.0,0.0,0.0,0.0,0.0],[0.0,-0.0011083271391515834,0.03731399807427664,0.0465639862935181,0.0,-0.0020465480005901434,0.0,0.0],[0.0,0.0011095610392930072,-0.03534725744758889,-0.06870214701283266,0.0,0.003408887499601395,0.0,0.0],[0.0,0.0,0.0,-0.1978954777877296,0.0033240957139917503,0.0,0.0039037718798520323,0.0],[0.0,0.0,0.0,0.004118613031726628,-0.00331338670939721,0.010457723850222011,-0.003312613788109948,0.0],[0.0,0.0,0.0,0.0,0.003324414999510458,-0.010525940373790366,0.0035860326416149706,0.0],[0.0,0.0,0.0,0.0,0.0,0.0,-0.0038126755913849646,0.0018164038675684458],[0.0,0.0,0.0,0.0,0.0,0.0,0.0023717639639033094,-0.001813107653109547]]}