{"din_name":"flux_level07280.json","din_kind":"RELATIVE","din_start":600.0000013873973,"din_end":660.0000041987802,"din_rules":["Interventions","r1","r1_rev","r2","r3","r4","r5","r6"],"din_hits":[0,242969,242792,593108,3221163,2628040,1185923,1185929],"din_fluxs":[[0.0,0.0,0.0,0.0,0.0,0.0,0.0,0.0],[0.0,-0.0013023818865062612,0.005639745028639241,0.011887633377618051,0.0,-0.002415027828045284,0.0,0.0],[0.0,0.0013041704565043483,-0.005498114450002197,-0.010799086563974677,0.0,0.002345312146874994,0.0,0.0],[0.0,0.0,0.0,-0.09773233779318538,0.0025782428905337784,0.0,0.0028149914722940842,0.0],[0.0,0.0,0.0,0.01983959296852166,-0.002571681944624659,0.018011979737992383,-0.002571716875930911,0.0],[0.0,0.0,0.0,0.0,0.0025783307861989464,-0.021595186086388288,0.002827236419033197,0.0],[0.0,0.0,0.0,0.0,0.0,0.0,-0.0031156261592417654,0.0017312687271795995],[0.0,0.0,0.0,0.0,0.0,0.0,0.0024692998332528316,-0.0017282741989725914]]}