{"din_name":"flux_level12311.json","din_kind":"RELATIVE","din_start":600.0000015859857,"din_end":660.000003709291,"din_rules":["Interventions","r1","r1_rev","r2","r3","r4","r5","r6"],"din_hits":[0,206979,206949,123526,4650771,4527241,2161869,2161885],"din_fluxs":[[0.0,0.0,0.0,0.0,0.0,0.0,0.0,0.0],[0.0,-0.0011198756605859416,0.026707580532689477,0.031096472266575685,0.0,-0.0020786764969163156,0.0,0.0],[0.0,0.0011211350091494127,-0.025576738601009133,-0.049297029958111374,0.0,0.0038154926768269614,0.0,0.0],[0.0,0.0,0.0,-0.22985942487649036,0.002579797645420226,0.0,0.003129025850407333,0.0],[0.0,0.0,0.0,0.008969559037848037,-0.002573508704240873,0.018884889993730593,-0.002574645198344567,0.0],[0.0,0.0,0.0,0.0,0.00258016055935289,-0.019106733601375745,0.002828429432169089,0.0],[0.0,0.0,0.0,0.0,0.0,0.0,-0.002623795183753261,0.0020106912476967696],[0.0,0.0,0.0,0.0,0.0,0.0,0.0020900971696830783,-0.0020066526565185173]]}