{"din_name":"flux_level12190.json","din_kind":"RELATIVE","din_start":600.0000098744697,"din_end":660.0000106618116,"din_rules":["Interventions","r1","r1_rev","r2","r3","r4","r5","r6"],"din_hits":[0,1189693,1189407,44575,130149,85557,624758,624755],"din_fluxs":[[0.0,0.0,0.0,0.0,0.0,0.0,0.0,0.0],[0.0,-0.001431054437243909,0.003936394370092859,0.008583646981514386,0.0,-0.0026873654697609486,0.0,0.0],[0.0,0.0014331478759211141,-0.0038530611723637353,-0.0076408308936068755,0.0,0.002511295118759825,0.0,0.0],[0.0,0.0,0.0,-0.07112496869077349,0.0025781370025192343,0.0,0.0037978032592831685,0.0],[0.0,0.0,0.0,0.020029634037758075,-0.0025716863207044184,0.017734545167066493,-0.0025756311490260694,0.0],[0.0,0.0,0.0,0.0,0.002578412633833897,-0.02352820536934577,0.0038154633189354066,0.0],[0.0,0.0,0.0,0.0,0.0,0.0,-0.0023496130694638726,0.0025406712097079875],[0.0,0.0,0.0,0.0,0.0,0.0,0.002100527096111552,-0.0025342232607969673]]}