{"din_name":"flux_level02172.json","din_kind":"RELATIVE","din_start":600.0000030504311,"din_end":660.0000001879481,"din_rules":["Interventions","r1","r1_rev","r2","r3","r4","r5","r6"],"din_hits":[0,414075,414000,148644,2603251,2454596,470443,470457],"din_fluxs":[[0.0,0.0,0.0,0.0,0.0,0.0,0.0,0.0],[0.0,-0.0011565988536242535,0.014405359505798842,0.020971132038928388,0.0,-0.002152494463803587,0.0,0.0],[0.0,0.0011579451953933032,-0.013964058552484181,-0.027190889309930726,0.0,0.0030869570101184646,0.0,0.0],[0.0,0.0,0.0,-0.17072967494647276,0.0025591138880878012,0.0,0.0026777295334123644,0.0],[0.0,0.0,0.0,0.012958058916077608,-0.0025525478027406756,0.01940310415253697,-0.0025526728066098117,0.0],[0.0,0.0,0.0,0.0,0.0025590800768986975,-0.02031423346620044,0.002636835709114477,0.0],[0.0,0.0,0.0,0.0,0.0,0.0,-0.0020667169508105424,0.0026503898447777082],[0.0,0.0,0.0,0.0,0.0,0.0,0.001640348332761389,-0.0026433733726525153]]}