{"din_name":"flux_level00354.json","din_kind":"RELATIVE","din_start":600.0000127468161,"din_end":660.000034377105,"din_rules":["Interventions","r1","r1_rev","r2","r3","r4","r5","r6"],"din_hits":[0,103201,103177,21076,3539600,3518533,185125,185135],"din_fluxs":[[0.0,0.0,0.0,0.0,0.0,0.0,0.0,0.0],[0.0,-0.0010990276331215864,0.054980155939814285,0.06686861790004354,0.0,-0.002042947854945394,0.0,0.0],[0.0,0.001100238775506337,-0.05117470939460145,-0.09832752241582678,0.0,0.0035526601457790403,0.0,0.0],[0.0,0.0,0.0,-0.2568073740227603,0.003356958378856611,0.0,0.003436839874316848,0.0],[0.0,0.0,0.0,0.00348573555535333,-0.0033452890575784147,0.010244264373918654,-0.0033456547910082303,0.0],[0.0,0.0,0.0,0.0,0.003356524233472191,-0.010243663463913952,0.003393624477410384,0.0],[0.0,0.0,0.0,0.0,0.0,0.0,-0.0018465212227045552,0.011230720146220565],[0.0,0.0,0.0,0.0,0.0,0.0,0.0011550190950408742,-0.0111046071697073]]}