{"din_name":"flux_level06224.json","din_kind":"RELATIVE","din_start":600.0000005173882,"din_end":660.0000048121541,"din_rules":["Interventions","r1","r1_rev","r2","r3","r4","r5","r6"],"din_hits":[0,100726,100705,43658,3530868,3487208,960694,960700],"din_fluxs":[[0.0,0.0,0.0,0.0,0.0,0.0,0.0,0.0],[0.0,-0.001102151586272914,0.04739854156380601,0.04863880214635471,0.0,-0.002051396446415536,0.0,0.0],[0.0,0.0011033703977401024,-0.044447961545089495,-0.08394025313765578,0.0,0.004508294383923529,0.0,0.0],[0.0,0.0,0.0,-0.3287928208360525,0.0025351442725054466,0.0,0.003182689891036161,0.0],[0.0,0.0,0.0,0.007721088473778447,-0.0025287470419195325,0.019986080581578268,-0.002530542836408887,0.0],[0.0,0.0,0.0,0.0,0.0025351598953272467,-0.019901984523552893,0.002753082947362133,0.0],[0.0,0.0,0.0,0.0,0.0,0.0,-0.0038913246063905704,0.0014974784341361402],[0.0,0.0,0.0,0.0,0.0,0.0,0.003118465972321476,-0.0014952382904051059]]}