{"din_name":"flux_level12552.json","din_kind":"RELATIVE","din_start":600.000000803782,"din_end":660.0000188240098,"din_rules":["Interventions","r1","r1_rev","r2","r3","r4","r5","r6"],"din_hits":[0,76967,76926,28873,1406093,1377201,400374,400357],"din_fluxs":[[0.0,0.0,0.0,0.0,0.0,0.0,0.0,0.0],[0.0,-0.0011226047332894152,0.025083027557723882,0.03412938729992336,0.0,-0.0020844280383287067,0.0,0.0],[0.0,0.001123878687011971,-0.02403263736354118,-0.04722751363151999,0.0,0.003128996902456002,0.0,0.0],[0.0,0.0,0.0,-0.13895368614906856,0.0035875156808610515,0.0,0.005350426046112017,0.0],[0.0,0.0,0.0,0.0042123743464807595,-0.0035746436430658893,0.009464891987221493,-0.0035723334342522965,0.0],[0.0,0.0,0.0,0.0,0.003587479241062285,-0.009627852563146704,0.004450760126210802,0.0],[0.0,0.0,0.0,0.0,0.0,0.0,-0.007160815355752195,0.0013852915124381656],[0.0,0.0,0.0,0.0,0.0,0.0,0.004183296964119095,-0.001383374415547417]]}