{"din_name":"flux_level01180.json","din_kind":"RELATIVE","din_start":600.0000144257139,"din_end":660.0000042634966,"din_rules":["Interventions","r1","r1_rev","r2","r3","r4","r5","r6"],"din_hits":[0,92010,91969,42805,2588322,2545510,225280,225278],"din_fluxs":[[0.0,0.0,0.0,0.0,0.0,0.0,0.0,0.0],[0.0,-0.001116595799991378,0.029077269956097076,0.038223267590634276,0.0,-0.0020755880166464812,0.0,0.0],[0.0,0.0011178515838031738,-0.02776472466350665,-0.05431985912815294,0.0,0.0032233803014889532,0.0,0.0],[0.0,0.0,0.0,-0.15032921681352976,0.0036484790001718457,0.0,0.003762893146313905,0.0],[0.0,0.0,0.0,0.0036526342545030394,-0.0036350682535627333,0.00926104878825207,-0.0036347909773505084,0.0],[0.0,0.0,0.0,0.0,0.0036483425074474167,-0.009369473045306219,0.0037100642104779336,0.0],[0.0,0.0,0.0,0.0,0.0,0.0,-0.0019309125371038006,0.0198482586474515],[0.0,0.0,0.0,0.0,0.0,0.0,0.0012184118014016872,-0.019454777969891503]]}