{"din_name":"flux_level12142.json","din_kind":"RELATIVE","din_start":600.0000011998486,"din_end":660.000003730157,"din_rules":["Interventions","r1","r1_rev","r2","r3","r4","r5","r6"],"din_hits":[0,84006,83985,29314,2995968,2966663,602956,602962],"din_fluxs":[[0.0,0.0,0.0,0.0,0.0,0.0,0.0,0.0],[0.0,-0.0011007124692322845,0.05064427926898705,0.05340262286009688,0.0,-0.0020384295656307545,0.0,0.0],[0.0,0.0011019282822728835,-0.047331192195145824,-0.09000420351802366,0.0,0.004227057953619191,0.0,0.0],[0.0,0.0,0.0,-0.301274300101197,0.0027174004812432285,0.0,0.0031234112862420864,0.0],[0.0,0.0,0.0,0.0058161969919056965,-0.002709890557512636,0.01586759398976378,-0.002710054614819215,0.0],[0.0,0.0,0.0,0.0,0.0027172555893910195,-0.015831123237758916,0.002865496573376882,0.0],[0.0,0.0,0.0,0.0,0.0,0.0,-0.0028798549524797676,0.0019175958504319248],[0.0,0.0,0.0,0.0,0.0,0.0,0.0021617782957934913,-0.001913922040096994]]}