{"din_name":"flux_level08979.json","din_kind":"RELATIVE","din_start":600.0000075078456,"din_end":660.0000094540544,"din_rules":["Interventions","r1","r1_rev","r2","r3","r4","r5","r6"],"din_hits":[0,66682,66667,9322,2274076,2264752,147587,147581],"din_fluxs":[[0.0,0.0,0.0,0.0,0.0,0.0,0.0,0.0],[0.0,-0.0010927225993263992,0.08193521176843478,0.0911098035006782,0.0,-0.002019689968534183,0.0,0.0],[0.0,0.0010939194552102866,-0.07414007447366143,-0.13603809004157286,0.0,0.004297665072540321,0.0,0.0],[0.0,0.0,0.0,-0.4138466476753328,0.0027175555909250177,0.0,0.003598039921448116,0.0],[0.0,0.0,0.0,0.006004954221690559,-0.002711129220532769,0.015692019005376513,-0.002711569283446163,0.0],[0.0,0.0,0.0,0.0,0.0027185063457804766,-0.01557656813106977,0.0030487397870337047,0.0],[0.0,0.0,0.0,0.0,0.0,0.0,-0.016754739112468754,0.0010919264454064001],[0.0,0.0,0.0,0.0,0.0,0.0,0.012604556090710683,-0.0010907357007125702]]}