{"din_name":"flux_level02850.json","din_kind":"RELATIVE","din_start":600.0000135485185,"din_end":660.0000169065444,"din_rules":["Interventions","r1","r1_rev","r2","r3","r4","r5","r6"],"din_hits":[0,104425,104395,4489,508717,504221,919018,919010],"din_fluxs":[[0.0,0.0,0.0,0.0,0.0,0.0,0.0,0.0],[0.0,-0.0011082042352529688,0.037397984347809055,0.055498013521595585,0.0,-0.002055849259932418,0.0,0.0],[0.0,0.0011094378732867248,-0.035428144926113944,-0.06755203597046143,0.0,0.0030334176172926923,0.0,0.0],[0.0,0.0,0.0,-0.27858831498649544,0.002858242347148808,0.0,0.0036651262924345873,0.0],[0.0,0.0,0.0,0.008679051061614243,-0.002848581243315222,0.013784604993605051,-0.0028488824775457448,0.0],[0.0,0.0,0.0,0.0,0.002856709769164391,-0.013911637661234004,0.0035446094134717588,0.0],[0.0,0.0,0.0,0.0,0.0,0.0,-0.0021287173977916486,0.0035525319151661888],[0.0,0.0,0.0,0.0,0.0,0.0,0.0017538155679780352,-0.003539923864225069]]}