{"din_name":"flux_level08824.json","din_kind":"RELATIVE","din_start":600.0000125387795,"din_end":660.0000383156378,"din_rules":["Interventions","r1","r1_rev","r2","r3","r4","r5","r6"],"din_hits":[0,32355,32334,5953,852650,846698,535600,535572],"din_fluxs":[[0.0,0.0,0.0,0.0,0.0,0.0,0.0,0.0],[0.0,-0.0010968732924324584,0.062025787229241784,0.06846791809066297,0.0,-0.002062391892956248,0.0,0.0],[0.0,0.0010980827635755648,-0.05727305195101425,-0.10742673886207733,0.0,0.004380745793661248,0.0,0.0],[0.0,0.0,0.0,-0.3744596886768636,0.002609354211256361,0.0,0.0029599478793499246,0.0],[0.0,0.0,0.0,0.00708347037507614,-0.0026021580364028363,0.017898824706724662,-0.002601118451574182,0.0],[0.0,0.0,0.0,0.0,0.0026089464691527176,-0.017790130394394026,0.0027941796182583086,0.0],[0.0,0.0,0.0,0.0,0.0,0.0,-0.0016514999576651068,0.005055995803773411],[0.0,0.0,0.0,0.0,0.0,0.0,0.0013576918846612412,-0.005030463338143837]]}