{"din_name":"flux_level00707.json","din_kind":"RELATIVE","din_start":600.0000010538263,"din_end":660.0000009834088,"din_rules":["Interventions","r1","r1_rev","r2","r3","r4","r5","r6"],"din_hits":[0,2149,2140,19022,4099488,4080450,1125084,1125084],"din_fluxs":[[0.0,0.0,0.0,0.0,0.0,0.0,0.0,0.0],[0.0,-0.0010898063593182232,0.1078618954867258,0.08413000888743814,0.0,-0.0018868587148940387,0.0,0.0],[0.0,0.0010910238691302285,-0.09400308178466732,-0.16917606741551142,0.0,0.005717265795002897,0.0,0.0],[0.0,0.0,0.0,-0.42668486873821715,0.0026229209729564055,0.0,0.0041960120881594145,0.0],[0.0,0.0,0.0,0.004076820599109491,-0.0026166475458718847,0.017577275236432727,-0.002616586589521473,0.0],[0.0,0.0,0.0,0.0,0.0026235175626770748,-0.017353562211891323,0.00281494950854427,0.0],[0.0,0.0,0.0,0.0,0.0,0.0,-0.003126861382461157,0.0017481351672239281],[0.0,0.0,0.0,0.0,0.0,0.0,0.0024340869356049405,-0.001745082281148738]]}