{"din_name":"flux_level04090.json","din_kind":"RELATIVE","din_start":600.0000094371442,"din_end":660.0000002871398,"din_rules":["Interventions","r1","r1_rev","r2","r3","r4","r5","r6"],"din_hits":[0,25074,25053,34538,2870872,2836334,1773187,1773196],"din_fluxs":[[0.0,0.0,0.0,0.0,0.0,0.0,0.0,0.0],[0.0,-0.001102099497814779,0.0476121968978909,0.04660109994959847,0.0,-0.002050744787506392,0.0,0.0],[0.0,0.0011033263303553951,-0.04457074640223105,-0.08574951032154365,0.0,0.004469052220852012,0.0,0.0],[0.0,0.0,0.0,-0.2705256646285423,0.00273673487423706,0.0,0.003744533923812457,0.0],[0.0,0.0,0.0,0.00500889338606774,-0.002729592241825447,0.01563147755328955,-0.002729259865459406,0.0],[0.0,0.0,0.0,0.0,0.002737070517627789,-0.01559546395583662,0.003082966026694892,0.0],[0.0,0.0,0.0,0.0,0.0,0.0,-0.0024447696765754596,0.002378811766496857],[0.0,0.0,0.0,0.0,0.0,0.0,0.0018829971313154142,-0.002373158474970901]]}