{"din_name":"flux_level13224.json","din_kind":"RELATIVE","din_start":600.0000253890107,"din_end":660.0000474880737,"din_rules":["Interventions","r1","r1_rev","r2","r3","r4","r5","r6"],"din_hits":[0,67553,67488,22121,863864,841744,174853,174865],"din_fluxs":[[0.0,0.0,0.0,0.0,0.0,0.0,0.0,0.0],[0.0,-0.001139696270254061,0.018249150260560728,0.030461682253913054,0.0,-0.0021261663132099047,0.0,0.0],[0.0,0.0011410228567412396,-0.01758527539007292,-0.03482451048498547,0.0,0.0025477861779497563,0.0,0.0],[0.0,0.0,0.0,-0.08003504380885716,0.007001259497167296,0.0,0.009369662530646862,0.0],[0.0,0.0,0.0,0.002689437596327831,-0.006951630568483083,0.005856741577111552,-0.006952743670236657,0.0],[0.0,0.0,0.0,0.0,0.007000465847951676,-0.006007787530292636,0.008402529545962337,0.0],[0.0,0.0,0.0,0.0,0.0,0.0,-0.009800110628781843,0.001685350234939696],[0.0,0.0,0.0,0.0,0.0,0.0,0.0031071391316594785,-0.0016825086661035906]]}