{"din_name":"flux_level03851.json","din_kind":"RELATIVE","din_start":600.000034800841,"din_end":660.0001058484881,"din_rules":["Interventions","r1","r1_rev","r2","r3","r4","r5","r6"],"din_hits":[0,153688,153666,676,175221,174546,65683,65688],"din_fluxs":[[0.0,0.0,0.0,0.0,0.0,0.0,0.0,0.0],[0.0,-0.0011054052533429834,0.04137530763915261,0.08093148701806412,0.0,-0.0020492860159029686,0.0,0.0],[0.0,0.0011066308059001458,-0.03905031866863733,-0.07505419740891771,0.0,0.0022312997785424132,0.0,0.0],[0.0,0.0,0.0,-0.24350430539607618,0.0042188642451205256,0.0,0.013309413072263724,0.0],[0.0,0.0,0.0,0.007207208172950435,-0.004197367485753864,0.007711762961339355,-0.00420369531663023,0.0],[0.0,0.0,0.0,0.0,0.004215072481107892,-0.007833452348194762,0.012444059844071322,0.0],[0.0,0.0,0.0,0.0,0.0,0.0,-0.0411534605949401,0.001111812442985091],[0.0,0.0,0.0,0.0,0.0,0.0,0.021637743937629978,-0.0011105788284648346]]}