{"din_name":"flux_level06239.json","din_kind":"RELATIVE","din_start":600.0000025642764,"din_end":660.0000032736324,"din_rules":["Interventions","r1","r1_rev","r2","r3","r4","r5","r6"],"din_hits":[0,97047,97025,4595,1054205,1049609,473555,473560],"din_fluxs":[[0.0,0.0,0.0,0.0,0.0,0.0,0.0,0.0],[0.0,-0.0010967451176167313,0.06248516944765503,0.0877114804120029,0.0,-0.002037381012107547,0.0,0.0],[0.0,0.0010979509060265046,-0.05770208906184863,-0.10691109311650837,0.0,0.0034300157622697146,0.0,0.0],[0.0,0.0,0.0,-0.38510329196584,0.002783959088900733,0.0,0.002975917513567539,0.0],[0.0,0.0,0.0,0.008201121635021791,-0.0027756349231060013,0.014662722648842283,-0.0027751861581453586,0.0],[0.0,0.0,0.0,0.0,0.0027833614247415625,-0.01463728130486652,0.002921925444128456,0.0],[0.0,0.0,0.0,0.0,0.0,0.0,-0.0015752494464723946,0.009468329000828878],[0.0,0.0,0.0,0.0,0.0,0.0,0.0012693593446068783,-0.009378753769434423]]}