{"din_name":"flux_level07878.json","din_kind":"RELATIVE","din_start":600.0000075728695,"din_end":660.0000045738462,"din_rules":["Interventions","r1","r1_rev","r2","r3","r4","r5","r6"],"din_hits":[0,330553,330457,295683,3792688,3497000,743324,743338],"din_fluxs":[[0.0,0.0,0.0,0.0,0.0,0.0,0.0,0.0],[0.0,-0.0011828631278560226,0.010990887274626193,0.017616177412374586,0.0,-0.0022068959317582512,0.0,0.0],[0.0,0.001184279462007288,-0.010683889774529953,-0.02121454638567662,0.0,0.002805806311005207,0.0,0.0],[0.0,0.0,0.0,-0.09422087746019112,0.003097054990062089,0.0,0.003279686815138857,0.0],[0.0,0.0,0.0,0.008467500509498741,-0.003087562066441832,0.011864339101405713,-0.003086759595046415,0.0],[0.0,0.0,0.0,0.0,0.003097137627163151,-0.012759047833811933,0.0032202380270371276,0.0],[0.0,0.0,0.0,0.0,0.0,0.0,-0.0020163134826873957,0.004501765810743474],[0.0,0.0,0.0,0.0,0.0,0.0,0.0013730691671745873,-0.004481519850775178]]}