{"din_name":"flux_level05114.json","din_kind":"RELATIVE","din_start":600.0000209652018,"din_end":660.0000140641755,"din_rules":["Interventions","r1","r1_rev","r2","r3","r4","r5","r6"],"din_hits":[0,52328,52320,744,664222,663460,914467,914480],"din_fluxs":[[0.0,0.0,0.0,0.0,0.0,0.0,0.0,0.0],[0.0,-0.0010890408697387282,0.12155331019844484,0.20492343130005838,0.0,-0.002002747668510545,0.0,0.0],[0.0,0.0010902291808375204,-0.10127348923677955,-0.1731218510660643,0.0,0.0030883151572691264,0.0,0.0],[0.0,0.0,0.0,-0.5450178210523712,0.0029145556593624536,0.0,0.0033837526872962614,0.0],[0.0,0.0,0.0,0.010184382319126457,-0.0029040449049604006,0.013036290460592298,-0.0029020113149681673,0.0],[0.0,0.0,0.0,0.0,0.0029125040030960956,-0.012965304005808313,0.0033262601739827338,0.0],[0.0,0.0,0.0,0.0,0.0,0.0,-0.0018200731909020996,0.0060299210956414545],[0.0,0.0,0.0,0.0,0.0,0.0,0.0015225981326133756,-0.0059936099492249855]]}