{"din_name":"flux_level05775.json","din_kind":"RELATIVE","din_start":600.0000038381933,"din_end":660.000004218564,"din_rules":["Interventions","r1","r1_rev","r2","r3","r4","r5","r6"],"din_hits":[0,25188,25162,35096,3237520,3202431,1725419,1725446],"din_fluxs":[[0.0,0.0,0.0,0.0,0.0,0.0,0.0,0.0],[0.0,-0.001104954179852387,0.04218745370793689,0.04789061739837557,0.0,-0.002039612838265117,0.0,0.0],[0.0,0.0011061901192454726,-0.039698259703481585,-0.07718372751391074,0.0,0.0037366372256150515,0.0,0.0],[0.0,0.0,0.0,-0.20080023955877155,0.003343076472887067,0.0,0.004622860064465024,0.0],[0.0,0.0,0.0,0.0030452691834490725,-0.0033338650271303246,0.010400052542453086,-0.0033337258107125805,0.0],[0.0,0.0,0.0,0.0,0.003345047261836018,-0.010417510421871041,0.003846326959515439,0.0],[0.0,0.0,0.0,0.0,0.0,0.0,-0.0027949708347601186,0.0027425314251522345],[0.0,0.0,0.0,0.0,0.0,0.0,0.0018550265606214645,-0.002735016148898558]]}