{"din_name":"flux_level13013.json","din_kind":"RELATIVE","din_start":600.0000008747222,"din_end":660.0000206632137,"din_rules":["Interventions","r1","r1_rev","r2","r3","r4","r5","r6"],"din_hits":[0,72831,72813,130,116423,116287,1107278,1107303],"din_fluxs":[[0.0,0.0,0.0,0.0,0.0,0.0,0.0,0.0],[0.0,-0.0010934710653522134,0.07768757631256501,0.16611800623084266,0.0,-0.002027695969021556,0.0,0.0],[0.0,0.0010946695120586337,-0.07056854605584062,-0.13161702793961488,0.0,0.0021674807175376598,0.0,0.0],[0.0,0.0,0.0,-0.37011191352809336,0.004769824168488021,0.0,0.008487297563699928,0.0],[0.0,0.0,0.0,0.007495232069611114,-0.00476217234785917,0.006940513535625477,-0.004766544763895137,0.0],[0.0,0.0,0.0,0.0,0.004785022133801354,-0.006982444042848237,0.00842386984552887,0.0],[0.0,0.0,0.0,0.0,0.0,0.0,-0.004316491450361528,0.004869728328132877],[0.0,0.0,0.0,0.0,0.0,0.0,0.0039553523937334075,-0.004846024137297319]]}