{"din_name":"flux_level11937.json","din_kind":"RELATIVE","din_start":600.0000047250763,"din_end":660.0000030408825,"din_rules":["Interventions","r1","r1_rev","r2","r3","r4","r5","r6"],"din_hits":[0,29165,29155,6060,2392758,2386710,465002,465019],"din_fluxs":[[0.0,0.0,0.0,0.0,0.0,0.0,0.0,0.0],[0.0,-0.0010940750342046278,0.07423475979553759,0.10234044608573975,0.0,-0.002011378021317159,0.0,0.0],[0.0,0.0010952769800002106,-0.06768070633862223,-0.12966244193881715,0.0,0.0030300299496421345,0.0,0.0],[0.0,0.0,0.0,-0.26179575931073973,0.0049823873274819725,0.0,0.006786690479486956,0.0],[0.0,0.0,0.0,0.0015455441435857319,-0.004965047270105308,0.006846242571407912,-0.004964007686190481,0.0],[0.0,0.0,0.0,0.0,0.004989892904288588,-0.0068290313134979005,0.005636153482287556,0.0],[0.0,0.0,0.0,0.0,0.0,0.0,-0.00567018351641875,0.0018974712649532288],[0.0,0.0,0.0,0.0,0.0,0.0,0.002449079115218291,-0.0018938741621190212]]}