{"din_name":"flux_level05597.json","din_kind":"RELATIVE","din_start":600.0000005149972,"din_end":660.0000006179253,"din_rules":["Interventions","r1","r1_rev","r2","r3","r4","r5","r6"],"din_hits":[0,58283,58235,136539,3661962,3525405,1309016,1309046],"din_fluxs":[[0.0,0.0,0.0,0.0,0.0,0.0,0.0,0.0],[0.0,-0.0011343687557637005,0.019906440338887447,0.025471104161676646,0.0,-0.0021045440267438613,0.0,0.0],[0.0,0.0011356826465505252,-0.01914421548960911,-0.037425381197886874,0.0,0.0033907428693801226,0.0,0.0],[0.0,0.0,0.0,-0.14369907857454012,0.002945594181769077,0.0,0.003532190883595454,0.0],[0.0,0.0,0.0,0.00649551874759805,-0.002937252008922778,0.013210640763057424,-0.002936017363621096,0.0],[0.0,0.0,0.0,0.0,0.002945921642579548,-0.013556915074193956,0.0031874102166244964,0.0],[0.0,0.0,0.0,0.0,0.0,0.0,-0.002445789111612441,0.002623840814465529],[0.0,0.0,0.0,0.0,0.0,0.0,0.0017460056955515973,-0.0026169646345285164]]}