{"din_name":"flux_level11300.json","din_kind":"RELATIVE","din_start":600.000003087894,"din_end":660.0000120707077,"din_rules":["Interventions","r1","r1_rev","r2","r3","r4","r5","r6"],"din_hits":[0,220926,220876,106391,2750712,2644316,1187394,1187399],"din_fluxs":[[0.0,0.0,0.0,0.0,0.0,0.0,0.0,0.0],[0.0,-0.0011357855245152442,0.019399211195550655,0.025303134910102335,0.0,-0.0021034234249220486,0.0,0.0],[0.0,0.00113708416703943,-0.0187092065572841,-0.03649949951958843,0.0,0.0033836854023135475,0.0,0.0],[0.0,0.0,0.0,-0.18148992321767285,0.0026498582564762636,0.0,0.0031488659857277657,0.0],[0.0,0.0,0.0,0.009666944318354258,-0.0026429553495908847,0.01728914166943354,-0.0026456918476262907,0.0],[0.0,0.0,0.0,0.0,0.002649965856531299,-0.01776995361112545,0.002917261297171218,0.0],[0.0,0.0,0.0,0.0,0.0,0.0,-0.002767044247058836,0.0019645986036983154],[0.0,0.0,0.0,0.0,0.0,0.0,0.0021509075921059416,-0.001960742809202645]]}