{"din_name":"flux_level02496.json","din_kind":"RELATIVE","din_start":600.0000005154844,"din_end":660.0000225516811,"din_rules":["Interventions","r1","r1_rev","r2","r3","r4","r5","r6"],"din_hits":[0,23447,23441,17461,3925233,3907767,511205,511206],"din_fluxs":[[0.0,0.0,0.0,0.0,0.0,0.0,0.0,0.0],[0.0,-0.0010898626056479203,0.10597841618788412,0.09099031450032716,0.0,-0.002021215044946774,0.0,0.0],[0.0,0.001091053854123863,-0.09329518796252358,-0.16864452085598847,0.0,0.005709102969998646,0.0,0.0],[0.0,0.0,0.0,-0.4581382698038423,0.002560849832823354,0.0,0.0035825248684000143,0.0],[0.0,0.0,0.0,0.005301954948441377,-0.002554434265676829,0.01907335177412558,-0.0025541712531781295,0.0],[0.0,0.0,0.0,0.0,0.002560978738844021,-0.018818398678706334,0.002712001477287155,0.0],[0.0,0.0,0.0,0.0,0.0,0.0,-0.005187712479217113,0.001334513997506348],[0.0,0.0,0.0,0.0,0.0,0.0,0.00410284039624839,-0.0013327348475569117]]}