{"din_name":"flux_level12344.json","din_kind":"RELATIVE","din_start":600.0000003720935,"din_end":660.0000008868842,"din_rules":["Interventions","r1","r1_rev","r2","r3","r4","r5","r6"],"din_hits":[0,225246,225189,145989,3802782,3656792,244466,244470],"din_fluxs":[[0.0,0.0,0.0,0.0,0.0,0.0,0.0,0.0],[0.0,-0.001133244379411318,0.020281317427967537,0.025677039782479805,0.0,-0.0021059052860120608,0.0,0.0],[0.0,0.0011345364773938118,-0.019543629200085098,-0.03798560674939979,0.0,0.00352524870364904,0.0,0.0],[0.0,0.0,0.0,-0.20094090955746807,0.0025632277989063534,0.0,0.003011121119259424,0.0],[0.0,0.0,0.0,0.01053445441453982,-0.0025569104665875693,0.01936001181477886,-0.0025552794429298488,0.0],[0.0,0.0,0.0,0.0,0.002563476603972317,-0.019819172193406252,0.002763945013565048,0.0],[0.0,0.0,0.0,0.0,0.0,0.0,-0.012865886601200218,0.0011135098885426018],[0.0,0.0,0.0,0.0,0.0,0.0,0.010223348004715515,-0.0011122708924007597]]}