{"din_name":"flux_level05143.json","din_kind":"RELATIVE","din_start":600.0000739439654,"din_end":660.000018503338,"din_rules":["Interventions","r1","r1_rev","r2","r3","r4","r5","r6"],"din_hits":[0,145703,145664,2351,227723,225371,464849,464866],"din_fluxs":[[0.0,0.0,0.0,0.0,0.0,0.0,0.0,0.0],[0.0,-0.0011192403451153257,0.02711791272681303,0.04930899225221794,0.0,-0.0020836963802527792,0.0,0.0],[0.0,0.0011205000248149916,-0.025952309205401643,-0.05083737422392739,0.0,0.0023616610741743365,0.0,0.0],[0.0,0.0,0.0,-0.15600604325477083,0.004424816976640782,0.0,0.009651442410715031,0.0],[0.0,0.0,0.0,0.005941299638218682,-0.004404259291520085,0.0074405653719053335,-0.004408592644530775,0.0],[0.0,0.0,0.0,0.0,0.0044237649548331,-0.007634722630940288,0.009450660566519498,0.0],[0.0,0.0,0.0,0.0,0.0,0.0,-0.006818368860707681,0.0020993578409309807],[0.0,0.0,0.0,0.0,0.0,0.0,0.004423063242696251,-0.0020949527201705536]]}