{"din_name":"flux_level11968.json","din_kind":"RELATIVE","din_start":600.0000072374294,"din_end":660.0000267227889,"din_rules":["Interventions","r1","r1_rev","r2","r3","r4","r5","r6"],"din_hits":[0,32873,32861,3301,1112148,1108836,1295634,1295618],"din_fluxs":[[0.0,0.0,0.0,0.0,0.0,0.0,0.0,0.0],[0.0,-0.0010900608951102493,0.10912598050326064,0.12082665498125367,0.0,-0.0020262087428753657,0.0,0.0],[0.0,0.0010912524466440696,-0.09213626426894105,-0.16215050891441618,0.0,0.004572040618107672,0.0,0.0],[0.0,0.0,0.0,-0.5088320802055398,0.0025843866710754493,0.0,0.003119094270798604,0.0],[0.0,0.0,0.0,0.00791074898112492,-0.0025780561109850094,0.018328727241314905,-0.002578673153308925,0.0],[0.0,0.0,0.0,0.0,0.0025847227753724934,-0.01812315486041747,0.0029058324966904337,0.0],[0.0,0.0,0.0,0.0,0.0,0.0,-0.001745321838216656,0.004173739478073799],[0.0,0.0,0.0,0.0,0.0,0.0,0.0014741247655561485,-0.004156339129870309]]}