{"din_name":"flux_level06387.json","din_kind":"RELATIVE","din_start":600.0000198708336,"din_end":660.0000121216428,"din_rules":["Interventions","r1","r1_rev","r2","r3","r4","r5","r6"],"din_hits":[0,315619,315526,40487,530727,490216,1339687,1339698],"din_fluxs":[[0.0,0.0,0.0,0.0,0.0,0.0,0.0,0.0],[0.0,-0.001190410014880943,0.010311102474136462,0.01797462806134508,0.0,-0.002219952818043697,0.0,0.0],[0.0,0.001191847267069073,-0.010028375755564204,-0.019794530749894276,0.0,0.0025921111676139113,0.0,0.0],[0.0,0.0,0.0,-0.09922100900046162,0.0030238045863155926,0.0,0.004960415988074305,0.0],[0.0,0.0,0.0,0.010014650238789604,-0.00301463810451084,0.012264898555231638,-0.0030173098147409597,0.0],[0.0,0.0,0.0,0.0,0.0030237583854676032,-0.013331383771987521,0.004830932337084423,0.0],[0.0,0.0,0.0,0.0,0.0,0.0,-0.003395983486191816,0.0021486314180147077],[0.0,0.0,0.0,0.0,0.0,0.0,0.0026925340663429623,-0.0021440195269110444]]}