{"din_name":"flux_level06767.json","din_kind":"RELATIVE","din_start":600.0000701510795,"din_end":660.0000316960202,"din_rules":["Interventions","r1","r1_rev","r2","r3","r4","r5","r6"],"din_hits":[0,94916,94896,2340,474883,472535,267640,267633],"din_fluxs":[[0.0,0.0,0.0,0.0,0.0,0.0,0.0,0.0],[0.0,-0.0011010035823657278,0.049927577359642095,0.07977050400176874,0.0,-0.0020279201520836134,0.0,0.0],[0.0,0.0011022197546554358,-0.046704587577002646,-0.08724138949187464,0.0,0.0029608476200908692,0.0,0.0],[0.0,0.0,0.0,-0.3642588524975631,0.0028129574328033015,0.0,0.006411039250379519,0.0],[0.0,0.0,0.0,0.010141572083572054,-0.002803923837072606,0.014248239999867301,-0.0028010822578358077,0.0],[0.0,0.0,0.0,0.0,0.0028118058211578107,-0.014296824627888316,0.00578781054440638,0.0],[0.0,0.0,0.0,0.0,0.0,0.0,-0.018933430894329518,0.0011073812228539798],[0.0,0.0,0.0,0.0,0.0,0.0,0.014117983576039514,-0.0011061567498806164]]}