{"din_name":"flux_level08973.json","din_kind":"RELATIVE","din_start":600.0001310972561,"din_end":660.0002004222995,"din_rules":["Interventions","r1","r1_rev","r2","r3","r4","r5","r6"],"din_hits":[0,6670,6656,129,59027,58938,207921,207908],"din_fluxs":[[0.0,0.0,0.0,0.0,0.0,0.0,0.0,0.0],[0.0,-0.0010931643765356486,0.0794268421201438,0.1325868909617825,0.0,-0.002027644094110737,0.0,0.0],[0.0,0.001094376672870759,-0.07177433617064727,-0.12924949044413275,0.0,0.003048904594147882,0.0,0.0],[0.0,0.0,0.0,-0.45599461268937813,0.0028987653275522355,0.0,0.0031885973582323215,0.0],[0.0,0.0,0.0,0.009411968150774044,-0.0028923295608045256,0.013189047862758492,-0.0028925376187155013,0.0],[0.0,0.0,0.0,0.0,0.0029007258059648273,-0.01315706882889291,0.0031591057631846957,0.0],[0.0,0.0,0.0,0.0,0.0,0.0,-0.001590232151560769,0.015445228112229637],[0.0,0.0,0.0,0.0,0.0,0.0,0.001519657929176042,-0.015206869969588473]]}