{"din_name":"flux_level05734.json","din_kind":"RELATIVE","din_start":600.0000026944823,"din_end":660.0000230340131,"din_rules":["Interventions","r1","r1_rev","r2","r3","r4","r5","r6"],"din_hits":[0,51838,51818,17411,2359020,2341593,688321,688309],"din_fluxs":[[0.0,0.0,0.0,0.0,0.0,0.0,0.0,0.0],[0.0,-0.0010986351892810565,0.05630764125509653,0.06089734011526104,0.0,-0.0020502935615795033,0.0,0.0],[0.0,0.0010998473901818013,-0.052309224963380696,-0.09958421547980741,0.0,0.004077201565435355,0.0,0.0],[0.0,0.0,0.0,-0.2887807218088883,0.0029168823040949103,0.0,0.004247450391713228,0.0],[0.0,0.0,0.0,0.004321660875474846,-0.0029088118524392857,0.013254236929728989,-0.0029084415317294126,0.0],[0.0,0.0,0.0,0.0,0.0029173056918850465,-0.013220164484050879,0.003386638028825034,0.0],[0.0,0.0,0.0,0.0,0.0,0.0,-0.005286540396957115,0.001409547764134819],[0.0,0.0,0.0,0.0,0.0,0.0,0.0037246480110026455,-0.0014075625791374704]]}