{"din_name":"flux_level10257.json","din_kind":"RELATIVE","din_start":600.0000117831401,"din_end":660.0000205959319,"din_rules":["Interventions","r1","r1_rev","r2","r3","r4","r5","r6"],"din_hits":[0,37267,37259,2972,812926,809970,1527280,1527284],"din_fluxs":[[0.0,0.0,0.0,0.0,0.0,0.0,0.0,0.0],[0.0,-0.0010929951167741305,0.08061897106077838,0.09917692431762543,0.0,-0.002033429652636895,0.0,0.0],[0.0,0.0010941933289659099,-0.07298812794941643,-0.1327427395379349,0.0,0.004019967169198682,0.0,0.0],[0.0,0.0,0.0,-0.43053662110289204,0.002701724688586546,0.0,0.003608963872726405,0.0],[0.0,0.0,0.0,0.007326133699314021,-0.002692361919037272,0.015968966556283753,-0.002689721657926632,0.0],[0.0,0.0,0.0,0.0,0.0026996250882536303,-0.015862548093418142,0.0033331968295841345,0.0],[0.0,0.0,0.0,0.0,0.0,0.0,-0.0020741890935337074,0.003223021720027882],[0.0,0.0,0.0,0.0,0.0,0.0,0.0017409148077918977,-0.0032126448566589844]]}