{"din_name":"flux_level00466.json","din_kind":"RELATIVE","din_start":600.0000114029866,"din_end":660.0000030567464,"din_rules":["Interventions","r1","r1_rev","r2","r3","r4","r5","r6"],"din_hits":[0,59134,59116,13845,2530451,2516585,178085,178092],"din_fluxs":[[0.0,0.0,0.0,0.0,0.0,0.0,0.0,0.0],[0.0,-0.0010936070745880791,0.07668968177233013,0.07806808389613308,0.0,-0.002014086210806644,0.0,0.0],[0.0,0.001094806194917071,-0.06974601981736755,-0.12840253516880953,0.0,0.004674380019287004,0.0,0.0],[0.0,0.0,0.0,-0.4091104497668077,0.0026108485992794826,0.0,0.0039084389824665,0.0],[0.0,0.0,0.0,0.006357434202059052,-0.0026039528922496176,0.01783214743707189,-0.002604833705791302,0.0],[0.0,0.0,0.0,0.0,0.0026107532538384936,-0.017673824158549838,0.003002196255598303,0.0],[0.0,0.0,0.0,0.0,0.0,0.0,-0.020752937375133083,0.0010703182207255856],[0.0,0.0,0.0,0.0,0.0,0.0,0.016343788275229792,-0.0010691733145405872]]}