{"din_name":"flux_level03170.json","din_kind":"RELATIVE","din_start":600.000001388797,"din_end":660.0000189330528,"din_rules":["Interventions","r1","r1_rev","r2","r3","r4","r5","r6"],"din_hits":[0,16337,16327,7931,2750388,2742459,1779292,1779334],"din_fluxs":[[0.0,0.0,0.0,0.0,0.0,0.0,0.0,0.0],[0.0,-0.0010894193420074236,0.11342596710980685,0.1068570741523421,0.0,-0.0020047316222423566,0.0,0.0],[0.0,0.0010906110860226723,-0.09771793825431171,-0.17991450807554504,0.0,0.004732169959450358,0.0,0.0],[0.0,0.0,0.0,-0.40935126003580063,0.0029333039193582757,0.0,0.004760405066755934,0.0],[0.0,0.0,0.0,0.003064939565519212,-0.0029254285370044516,0.012988850120837985,-0.002925848211430718,0.0],[0.0,0.0,0.0,0.0,0.002934018620236655,-0.012874342850755123,0.0034943679878049715,0.0],[0.0,0.0,0.0,0.0,0.0,0.0,-0.003121085817860824,0.0019972774360783267],[0.0,0.0,0.0,0.0,0.0,0.0,0.002268700484717347,-0.0019932937343965645]]}