{"din_name":"flux_level13902.json","din_kind":"RELATIVE","din_start":600.0000006402787,"din_end":660.0000027117563,"din_rules":["Interventions","r1","r1_rev","r2","r3","r4","r5","r6"],"din_hits":[0,52192,52184,10769,3313593,3302826,1254987,1255013],"din_fluxs":[[0.0,0.0,0.0,0.0,0.0,0.0,0.0,0.0],[0.0,-0.0010892882785294522,0.11747240473078069,0.11405198255208013,0.0,-0.0019905747122048924,0.0,0.0],[0.0,0.0010904771700613902,-0.0984429056928617,-0.17482124360296689,0.0,0.005064306058379924,0.0,0.0],[0.0,0.0,0.0,-0.4958039582304277,0.002586554290253123,0.0,0.0033745711764394666,0.0],[0.0,0.0,0.0,0.006542732109741635,-0.0025807254994014567,0.0183009123684041,-0.0025804614232450645,0.0],[0.0,0.0,0.0,0.0,0.0025874078194029525,-0.018075330772581433,0.0028354595798975334,0.0],[0.0,0.0,0.0,0.0,0.0,0.0,-0.0030452671628922027,0.001767227148707273],[0.0,0.0,0.0,0.0,0.0,0.0,0.0024073270871309577,-0.0017641070411478696]]}