{"din_name":"flux_level08880.json","din_kind":"RELATIVE","din_start":600.0000081072469,"din_end":660.0000061980353,"din_rules":["Interventions","r1","r1_rev","r2","r3","r4","r5","r6"],"din_hits":[0,19311,19294,8888,2428956,2420063,446321,446296],"din_fluxs":[[0.0,0.0,0.0,0.0,0.0,0.0,0.0,0.0],[0.0,-0.001091609461027485,0.09041890869369244,0.09088778273306085,0.0,-0.002029776575578954,0.0,0.0],[0.0,0.00109280634347511,-0.08088311367028155,-0.1518527731311299,0.0,0.004473022242994147,0.0,0.0],[0.0,0.0,0.0,-0.35742998335044196,0.003011081168743496,0.0,0.005798149380718665,0.0],[0.0,0.0,0.0,0.0029962723633085815,-0.00300259721762329,0.012327261769178727,-0.0030110392103406738,0.0],[0.0,0.0,0.0,0.0,0.003011647532447678,-0.01224002517791467,0.003626055067292914,0.0],[0.0,0.0,0.0,0.0,0.0,0.0,-0.009744435577230766,0.0011992271075936024],[0.0,0.0,0.0,0.0,0.0,0.0,0.006644497908819685,-0.0011977904884928991]]}