{"din_name":"flux_level01642.json","din_kind":"RELATIVE","din_start":600.0001000627819,"din_end":660.000027362976,"din_rules":["Interventions","r1","r1_rev","r2","r3","r4","r5","r6"],"din_hits":[0,59613,59600,574,342706,342132,280300,280308],"din_fluxs":[[0.0,0.0,0.0,0.0,0.0,0.0,0.0,0.0],[0.0,-0.0010915804352089234,0.08993727180199067,0.1762565778808694,0.0,-0.0020219594234234506,0.0,0.0],[0.0,0.0010927747188261107,-0.08064414099702598,-0.13177280655647264,0.0,0.003038957008888963,0.0,0.0],[0.0,0.0,0.0,-0.6055027757341566,0.002549397118521079,0.0,0.002675440345898259,0.0],[0.0,0.0,0.0,0.01790924988673035,-0.0025431990226272745,0.01906337570354403,-0.0025421992432921783,0.0],[0.0,0.0,0.0,0.0,0.0025496858348498224,-0.018905088526034095,0.0026760899529913503,0.0],[0.0,0.0,0.0,0.0,0.0,0.0,-0.0013876543972025448,0.01371719301923606],[0.0,0.0,0.0,0.0,0.0,0.0,0.0012343711092888299,-0.013529208936934843]]}