{"din_name":"flux_level12346.json","din_kind":"RELATIVE","din_start":600.0000043113167,"din_end":660.0000170167255,"din_rules":["Interventions","r1","r1_rev","r2","r3","r4","r5","r6"],"din_hits":[0,225657,225603,80073,2778980,2698901,244214,244217],"din_fluxs":[[0.0,0.0,0.0,0.0,0.0,0.0,0.0,0.0],[0.0,-0.0011333929859435972,0.020228754959299648,0.028663192223418555,0.0,-0.002104970947075529,0.0,0.0],[0.0,0.001134685502806281,-0.01949359203526147,-0.038367694125889765,0.0,0.0030223862039691412,0.0,0.0],[0.0,0.0,0.0,-0.12252564276199236,0.003508479522671525,0.0,0.0048616769637175,0.0],[0.0,0.0,0.0,0.004989601877478178,-0.003496551142932242,0.009758399549925318,-0.0034989866563036797,0.0],[0.0,0.0,0.0,0.0,0.003508842342856274,-0.010022786191739389,0.004262495155921165,0.0],[0.0,0.0,0.0,0.0,0.0,0.0,-0.018624185436135185,0.0011150224925678442],[0.0,0.0,0.0,0.0,0.0,0.0,0.010958379643751931,-0.0011137801877540978]]}