{"din_name":"flux_level08475.json","din_kind":"RELATIVE","din_start":600.0000034896067,"din_end":660.000005490461,"din_rules":["Interventions","r1","r1_rev","r2","r3","r4","r5","r6"],"din_hits":[0,42732,42716,6000,2134838,2128840,1648815,1648774],"din_fluxs":[[0.0,0.0,0.0,0.0,0.0,0.0,0.0,0.0],[0.0,-0.0010902049992712656,0.10270021005250424,0.11299425848865473,0.0,-0.002033664228982607,0.0,0.0],[0.0,0.001091396202043023,-0.09067060612596867,-0.16454256586280708,0.0,0.004370623239289089,0.0,0.0],[0.0,0.0,0.0,-0.439099622178339,0.0028094045133976392,0.0,0.0039299213890074325,0.0],[0.0,0.0,0.0,0.004984053677146274,-0.002801744332705461,0.014339071736151654,-0.002799874474727651,0.0],[0.0,0.0,0.0,0.0,0.002809620466155846,-0.014220717836024476,0.003318544982088158,0.0],[0.0,0.0,0.0,0.0,0.0,0.0,-0.002699135682564156,0.0022096798122233545],[0.0,0.0,0.0,0.0,0.0,0.0,0.002048621995113912,-0.00220480341547593]]}