{"din_name":"flux_level01362.json","din_kind":"RELATIVE","din_start":600.0000066834954,"din_end":660.0000246499236,"din_rules":["Interventions","r1","r1_rev","r2","r3","r4","r5","r6"],"din_hits":[0,69619,69603,5356,1531433,1526096,705100,705126],"din_fluxs":[[0.0,0.0,0.0,0.0,0.0,0.0,0.0,0.0],[0.0,-0.001093147121967425,0.07942687101294628,0.09935566286612527,0.0,-0.0020176293139542315,0.0,0.0],[0.0,0.0010943449197461119,-0.07203978329396034,-0.13277955281672904,0.0,0.003879518362095272,0.0,0.0],[0.0,0.0,0.0,-0.41718958419208263,0.002781962244557475,0.0,0.0031480130736096707,0.0],[0.0,0.0,0.0,0.006732035566322672,-0.00277536267094755,0.01468025666150265,-0.0027749789591656935,0.0],[0.0,0.0,0.0,0.0,0.0027830944144877933,-0.014599795319673073,0.002986998704631775,0.0],[0.0,0.0,0.0,0.0,0.0,0.0,-0.0018798932074406127,0.004072072938221496],[0.0,0.0,0.0,0.0,0.0,0.0,0.001442153449928197,-0.0040555145672953674]]}