{"din_name":"flux_level02063.json","din_kind":"RELATIVE","din_start":600.0000016247612,"din_end":660.0000093134012,"din_rules":["Interventions","r1","r1_rev","r2","r3","r4","r5","r6"],"din_hits":[0,101869,101837,22391,2072671,2050253,1453744,1453761],"din_fluxs":[[0.0,0.0,0.0,0.0,0.0,0.0,0.0,0.0],[0.0,-0.0011053250197666225,0.041594236020858384,0.04952317918473587,0.0,-0.002054894282488815,0.0,0.0],[0.0,0.001106551420436783,-0.03923600850442258,-0.07543733568266718,0.0,0.0036628012531735505,0.0,0.0],[0.0,0.0,0.0,-0.24525189920261128,0.0029483154425287927,0.0,0.003710966821151861,0.0],[0.0,0.0,0.0,0.005362140353445766,-0.0029395613718836656,0.012969521540779764,-0.002940515637734255,0.0],[0.0,0.0,0.0,0.0,0.002948230232438858,-0.013018971282829923,0.0033913069833042017,0.0],[0.0,0.0,0.0,0.0,0.0,0.0,-0.0023976354393519484,0.002811123984604494],[0.0,0.0,0.0,0.0,0.0,0.0,0.0017730477422148317,-0.0028032291645089078]]}