{"din_name":"flux_level08488.json","din_kind":"RELATIVE","din_start":600.0000008929708,"din_end":660.0000022995579,"din_rules":["Interventions","r1","r1_rev","r2","r3","r4","r5","r6"],"din_hits":[0,36018,36000,19405,3819737,3800328,2153664,2153615],"din_fluxs":[[0.0,0.0,0.0,0.0,0.0,0.0,0.0,0.0],[0.0,-0.001094434667002589,0.07272743802815473,0.07459006762420735,0.0,-0.00202193757001536,0.0,0.0],[0.0,0.0010956371863351509,-0.06638289042706745,-0.12598528517623425,0.0,0.004260779523717612,0.0,0.0],[0.0,0.0,0.0,-0.3129664552165209,0.0030480168174987507,0.0,0.004332805421371284,0.0],[0.0,0.0,0.0,0.0031491616443211435,-0.0030392654135809384,0.01206912705356059,-0.0030389567386449523,0.0],[0.0,0.0,0.0,0.0,0.0030485391065699975,-0.012005777972643504,0.0035084382943362732,0.0],[0.0,0.0,0.0,0.0,0.0,0.0,-0.002758251290551859,0.0023905018883713454],[0.0,0.0,0.0,0.0,0.0,0.0,0.0019503735343073766,-0.002384791801508332]]}