{"din_name":"flux_level11978.json","din_kind":"RELATIVE","din_start":600.0000014098249,"din_end":660.0000030963641,"din_rules":["Interventions","r1","r1_rev","r2","r3","r4","r5","r6"],"din_hits":[0,8785,8464,1014984,2893538,1878533,559846,559852],"din_fluxs":[[0.0,0.0,0.0,0.0,0.0,0.0,0.0,0.0],[0.0,-0.0015398716959066493,0.003848283384896515,0.009258845719938865,0.0,-0.0028255138305933783,0.0,0.0],[0.0,0.0015519341374146034,-0.0031815422555395317,-0.006409749776582767,0.0,0.002131677881148351,0.0,0.0],[0.0,0.0,0.0,-0.045195767215786505,0.0030768341088005164,0.0,0.0031120627472415755,0.0],[0.0,0.0,0.0,0.01661334939871049,-0.003067414739908671,0.00998615083800743,-0.0030671882095323895,0.0],[0.0,0.0,0.0,0.0,0.0030768718993645985,-0.015144637806633103,0.003251403938739527,0.0],[0.0,0.0,0.0,0.0,0.0,0.0,-0.002036829905386762,0.004271699009605919],[0.0,0.0,0.0,0.0,0.0,0.0,0.0013994358164419224,-0.0042534713116156265]]}