{"din_name":"flux_level07943.json","din_kind":"RELATIVE","din_start":600.0000051416541,"din_end":660.000009926422,"din_rules":["Interventions","r1","r1_rev","r2","r3","r4","r5","r6"],"din_hits":[0,889742,889526,851754,3527994,2676241,61328,61327],"din_fluxs":[[0.0,0.0,0.0,0.0,0.0,0.0,0.0,0.0],[0.0,-0.0013711657093338195,0.004537035954711939,0.010490913082192608,0.0,-0.002580407852638655,0.0,0.0],[0.0,0.0013730891553070108,-0.0044377617631986685,-0.008809775285522035,0.0,0.002253714410441998,0.0,0.0],[0.0,0.0,0.0,-0.06243853410284545,0.002901538281070417,0.0,0.0029073960751683967,0.0],[0.0,0.0,0.0,0.01564423226845828,-0.0028929942289979095,0.012502192612003011,-0.0028926390874131186,0.0],[0.0,0.0,0.0,0.0,0.0029013459187262934,-0.016108222840979236,0.0029088250931490877,0.0],[0.0,0.0,0.0,0.0,0.0,0.0,-0.0014777128116443387,0.05154480339964237],[0.0,0.0,0.0,0.0,0.0,0.0,0.0010575821217715762,-0.04887679834285168]]}