{"din_name":"flux_level12682.json","din_kind":"RELATIVE","din_start":600.0000007061742,"din_end":660.0000144558812,"din_rules":["Interventions","r1","r1_rev","r2","r3","r4","r5","r6"],"din_hits":[0,92521,92500,6383,1843856,1837476,1114303,1114311],"din_fluxs":[[0.0,0.0,0.0,0.0,0.0,0.0,0.0,0.0],[0.0,-0.0010965129557515565,0.06324489373775458,0.08846925659146003,0.0,-0.0020280190844942166,0.0,0.0],[0.0,0.0010977183002276896,-0.05835903566366411,-0.11128479903515126,0.0,0.003101164643952504,0.0,0.0],[0.0,0.0,0.0,-0.2811526285158318,0.0037607029346065747,0.0,0.004455808800014395,0.0],[0.0,0.0,0.0,0.0036711302310964166,-0.0037460705890652716,0.008769542422556903,-0.0037492257729748574,0.0],[0.0,0.0,0.0,0.0,0.003760170858135103,-0.008776049460439845,0.00427220499225431,0.0],[0.0,0.0,0.0,0.0,0.0,0.0,-0.0024851566481613775,0.00506973125136914],[0.0,0.0,0.0,0.0,0.0,0.0,0.001653826991401948,-0.00504405400965993]]}