{"din_name":"flux_level04762.json","din_kind":"RELATIVE","din_start":600.0000021269627,"din_end":660.0000084445958,"din_rules":["Interventions","r1","r1_rev","r2","r3","r4","r5","r6"],"din_hits":[0,21684,21647,58336,1940273,1881931,1665368,1665364],"din_fluxs":[[0.0,0.0,0.0,0.0,0.0,0.0,0.0,0.0],[0.0,-0.001128473653076138,0.022335603232928082,0.02829874797286156,0.0,-0.0020908118986804275,0.0,0.0],[0.0,0.0011298015697027318,-0.021337203452100717,-0.04139180139502941,0.0,0.0033539250806085994,0.0,0.0],[0.0,0.0,0.0,-0.13808191407328288,0.0031776034503958298,0.0,0.004607407327522074,0.0],[0.0,0.0,0.0,0.0050078785753686576,-0.0031681789334387866,0.011413397830360541,-0.0031677020327873433,0.0],[0.0,0.0,0.0,0.0,0.0031782757004059606,-0.011644304346168937,0.0039277243286921565,0.0],[0.0,0.0,0.0,0.0,0.0,0.0,-0.0029995827790002183,0.0023676359164493425],[0.0,0.0,0.0,0.0,0.0,0.0,0.002117961550041837,-0.0023620358165339183]]}