{"din_name":"flux_level08311.json","din_kind":"RELATIVE","din_start":600.0000005307505,"din_end":660.0000017113564,"din_rules":["Interventions","r1","r1_rev","r2","r3","r4","r5","r6"],"din_hits":[0,525362,525264,207062,2298122,2091055,636871,636851],"din_fluxs":[[0.0,0.0,0.0,0.0,0.0,0.0,0.0,0.0],[0.0,-0.0012026073038152027,0.00937813383497123,0.016391540341087665,0.0,-0.0022430206215206905,0.0,0.0],[0.0,0.0012040688217890131,-0.009133341200188962,-0.01814019915489448,0.0,0.0025815890106985805,0.0,0.0],[0.0,0.0,0.0,-0.06818903703297899,0.00372192248876927,0.0,0.004245799649290299,0.0],[0.0,0.0,0.0,0.0070991585719959865,-0.003707998058622078,0.008986865658572511,-0.003712706387493948,0.0],[0.0,0.0,0.0,0.0,0.0037218035233754273,-0.009862228930702419,0.004163997241714358,0.0],[0.0,0.0,0.0,0.0,0.0,0.0,-0.0036726536595953034,0.002143251496441382],[0.0,0.0,0.0,0.0,0.0,0.0,0.002109120082314999,-0.002138660605452478]]}