{"din_name":"flux_level11729.json","din_kind":"RELATIVE","din_start":600.0000019910836,"din_end":660.0000009912886,"din_rules":["Interventions","r1","r1_rev","r2","r3","r4","r5","r6"],"din_hits":[0,9235,9216,13307,1609251,1595943,2216001,2215977],"din_fluxs":[[0.0,0.0,0.0,0.0,0.0,0.0,0.0,0.0],[0.0,-0.0010950032251947637,0.0700810026834304,0.057865277674747716,0.0,-0.001926435859872587,0.0,0.0],[0.0,0.0010962177304447642,-0.06401046264578675,-0.12071372701204826,0.0,0.005388157480087968,0.0,0.0],[0.0,0.0,0.0,-0.38059358652712894,0.0025376255932395334,0.0,0.003965226878972795,0.0],[0.0,0.0,0.0,0.006023239538624,-0.0025311747473653616,0.019871679321301933,-0.0025314362956081644,0.0],[0.0,0.0,0.0,0.0,0.002537599596035176,-0.019661524044791934,0.003098682803363646,0.0],[0.0,0.0,0.0,0.0,0.0,0.0,-0.0024576679501218794,0.0021794195474089083],[0.0,0.0,0.0,0.0,0.0,0.0,0.0020540545258157725,-0.002174674476548378]]}