{"din_name":"flux_level08300.json","din_kind":"RELATIVE","din_start":600.0000016731381,"din_end":660.0000001939195,"din_rules":["Interventions","r1","r1_rev","r2","r3","r4","r5","r6"],"din_hits":[0,99106,99093,4029,946719,942682,134371,134369],"din_fluxs":[[0.0,0.0,0.0,0.0,0.0,0.0,0.0,0.0],[0.0,-0.0010962187992699626,0.06428515677399255,0.09286344052911252,0.0,-0.0020272061124537266,0.0,0.0],[0.0,0.0010974232959649428,-0.0592691518331817,-0.10809102124464867,0.0,0.003464455952993853,0.0,0.0],[0.0,0.0,0.0,-0.4259633430487686,0.002664179075255323,0.0,0.002715235975620709,0.0],[0.0,0.0,0.0,0.01011916785589161,-0.002656183431559668,0.01659011492589944,-0.0026560836300993963,0.0],[0.0,0.0,0.0,0.0,0.002663256496651394,-0.01653281615357672,0.0026971522057041815,0.0],[0.0,0.0,0.0,0.0,0.0,0.0,-0.001374590906138875,0.033595241618070495],[0.0,0.0,0.0,0.0,0.0,0.0,0.001137620052932682,-0.03246549267389795]]}