{"din_name":"flux_level00248.json","din_kind":"RELATIVE","din_start":600.0000113121981,"din_end":660.0000026146245,"din_rules":["Interventions","r1","r1_rev","r2","r3","r4","r5","r6"],"din_hits":[0,1772336,1771935,1475037,3132873,1657826,1464051,1464029],"din_fluxs":[[0.0,0.0,0.0,0.0,0.0,0.0,0.0,0.0],[0.0,-0.0017410222503340211,0.0025674327312556235,0.008031261040447385,0.0,-0.003316717895169667,0.0,0.0],[0.0,0.001744147609623325,-0.002516008451471278,-0.005001294279585536,0.0,0.0021336799904105646,0.0,0.0],[0.0,0.0,0.0,-0.04688019923137311,0.0027914613099968887,0.0,0.002989728209992451,0.0],[0.0,0.0,0.0,0.021417663613147755,-0.0027835936916322432,0.01148080651606728,-0.0027824106771820755,0.0],[0.0,0.0,0.0,0.0,0.002791283506301618,-0.020007798643611106,0.0031145968056864753,0.0],[0.0,0.0,0.0,0.0,0.0,0.0,-0.0022673685849283584,0.002720588125881025],[0.0,0.0,0.0,0.0,0.0,0.0,0.0017102196932715225,-0.002713193981437624]]}