{"din_name":"flux_level02501.json","din_kind":"RELATIVE","din_start":600.0000049048065,"din_end":660.000001257927,"din_rules":["Interventions","r1","r1_rev","r2","r3","r4","r5","r6"],"din_hits":[0,61410,61384,63292,3556793,3493514,131061,131058],"din_fluxs":[[0.0,0.0,0.0,0.0,0.0,0.0,0.0,0.0],[0.0,-0.00110789713664604,0.03777189384251426,0.03864047437088404,0.0,-0.002046802431460833,0.0,0.0],[0.0,0.001109132803345894,-0.03575292342695055,-0.06840442057530029,0.0,0.004341608948363892,0.0,0.0],[0.0,0.0,0.0,-0.2729203733255373,0.0025736812982226588,0.0,0.0026026090163658254,0.0],[0.0,0.0,0.0,0.007442388231010154,-0.002567765276126042,0.018992023472324926,-0.002568163196775155,0.0],[0.0,0.0,0.0,0.0,0.0025743903510553564,-0.01900709724631293,0.002583912708882137,0.0],[0.0,0.0,0.0,0.0,0.0,0.0,-0.0013161805338353988,0.04424446795003877],[0.0,0.0,0.0,0.0,0.0,0.0,0.001063522980636527,-0.04228482210780216]]}