{"din_name":"flux_level06659.json","din_kind":"RELATIVE","din_start":600.0000037873461,"din_end":660.0000066438582,"din_rules":["Interventions","r1","r1_rev","r2","r3","r4","r5","r6"],"din_hits":[0,65426,65403,1295,940745,939451,1329818,1329805],"din_fluxs":[[0.0,0.0,0.0,0.0,0.0,0.0,0.0,0.0],[0.0,-0.0010910249443785484,0.09906455996140923,0.15712930527585242,0.0,-0.002029561446588898,0.0,0.0],[0.0,0.0010922168736035881,-0.08459819261990448,-0.1554050091737772,0.0,0.002810565252683894,0.0,0.0],[0.0,0.0,0.0,-0.39056217217845507,0.003821891536631291,0.0,0.00521503537515973,0.0],[0.0,0.0,0.0,0.005084064069949244,-0.0038068566747136343,0.008544549105686267,-0.0038079768403205937,0.0],[0.0,0.0,0.0,0.0,0.0038214207875664177,-0.008536746044866905,0.0050442407576280724,0.0],[0.0,0.0,0.0,0.0,0.0,0.0,-0.002995398152600372,0.0037423032655548067],[0.0,0.0,0.0,0.0,0.0,0.0,0.0021449418626611166,-0.0037283118861794616]]}