{"din_name":"flux_level03040.json","din_kind":"RELATIVE","din_start":600.0000352930483,"din_end":660.0000016529498,"din_rules":["Interventions","r1","r1_rev","r2","r3","r4","r5","r6"],"din_hits":[0,61760,61747,772,455983,455225,884921,884904],"din_fluxs":[[0.0,0.0,0.0,0.0,0.0,0.0,0.0,0.0],[0.0,-0.0010917302300244062,0.08920381511579017,0.16635280593055377,0.0,-0.0020097411542926774,0.0,0.0],[0.0,0.0010929248243372425,-0.08002833653022215,-0.1391889520861142,0.0,0.002903444971515209,0.0,0.0],[0.0,0.0,0.0,-0.5125140239535946,0.002848064623297811,0.0,0.0036174026407830213,0.0],[0.0,0.0,0.0,0.011817306469394759,-0.002835067437608188,0.013786423619211783,-0.0028375130410991764,0.0],[0.0,0.0,0.0,0.0,0.002843125119546313,-0.013738150253167363,0.0035502830783945287,0.0],[0.0,0.0,0.0,0.0,0.0,0.0,-0.002109277616284751,0.0035977062265792645],[0.0,0.0,0.0,0.0,0.0,0.0,0.0017521680735365147,-0.0035847792558376624]]}