{"din_name":"flux_level08089.json","din_kind":"RELATIVE","din_start":600.0000012498173,"din_end":660.000007523542,"din_rules":["Interventions","r1","r1_rev","r2","r3","r4","r5","r6"],"din_hits":[0,61240,61225,23413,4076530,4053093,966533,966553],"din_fluxs":[[0.0,0.0,0.0,0.0,0.0,0.0,0.0,0.0],[0.0,-0.0010953672362958213,0.06834430835562209,0.07141767401703819,0.0,-0.0020515355233483696,0.0,0.0],[0.0,0.0010965706741735345,-0.06268439501647563,-0.1183966285175712,0.0,0.004264353572219069,0.0,0.0],[0.0,0.0,0.0,-0.31883630373094846,0.0029253759135618954,0.0,0.003651043701821472,0.0],[0.0,0.0,0.0,0.0038978200396882824,-0.002916918258395175,0.013143610130124451,-0.002917304815030613,0.0],[0.0,0.0,0.0,0.0,0.002925456881327615,-0.01307926488853265,0.0031411044128645013,0.0],[0.0,0.0,0.0,0.0,0.0,0.0,-0.0030091745331074842,0.001990160944738161],[0.0,0.0,0.0,0.0,0.0,0.0,0.002118676906725171,-0.0019862045198739864]]}