{"din_name":"flux_level02854.json","din_kind":"RELATIVE","din_start":600.0000225114732,"din_end":660.0000240039074,"din_rules":["Interventions","r1","r1_rev","r2","r3","r4","r5","r6"],"din_hits":[0,91238,91219,3606,508980,505370,813246,813286],"din_fluxs":[[0.0,0.0,0.0,0.0,0.0,0.0,0.0,0.0],[0.0,-0.0011044296929826772,0.043003630261978835,0.06415408834159927,0.0,-0.002030200128260018,0.0,0.0],[0.0,0.0011056542297894101,-0.04051161494118839,-0.0765906695629132,0.0,0.003032399347379051,0.0,0.0],[0.0,0.0,0.0,-0.30941215135562444,0.002853183319615903,0.0,0.003505817006828793,0.0],[0.0,0.0,0.0,0.00870785846920913,-0.0028422797002691878,0.013830342868947278,-0.0028408562438321373,0.0],[0.0,0.0,0.0,0.0,0.002850365304068947,-0.013912072870243035,0.003421667881478667,0.0],[0.0,0.0,0.0,0.0,0.0,0.0,-0.002006972497381924,0.004020543849070251],[0.0,0.0,0.0,0.0,0.0,0.0,0.0016538102848727549,-0.004004399076801279]]}