{"din_name":"flux_level01621.json","din_kind":"RELATIVE","din_start":600.0000003317786,"din_end":660.0000014980923,"din_rules":["Interventions","r1","r1_rev","r2","r3","r4","r5","r6"],"din_hits":[0,67456,67440,18181,3218998,3200809,2142034,2142019],"din_fluxs":[[0.0,0.0,0.0,0.0,0.0,0.0,0.0,0.0],[0.0,-0.0010936156618193223,0.07686049644756594,0.07725822684462536,0.0,-0.0020277702200432643,0.0,0.0],[0.0,0.0010948146462168465,-0.06988326426648279,-0.12919302491037543,0.0,0.004782581587244928,0.0,0.0],[0.0,0.0,0.0,-0.40456908528078134,0.0026067661667083146,0.0,0.003349859299801338,0.0],[0.0,0.0,0.0,0.006214311988967506,-0.0026003386409746533,0.017927452580269544,-0.0026017584874818895,0.0],[0.0,0.0,0.0,0.0,0.0026071224042339366,-0.017765094301010597,0.002900261575368153,0.0],[0.0,0.0,0.0,0.0,0.0,0.0,-0.002190170460615427,0.0025691227339866163],[0.0,0.0,0.0,0.0,0.0,0.0,0.0017569127247341074,-0.0025625282186403577]]}