{"din_name":"flux_level10719.json","din_kind":"RELATIVE","din_start":600.0000071685732,"din_end":660.0000008837676,"din_rules":["Interventions","r1","r1_rev","r2","r3","r4","r5","r6"],"din_hits":[0,43552,43536,10410,3002204,2991783,1228788,1228786],"din_fluxs":[[0.0,0.0,0.0,0.0,0.0,0.0,0.0,0.0],[0.0,-0.00108927716960899,0.1165981443954329,0.11078023114830356,0.0,-0.0019886528738041723,0.0,0.0],[0.0,0.00109046597915829,-0.09893757322874162,-0.1752826567593203,0.0,0.005273113633925836,0.0,0.0],[0.0,0.0,0.0,-0.5053602752788842,0.0025444537820218773,0.0,0.0029858126450767373,0.0],[0.0,0.0,0.0,0.006835496253565202,-0.0025387642706967894,0.019433251632322495,-0.0025376299520668603,0.0],[0.0,0.0,0.0,0.0,0.0025452306647848534,-0.019172575330969707,0.002692485625683526,0.0],[0.0,0.0,0.0,0.0,0.0,0.0,-0.001883950093876662,0.0031586921350703467],[0.0,0.0,0.0,0.0,0.0,0.0,0.0015267851164876287,-0.003148725279618684]]}