{"din_name":"flux_level13433.json","din_kind":"RELATIVE","din_start":600.0000047432973,"din_end":660.0000048166702,"din_rules":["Interventions","r1","r1_rev","r2","r3","r4","r5","r6"],"din_hits":[0,293019,292968,51409,1552374,1500961,1867255,1867240],"din_fluxs":[[0.0,0.0,0.0,0.0,0.0,0.0,0.0,0.0],[0.0,-0.001134695635212054,0.019766939729069084,0.02752161988964542,0.0,-0.00210491202765893,0.0,0.0],[0.0,0.0011359898722962019,-0.019059038065650517,-0.03715026903813473,0.0,0.0031865622776414463,0.0,0.0],[0.0,0.0,0.0,-0.19137105029799664,0.0026606268184864224,0.0,0.0035923344333842586,0.0],[0.0,0.0,0.0,0.010298982064370138,-0.002653584173496838,0.01696147108576079,-0.002653650249043388,0.0],[0.0,0.0,0.0,0.0,0.0026606477771519044,-0.017442766652632027,0.00333525202282479,0.0],[0.0,0.0,0.0,0.0,0.0,0.0,-0.0028031033882879165,0.0020189004327277466],[0.0,0.0,0.0,0.0,0.0,0.0,0.0022472781013969877,-0.0020148287533079744]]}