{"din_name":"flux_level01648.json","din_kind":"RELATIVE","din_start":600.0000058982689,"din_end":660.0000143830787,"din_rules":["Interventions","r1","r1_rev","r2","r3","r4","r5","r6"],"din_hits":[0,95634,95617,4346,1719582,1715254,770059,770047],"din_fluxs":[[0.0,0.0,0.0,0.0,0.0,0.0,0.0,0.0],[0.0,-0.001096934402962141,0.06169078477315853,0.10111266033563243,0.0,-0.0020340662762839165,0.0,0.0],[0.0,0.0010981407550123556,-0.05701917976644165,-0.11000585078931938,0.0,0.0025710801772671752,0.0,0.0],[0.0,0.0,0.0,-0.23071426153413424,0.006525881139134267,0.0,0.009245710831467123,0.0],[0.0,0.0,0.0,0.0022206037759570116,-0.006484096839351142,0.005891471831060771,-0.006482783373784678,0.0],[0.0,0.0,0.0,0.0,0.006526563865051435,-0.005901041867942086,0.008545876701220588,0.0],[0.0,0.0,0.0,0.0,0.0,0.0,-0.00706328573867825,0.0022587576143789072],[0.0,0.0,0.0,0.0,0.0,0.0,0.0026723883546136886,-0.002253661131949912]]}