{"din_name":"flux_level07542.json","din_kind":"RELATIVE","din_start":600.0000014894235,"din_end":660.0000022616174,"din_rules":["Interventions","r1","r1_rev","r2","r3","r4","r5","r6"],"din_hits":[0,50181,50169,8244,2343787,2335552,2376399,2376423],"din_fluxs":[[0.0,0.0,0.0,0.0,0.0,0.0,0.0,0.0],[0.0,-0.0010903843309864258,0.10215376747370682,0.10550577035112943,0.0,-0.0020072722569910656,0.0,0.0],[0.0,0.0010915759729052416,-0.08919643424556128,-0.15944746225034603,0.0,0.004802562610371432,0.0,0.0],[0.0,0.0,0.0,-0.47873912518899714,0.002599418411838403,0.0,0.0035604105783484585,0.0],[0.0,0.0,0.0,0.006726391443967829,-0.0025925794961932026,0.018019119086890044,-0.0025945494626530372,0.0],[0.0,0.0,0.0,0.0,0.002599320378553626,-0.017818518377669408,0.003037262177982721,0.0],[0.0,0.0,0.0,0.0,0.0,0.0,-0.00229129530672891,0.0024340798113193494],[0.0,0.0,0.0,0.0,0.0,0.0,0.001867939723986005,-0.0024281603189184675]]}