{"din_name":"flux_level03464.json","din_kind":"RELATIVE","din_start":600.0000018591218,"din_end":660.0000369105657,"din_rules":["Interventions","r1","r1_rev","r2","r3","r4","r5","r6"],"din_hits":[0,817547,817379,58195,383528,325319,410288,410299],"din_fluxs":[[0.0,0.0,0.0,0.0,0.0,0.0,0.0,0.0],[0.0,-0.0012684013421849244,0.006456250538571565,0.012712949632364913,0.0,-0.0023758019748656278,0.0,0.0],[0.0,0.001270032002790282,-0.006305523748901223,-0.012565738169309922,0.0,0.002392531432762394,0.0,0.0],[0.0,0.0,0.0,-0.029664043149272817,0.012336142787299734,0.0,0.01652174486527394,0.0],[0.0,0.0,0.0,0.0047419596651470325,-0.012185547125974477,0.0048235693898541964,-0.012195869235917176,0.0],[0.0,0.0,0.0,0.0,0.012337505531433183,-0.005679841776045693,0.016525549121357546,0.0],[0.0,0.0,0.0,0.0,0.0,0.0,-0.008520203873847413,0.011955422780268949],[0.0,0.0,0.0,0.0,0.0,0.0,0.004747737096021402,-0.011812488969419012]]}