{"din_name":"flux_level05306.json","din_kind":"RELATIVE","din_start":600.0000003358434,"din_end":660.0000077510502,"din_rules":["Interventions","r1","r1_rev","r2","r3","r4","r5","r6"],"din_hits":[0,124444,124410,3232,291490,288232,504118,504129],"din_fluxs":[[0.0,0.0,0.0,0.0,0.0,0.0,0.0,0.0],[0.0,-0.0011153607736776499,0.030005021258047906,0.04910420985959805,0.0,-0.0020569991356374664,0.0,0.0],[0.0,0.0011166115416835875,-0.02863353439360718,-0.0547718797491815,0.0,0.002749944261721148,0.0,0.0],[0.0,0.0,0.0,-0.2614199392987728,0.002808944592845567,0.0,0.008006542739793258,0.0],[0.0,0.0,0.0,0.010735383329525278,-0.0027999905503956397,0.01433269051575566,-0.002807699985445722,0.0],[0.0,0.0,0.0,0.0,0.002807852404819898,-0.014572383025602443,0.00744572437093009,0.0],[0.0,0.0,0.0,0.0,0.0,0.0,-0.011172416501363589,0.0012268462345288037],[0.0,0.0,0.0,0.0,0.0,0.0,0.008642905476223683,-0.0012253422621060221]]}