{"din_name":"flux_level09404.json","din_kind":"RELATIVE","din_start":600.000001073735,"din_end":660.0000185957836,"din_rules":["Interventions","r1","r1_rev","r2","r3","r4","r5","r6"],"din_hits":[0,60292,60282,6283,2002647,1996341,756061,756050],"din_fluxs":[[0.0,0.0,0.0,0.0,0.0,0.0,0.0,0.0],[0.0,-0.0010906572758201183,0.09977908783681269,0.11390650193087397,0.0,-0.002012011921128693,0.0,0.0],[0.0,0.0010918493020389167,-0.08731174140925843,-0.1549801913675092,0.0,0.00438065640279189,0.0,0.0],[0.0,0.0,0.0,-0.47673738999991594,0.0026464097364937204,0.0,0.002898120540082587,0.0],[0.0,0.0,0.0,0.0071404394087778485,-0.0026388279753143317,0.01696745330548997,-0.002638336822633739,0.0],[0.0,0.0,0.0,0.0,0.002645810210440807,-0.016804334886064934,0.0027726868570880853,0.0],[0.0,0.0,0.0,0.0,0.0,0.0,-0.0016453498704839238,0.005332087759656621],[0.0,0.0,0.0,0.0,0.0,0.0,0.0013124258946649475,-0.005303690535175459]]}