{"din_name":"flux_level11446.json","din_kind":"RELATIVE","din_start":600.0000029471837,"din_end":660.0000033667804,"din_rules":["Interventions","r1","r1_rev","r2","r3","r4","r5","r6"],"din_hits":[0,49217,49204,21568,3622253,3600676,731331,731322],"din_fluxs":[[0.0,0.0,0.0,0.0,0.0,0.0,0.0,0.0],[0.0,-0.0010941890296646548,0.07388511809577886,0.07099468396363666,0.0,-0.002027964765174927,0.0,0.0],[0.0,0.0010953900195624319,-0.06737547180296488,-0.12598692226055816,0.0,0.004711213900832211,0.0,0.0],[0.0,0.0,0.0,-0.36228610660154875,0.0027154983415814526,0.0,0.0034606950894394703,0.0],[0.0,0.0,0.0,0.00477074753680264,-0.002709110762363765,0.015817184827220436,-0.002708655770582008,0.0],[0.0,0.0,0.0,0.0,0.0027164790375236447,-0.01569758417567853,0.002910376569606018,0.0],[0.0,0.0,0.0,0.0,0.0,0.0,-0.0037299424898161225,0.0015908469705120203],[0.0,0.0,0.0,0.0,0.0,0.0,0.002798649563400273,-0.0015883182704397297]]}