{"din_name":"flux_level01991.json","din_kind":"RELATIVE","din_start":600.0000186782263,"din_end":660.0000286812225,"din_rules":["Interventions","r1","r1_rev","r2","r3","r4","r5","r6"],"din_hits":[0,81183,81169,2181,802548,800376,1348801,1348805],"din_fluxs":[[0.0,0.0,0.0,0.0,0.0,0.0,0.0,0.0],[0.0,-0.0010934711755793175,0.07757939598943085,0.1240524112859283,0.0,-0.002045287099934774,0.0,0.0],[0.0,0.0010946695411953604,-0.07049954279854882,-0.1266451246769137,0.0,0.0033273251377238665,0.0,0.0],[0.0,0.0,0.0,-0.47205605007256335,0.0027250826729755496,0.0,0.004564033125667779,0.0],[0.0,0.0,0.0,0.010378577787936572,-0.0027189409128941192,0.015440192230051953,-0.002717736550233297,0.0],[0.0,0.0,0.0,0.0,0.0027263596821919672,-0.015371056439890708,0.004133118905169274,0.0],[0.0,0.0,0.0,0.0,0.0,0.0,-0.003974379845349119,0.0016387052752903912],[0.0,0.0,0.0,0.0,0.0,0.0,0.0031575412446552802,-0.001636022475095518]]}