{"din_name":"flux_level06834.json","din_kind":"RELATIVE","din_start":600.0000091462438,"din_end":660.0000171971002,"din_rules":["Interventions","r1","r1_rev","r2","r3","r4","r5","r6"],"din_hits":[0,31264,31255,8249,1774466,1766212,785056,785062],"din_fluxs":[[0.0,0.0,0.0,0.0,0.0,0.0,0.0,0.0],[0.0,-0.0010951088559908264,0.06941300617489321,0.07696588587530072,0.0,-0.002016750184184484,0.0,0.0],[0.0,0.00109631293523744,-0.06358841224979236,-0.12005043725209032,0.0,0.00387863592223559,0.0,0.0],[0.0,0.0,0.0,-0.30339432388054294,0.0031902971080004475,0.0,0.0035997634675417702,0.0],[0.0,0.0,0.0,0.0033018027821051826,-0.0031794074031826713,0.011097060903481802,-0.0031789965003572148,0.0],[0.0,0.0,0.0,0.0,0.0031895524445971985,-0.01105797551356604,0.0034210461734435395,0.0],[0.0,0.0,0.0,0.0,0.0,0.0,-0.0019138137250120449,0.006869865651820505],[0.0,0.0,0.0,0.0,0.0,0.0,0.0013946922463586565,-0.006822710714800875]]}