{"din_name":"flux_level04772.json","din_kind":"RELATIVE","din_start":600.0000022680248,"din_end":660.0000079720772,"din_rules":["Interventions","r1","r1_rev","r2","r3","r4","r5","r6"],"din_hits":[0,184994,184947,7634,384636,376997,1991263,1991282],"din_fluxs":[[0.0,0.0,0.0,0.0,0.0,0.0,0.0,0.0],[0.0,-0.001128025472177134,0.02239229306939679,0.03624352700456002,0.0,-0.0020947080314815307,0.0,0.0],[0.0,0.0011293058129415072,-0.02153009503753782,-0.04184588648600949,0.0,0.002744885047365657,0.0,0.0],[0.0,0.0,0.0,-0.200666525760579,0.0028608912766763515,0.0,0.0044875089053987485,0.0],[0.0,0.0,0.0,0.010190967476101568,-0.002851116473102804,0.013766044873670771,-0.0028565336407036417,0.0],[0.0,0.0,0.0,0.0,0.0028592394200589555,-0.014155643022117035,0.004366259163193232,0.0],[0.0,0.0,0.0,0.0,0.0,0.0,-0.0025094525920099876,0.0029292730411902986],[0.0,0.0,0.0,0.0,0.0,0.0,0.002226398284903557,-0.002920702558932144]]}