{"din_name":"flux_level11695.json","din_kind":"RELATIVE","din_start":600.0000010704144,"din_end":660.0000026801406,"din_rules":["Interventions","r1","r1_rev","r2","r3","r4","r5","r6"],"din_hits":[0,65395,65370,6662,943384,936717,1827862,1827835],"din_fluxs":[[0.0,0.0,0.0,0.0,0.0,0.0,0.0,0.0],[0.0,-0.0010993926262329655,0.054019859894207975,0.06552523847825031,0.0,-0.0020394321796538824,0.0,0.0],[0.0,0.0011006057573619004,-0.05031065714842,-0.09438698669770783,0.0,0.003870960583829877,0.0,0.0],[0.0,0.0,0.0,-0.35738990928377423,0.002649947437512472,0.0,0.003967868132495645,0.0],[0.0,0.0,0.0,0.007988538107175765,-0.002642999886757595,0.01697830910970031,-0.0026430410562647403,0.0],[0.0,0.0,0.0,0.0,0.002650006733357712,-0.016934360852870145,0.003515472886142943,0.0],[0.0,0.0,0.0,0.0,0.0,0.0,-0.002571296214201136,0.0022546406750967815],[0.0,0.0,0.0,0.0,0.0,0.0,0.002132055933070158,-0.0022495639660338245]]}