{"din_name":"flux_level03551.json","din_kind":"RELATIVE","din_start":600.0000074727252,"din_end":660.0000117935645,"din_rules":["Interventions","r1","r1_rev","r2","r3","r4","r5","r6"],"din_hits":[0,140171,140149,10393,1248670,1238272,1321313,1321295],"din_fluxs":[[0.0,0.0,0.0,0.0,0.0,0.0,0.0,0.0],[0.0,-0.0011037933338098555,0.044173621325428014,0.05814822888385966,0.0,-0.0020350861977645757,0.0,0.0],[0.0,0.0011050152819316707,-0.04157198844744108,-0.07902802916046547,0.0,0.0034538742841102926,0.0,0.0],[0.0,0.0,0.0,-0.31144621288795216,0.0027432273023682077,0.0,0.0036367829526494904,0.0],[0.0,0.0,0.0,0.008219469486386917,-0.002735470617317724,0.015330990243568137,-0.002737364331266209,0.0],[0.0,0.0,0.0,0.0,0.0027429753685182636,-0.015379076354695037,0.003380019741224122,0.0],[0.0,0.0,0.0,0.0,0.0,0.0,-0.00272347840123678,0.0021499845966985397],[0.0,0.0,0.0,0.0,0.0,0.0,0.0021332130427765216,-0.0021453680374148524]]}