{"din_name":"flux_level07844.json","din_kind":"RELATIVE","din_start":600.000007058926,"din_end":660.0000028340261,"din_rules":["Interventions","r1","r1_rev","r2","r3","r4","r5","r6"],"din_hits":[0,11082,11022,60978,1406542,1345569,501828,501838],"din_fluxs":[[0.0,0.0,0.0,0.0,0.0,0.0,0.0,0.0],[0.0,-0.0011408853099937036,0.018206255631331228,0.02436932271930914,0.0,-0.002161275900366975,0.0,0.0],[0.0,0.0011423575508677393,-0.017267802465999942,-0.03398995221806772,0.0,0.003307929542683352,0.0,0.0],[0.0,0.0,0.0,-0.1303491664153488,0.0029936769880383116,0.0,0.0032083303628516525,0.0],[0.0,0.0,0.0,0.006612671524673797,-0.0029851861897624136,0.01278083982143792,-0.0029842409226848703,0.0],[0.0,0.0,0.0,0.0,0.0029941498194927915,-0.013192678400506225,0.003129221744043181,0.0],[0.0,0.0,0.0,0.0,0.0,0.0,-0.0016750097295956427,0.01063080352683531],[0.0,0.0,0.0,0.0,0.0,0.0,0.0012890397402787238,-0.01051792560691224]]}