{"din_name":"flux_level07423.json","din_kind":"RELATIVE","din_start":600.0000138526717,"din_end":660.0000203507245,"din_rules":["Interventions","r1","r1_rev","r2","r3","r4","r5","r6"],"din_hits":[0,33906,33900,7230,2861884,2854627,616524,616516],"din_fluxs":[[0.0,0.0,0.0,0.0,0.0,0.0,0.0,0.0],[0.0,-0.0010904161507685668,0.10002630144197702,0.11232478502198817,0.0,-0.0020330608323370935,0.0,0.0],[0.0,0.0010916080461387374,-0.08869816384276857,-0.16573247947068542,0.0,0.004039351477434305,0.0,0.0],[0.0,0.0,0.0,-0.37723598268813596,0.003227011191082684,0.0,0.0035662086750267194,0.0],[0.0,0.0,0.0,0.0029169194272189963,-0.0032172622758509656,0.010824403167363175,-0.0032176131357672727,0.0],[0.0,0.0,0.0,0.0,0.0032276563902039956,-0.010758419940992157,0.0033690457096202425,0.0],[0.0,0.0,0.0,0.0,0.0,0.0,-0.00197757501970239,0.00582132015008076],[0.0,0.0,0.0,0.0,0.0,0.0,0.0013310787506411862,-0.005787467698491788]]}