{"din_name":"flux_level00291.json","din_kind":"RELATIVE","din_start":600.0000050734162,"din_end":660.0000052924082,"din_rules":["Interventions","r1","r1_rev","r2","r3","r4","r5","r6"],"din_hits":[0,57460,57454,3912,2610487,2606573,998436,998419],"din_fluxs":[[0.0,0.0,0.0,0.0,0.0,0.0,0.0,0.0],[0.0,-0.0010902383780743569,0.10512390510172222,0.14366912684264127,0.0,-0.0020139068819041393,0.0,0.0],[0.0,0.001091429219633572,-0.09035787668286514,-0.16926041706930364,0.0,0.0031557738576559334,0.0,0.0],[0.0,0.0,0.0,-0.35917751827177674,0.004143440383620295,0.0,0.006112343309612412,0.0],[0.0,0.0,0.0,0.0026604786942434535,-0.004123509912523413,0.007901945853555858,-0.00412537552723563,0.0],[0.0,0.0,0.0,0.0,0.004140604033118924,-0.007876298321404405,0.005175750293633944,0.0],[0.0,0.0,0.0,0.0,0.0,0.0,-0.005573849920667219,0.001719984232948775],[0.0,0.0,0.0,0.0,0.0,0.0,0.0029452122979449756,-0.0017170284086227504]]}