{"din_name":"flux_level07665.json","din_kind":"RELATIVE","din_start":600.0000210303691,"din_end":660.0000066391019,"din_rules":["Interventions","r1","r1_rev","r2","r3","r4","r5","r6"],"din_hits":[0,91430,91406,6709,881605,874908,580676,580692],"din_fluxs":[[0.0,0.0,0.0,0.0,0.0,0.0,0.0,0.0],[0.0,-0.0011017939461366363,0.048168365737514006,0.06237906437788684,0.0,-0.0020367845992259907,0.0,0.0],[0.0,0.0011030121665437098,-0.04513201955596911,-0.08541195358040239,0.0,0.0036426068690170923,0.0,0.0],[0.0,0.0,0.0,-0.3502011610503494,0.0026351133886358853,0.0,0.0029713507111989914,0.0],[0.0,0.0,0.0,0.009158878181149223,-0.0026294593843723866,0.01723684277533849,-0.002631463175099032,0.0],[0.0,0.0,0.0,0.0,0.002636404224125516,-0.01723343774349061,0.002862476740707242,0.0],[0.0,0.0,0.0,0.0,0.0,0.0,-0.0017720043672391295,0.004138678810865668],[0.0,0.0,0.0,0.0,0.0,0.0,0.0014360160260097298,-0.004121571389099845]]}