{"din_name":"flux_level02635.json","din_kind":"RELATIVE","din_start":600.0000123267843,"din_end":660.0000069182313,"din_rules":["Interventions","r1","r1_rev","r2","r3","r4","r5","r6"],"din_hits":[0,120835,120810,1908,459663,457761,520024,519999],"din_fluxs":[[0.0,0.0,0.0,0.0,0.0,0.0,0.0,0.0],[0.0,-0.0011021257757946623,0.0474648435798828,0.08151510366032655,0.0,-0.0020382049550849734,0.0,0.0],[0.0,0.0011033440745792625,-0.044515089704699785,-0.08475257470456041,0.0,0.002596059404828056,0.0,0.0],[0.0,0.0,0.0,-0.2854189172695563,0.003435256479052539,0.0,0.003924972457354425,0.0],[0.0,0.0,0.0,0.0073799070578943835,-0.0034238859457529414,0.009766841184701376,-0.0034253352008705626,0.0],[0.0,0.0,0.0,0.0,0.003435661472238061,-0.009854695044782723,0.003889836689471374,0.0],[0.0,0.0,0.0,0.0,0.0,0.0,-0.0020528843389167467,0.008390397251735305],[0.0,0.0,0.0,0.0,0.0,0.0,0.0016585974544144368,-0.008320057716593129]]}