{"din_name":"flux_level05393.json","din_kind":"RELATIVE","din_start":600.0000016083317,"din_end":660.0000057341948,"din_rules":["Interventions","r1","r1_rev","r2","r3","r4","r5","r6"],"din_hits":[0,12428,12416,17615,2840347,2822725,1776437,1776426],"din_fluxs":[[0.0,0.0,0.0,0.0,0.0,0.0,0.0,0.0],[0.0,-0.0010925172594361471,0.08396176242346881,0.07167814934309132,0.0,-0.001992771764165334,0.0,0.0],[0.0,0.0010937198735579009,-0.07560563784502532,-0.14003452403087538,0.0,0.005417090261554293,0.0,0.0],[0.0,0.0,0.0,-0.3934974803486934,0.0026001548846395863,0.0,0.004047752179219396,0.0],[0.0,0.0,0.0,0.004878775534715606,-0.0025937323719732635,0.018143391727590996,-0.0025934528426426223,0.0],[0.0,0.0,0.0,0.0,0.0026004815288933076,-0.01794270224679882,0.0029719919228219298,0.0],[0.0,0.0,0.0,0.0,0.0,0.0,-0.002890446888181436,0.0018714074135967275],[0.0,0.0,0.0,0.0,0.0,0.0,0.002301235864269511,-0.0018679087024613098]]}