{"din_name":"flux_level00874.json","din_kind":"RELATIVE","din_start":600.0000006708675,"din_end":660.0000071683012,"din_rules":["Interventions","r1","r1_rev","r2","r3","r4","r5","r6"],"din_hits":[0,1491,1480,4193,1054591,1050403,1301256,1301278],"din_fluxs":[[0.0,0.0,0.0,0.0,0.0,0.0,0.0,0.0],[0.0,-0.0010939671182713165,0.07900946683626574,0.08221045404142074,0.0,-0.001957590590403246,0.0,0.0],[0.0,0.0010952390277825439,-0.06970431399578224,-0.12951116576136418,0.0,0.0038390521400702466,0.0,0.0],[0.0,0.0,0.0,-0.2777351462111359,0.0035953670157842376,0.0,0.005197916793912651,0.0],[0.0,0.0,0.0,0.0017003065436975984,-0.003580854303419755,0.009326426879191734,-0.003579846141025095,0.0],[0.0,0.0,0.0,0.0,0.003593729278577278,-0.009279272238875858,0.004523515338391152,0.0],[0.0,0.0,0.0,0.0,0.0,0.0,-0.0027077771589144517,0.003832774680093917],[0.0,0.0,0.0,0.0,0.0,0.0,0.0019628388133135404,-0.0038180984304017167]]}