{"din_name":"flux_level03564.json","din_kind":"RELATIVE","din_start":600.0000100405325,"din_end":660.0000130210885,"din_rules":["Interventions","r1","r1_rev","r2","r3","r4","r5","r6"],"din_hits":[0,6888,6872,810,160895,160084,911097,911096],"din_fluxs":[[0.0,0.0,0.0,0.0,0.0,0.0,0.0,0.0],[0.0,-0.0010942284953432701,0.07632041452712372,0.08642535544333199,0.0,-0.002022608937907618,0.0,0.0],[0.0,0.001095444922374386,-0.06748335765683101,-0.12447841985077197,0.0,0.0043050432101289365,0.0,0.0],[0.0,0.0,0.0,-0.4302701811953085,0.0025963192264563868,0.0,0.008662354718087698,0.0],[0.0,0.0,0.0,0.007948078668787094,-0.002587022955504821,0.018165410847902783,-0.0025875546879676717,0.0],[0.0,0.0,0.0,0.0,0.002593722318511465,-0.018023627472962062,0.006765922736228673,0.0],[0.0,0.0,0.0,0.0,0.0,0.0,-0.005589694343901507,0.0014656894014585195],[0.0,0.0,0.0,0.0,0.0,0.0,0.004886582669450063,-0.0014635433326263935]]}