{"din_name":"flux_level00659.json","din_kind":"RELATIVE","din_start":600.0000005440047,"din_end":660.0000012895189,"din_rules":["Interventions","r1","r1_rev","r2","r3","r4","r5","r6"],"din_hits":[0,187806,187763,108252,3978973,3870715,1057920,1057924],"din_fluxs":[[0.0,0.0,0.0,0.0,0.0,0.0,0.0,0.0],[0.0,-0.0011246201499729516,0.02402007661315272,0.02999808589213632,0.0,-0.0020943524580817325,0.0,0.0],[0.0,0.001125891878589631,-0.023060832198684093,-0.04504792992158093,0.0,0.0034777759651934822,0.0,0.0],[0.0,0.0,0.0,-0.17136878395672114,0.002891173507098933,0.0,0.0038034262315420927,0.0],[0.0,0.0,0.0,0.006498100911978796,-0.002883192277477674,0.013694025545141946,-0.002882637864276349,0.0],[0.0,0.0,0.0,0.0,0.0028915437013460298,-0.013946616480177304,0.003289126140140763,0.0],[0.0,0.0,0.0,0.0,0.0,0.0,-0.005097761300249931,0.00142117746267137],[0.0,0.0,0.0,0.0,0.0,0.0,0.0036165899732565347,-0.0014191596534988654]]}