{"din_name":"flux_level13644.json","din_kind":"RELATIVE","din_start":600.000000415021,"din_end":660.0000091125652,"din_rules":["Interventions","r1","r1_rev","r2","r3","r4","r5","r6"],"din_hits":[0,25388,25378,7628,2419564,2411940,961693,961680],"din_fluxs":[[0.0,0.0,0.0,0.0,0.0,0.0,0.0,0.0],[0.0,-0.0010931632129754577,0.07951071395448624,0.09555540431706361,0.0,-0.002061085224420954,0.0,0.0],[0.0,0.0010943633387482574,-0.07204465816397407,-0.13796085003046965,0.0,0.003683674386312727,0.0,0.0],[0.0,0.0,0.0,-0.299233662111771,0.0036642299242262383,0.0,0.005906823409644873,0.0],[0.0,0.0,0.0,0.0021586902449057996,-0.0036476063728314557,0.00908151537404216,-0.003649012107202091,0.0],[0.0,0.0,0.0,0.0,0.0036609644313302207,-0.009044620871419072,0.00443335998098295,0.0],[0.0,0.0,0.0,0.0,0.0,0.0,-0.004617750485187179,0.0017694811779908662],[0.0,0.0,0.0,0.0,0.0,0.0,0.002717956705578654,-0.0017663527074692888]]}