{"din_name":"flux_level08522.json","din_kind":"RELATIVE","din_start":600.0000998926716,"din_end":660.000060863419,"din_rules":["Interventions","r1","r1_rev","r2","r3","r4","r5","r6"],"din_hits":[0,88348,88328,1044,274767,273706,467424,467446],"din_fluxs":[[0.0,0.0,0.0,0.0,0.0,0.0,0.0,0.0],[0.0,-0.0010999244807923109,0.052710145051905154,0.09704870139471898,0.0,-0.002036712302865151,0.0,0.0],[0.0,0.0011011382224263174,-0.04915950908675084,-0.08936951171933695,0.0,0.0027904480672852334,0.0,0.0],[0.0,0.0,0.0,-0.4284793119611829,0.0026647896073634077,0.0,0.004780755559136367,0.0],[0.0,0.0,0.0,0.014529328907356039,-0.002658648166084452,0.01644608967582446,-0.002652005405790275,0.0],[0.0,0.0,0.0,0.0,0.0026657410930552915,-0.016471964233920115,0.0045106048011653984,0.0],[0.0,0.0,0.0,0.0,0.0,0.0,-0.005323407455271092,0.0014148941386278695],[0.0,0.0,0.0,0.0,0.0,0.0,0.004271258294756992,-0.0014128942619794983]]}