{"din_name":"flux_level13289.json","din_kind":"RELATIVE","din_start":600.0000001398909,"din_end":660.0000075070562,"din_rules":["Interventions","r1","r1_rev","r2","r3","r4","r5","r6"],"din_hits":[0,23880,23870,5598,1228182,1222589,2315782,2315764],"din_fluxs":[[0.0,0.0,0.0,0.0,0.0,0.0,0.0,0.0],[0.0,-0.001091743920586478,0.08872254384563232,0.08968831334250361,0.0,-0.002045945101273922,0.0,0.0],[0.0,0.0010929405818996566,-0.07961503728555847,-0.14484753291626717,0.0,0.004847700411102422,0.0,0.0],[0.0,0.0,0.0,-0.4442360076891243,0.002597460833416709,0.0,0.0039120320844001424,0.0],[0.0,0.0,0.0,0.006287469768600647,-0.0025916854440503076,0.018088080996518315,-0.002590450201720327,0.0],[0.0,0.0,0.0,0.0,0.0025984262136407752,-0.01789843570678774,0.003296408223285355,0.0],[0.0,0.0,0.0,0.0,0.0,0.0,-0.002300408574247938,0.002497700397982721],[0.0,0.0,0.0,0.0,0.0,0.0,0.001935336975956369,-0.0024914681897947244]]}