{"din_name":"flux_level00650.json","din_kind":"RELATIVE","din_start":600.0000023599765,"din_end":660.0000048182583,"din_rules":["Interventions","r1","r1_rev","r2","r3","r4","r5","r6"],"din_hits":[0,18075,18062,13695,2147803,2134125,2159334,2159328],"din_fluxs":[[0.0,0.0,0.0,0.0,0.0,0.0,0.0,0.0],[0.0,-0.0010928444757704226,0.08133778452815138,0.07096512521676858,0.0,-0.0020045905056238224,0.0,0.0],[0.0,0.0010940457072718143,-0.07354745493166172,-0.13469231128042528,0.0,0.005322125390112273,0.0,0.0],[0.0,0.0,0.0,-0.41135343978262723,0.0025500896002923585,0.0,0.0038506130863686333,0.0],[0.0,0.0,0.0,0.005767828515436255,-0.002544248932571326,0.019422722416965403,-0.0025442058933133884,0.0],[0.0,0.0,0.0,0.0,0.0025507442596240672,-0.01919830495172167,0.0030122167512602834,0.0],[0.0,0.0,0.0,0.0,0.0,0.0,-0.00254550055031895,0.002088893529323041],[0.0,0.0,0.0,0.0,0.0,0.0,0.002091537415366178,-0.002084534550939741]]}