{"din_name":"flux_level06146.json","din_kind":"RELATIVE","din_start":600.0000063272354,"din_end":660.0000549619282,"din_rules":["Interventions","r1","r1_rev","r2","r3","r4","r5","r6"],"din_hits":[0,144948,144929,632,158999,158367,1051472,1051448],"din_fluxs":[[0.0,0.0,0.0,0.0,0.0,0.0,0.0,0.0],[0.0,-0.0011043706918768491,0.04309216674608436,0.08800283591739946,0.0,-0.0020533248788678383,0.0,0.0],[0.0,0.0011055938311090063,-0.040599075227407445,-0.07626882004974066,0.0,0.0023114770628731443,0.0,0.0],[0.0,0.0,0.0,-0.33175894748662943,0.003076965530850509,0.0,0.005783947892823071,0.0],[0.0,0.0,0.0,0.011682263209903567,-0.003066827487153388,0.011629907539330955,-0.0030629332576945487,0.0],[0.0,0.0,0.0,0.0,0.0030762652198292775,-0.011762543559713049,0.0057138484252461305,0.0],[0.0,0.0,0.0,0.0,0.0,0.0,-0.003294583124078794,0.002530271242290539],[0.0,0.0,0.0,0.0,0.0,0.0,0.0029077585169937155,-0.00252387444406605]]}