{"din_name":"flux_level03044.json","din_kind":"RELATIVE","din_start":600.0000189250766,"din_end":660.0000252739392,"din_rules":["Interventions","r1","r1_rev","r2","r3","r4","r5","r6"],"din_hits":[0,92920,92902,1676,455104,453446,409988,410035],"din_fluxs":[[0.0,0.0,0.0,0.0,0.0,0.0,0.0,0.0],[0.0,-0.0010982101844885298,0.057485473909050885,0.09805966936672596,0.0,-0.0020542737688959583,0.0,0.0],[0.0,0.001099419647852086,-0.05335667915738619,-0.09827678912077302,0.0,0.002895114497204403,0.0,0.0],[0.0,0.0,0.0,-0.3902233582574407,0.002850147369941223,0.0,0.00313542969102189,0.0],[0.0,0.0,0.0,0.010416295918248745,-0.0028436916956890543,0.013731751314969665,-0.002843730598487807,0.0],[0.0,0.0,0.0,0.0,0.0028518109501840007,-0.013760612088228074,0.0031131891078106156,0.0],[0.0,0.0,0.0,0.0,0.0,0.0,-0.0016771717808546276,0.007788849033035674],[0.0,0.0,0.0,0.0,0.0,0.0,0.0013910061914999012,-0.0077282006625186625]]}