{"din_name":"flux_level06168.json","din_kind":"RELATIVE","din_start":600.0000064926061,"din_end":660.000056073469,"din_rules":["Interventions","r1","r1_rev","r2","r3","r4","r5","r6"],"din_hits":[0,322926,322773,46492,348365,301868,742320,742300],"din_fluxs":[[0.0,0.0,0.0,0.0,0.0,0.0,0.0,0.0],[0.0,-0.0012495209974707304,0.007071671055946889,0.013655073609787094,0.0,-0.002345264126273584,0.0,0.0],[0.0,0.0012511250352098572,-0.006894651914611514,-0.013692697661636116,0.0,0.002427214158844275,0.0,0.0],[0.0,0.0,0.0,-0.051175622127732655,0.00410139670399723,0.0,0.006606791940000484,0.0],[0.0,0.0,0.0,0.007544746973193155,-0.004085283160796088,0.007956409796014731,-0.004076743513766065,0.0],[0.0,0.0,0.0,0.0,0.00410216810696627,-0.009175130505226149,0.006573238273348346,0.0],[0.0,0.0,0.0,0.0,0.0,0.0,-0.004036340002256576,0.0029610427829529643],[0.0,0.0,0.0,0.0,0.0,0.0,0.0028939405836421973,-0.0029522843758037387]]}