{"din_name":"flux_level10318.json","din_kind":"RELATIVE","din_start":600.0000086319797,"din_end":660.0000056680324,"din_rules":["Interventions","r1","r1_rev","r2","r3","r4","r5","r6"],"din_hits":[0,48078,48070,22780,3806460,3783661,1829572,1829581],"din_fluxs":[[0.0,0.0,0.0,0.0,0.0,0.0,0.0,0.0],[0.0,-0.0010944288066178846,0.07252703175962867,0.06986040720451848,0.0,-0.002015888574793863,0.0,0.0],[0.0,0.0010956298939901663,-0.06623442574805569,-0.12358927580981033,0.0,0.004634564828651044,0.0,0.0],[0.0,0.0,0.0,-0.3523447886250916,0.0027507981300729117,0.0,0.0037516454324252172,0.0],[0.0,0.0,0.0,0.0044941898716647395,-0.0027432961466071657,0.015280321437647475,-0.002743649170227498,0.0],[0.0,0.0,0.0,0.0,0.0027508462297542485,-0.01517127584876269,0.0030762399774669907,0.0],[0.0,0.0,0.0,0.0,0.0,0.0,-0.002750972415214902,0.002068359670316511],[0.0,0.0,0.0,0.0,0.0,0.0,0.002082854618224133,-0.002064085793018458]]}