{"din_name":"flux_level05594.json","din_kind":"RELATIVE","din_start":600.0000198241959,"din_end":660.0000043161356,"din_rules":["Interventions","r1","r1_rev","r2","r3","r4","r5","r6"],"din_hits":[0,52718,52690,10998,406104,395106,1230336,1230327],"din_fluxs":[[0.0,0.0,0.0,0.0,0.0,0.0,0.0,0.0],[0.0,-0.0011292162979753444,0.02191295629466608,0.029797578968580127,0.0,-0.002082248374362131,0.0,0.0],[0.0,0.001130512306943975,-0.02103340813282474,-0.04126294778568253,0.0,0.0031785228085748633,0.0,0.0],[0.0,0.0,0.0,-0.16624911039415083,0.002935384996030689,0.0,0.004535586555801085,0.0],[0.0,0.0,0.0,0.007337176779688811,-0.00292638100013907,0.013170531087475878,-0.002925586452514346,0.0],[0.0,0.0,0.0,0.0,0.002934963168371476,-0.013498185965942341,0.004237493710636928,0.0],[0.0,0.0,0.0,0.0,0.0,0.0,-0.002606124430922024,0.00279521862822909],[0.0,0.0,0.0,0.0,0.0,0.0,0.002181984822269481,-0.0027874137647231688]]}