{"din_name":"flux_level10562.json","din_kind":"RELATIVE","din_start":600.0000008001909,"din_end":660.0000128295147,"din_rules":["Interventions","r1","r1_rev","r2","r3","r4","r5","r6"],"din_hits":[0,30807,30802,19893,4647377,4627481,263059,263074],"din_fluxs":[[0.0,0.0,0.0,0.0,0.0,0.0,0.0,0.0],[0.0,-0.0010897454580708241,0.11037634517688626,0.0981783576507488,0.0,-0.002067018575966832,0.0,0.0],[0.0,0.001090935730919937,-0.09436184348427372,-0.17057874593432656,0.0,0.005570426639535457,0.0,0.0],[0.0,0.0,0.0,-0.46430050990340815,0.0025730182643829954,0.0,0.0026341343128473056,0.0],[0.0,0.0,0.0,0.00542563916084467,-0.00256692990271893,0.01872364848468434,-0.002567335757143249,0.0],[0.0,0.0,0.0,0.0,0.0025735403354469203,-0.018478265513727884,0.002588954988721102,0.0],[0.0,0.0,0.0,0.0,0.0,0.0,-0.0013443873356830073,0.023282565562707965],[0.0,0.0,0.0,0.0,0.0,0.0,0.001080751815929568,-0.022741070037369637]]}