{"din_name":"flux_level03243.json","din_kind":"RELATIVE","din_start":600.0000148705768,"din_end":660.0000335237123,"din_rules":["Interventions","r1","r1_rev","r2","r3","r4","r5","r6"],"din_hits":[0,62037,62022,16285,3240824,3224556,1059354,1059359],"din_fluxs":[[0.0,0.0,0.0,0.0,0.0,0.0,0.0,0.0],[0.0,-0.0010955143242133139,0.0672857112851338,0.07364436779198161,0.0,-0.0020201158820402207,0.0,0.0],[0.0,0.0010967180901201576,-0.06181621104060938,-0.11744442421956512,0.0,0.0039680673119129395,0.0,0.0],[0.0,0.0,0.0,-0.3059975198708177,0.003093409152733717,0.0,0.003949053930791937,0.0],[0.0,0.0,0.0,0.003608062491768199,-0.003084360222600732,0.011721500790835473,-0.003085521233176794,0.0],[0.0,0.0,0.0,0.0,0.003093911719911416,-0.011679869706479048,0.003431205186033561,0.0],[0.0,0.0,0.0,0.0,0.0,0.0,-0.003123493575504025,0.002058631779647307],[0.0,0.0,0.0,0.0,0.0,0.0,0.0021138463133770435,-0.0020543980704107708]]}