{"din_name":"flux_level08946.json","din_kind":"RELATIVE","din_start":600.0000491532372,"din_end":660.0000152313011,"din_rules":["Interventions","r1","r1_rev","r2","r3","r4","r5","r6"],"din_hits":[0,50766,50750,2070,920814,918748,1156733,1156725],"din_fluxs":[[0.0,0.0,0.0,0.0,0.0,0.0,0.0,0.0],[0.0,-0.0010902056692639595,0.1042465419335323,0.1464682817040558,0.0,-0.0020152092798667426,0.0,0.0],[0.0,0.0010913966606534904,-0.0907446941332215,-0.15576113869689026,0.0,0.003816719458855301,0.0,0.0],[0.0,0.0,0.0,-0.5327673349125872,0.002636726607905891,0.0,0.0038831783650189033,0.0],[0.0,0.0,0.0,0.009916681883760249,-0.0026301781407335073,0.017065718923684903,-0.0026289921942858115,0.0],[0.0,0.0,0.0,0.0,0.00263711774156549,-0.01691164774610806,0.0034462632943119,0.0],[0.0,0.0,0.0,0.0,0.0,0.0,-0.0032128465129158054,0.0017880507154895383],[0.0,0.0,0.0,0.0,0.0,0.0,0.0025824099410925354,-0.0017848567487155386]]}