{"din_name":"flux_level03732.json","din_kind":"RELATIVE","din_start":600.000006565073,"din_end":660.0000171357322,"din_rules":["Interventions","r1","r1_rev","r2","r3","r4","r5","r6"],"din_hits":[0,12308,12299,7424,2026171,2018722,355008,355022],"din_fluxs":[[0.0,0.0,0.0,0.0,0.0,0.0,0.0,0.0],[0.0,-0.0010912435022064168,0.09429678208113432,0.09055902576854052,0.0,-0.0020005256946375605,0.0,0.0],[0.0,0.0010924416462356821,-0.08384865651881789,-0.15694850720703352,0.0,0.004569474828383818,0.0,0.0],[0.0,0.0,0.0,-0.36265340941856244,0.0029919625810831438,0.0,0.003553623427315557,0.0],[0.0,0.0,0.0,0.002924721184846269,-0.002982600889539863,0.012496615213022326,-0.0029837749176797736,0.0],[0.0,0.0,0.0,0.0,0.0029915267460863468,-0.012402140607383712,0.003112641915314514,0.0],[0.0,0.0,0.0,0.0,0.0,0.0,-0.0021982880865824258,0.0032165021753722614],[0.0,0.0,0.0,0.0,0.0,0.0,0.001522637919856286,-0.0032061659756783666]]}