{"din_name":"flux_level07340.json","din_kind":"RELATIVE","din_start":600.0001597762629,"din_end":660.0001953435948,"din_rules":["Interventions","r1","r1_rev","r2","r3","r4","r5","r6"],"din_hits":[0,58310,58288,1304,293040,291722,56053,56042],"din_fluxs":[[0.0,0.0,0.0,0.0,0.0,0.0,0.0,0.0],[0.0,-0.0011016162271317157,0.04841483062788296,0.07944715856399255,0.0,-0.002049885080984806,0.0,0.0],[0.0,0.00110283565066835,-0.04534878533190301,-0.08624054502385846,0.0,0.0027699885088030203,0.0,0.0],[0.0,0.0,0.0,-0.30411711297423216,0.003223679953758002,0.0,0.0033373377329996537,0.0],[0.0,0.0,0.0,0.00734226545832544,-0.003216190823246576,0.010774537820868764,-0.0032173439187882825,0.0],[0.0,0.0,0.0,0.0,0.0032265878775631454,-0.010846047793578445,0.0033184692070574863,0.0],[0.0,0.0,0.0,0.0,0.0,0.0,-0.0017268469701246663,0.017302552127866612],[0.0,0.0,0.0,0.0,0.0,0.0,0.0012578890052780205,-0.017002906407017317]]}