{"din_name":"flux_level10401.json","din_kind":"RELATIVE","din_start":600.0000012011833,"din_end":660.000001157649,"din_rules":["Interventions","r1","r1_rev","r2","r3","r4","r5","r6"],"din_hits":[0,73170,73157,28256,3363143,3334892,762140,762141],"din_fluxs":[[0.0,0.0,0.0,0.0,0.0,0.0,0.0,0.0],[0.0,-0.001098003541419311,0.0582538940601902,0.05862101647473339,0.0,-0.0020377923331054357,0.0,0.0],[0.0,0.00109921280116225,-0.05402532575685604,-0.10261860280612504,0.0,0.004510861021622092,0.0,0.0],[0.0,0.0,0.0,-0.33122155379515544,0.002668724442735917,0.0,0.004126590198061656,0.0],[0.0,0.0,0.0,0.005763506968832051,-0.0026621800742824358,0.016703280442448894,-0.0026636654774985437,0.0],[0.0,0.0,0.0,0.0,0.002669293709829557,-0.01661752301108352,0.003099152795730268,0.0],[0.0,0.0,0.0,0.0,0.0,0.0,-0.0075830707394934,0.001225349418736137],[0.0,0.0,0.0,0.0,0.0,0.0,0.005790639035245616,-0.001223849448272004]]}