{"din_name":"flux_level05784.json","din_kind":"RELATIVE","din_start":600.0000004494374,"din_end":660.0000030472805,"din_rules":["Interventions","r1","r1_rev","r2","r3","r4","r5","r6"],"din_hits":[0,106315,106296,23913,1815381,1791471,1062823,1062799],"din_fluxs":[[0.0,0.0,0.0,0.0,0.0,0.0,0.0,0.0],[0.0,-0.0011065012409045324,0.03979999099875942,0.04523825130455445,0.0,-0.0020480233590616918,0.0,0.0],[0.0,0.0011077302579627249,-0.03760973092739927,-0.07161477867710919,0.0,0.003934561620431808,0.0,0.0],[0.0,0.0,0.0,-0.28232939470084534,0.002647307805178764,0.0,0.002986139540050614,0.0],[0.0,0.0,0.0,0.00751062191881864,-0.0026411526521614424,0.017156076247145335,-0.00264078483551747,0.0],[0.0,0.0,0.0,0.0,0.002648160529193541,-0.01719552465219878,0.0028433282903436983,0.0],[0.0,0.0,0.0,0.0,0.0,0.0,-0.0017231845812789978,0.0045773912201347855],[0.0,0.0,0.0,0.0,0.0,0.0,0.0013912479059096834,-0.004556457956265739]]}