{"din_name":"flux_level03448.json","din_kind":"RELATIVE","din_start":600.0000008656272,"din_end":660.0000080187917,"din_rules":["Interventions","r1","r1_rev","r2","r3","r4","r5","r6"],"din_hits":[0,38276,38263,37217,4086260,4049037,1173213,1173220],"din_fluxs":[[0.0,0.0,0.0,0.0,0.0,0.0,0.0,0.0],[0.0,-0.001097283968540894,0.060459466815612116,0.05614256789546317,0.0,-0.002029014350836614,0.0,0.0],[0.0,0.0010984934983248003,-0.05592610699860496,-0.10590224015931003,0.0,0.0048934618512784045,0.0,0.0],[0.0,0.0,0.0,-0.3360010783891888,0.0026215412074757855,0.0,0.0036763215483430573,0.0],[0.0,0.0,0.0,0.005494246465857079,-0.00261496951157823,0.017723562257491474,-0.002616785572941936,0.0],[0.0,0.0,0.0,0.0,0.0026218305642075027,-0.017597309029614365,0.0028604224401547608,0.0],[0.0,0.0,0.0,0.0,0.0,0.0,-0.0036593438582734525,0.0015793071310069835],[0.0,0.0,0.0,0.0,0.0,0.0,0.0028451657735363597,-0.0015768156714013508]]}