{"din_name":"flux_level04255.json","din_kind":"RELATIVE","din_start":600.0001795694757,"din_end":660.0000000971685,"din_rules":["Interventions","r1","r1_rev","r2","r3","r4","r5","r6"],"din_hits":[0,145332,145298,1091,144560,143457,308174,308178],"din_fluxs":[[0.0,0.0,0.0,0.0,0.0,0.0,0.0,0.0],[0.0,-0.0011146361363506615,0.030671671583788827,0.058319802052720714,0.0,-0.002064870571732087,0.0,0.0],[0.0,0.001115884353908504,-0.02925104584790559,-0.05671382204147629,0.0,0.0022953324921733483,0.0,0.0],[0.0,0.0,0.0,-0.20632522020191987,0.003679955267616488,0.0,0.004483316427924559,0.0],[0.0,0.0,0.0,0.008193341267761983,-0.0036699937778079373,0.00888985801770187,-0.0036771646909986417,0.0],[0.0,0.0,0.0,0.0,0.0036835577617150123,-0.009098651922032469,0.004494832674529909,0.0],[0.0,0.0,0.0,0.0,0.0,0.0,-0.0023570537481365623,0.007016146130056653],[0.0,0.0,0.0,0.0,0.0,0.0,0.0019872077868502004,-0.006966966490833326]]}