{"din_name":"flux_level05476.json","din_kind":"RELATIVE","din_start":600.0000207349777,"din_end":660.0000272586087,"din_rules":["Interventions","r1","r1_rev","r2","r3","r4","r5","r6"],"din_hits":[0,56673,56659,1200,818040,816849,929741,929724],"din_fluxs":[[0.0,0.0,0.0,0.0,0.0,0.0,0.0,0.0],[0.0,-0.0010909614650727963,0.09536791225105896,0.15737401946779195,0.0,-0.0020295353105057143,0.0,0.0],[0.0,0.0010921543042334506,-0.08497832234811963,-0.15629508457476532,0.0,0.002937401803646647,0.0,0.0],[0.0,0.0,0.0,-0.41487618791141856,0.003511754563991368,0.0,0.00488439311969403,0.0],[0.0,0.0,0.0,0.005895145333994543,-0.0034998192852383906,0.009468997190364205,-0.003497459468384477,0.0],[0.0,0.0,0.0,0.0,0.0035121236653561016,-0.009455110115967233,0.004611538811589812,0.0],[0.0,0.0,0.0,0.0,0.0,0.0,-0.003107200321743419,0.0027744566981331726],[0.0,0.0,0.0,0.0,0.0,0.0,0.0021533446874165084,-0.0027667645154186866]]}