{"din_name":"flux_level01377.json","din_kind":"RELATIVE","din_start":600.0000516774815,"din_end":660.0000428177829,"din_rules":["Interventions","r1","r1_rev","r2","r3","r4","r5","r6"],"din_hits":[0,5333,5325,442,374900,374448,529821,529833],"din_fluxs":[[0.0,0.0,0.0,0.0,0.0,0.0,0.0,0.0],[0.0,-0.001089209208584946,0.1159481244283182,0.16616285302685863,0.0,-0.002013799107584303,0.0,0.0],[0.0,0.0010904069447116931,-0.09937009952317984,-0.18645858817215122,0.0,0.0030651918153001886,0.0,0.0],[0.0,0.0,0.0,-0.36316240894272245,0.004770347811722907,0.0,0.009378135444697113,0.0],[0.0,0.0,0.0,0.001927972795614214,-0.004745228405404413,0.0070267031721715865,-0.004741880259036039,0.0],[0.0,0.0,0.0,0.0,0.004767897111137001,-0.007000522162066625,0.007810671572320416,0.0],[0.0,0.0,0.0,0.0,0.0,0.0,-0.005324164319498448,0.002572628937621101],[0.0,0.0,0.0,0.0,0.0,0.0,0.003212995579068734,-0.002566014795286769]]}