{"din_name":"flux_level13941.json","din_kind":"RELATIVE","din_start":600.0000002208399,"din_end":660.0000040503525,"din_rules":["Interventions","r1","r1_rev","r2","r3","r4","r5","r6"],"din_hits":[0,153830,153789,71537,2697241,2625688,599553,599545],"din_fluxs":[[0.0,0.0,0.0,0.0,0.0,0.0,0.0,0.0],[0.0,-0.0011229191259862412,0.024943692924164675,0.03052713945975286,0.0,-0.002084043343586531,0.0,0.0],[0.0,0.0011241877529264844,-0.023923761182824837,-0.04640325672124107,0.0,0.0035590129989528604,0.0,0.0],[0.0,0.0,0.0,-0.19249996054318097,0.002753806914907051,0.0,0.003932775978985175,0.0],[0.0,0.0,0.0,0.007458190773604547,-0.002746360278967678,0.015437854015278661,-0.0027418477340477917,0.0],[0.0,0.0,0.0,0.0,0.002753930147348612,-0.015694288587184316,0.0032799676473072767,0.0],[0.0,0.0,0.0,0.0,0.0,0.0,-0.008857164776561824,0.001196762566953116],[0.0,0.0,0.0,0.0,0.0,0.0,0.0065703634340817975,-0.001195331867022336]]}