{"din_name":"flux_level05971.json","din_kind":"RELATIVE","din_start":600.0000002756108,"din_end":660.0000046528328,"din_rules":["Interventions","r1","r1_rev","r2","r3","r4","r5","r6"],"din_hits":[0,31173,31165,19084,4217953,4198851,30821,30813],"din_fluxs":[[0.0,0.0,0.0,0.0,0.0,0.0,0.0,0.0],[0.0,-0.0010907903545881227,0.09860012476854033,0.08778893931331505,0.0,-0.0020234219834846454,0.0,0.0],[0.0,0.001091983614861755,-0.08640150812346241,-0.15850159049615375,0.0,0.005247682956557053,0.0,0.0],[0.0,0.0,0.0,-0.4218632134659385,0.0026513110779324434,0.0,0.0034965082064911225,0.0],[0.0,0.0,0.0,0.004643004498228492,-0.00264456821890937,0.016960461371041242,-0.0026473896276056714,0.0],[0.0,0.0,0.0,0.0,0.0026515846501166947,-0.01677435181459404,0.0027823648062287715,0.0],[0.0,0.0,0.0,0.0,0.0,0.0,-0.029066935402181755,0.0010490743045233181],[0.0,0.0,0.0,0.0,0.0,0.0,0.02276887516411804,-0.0010479754940621506]]}