{"din_name":"flux_level09091.json","din_kind":"RELATIVE","din_start":600.0000064405702,"din_end":660.000005769037,"din_rules":["Interventions","r1","r1_rev","r2","r3","r4","r5","r6"],"din_hits":[0,99903,99885,9959,2873908,2863956,1288249,1288224],"din_fluxs":[[0.0,0.0,0.0,0.0,0.0,0.0,0.0,0.0],[0.0,-0.0010964866633939245,0.06364601800871195,0.08837931813053986,0.0,-0.0020375939552178075,0.0,0.0],[0.0,0.0010976918823526927,-0.05868480946653158,-0.11253550025156965,0.0,0.0030918745544005408,0.0,0.0],[0.0,0.0,0.0,-0.2602579752833877,0.0041230971531308535,0.0,0.005153687049207033,0.0],[0.0,0.0,0.0,0.0027995431083986714,-0.004107411820321536,0.007974390195646434,-0.004107784834429236,0.0],[0.0,0.0,0.0,0.0,0.004124380908897685,-0.007974593860531185,0.0047616722718953845,0.0],[0.0,0.0,0.0,0.0,0.0,0.0,-0.0032335467366683066,0.0031939691587312678],[0.0,0.0,0.0,0.0,0.0,0.0,0.0018343377325931037,-0.003183780720629133]]}