{"din_name":"flux_level04638.json","din_kind":"RELATIVE","din_start":600.0000062383862,"din_end":660.000005708678,"din_rules":["Interventions","r1","r1_rev","r2","r3","r4","r5","r6"],"din_hits":[0,153979,153951,37637,3116953,3079315,1028486,1028474],"din_fluxs":[[0.0,0.0,0.0,0.0,0.0,0.0,0.0,0.0],[0.0,-0.0011088454337755478,0.03653470771397077,0.04558466567122195,0.0,-0.0020599115004641443,0.0,0.0],[0.0,0.0011100792873582751,-0.03464741319067516,-0.06742327415786654,0.0,0.003450096088336028,0.0,0.0],[0.0,0.0,0.0,-0.20499660037029852,0.003189432216195822,0.0,0.0036473740472181045,0.0],[0.0,0.0,0.0,0.004587604038625009,-0.0031791844800871222,0.011182787299898555,-0.0031783422619184776,0.0],[0.0,0.0,0.0,0.0,0.0031893300764131534,-0.011260450498896176,0.00343721702236006,0.0],[0.0,0.0,0.0,0.0,0.0,0.0,-0.0023024542510598294,0.003469801727348692],[0.0,0.0,0.0,0.0,0.0,0.0,0.0015544935392725803,-0.0034577773260035145]]}