{"din_name":"flux_level04583.json","din_kind":"RELATIVE","din_start":600.0000014163977,"din_end":660.0000058044195,"din_rules":["Interventions","r1","r1_rev","r2","r3","r4","r5","r6"],"din_hits":[0,316359,316273,152711,2342036,2189313,621487,621521],"din_fluxs":[[0.0,0.0,0.0,0.0,0.0,0.0,0.0,0.0],[0.0,-0.0011644587815667843,0.01316304622472492,0.01950822473258577,0.0,-0.0021618036218635566,0.0,0.0],[0.0,0.0011658273643290167,-0.012771084483567821,-0.024890253849993646,0.0,0.0030366682304072334,0.0,0.0],[0.0,0.0,0.0,-0.16077948613957727,0.0025590153683179135,0.0,0.0033075623659022803,0.0],[0.0,0.0,0.0,0.01333149877712975,-0.002552666816160543,0.019406083190024768,-0.00255570382763813,0.0],[0.0,0.0,0.0,0.0,0.0025592146421877108,-0.02045891858190377,0.0030321537150492044,0.0],[0.0,0.0,0.0,0.0,0.0,0.0,-0.008326032499275318,0.0011912359611039535],[0.0,0.0,0.0,0.0,0.0,0.0,0.006629735791147455,-0.0011898184333409701]]}