{"din_name":"flux_level06996.json","din_kind":"RELATIVE","din_start":600.0000314728214,"din_end":660.0000065931381,"din_rules":["Interventions","r1","r1_rev","r2","r3","r4","r5","r6"],"din_hits":[0,207178,207130,8898,468580,459682,16474,16478],"din_fluxs":[[0.0,0.0,0.0,0.0,0.0,0.0,0.0,0.0],[0.0,-0.0011330115596636114,0.020362289003543133,0.03566074571051863,0.0,-0.0021090386134575965,0.0,0.0],[0.0,0.0011343036680449869,-0.01961885259387265,-0.03873430518037364,0.0,0.002435371655670411,0.0,0.0],[0.0,0.0,0.0,-0.1049311021176165,0.0052680132241444055,0.0,0.005297254973357993,0.0],[0.0,0.0,0.0,0.004588380218736196,-0.0052409630122577,0.006624858284399255,-0.005240626912537905,0.0],[0.0,0.0,0.0,0.0,0.00526865521446248,-0.006850262313670181,0.005296798751272552,0.0],[0.0,0.0,0.0,0.0,0.0,0.0,-0.00264145651287446,1.5035135030758404],[0.0,0.0,0.0,0.0,0.0,0.0,0.0018425218983997695,-0.24189370864330803]]}