{"din_name":"flux_level00804.json","din_kind":"RELATIVE","din_start":600.0000058859504,"din_end":660.0000171447418,"din_rules":["Interventions","r1","r1_rev","r2","r3","r4","r5","r6"],"din_hits":[0,69049,69030,8770,1709522,1700754,674817,674814],"din_fluxs":[[0.0,0.0,0.0,0.0,0.0,0.0,0.0,0.0],[0.0,-0.001097231816890972,0.060499969989348465,0.07452298398392608,0.0,-0.0020488289999754865,0.0,0.0],[0.0,0.0010984395777981911,-0.05599118244993484,-0.10651191900321579,0.0,0.003629778652794655,0.0,0.0],[0.0,0.0,0.0,-0.3039285508141556,0.003100937524488287,0.0,0.0034454178776833107,0.0],[0.0,0.0,0.0,0.0045410155875137154,-0.0030917454875956036,0.011645282792685237,-0.003091401922035189,0.0],[0.0,0.0,0.0,0.0,0.003101342394932175,-0.011632279654090963,0.003306080461250004,0.0],[0.0,0.0,0.0,0.0,0.0,0.0,-0.0018846353845782492,0.0062776525376382585],[0.0,0.0,0.0,0.0,0.0,0.0,0.0013703628236214427,-0.006238281362469303]]}