{"din_name":"flux_level12707.json","din_kind":"RELATIVE","din_start":600.0000018432416,"din_end":660.0000183457341,"din_rules":["Interventions","r1","r1_rev","r2","r3","r4","r5","r6"],"din_hits":[0,55639,55628,5265,1527889,1522621,779139,779144],"din_fluxs":[[0.0,0.0,0.0,0.0,0.0,0.0,0.0,0.0],[0.0,-0.0010911824783661308,0.09340729070607622,0.11119664690266738,0.0,-0.002022660746644116,0.0,0.0],[0.0,0.0010923758829799197,-0.08345746269076006,-0.1487303946559898,0.0,0.004488111818304733,0.0,0.0],[0.0,0.0,0.0,-0.49930276035944415,0.00255915448383179,0.0,0.0036075940768962754,0.0],[0.0,0.0,0.0,0.008656319052632292,-0.0025526915971235587,0.019000587533607647,-0.0025514321137068887,0.0],[0.0,0.0,0.0,0.0,0.0025592268409721335,-0.018795131230590786,0.0030240018072136944,0.0],[0.0,0.0,0.0,0.0,0.0,0.0,-0.004405990487914456,0.0014332256196713565],[0.0,0.0,0.0,0.0,0.0,0.0,0.0035248303249325146,-0.0014311738395338795]]}