{"din_name":"flux_level06072.json","din_kind":"RELATIVE","din_start":600.0000002344361,"din_end":660.0000069961234,"din_rules":["Interventions","r1","r1_rev","r2","r3","r4","r5","r6"],"din_hits":[0,27346,27330,20964,4098719,4077766,609058,609054],"din_fluxs":[[0.0,0.0,0.0,0.0,0.0,0.0,0.0,0.0],[0.0,-0.00109191939935437,0.08748994021131953,0.07875452984566025,0.0,-0.002017963542248104,0.0,0.0],[0.0,0.0010931161152350874,-0.07863548793026943,-0.14630627089373066,0.0,0.005107223282550831,0.0,0.0],[0.0,0.0,0.0,-0.3937608702059178,0.0026898686834139272,0.0,0.0030655780789427293,0.0],[0.0,0.0,0.0,0.004377060612357582,-0.002683943038181809,0.016239727146211188,-0.0026834499477694294,0.0],[0.0,0.0,0.0,0.0,0.0026911755175442124,-0.016080316395990762,0.0027627759022515984,0.0],[0.0,0.0,0.0,0.0,0.0,0.0,-0.0019889798702828016,0.003132685321866591],[0.0,0.0,0.0,0.0,0.0,0.0,0.001509727526116207,-0.0031228818080841873]]}