{"din_name":"flux_level04374.json","din_kind":"RELATIVE","din_start":600.0000000893414,"din_end":660.0000043066351,"din_rules":["Interventions","r1","r1_rev","r2","r3","r4","r5","r6"],"din_hits":[0,332390,332228,454178,3011718,2557531,811150,811144],"din_fluxs":[[0.0,0.0,0.0,0.0,0.0,0.0,0.0,0.0],[0.0,-0.0012616908082579354,0.006666983620329924,0.012885752191653797,0.0,-0.002352125665011483,0.0,0.0],[0.0,0.00126332983430005,-0.006502352764177041,-0.012952261863829891,0.0,0.0024775957195332363,0.0,0.0],[0.0,0.0,0.0,-0.07737967877382833,0.002924536241710044,0.0,0.0034250614871469257,0.0],[0.0,0.0,0.0,0.012657022814567874,-0.0029159120216472813,0.012942224746825399,-0.0029143261099712175,0.0],[0.0,0.0,0.0,0.0,0.0029244278671147787,-0.015027789651916527,0.0033917614792684132,0.0],[0.0,0.0,0.0,0.0,0.0,0.0,-0.005623805189330482,0.0013757046686129727],[0.0,0.0,0.0,0.0,0.0,0.0,0.003944722948331156,-0.0013738139793068598]]}