{"din_name":"flux_level10914.json","din_kind":"RELATIVE","din_start":600.0000032556716,"din_end":660.0000049651695,"din_rules":["Interventions","r1","r1_rev","r2","r3","r4","r5","r6"],"din_hits":[0,48174,48145,81388,4159796,4078405,980767,980772],"din_fluxs":[[0.0,0.0,0.0,0.0,0.0,0.0,0.0,0.0],[0.0,-0.0011104225479577413,0.03482776002592974,0.036210164743750085,0.0,-0.0020438539223118684,0.0,0.0],[0.0,0.0011116672985295227,-0.03304314310243834,-0.06339684592808557,0.0,0.004171063326651336,0.0,0.0],[0.0,0.0,0.0,-0.24110786832198972,0.002654659229032779,0.0,0.0030868491481971126,0.0],[0.0,0.0,0.0,0.0066908903146843755,-0.0026478046920088627,0.017173236719660777,-0.0026465847712139924,0.0],[0.0,0.0,0.0,0.0,0.0026548403191384,-0.017237848701481557,0.002768315235529602,0.0],[0.0,0.0,0.0,0.0,0.0,0.0,-0.0021742809851335396,0.002612352612360051],[0.0,0.0,0.0,0.0,0.0,0.0,0.001676396944878965,-0.0026055345525541037]]}