{"din_name":"flux_level10550.json","din_kind":"RELATIVE","din_start":600.0000376686875,"din_end":660.0000014450272,"din_rules":["Interventions","r1","r1_rev","r2","r3","r4","r5","r6"],"din_hits":[0,76078,76057,8424,2012965,2004542,741651,741635],"din_fluxs":[[0.0,0.0,0.0,0.0,0.0,0.0,0.0,0.0],[0.0,-0.0010939244895354064,0.07502626645461642,0.0870490580949199,0.0,-0.002023496540960884,0.0,0.0],[0.0,0.0010951237962187276,-0.0683674095101358,-0.1265920933361822,0.0,0.004022498491827718,0.0,0.0],[0.0,0.0,0.0,-0.3901964241429301,0.0027748143089052876,0.0,0.00324507679713961,0.0],[0.0,0.0,0.0,0.006066424023762879,-0.002766578153645614,0.01484146347416485,-0.002766763066930823,0.0],[0.0,0.0,0.0,0.0,0.002774254372709145,-0.014758048893477111,0.0030118941401508065,0.0],[0.0,0.0,0.0,0.0,0.0,0.0,-0.002496437983553242,0.002317182488438302],[0.0,0.0,0.0,0.0,0.0,0.0,0.0018648506484237857,-0.0023118185856736747]]}