{"din_name":"flux_level03117.json","din_kind":"RELATIVE","din_start":600.0000062564004,"din_end":660.000000618796,"din_rules":["Interventions","r1","r1_rev","r2","r3","r4","r5","r6"],"din_hits":[0,62981,62959,242,70121,69868,1446171,1446192],"din_fluxs":[[0.0,0.0,0.0,0.0,0.0,0.0,0.0,0.0],[0.0,-0.001102960991562295,0.04579915379008614,0.09357053843007997,0.0,-0.002059497886801311,0.0,0.0],[0.0,0.0011041835245399882,-0.043002776021204045,-0.08099901601498702,0.0,0.0022860382491371447,0.0,0.0],[0.0,0.0,0.0,-0.3133865238967493,0.0032604247773441795,0.0,0.005949394741380028,0.0],[0.0,0.0,0.0,0.010440205042801123,-0.0032560372348393817,0.010476470087913768,-0.0032494755081093414,0.0],[0.0,0.0,0.0,0.0,0.0032667051428089326,-0.010594488556341467,0.0059589355000145075,0.0],[0.0,0.0,0.0,0.0,0.0,0.0,-0.0030668332046735304,0.0033329324272902243],[0.0,0.0,0.0,0.0,0.0,0.0,0.0029459498695267195,-0.00332183587843574]]}