{"din_name":"flux_level12562.json","din_kind":"RELATIVE","din_start":600.000039851107,"din_end":660.0000057907696,"din_rules":["Interventions","r1","r1_rev","r2","r3","r4","r5","r6"],"din_hits":[0,55003,54989,7155,1715288,1708135,556326,556324],"din_fluxs":[[0.0,0.0,0.0,0.0,0.0,0.0,0.0,0.0],[0.0,-0.0010927582893938063,0.08245353098159736,0.09259078744886365,0.0,-0.0020413553279670987,0.0,0.0],[0.0,0.0010939555607983853,-0.07448548188424164,-0.13655861580332876,0.0,0.0043867325318304295,0.0,0.0],[0.0,0.0,0.0,-0.4271815594367879,0.002658808779800324,0.0,0.004060591020891839,0.0],[0.0,0.0,0.0,0.006732991771238793,-0.002651905495537098,0.016754689385021167,-0.002650228752078544,0.0],[0.0,0.0,0.0,0.0,0.0026589601089670686,-0.016618717264144316,0.003237538863826649,0.0],[0.0,0.0,0.0,0.0,0.0,0.0,-0.007334606163777537,0.0012369482720283591],[0.0,0.0,0.0,0.0,0.0,0.0,0.0056420292759682186,-0.0012354198198587978]]}