{"din_name":"flux_level03766.json","din_kind":"RELATIVE","din_start":600.0000040125959,"din_end":660.0000003204379,"din_rules":["Interventions","r1","r1_rev","r2","r3","r4","r5","r6"],"din_hits":[0,6093,6070,45785,3729727,3683935,22229,22234],"din_fluxs":[[0.0,0.0,0.0,0.0,0.0,0.0,0.0,0.0],[0.0,-0.0011025012255144124,0.047238397199773186,0.04578566097457549,0.0,-0.0020221625015099894,0.0,0.0],[0.0,0.0011037647157994034,-0.043931453547568125,-0.08661974376241617,0.0,0.004508069177853329,0.0,0.0],[0.0,0.0,0.0,-0.24914017786442796,0.002834993143847454,0.0,0.0028458959543543084,0.0],[0.0,0.0,0.0,0.004260011791361822,-0.002827515538151196,0.014280960493575232,-0.0028276371599651163,0.0],[0.0,0.0,0.0,0.0,0.002835543742131308,-0.014255765436599467,0.0028378776922060823,0.0],[0.0,0.0,0.0,0.0,0.0,0.0,-0.001423517983112564,0.2693480317178169],[0.0,0.0,0.0,0.0,0.0,0.0,0.0010421165863053628,-0.15026540538816213]]}