{"din_name":"flux_level04482.json","din_kind":"RELATIVE","din_start":600.0000003942428,"din_end":660.0000059433269,"din_rules":["Interventions","r1","r1_rev","r2","r3","r4","r5","r6"],"din_hits":[0,3190,3174,17293,3547977,3530683,1753421,1753421],"din_fluxs":[[0.0,0.0,0.0,0.0,0.0,0.0,0.0,0.0],[0.0,-0.0010907305715273671,0.09954181922433886,0.07751978414871401,0.0,-0.0019344741910764086,0.0,0.0],[0.0,0.001091942365706368,-0.08772036097874926,-0.16217964852086122,0.0,0.00555930208480926,0.0,0.0],[0.0,0.0,0.0,-0.39511349843326227,0.0026933899623381627,0.0,0.004737616596490009,0.0],[0.0,0.0,0.0,0.0037061224386866886,-0.002686223162490135,0.01621025879095261,-0.0026874846699429652,0.0],[0.0,0.0,0.0,0.0,0.002693461617816163,-0.016030829903012633,0.0030851592363875394,0.0],[0.0,0.0,0.0,0.0,0.0,0.0,-0.0033815701331704217,0.0017084330108451374],[0.0,0.0,0.0,0.0,0.0,0.0,0.0025991311512495374,-0.0017055171691193595]]}