{"din_name":"flux_level03127.json","din_kind":"RELATIVE","din_start":600.0000000126375,"din_end":660.000001276375,"din_rules":["Interventions","r1","r1_rev","r2","r3","r4","r5","r6"],"din_hits":[0,363730,363670,101107,2254273,2153175,1480572,1480539],"din_fluxs":[[0.0,0.0,0.0,0.0,0.0,0.0,0.0,0.0],[0.0,-0.001147346713814214,0.016244258826738137,0.023373670655625758,0.0,-0.002127049683261636,0.0,0.0],[0.0,0.0011486709031159155,-0.015717682954886958,-0.030704065827267167,0.0,0.003058296114006578,0.0,0.0],[0.0,0.0,0.0,-0.15161291964763296,0.0027715401651541576,0.0,0.0036349650723985043,0.0],[0.0,0.0,0.0,0.009493219030829798,-0.002763803253728938,0.01514462076386248,-0.002767201032610312,0.0],[0.0,0.0,0.0,0.0,0.0027714630375583987,-0.015760038830962986,0.0033935740513409466,0.0],[0.0,0.0,0.0,0.0,0.0,0.0,-0.0037901669335782904,0.00163603061253493],[0.0,0.0,0.0,0.0,0.0,0.0,0.0028578927124246834,-0.001633357557956438]]}