{"din_name":"flux_level13350.json","din_kind":"RELATIVE","din_start":600.0000092847922,"din_end":660.0000004585175,"din_rules":["Interventions","r1","r1_rev","r2","r3","r4","r5","r6"],"din_hits":[0,22328,22305,20631,2153851,2133206,13029,13020],"din_fluxs":[[0.0,0.0,0.0,0.0,0.0,0.0,0.0,0.0],[0.0,-0.00109697912173554,0.06179414580590354,0.05507210821305065,0.0,-0.0020117279347743305,0.0,0.0],[0.0,0.0010981908042540518,-0.057032300593839624,-0.10601291217865892,0.0,0.005021869014771868,0.0,0.0],[0.0,0.0,0.0,-0.3624878388958923,0.00253228577680993,0.0,0.00267617400470985,0.0],[0.0,0.0,0.0,0.0065444227413124795,-0.0025262615412861436,0.020037731465932844,-0.0025255587963648857,0.0],[0.0,0.0,0.0,0.0,0.0025326655703944703,-0.019859147176358536,0.00256645485396201,0.0],[0.0,0.0,0.0,0.0,0.0,0.0,-0.010118377436690711,0.0011444384281655996],[0.0,0.0,0.0,0.0,0.0,0.0,0.008144246217841041,-0.0011431292503857613]]}