{"din_name":"flux_level13635.json","din_kind":"RELATIVE","din_start":600.0000157027894,"din_end":660.0000026708909,"din_rules":["Interventions","r1","r1_rev","r2","r3","r4","r5","r6"],"din_hits":[0,6108,6089,35207,4090359,4055142,1203657,1203654],"din_fluxs":[[0.0,0.0,0.0,0.0,0.0,0.0,0.0,0.0],[0.0,-0.001097986739294855,0.05873795433083544,0.05499921114692414,0.0,-0.002009074147369719,0.0,0.0],[0.0,0.001099224392804393,-0.05409878117428052,-0.10388729633004398,0.0,0.004568013361301779,0.0,0.0],[0.0,0.0,0.0,-0.2752488601126437,0.0029016832512493308,0.0,0.005388229885599332,0.0],[0.0,0.0,0.0,0.0034749452323374645,-0.0028938006452780534,0.013469444838841155,-0.0028944300063314383,0.0],[0.0,0.0,0.0,0.0,0.0029022082963488165,-0.01340752539794083,0.003322337187402262,0.0],[0.0,0.0,0.0,0.0,0.0,0.0,-0.004922892830659195,0.0014500806939806866],[0.0,0.0,0.0,0.0,0.0,0.0,0.0034983941276938543,-0.0014479800436323668]]}