{"din_name":"flux_level00514.json","din_kind":"RELATIVE","din_start":600.0000191181438,"din_end":660.0000388841864,"din_rules":["Interventions","r1","r1_rev","r2","r3","r4","r5","r6"],"din_hits":[0,165475,165422,30497,1142453,1111958,1040345,1040335],"din_fluxs":[[0.0,0.0,0.0,0.0,0.0,0.0,0.0,0.0],[0.0,-0.0011346990094536927,0.019773975630112083,0.02981389637958769,0.0,-0.0021064317426035773,0.0,0.0],[0.0,0.0011359972604671894,-0.019057408405926082,-0.03744987440014873,0.0,0.002828618512268841,0.0,0.0],[0.0,0.0,0.0,-0.1162899400357543,0.0037861045672264886,0.0,0.004925097742269842,0.0],[0.0,0.0,0.0,0.004937679323007013,-0.0037716127711694986,0.008845103382976192,-0.003772314593707628,0.0],[0.0,0.0,0.0,0.0,0.003785902770966039,-0.009110629436502569,0.004682526414774665,0.0],[0.0,0.0,0.0,0.0,0.0,0.0,-0.0029336962759427517,0.003524996616385477],[0.0,0.0,0.0,0.0,0.0,0.0,0.001957929631761637,-0.0035125842792652737]]}