{"din_name":"flux_level11591.json","din_kind":"RELATIVE","din_start":600.0000179348295,"din_end":660.0000029507733,"din_rules":["Interventions","r1","r1_rev","r2","r3","r4","r5","r6"],"din_hits":[0,49634,49626,1791,1335698,1333904,1189878,1189869],"din_fluxs":[[0.0,0.0,0.0,0.0,0.0,0.0,0.0,0.0],[0.0,-0.001089588847799725,0.11216420921510672,0.16159973680133505,0.0,-0.0020109669361397273,0.0,0.0],[0.0,0.0010907784976847432,-0.09568938264312271,-0.17553997927477125,0.0,0.003176556935693869,0.0,0.0],[0.0,0.0,0.0,-0.4205634699318861,0.0035585028208131803,0.0,0.004320941801207424,0.0],[0.0,0.0,0.0,0.004532690438871743,-0.0035483024551607773,0.009312108316735165,-0.0035485469420655164,0.0],[0.0,0.0,0.0,0.0,0.0035609533988630025,-0.009280773671996017,0.0041605451575679455,0.0],[0.0,0.0,0.0,0.0,0.0,0.0,-0.002377576280571113,0.005049675200466626],[0.0,0.0,0.0,0.0,0.0,0.0,0.0017139551709559784,-0.005024204181812209]]}