{"din_name":"flux_level02384.json","din_kind":"RELATIVE","din_start":600.0000028582714,"din_end":660.0000237791394,"din_rules":["Interventions","r1","r1_rev","r2","r3","r4","r5","r6"],"din_hits":[0,3476,3463,2813,1661408,1658584,921399,921393],"din_fluxs":[[0.0,0.0,0.0,0.0,0.0,0.0,0.0,0.0],[0.0,-0.0010903477726915763,0.10135236691000511,0.1295066921778282,0.0,-0.001996740937735367,0.0,0.0],[0.0,0.0010915577645367429,-0.08941830494058728,-0.16991762185509024,0.0,0.003299903228780156,0.0,0.0],[0.0,0.0,0.0,-0.316971812117316,0.004692603765880004,0.0,0.009718870383192298,0.0],[0.0,0.0,0.0,0.001001192363954785,-0.004671402759920541,0.007139006919509459,-0.004675147401547371,0.0],[0.0,0.0,0.0,0.0,0.004693371291737353,-0.00710297264699888,0.006318099465645321,0.0],[0.0,0.0,0.0,0.0,0.0,0.0,-0.0057343286592491105,0.0019658807525651943],[0.0,0.0,0.0,0.0,0.0,0.0,0.00287216541528816,-0.0019620198030029833]]}