{"din_name":"flux_level01332.json","din_kind":"RELATIVE","din_start":600.0000033708029,"din_end":660.000000185858,"din_rules":["Interventions","r1","r1_rev","r2","r3","r4","r5","r6"],"din_hits":[0,171068,171026,73059,2474085,2401022,148758,148763],"din_fluxs":[[0.0,0.0,0.0,0.0,0.0,0.0,0.0,0.0],[0.0,-0.0011251911135613808,0.023735102480633416,0.029343478428597244,0.0,-0.002092047883433249,0.0,0.0],[0.0,0.0011264647978187728,-0.02279081579540971,-0.04428134494582867,0.0,0.003579373261614282,0.0,0.0],[0.0,0.0,0.0,-0.2071349383669312,0.0026351613666042934,0.0,0.0026627294883699733,0.0],[0.0,0.0,0.0,0.009023821605363762,-0.0026284535203822696,0.01756695813859615,-0.002628585199517475,0.0],[0.0,0.0,0.0,0.0,0.0026353897399406336,-0.01788143179415262,0.0026519325893891665,0.0],[0.0,0.0,0.0,0.0,0.0,0.0,-0.0013590815769844778,0.03288365802295275],[0.0,0.0,0.0,0.0,0.0,0.0,0.0010849540913151895,-0.03180162171674714]]}