{"din_name":"flux_level08929.json","din_kind":"RELATIVE","din_start":600.0000008062154,"din_end":660.0000057422623,"din_rules":["Interventions","r1","r1_rev","r2","r3","r4","r5","r6"],"din_hits":[0,193087,193035,170504,3432890,3262384,494338,494362],"din_fluxs":[[0.0,0.0,0.0,0.0,0.0,0.0,0.0,0.0],[0.0,-0.0011452490795680226,0.016735467089498336,0.02231621914287029,0.0,-0.0021142645087854958,0.0,0.0],[0.0,0.0011465729705523898,-0.01617755573315787,-0.03155194927624643,0.0,0.003342612055445634,0.0,0.0],[0.0,0.0,0.0,-0.1788827084706823,0.0025684264383242935,0.0,0.003280374454987926,0.0],[0.0,0.0,0.0,0.011422857749075936,-0.002562097300274511,0.01923677594610797,-0.0025614322877602707,0.0],[0.0,0.0,0.0,0.0,0.002568693907503223,-0.01991008443719557,0.002904923299686571,0.0],[0.0,0.0,0.0,0.0,0.0,0.0,-0.01050002140924583,0.001144949366615203],[0.0,0.0,0.0,0.0,0.0,0.0,0.008314872847963834,-0.0011436389444934372]]}