{"din_name":"flux_level05096.json","din_kind":"RELATIVE","din_start":600.000000180237,"din_end":660.0000450645575,"din_rules":["Interventions","r1","r1_rev","r2","r3","r4","r5","r6"],"din_hits":[0,44722,44705,26066,3058406,3032338,88120,88158],"din_fluxs":[[0.0,0.0,0.0,0.0,0.0,0.0,0.0,0.0],[0.0,-0.0010985057083401357,0.05658990489332385,0.056510280387881834,0.0,-0.002026436811148794,0.0,0.0],[0.0,0.0010997181063392128,-0.05255510694592205,-0.1000836542374619,0.0,0.004404509162153716,0.0,0.0],[0.0,0.0,0.0,-0.29902004905565993,0.0027875640475366024,0.0,0.002941414816872731,0.0],[0.0,0.0,0.0,0.004633198403194545,-0.002780639961699211,0.014798437501235676,-0.002781907386170645,0.0],[0.0,0.0,0.0,0.0,0.002788404241555402,-0.014739686812523412,0.0028218993516331116,0.0],[0.0,0.0,0.0,0.0,0.0,0.0,-0.0034091644866096555,0.001694939463400265],[0.0,0.0,0.0,0.0,0.0,0.0,0.0024658737264819063,-0.001692072977787237]]}