{"din_name":"flux_level04451.json","din_kind":"RELATIVE","din_start":600.0000116012795,"din_end":660.0000006207894,"din_rules":["Interventions","r1","r1_rev","r2","r3","r4","r5","r6"],"din_hits":[0,1398,1362,73626,3888930,3815294,1452155,1452157],"din_fluxs":[[0.0,0.0,0.0,0.0,0.0,0.0,0.0,0.0],[0.0,-0.0011112936370074142,0.03599458373960661,0.04046948641668673,0.0,-0.002160579789782496,0.0,0.0],[0.0,0.001112908018795207,-0.03219820389871987,-0.06294074606747187,0.0,0.00400608760853226,0.0,0.0],[0.0,0.0,0.0,-0.19839489450533845,0.002896681657671606,0.0,0.003874731444494119,0.0],[0.0,0.0,0.0,0.004774329839261613,-0.00288855368234862,0.013648579088623592,-0.0028876808849784483,0.0],[0.0,0.0,0.0,0.0,0.0028969307634992194,-0.013721188048128635,0.0031603694223879125,0.0],[0.0,0.0,0.0,0.0,0.0,0.0,-0.00262422133213149,0.0023205364675476796],[0.0,0.0,0.0,0.0,0.0,0.0,0.0018974158096525546,-0.0023151570284211886]]}