{"din_name":"flux_level12788.json","din_kind":"RELATIVE","din_start":600.0000008664464,"din_end":660.0000063308216,"din_rules":["Interventions","r1","r1_rev","r2","r3","r4","r5","r6"],"din_hits":[0,77170,77158,12826,3040223,3027385,2016011,2016024],"din_fluxs":[[0.0,0.0,0.0,0.0,0.0,0.0,0.0,0.0],[0.0,-0.0010946658306254476,0.07239772565589971,0.08274623238098969,0.0,-0.002039667907902314,0.0,0.0],[0.0,0.0010958670276027395,-0.06525676600139665,-0.12260223280222464,0.0,0.003824178630149272,0.0,0.0],[0.0,0.0,0.0,-0.32336892192979555,0.0031094340378941773,0.0,0.004147699664129426,0.0],[0.0,0.0,0.0,0.003873825146129434,-0.0031003585145523162,0.011582293628964046,-0.0031000672867775424,0.0],[0.0,0.0,0.0,0.0,0.003110009546104683,-0.011541794706241237,0.003626616203593418,0.0],[0.0,0.0,0.0,0.0,0.0,0.0,-0.0026330656100215714,0.0026679177491842035],[0.0,0.0,0.0,0.0,0.0,0.0,0.001863646022806128,-0.0026608068919308295]]}