{"din_name":"flux_level07275.json","din_kind":"RELATIVE","din_start":600.0000033203588,"din_end":660.0000010599256,"din_rules":["Interventions","r1","r1_rev","r2","r3","r4","r5","r6"],"din_hits":[0,651964,651766,594298,3219144,2624830,1185297,1185271],"din_fluxs":[[0.0,0.0,0.0,0.0,0.0,0.0,0.0,0.0],[0.0,-0.001302055782853586,0.0056349715596891265,0.011926583909574146,0.0,-0.00243800593768777,0.0,0.0],[0.0,0.0013037867803994596,-0.005505422259375287,-0.010869568987667609,0.0,0.002362074208788099,0.0,0.0],[0.0,0.0,0.0,-0.09773414857382627,0.00257829927050597,0.0,0.002808086671004163,0.0],[0.0,0.0,0.0,0.01973319127905068,-0.0025716387730603803,0.018015668849365153,-0.0025707583958524223,0.0],[0.0,0.0,0.0,0.0,0.002578265344335376,-0.021601029282801398,0.0028287911609908,0.0],[0.0,0.0,0.0,0.0,0.0,0.0,-0.0031178034312504153,0.0017301571717743026],[0.0,0.0,0.0,0.0,0.0,0.0,0.0024689764786023547,-0.0017271677495502122]]}