{"din_name":"flux_level02008.json","din_kind":"RELATIVE","din_start":600.0000040039216,"din_end":660.0000053885107,"din_rules":["Interventions","r1","r1_rev","r2","r3","r4","r5","r6"],"din_hits":[0,174996,174948,28973,1481358,1452382,1319831,1319824],"din_fluxs":[[0.0,0.0,0.0,0.0,0.0,0.0,0.0,0.0],[0.0,-0.0011301186352745977,0.02148520509270191,0.034601418134957825,0.0,-0.0021031220992092777,0.0,0.0],[0.0,0.0011314046503975222,-0.020674800828903907,-0.0407743303087648,0.0,0.0026253298504271627,0.0,0.0],[0.0,0.0,0.0,-0.09991908946926516,0.005557302906792571,0.0,0.007793870212766792,0.0],[0.0,0.0,0.0,0.0031570119424821157,-0.00552686668194689,0.006500896801508417,-0.00552437379620866,0.0],[0.0,0.0,0.0,0.0,0.005557672789801702,-0.0066484154239136485,0.007377113282327926,0.0],[0.0,0.0,0.0,0.0,0.0,0.0,-0.004479212149716407,0.003961686640749123],[0.0,0.0,0.0,0.0,0.0,0.0,0.0024631077301742253,-0.003946005146422208]]}