{"din_name":"flux_level09213.json","din_kind":"RELATIVE","din_start":600.0000046146267,"din_end":660.0000196347868,"din_rules":["Interventions","r1","r1_rev","r2","r3","r4","r5","r6"],"din_hits":[0,27860,27846,1608,900356,898731,950497,950463],"din_fluxs":[[0.0,0.0,0.0,0.0,0.0,0.0,0.0,0.0],[0.0,-0.0010904089399781526,0.10358265713035884,0.140243372625688,0.0,-0.0020338936457156534,0.0,0.0],[0.0,0.0010916016692709015,-0.08913735725834601,-0.16522676967691383,0.0,0.003317215874712531,0.0,0.0],[0.0,0.0,0.0,-0.39440026320247434,0.0035259195565530716,0.0,0.00443627207393845,0.0],[0.0,0.0,0.0,0.003978434523786082,-0.003510517646350303,0.009462845009334779,-0.0035105309369717406,0.0],[0.0,0.0,0.0,0.0,0.0035228936972762958,-0.009429529947954289,0.004206954672848943,0.0],[0.0,0.0,0.0,0.0,0.0,0.0,-0.002415131490214398,0.00473238666167222],[0.0,0.0,0.0,0.0,0.0,0.0,0.0017761264901008645,-0.004710011050876443]]}