{"din_name":"flux_level01864.json","din_kind":"RELATIVE","din_start":600.0000221791515,"din_end":660.0000074283402,"din_rules":["Interventions","r1","r1_rev","r2","r3","r4","r5","r6"],"din_hits":[0,70472,70459,2648,986614,983969,1434299,1434324],"din_fluxs":[[0.0,0.0,0.0,0.0,0.0,0.0,0.0,0.0],[0.0,-0.0010916534693283678,0.09100740722240985,0.13175730822245862,0.0,-0.002023004867402378,0.0,0.0],[0.0,0.0010928477078693173,-0.08043519581902218,-0.14055075493277328,0.0,0.0037418179902945444,0.0,0.0],[0.0,0.0,0.0,-0.5140251295013839,0.002601740317310885,0.0,0.00329129171580483,0.0],[0.0,0.0,0.0,0.01109048620933951,-0.002594581673692632,0.01785928519854562,-0.002594427430186376,0.0],[0.0,0.0,0.0,0.0,0.002601332169370638,-0.017709808048745987,0.003094613482972011,0.0],[0.0,0.0,0.0,0.0,0.0,0.0,-0.0020388613319478432,0.002986746158331299],[0.0,0.0,0.0,0.0,0.0,0.0,0.0017050410360778079,-0.0029778359488961464]]}