{"din_name":"flux_level07968.json","din_kind":"RELATIVE","din_start":600.0000231545013,"din_end":660.0000027869779,"din_rules":["Interventions","r1","r1_rev","r2","r3","r4","r5","r6"],"din_hits":[0,57096,57085,7723,2523491,2515767,569933,569892],"din_fluxs":[[0.0,0.0,0.0,0.0,0.0,0.0,0.0,0.0],[0.0,-0.0010898901456073238,0.11084051138309868,0.11671615053088993,0.0,-0.002016556734684978,0.0,0.0],[0.0,0.0010910804400691375,-0.0934275459192868,-0.16574197383034195,0.0,0.004639703759059427,0.0,0.0],[0.0,0.0,0.0,-0.48376481893779477,0.0026343999625451763,0.0,0.0031790572728299187,0.0],[0.0,0.0,0.0,0.0066139307330330774,-0.002628195139938931,0.017196494270072422,-0.002627973718541904,0.0],[0.0,0.0,0.0,0.0,0.0026351254784078254,-0.017013430791973226,0.002847598022893273,0.0],[0.0,0.0,0.0,0.0,0.0,0.0,-0.003936895154307791,0.0015184454168783936],[0.0,0.0,0.0,0.0,0.0,0.0,0.0030383456197923876,-0.0015161396223041523]]}