{"din_name":"flux_level03857.json","din_kind":"RELATIVE","din_start":600.0000062369311,"din_end":660.0000043828218,"din_rules":["Interventions","r1","r1_rev","r2","r3","r4","r5","r6"],"din_hits":[0,152343,152317,685,175441,174734,799678,799703],"din_fluxs":[[0.0,0.0,0.0,0.0,0.0,0.0,0.0,0.0],[0.0,-0.001105244548095062,0.04166326030759442,0.08186758466095261,0.0,-0.0020539009321266276,0.0,0.0],[0.0,0.001106469795584612,-0.03930870030982498,-0.07584897223645108,0.0,0.0022364125446304502,0.0,0.0],[0.0,0.0,0.0,-0.24146299602007462,0.004197303375407992,0.0,0.006455711904041204,0.0],[0.0,0.0,0.0,0.007258204502627938,-0.004184549474388334,0.007732233515729215,-0.0041837918168729105,0.0],[0.0,0.0,0.0,0.0,0.004202182184425315,-0.00785296749782015,0.006412687217546533,0.0],[0.0,0.0,0.0,0.0,0.0,0.0,-0.003382231968235931,0.004726041307250698],[0.0,0.0,0.0,0.0,0.0,0.0,0.0029110971495153676,-0.004703723587074443]]}