{"din_name":"flux_level07192.json","din_kind":"RELATIVE","din_start":600.0000057279431,"din_end":660.000025468246,"din_rules":["Interventions","r1","r1_rev","r2","r3","r4","r5","r6"],"din_hits":[0,32544,32492,149429,3495874,3346468,2013217,2013220],"din_fluxs":[[0.0,0.0,0.0,0.0,0.0,0.0,0.0,0.0],[0.0,-0.0011383290416506367,0.018710619854019034,0.023727098233363608,0.0,-0.0021058301196731255,0.0,0.0],[0.0,0.0011396789469677762,-0.017966666748733682,-0.0348468209888597,0.0,0.0033849395465187044,0.0,0.0],[0.0,0.0,0.0,-0.15055855442677946,0.0028021378587679024,0.0,0.0034113860030319464,0.0],[0.0,0.0,0.0,0.007730815394349555,-0.0027945546558377863,0.014852078751706778,-0.0027940901214424624,0.0],[0.0,0.0,0.0,0.0,0.0028024010367431675,-0.015289705182807785,0.003099960866998836,0.0],[0.0,0.0,0.0,0.0,0.0,0.0,-0.0022100119790198374,0.002889791404181972],[0.0,0.0,0.0,0.0,0.0,0.0,0.0016790333163866232,-0.002881448732529246]]}