{"din_name":"flux_level07730.json","din_kind":"RELATIVE","din_start":600.000003107001,"din_end":660.0000063258764,"din_rules":["Interventions","r1","r1_rev","r2","r3","r4","r5","r6"],"din_hits":[0,121793,121721,32909,763058,730152,1776370,1776392],"din_fluxs":[[0.0,0.0,0.0,0.0,0.0,0.0,0.0,0.0],[0.0,-0.0011421597195788284,0.017516043994466112,0.024375177439784596,0.0,-0.0021338144882295344,0.0,0.0],[0.0,0.0011434810217249918,-0.01690792534465417,-0.03288147363409001,0.0,0.0032495262287945866,0.0,0.0],[0.0,0.0,0.0,-0.19504985605488112,0.002547266011057372,0.0,0.00361000736798521,0.0],[0.0,0.0,0.0,0.012205664828101074,-0.002541421510635228,0.01971750805916053,-0.0025411578920636877,0.0],[0.0,0.0,0.0,0.0,0.0025479272089872405,-0.020368070885503724,0.0033486303094659832,0.0],[0.0,0.0,0.0,0.0,0.0,0.0,-0.00237514144435028,0.0023397914141613397],[0.0,0.0,0.0,0.0,0.0,0.0,0.0020336111094849756,-0.0023343240874506396]]}