{"din_name":"flux_level03817.json","din_kind":"RELATIVE","din_start":600.0000401259325,"din_end":660.0000254195473,"din_rules":["Interventions","r1","r1_rev","r2","r3","r4","r5","r6"],"din_hits":[0,28988,28967,1395,274184,272781,996538,996549],"din_fluxs":[[0.0,0.0,0.0,0.0,0.0,0.0,0.0,0.0],[0.0,-0.0010989092070185428,0.05544795409018331,0.07838920327006514,0.0,-0.0020124465611489994,0.0,0.0],[0.0,0.0011001252183244822,-0.05152583556621516,-0.09730430708982446,0.0,0.003256411226790178,0.0,0.0],[0.0,0.0,0.0,-0.34454095666344864,0.0028959726503451737,0.0,0.0037006182681680053,0.0],[0.0,0.0,0.0,0.007849969155811905,-0.002888387284491026,0.01331231780771173,-0.002887406564912802,0.0],[0.0,0.0,0.0,0.0,0.002896763985761627,-0.013331595703606598,0.003599910784780843,0.0],[0.0,0.0,0.0,0.0,0.0,0.0,-0.0019141610495531064,0.005316654907662915],[0.0,0.0,0.0,0.0,0.0,0.0,0.0017246459581088372,-0.005288419887834687]]}