{"din_name":"flux_level03082.json","din_kind":"RELATIVE","din_start":600.0000063052933,"din_end":660.0000016816734,"din_rules":["Interventions","r1","r1_rev","r2","r3","r4","r5","r6"],"din_hits":[0,67873,67826,72859,1873396,1800517,665831,665823],"din_fluxs":[[0.0,0.0,0.0,0.0,0.0,0.0,0.0,0.0],[0.0,-0.0011390338971504165,0.018429372098554893,0.02463936783269159,0.0,-0.0021034199383413213,0.0,0.0],[0.0,0.0011403579578611587,-0.01775204277462849,-0.03469530642109589,0.0,0.0031998154133069125,0.0,0.0],[0.0,0.0,0.0,-0.12818883138721804,0.0031048844974467115,0.0,0.004629419876183983,0.0],[0.0,0.0,0.0,0.006151369144540118,-0.0030955041962813434,0.011883566713008897,-0.0030919915240564103,0.0],[0.0,0.0,0.0,0.0,0.003105132536303546,-0.012253578049716402,0.0038221536045612496,0.0],[0.0,0.0,0.0,0.0,0.0,0.0,-0.0061596207946775575,0.0013778005424036094],[0.0,0.0,0.0,0.0,0.0,0.0,0.004126861422024628,-0.001375903906378662]]}