{"din_name":"flux_level07954.json","din_kind":"RELATIVE","din_start":600.0000158858599,"din_end":660.0000216504815,"din_rules":["Interventions","r1","r1_rev","r2","r3","r4","r5","r6"],"din_hits":[0,53947,53925,839,188595,187760,1430298,1430290],"din_fluxs":[[0.0,0.0,0.0,0.0,0.0,0.0,0.0,0.0],[0.0,-0.0011026316564064277,0.04628868233390521,0.08110736319156923,0.0,-0.002070364642205264,0.0,0.0],[0.0,0.0011038541022491382,-0.04343859508901076,-0.08328458678992597,0.0,0.002609410941707223,0.0,0.0],[0.0,0.0,0.0,-0.28950280895422237,0.0033469731367200216,0.0,0.006745929797929045,0.0],[0.0,0.0,0.0,0.007736009949609816,-0.003335231321834601,0.010150601279204781,-0.0033299059403956465,0.0],[0.0,0.0,0.0,0.0,0.0033463988203157333,-0.010242435694914957,0.006581072945668062,0.0],[0.0,0.0,0.0,0.0,0.0,0.0,-0.0036699697083394838,0.0027096615653420483],[0.0,0.0,0.0,0.0,0.0,0.0,0.0032581959186341993,-0.002702326271327145]]}