{"din_name":"flux_level05631.json","din_kind":"RELATIVE","din_start":600.0000049414018,"din_end":660.0000028453863,"din_rules":["Interventions","r1","r1_rev","r2","r3","r4","r5","r6"],"din_hits":[0,50059,50050,13174,4081007,4067843,914509,914507],"din_fluxs":[[0.0,0.0,0.0,0.0,0.0,0.0,0.0,0.0],[0.0,-0.0010903297419271448,0.10107774424484783,0.10406780553762285,0.0,-0.002027270139039576,0.0,0.0],[0.0,0.001091521183998784,-0.08952919816410186,-0.16520617127187734,0.0,0.004634585902185961,0.0,0.0],[0.0,0.0,0.0,-0.4186914061518073,0.0028254760643541413,0.0,0.004153834491251568,0.0],[0.0,0.0,0.0,0.004126380630525852,-0.002818308780060219,0.014160636711645422,-0.0028179188693194354,0.0],[0.0,0.0,0.0,0.0,0.0028262806997928895,-0.014038207271605412,0.003177583569811532,0.0],[0.0,0.0,0.0,0.0,0.0,0.0,-0.0054065788400707,0.0013725056648058905],[0.0,0.0,0.0,0.0,0.0,0.0,0.003905967979607603,-0.0013706237487095545]]}