{"din_name":"flux_level09379.json","din_kind":"RELATIVE","din_start":600.0000103583798,"din_end":660.0000153992198,"din_rules":["Interventions","r1","r1_rev","r2","r3","r4","r5","r6"],"din_hits":[0,12538,12522,23311,3120091,3096773,1172633,1172628],"din_fluxs":[[0.0,0.0,0.0,0.0,0.0,0.0,0.0,0.0],[0.0,-0.001094792784285765,0.07020575500444456,0.06345634298981177,0.0,-0.002073082335919938,0.0,0.0],[0.0,0.0010960031552092473,-0.06422543545840256,-0.12171478157849783,0.0,0.005097138935760075,0.0,0.0],[0.0,0.0,0.0,-0.3481296865664446,0.0026628539796429624,0.0,0.004842728965620932,0.0],[0.0,0.0,0.0,0.004564607774598448,-0.002656374172739129,0.01683591799339303,-0.0026566570250490537,0.0],[0.0,0.0,0.0,0.0,0.002663456676957447,-0.01669062138404766,0.0030930371792196524,0.0],[0.0,0.0,0.0,0.0,0.0,0.0,-0.004889161960810153,0.001398302582369667],[0.0,0.0,0.0,0.0,0.0,0.0,0.0037634741436881796,-0.001396349297126625]]}