{"din_name":"flux_level05843.json","din_kind":"RELATIVE","din_start":600.0000057317022,"din_end":660.0000044919501,"din_rules":["Interventions","r1","r1_rev","r2","r3","r4","r5","r6"],"din_hits":[0,51267,51249,21854,3569366,3547516,1933938,1933938],"din_fluxs":[[0.0,0.0,0.0,0.0,0.0,0.0,0.0,0.0],[0.0,-0.0010933871351263204,0.07816778008183904,0.07369104971415318,0.0,-0.002034090149669545,0.0,0.0],[0.0,0.0010945859758595062,-0.07096844157356244,-0.13111618068905964,0.0,0.005114705324572192,0.0,0.0],[0.0,0.0,0.0,-0.4103121546964702,0.002558842098374105,0.0,0.0033209621857259856,0.0],[0.0,0.0,0.0,0.006093247350391537,-0.002553077394227779,0.01915758634058334,-0.002551867763759813,0.0],[0.0,0.0,0.0,0.0,0.0025596190205393306,-0.018952764214950443,0.0028018033584782704,0.0],[0.0,0.0,0.0,0.0,0.0,0.0,-0.0023011279004049924,0.002313664218798925],[0.0,0.0,0.0,0.0,0.0,0.0,0.0018568212440924201,-0.0023083165277897355]]}