{"din_name":"flux_level12161.json","din_kind":"RELATIVE","din_start":600.0000085151005,"din_end":660.0000005027848,"din_rules":["Interventions","r1","r1_rev","r2","r3","r4","r5","r6"],"din_hits":[0,7756,7711,52903,2800238,2747314,1586291,1586303],"din_fluxs":[[0.0,0.0,0.0,0.0,0.0,0.0,0.0,0.0],[0.0,-0.0011152500580118411,0.03064931987306742,0.03673833050849024,0.0,-0.0020868197015626146,0.0,0.0],[0.0,0.0011165739254956944,-0.028825918271674016,-0.05659743729774789,0.0,0.0035907655125074593,0.0,0.0],[0.0,0.0,0.0,-0.15721238213876354,0.003346232861267493,0.0,0.005359599441262454,0.0],[0.0,0.0,0.0,0.0036186993289331875,-0.0033346868184463995,0.010472680089674115,-0.0033342856289273882,0.0],[0.0,0.0,0.0,0.0,0.003345847158447893,-0.01056553800745848,0.004079264481474863,0.0],[0.0,0.0,0.0,0.0,0.0,0.0,-0.0037543492219970294,0.001951537488044418],[0.0,0.0,0.0,0.0,0.0,0.0,0.002445499524572113,-0.001947732688217758]]}