{"din_name":"flux_level12465.json","din_kind":"RELATIVE","din_start":600.0000042558419,"din_end":660.0000031556401,"din_rules":["Interventions","r1","r1_rev","r2","r3","r4","r5","r6"],"din_hits":[0,18087,18074,4033,2258616,2254586,239951,239938],"din_fluxs":[[0.0,0.0,0.0,0.0,0.0,0.0,0.0,0.0],[0.0,-0.0010917620638869776,0.09023442511973163,0.12469589407327264,0.0,-0.0019973779548449395,0.0,0.0],[0.0,0.0010929601415195073,-0.07970032209422949,-0.15209622392583688,0.0,0.0030161727867533145,0.0,0.0],[0.0,0.0,0.0,-0.2941658421055859,0.00524942557525237,0.0,0.008755939968467963,0.0],[0.0,0.0,0.0,0.001270749700139521,-0.005221553455326328,0.006612093159293971,-0.005223003701455458,0.0],[0.0,0.0,0.0,0.0,0.0052490244826347105,-0.006588333132447375,0.0061001286065451195,0.0],[0.0,0.0,0.0,0.0,0.0,0.0,-0.012289353686795644,0.0013059403883557885],[0.0,0.0,0.0,0.0,0.0,0.0,0.0049184124917226015,-0.0013042376529296337]]}