{"din_name":"flux_level07716.json","din_kind":"RELATIVE","din_start":600.0000007256377,"din_end":660.0000210084105,"din_rules":["Interventions","r1","r1_rev","r2","r3","r4","r5","r6"],"din_hits":[0,108215,108194,12557,2313631,2301032,623277,623315],"din_fluxs":[[0.0,0.0,0.0,0.0,0.0,0.0,0.0,0.0],[0.0,-0.0011017539636623015,0.048301630305336546,0.06805423083671983,0.0,-0.002040933352177025,0.0,0.0],[0.0,0.0011029716327105635,-0.04525638373572644,-0.08745041013691625,0.0,0.0029861190189802186,0.0,0.0],[0.0,0.0,0.0,-0.2106682648446522,0.004269289352844904,0.0,0.004814650940951315,0.0],[0.0,0.0,0.0,0.0029119442834675546,-0.004249038959625879,0.007755825095014736,-0.004250215567821386,0.0],[0.0,0.0,0.0,0.0,0.004267189511611061,-0.0077813279814897785,0.004622973653983614,0.0],[0.0,0.0,0.0,0.0,0.0,0.0,-0.0028461337151003963,0.004563892578401322],[0.0,0.0,0.0,0.0,0.0,0.0,0.001548714218737678,-0.004543074829471923]]}