{"din_name":"flux_level06165.json","din_kind":"RELATIVE","din_start":600.0000219891348,"din_end":660.0000061016071,"din_rules":["Interventions","r1","r1_rev","r2","r3","r4","r5","r6"],"din_hits":[0,50588,50451,49033,361205,312155,910687,910734],"din_fluxs":[[0.0,0.0,0.0,0.0,0.0,0.0,0.0,0.0],[0.0,-0.0012477738531998356,0.007209342503600124,0.013684603810778713,0.0,-0.00234982126937277,0.0,0.0],[0.0,0.0012495874224137582,-0.006955693351120226,-0.013873603877051053,0.0,0.00247693608395589,0.0,0.0],[0.0,0.0,0.0,-0.0527144177916564,0.003952634093869211,0.0,0.006159359647738086,0.0],[0.0,0.0,0.0,0.007634130797541577,-0.003935535192723208,0.008301299234879529,-0.003929543422423999,0.0],[0.0,0.0,0.0,0.0,0.00395088110666984,-0.009533303633433497,0.006097876795794969,0.0],[0.0,0.0,0.0,0.0,0.0,0.0,-0.003551528622496138,0.0033697955802785584],[0.0,0.0,0.0,0.0,0.0,0.0,0.002711794195732322,-0.003358441384522819]]}