{"din_name":"flux_level09692.json","din_kind":"RELATIVE","din_start":600.00001023728,"din_end":660.0000098446475,"din_rules":["Interventions","r1","r1_rev","r2","r3","r4","r5","r6"],"din_hits":[0,46771,46737,48528,2378353,2329824,1334345,1334356],"din_fluxs":[[0.0,0.0,0.0,0.0,0.0,0.0,0.0,0.0],[0.0,-0.0011127306916550515,0.03292513826776366,0.03520181646094595,0.0,-0.0020501315367766433,0.0,0.0],[0.0,0.001113982496816158,-0.030844723784219964,-0.05940592117251826,0.0,0.004009067826964338,0.0,0.0],[0.0,0.0,0.0,-0.22730688337196028,0.0026952765174488437,0.0,0.0036410318359556275,0.0],[0.0,0.0,0.0,0.006644124822816375,-0.0026881153836026098,0.016405636407144906,-0.002685528078308678,0.0],[0.0,0.0,0.0,0.0,0.0026953655325486856,-0.016508943265901622,0.0030597262065616905,0.0],[0.0,0.0,0.0,0.0,0.0,0.0,-0.0028929049677024017,0.0019345469246565162],[0.0,0.0,0.0,0.0,0.0,0.0,0.002234565891211066,-0.0019308079821518792]]}