{"din_name":"flux_level03693.json","din_kind":"RELATIVE","din_start":600.0000279224844,"din_end":660.0000013592919,"din_rules":["Interventions","r1","r1_rev","r2","r3","r4","r5","r6"],"din_hits":[0,66609,66578,19592,1276437,1256848,1958174,1958154],"din_fluxs":[[0.0,0.0,0.0,0.0,0.0,0.0,0.0,0.0],[0.0,-0.0011085965758598011,0.03696243203869456,0.04178204362628327,0.0,-0.0020623045110924458,0.0,0.0],[0.0,0.0011098335856070923,-0.0350134302928667,-0.06707547406122105,0.0,0.003953954306598532,0.0,0.0],[0.0,0.0,0.0,-0.2693695062242803,0.0026345755526158217,0.0,0.004020617272794167,0.0],[0.0,0.0,0.0,0.0075615284212262575,-0.002627866682695818,0.01747864530915631,-0.002629898607290879,0.0],[0.0,0.0,0.0,0.0,0.002634796388788706,-0.01753759147786339,0.0034285242351463152,0.0],[0.0,0.0,0.0,0.0,0.0,0.0,-0.002790996164666508,0.0020273561951002408],[0.0,0.0,0.0,0.0,0.0,0.0,0.0022802088840108282,-0.0020232508856000597]]}