{"din_name":"flux_level02518.json","din_kind":"RELATIVE","din_start":600.000006151274,"din_end":660.0000065493015,"din_rules":["Interventions","r1","r1_rev","r2","r3","r4","r5","r6"],"din_hits":[0,52805,52795,2282,1085043,1082763,1483084,1483084],"din_fluxs":[[0.0,0.0,0.0,0.0,0.0,0.0,0.0,0.0],[0.0,-0.001090832916411016,0.09653978841587355,0.13626022979984778,0.0,-0.002019500871940102,0.0,0.0],[0.0,0.0010920255274284414,-0.08590339727067434,-0.1543499809370117,0.0,0.0035715624653970273,0.0,0.0],[0.0,0.0,0.0,-0.46107974453379247,0.00289832338360664,0.0,0.004892227372855796,0.0],[0.0,0.0,0.0,0.006940026118594635,-0.0028890128302812134,0.013260747014093074,-0.00288758651371734,0.0],[0.0,0.0,0.0,0.0,0.0028973857721694197,-0.013187576675180451,0.004185485223653103,0.0],[0.0,0.0,0.0,0.0,0.0,0.0,-0.0038202121808641456,0.0017577247885054606],[0.0,0.0,0.0,0.0,0.0,0.0,0.002897192934035103,-0.0017546383110080145]]}