{"din_name":"flux_level06631.json","din_kind":"RELATIVE","din_start":600.0000080058315,"din_end":660.0000044012379,"din_rules":["Interventions","r1","r1_rev","r2","r3","r4","r5","r6"],"din_hits":[0,67326,67312,18398,2570672,2552279,365727,365726],"din_fluxs":[[0.0,0.0,0.0,0.0,0.0,0.0,0.0,0.0],[0.0,-0.0010958583781899333,0.06607331931334592,0.06735574326996886,0.0,-0.0020405565477497147,0.0,0.0],[0.0,0.0010970627600380195,-0.060778811415172274,-0.11307125925259094,0.0,0.004672148236806436,0.0,0.0],[0.0,0.0,0.0,-0.3884405751031,0.0025691196711669848,0.0,0.003244302511382898,0.0],[0.0,0.0,0.0,0.00694403844235975,-0.002561870094048572,0.018919622475323077,-0.002564156261354593,0.0],[0.0,0.0,0.0,0.0,0.002568447443185891,-0.01876545602532612,0.002791455087247183,0.0],[0.0,0.0,0.0,0.0,0.0,0.0,-0.006773721372885798,0.0012402345792062227],[0.0,0.0,0.0,0.0,0.0,0.0,0.00534876821781033,-0.001238698001731842]]}