{"din_name":"flux_level01288.json","din_kind":"RELATIVE","din_start":600.0000105764041,"din_end":660.0000105930128,"din_rules":["Interventions","r1","r1_rev","r2","r3","r4","r5","r6"],"din_hits":[0,148714,148693,47201,3771735,3724525,1014917,1014888],"din_fluxs":[[0.0,0.0,0.0,0.0,0.0,0.0,0.0,0.0],[0.0,-0.0011081036630589344,0.037481395009375376,0.04456595194705852,0.0,-0.002050331203514129,0.0,0.0],[0.0,0.001109335626036619,-0.03551430455934216,-0.06871999286772756,0.0,0.003604124861489545,0.0,0.0],[0.0,0.0,0.0,-0.2138978295957708,0.0030682677289359432,0.0,0.0034673469128460505,0.0],[0.0,0.0,0.0,0.0046938111587493,-0.0030582617691624074,0.01201139748138868,-0.0030580972796874412,0.0],[0.0,0.0,0.0,0.0,0.003067641960190547,-0.01207773508842816,0.00325485714533282,0.0],[0.0,0.0,0.0,0.0,0.0,0.0,-0.0022247343443830684,0.003373880297767525],[0.0,0.0,0.0,0.0,0.0,0.0,0.0015325826923302862,-0.003362507772678987]]}