{"din_name":"flux_level08606.json","din_kind":"RELATIVE","din_start":600.0000228800405,"din_end":660.0000377255091,"din_rules":["Interventions","r1","r1_rev","r2","r3","r4","r5","r6"],"din_hits":[0,98504,98476,18252,1676298,1658025,865109,865071],"din_fluxs":[[0.0,0.0,0.0,0.0,0.0,0.0,0.0,0.0],[0.0,-0.0011074085496392907,0.03844937747575648,0.048360927168724484,0.0,-0.0020548703422621434,0.0,0.0],[0.0,0.0011086404480850573,-0.03638446786825561,-0.07046481586531979,0.0,0.0034303594172920802,0.0,0.0],[0.0,0.0,0.0,-0.21995687478493178,0.0031320660599896515,0.0,0.003573983798896387,0.0],[0.0,0.0,0.0,0.004922564354269436,-0.0031217657145531765,0.011521586962969389,-0.003123068443825747,0.0],[0.0,0.0,0.0,0.0,0.00313154365979061,-0.01159377905389127,0.0034180734433169164,0.0],[0.0,0.0,0.0,0.0,0.0,0.0,-0.0020072212419130265,0.0051222238733124],[0.0,0.0,0.0,0.0,0.0,0.0,0.001458957642578898,-0.005096008058887346]]}