{"din_name":"flux_level06289.json","din_kind":"RELATIVE","din_start":600.0000104095765,"din_end":660.0000022936194,"din_rules":["Interventions","r1","r1_rev","r2","r3","r4","r5","r6"],"din_hits":[0,14387,14374,7826,1904737,1896909,1041970,1041988],"din_fluxs":[[0.0,0.0,0.0,0.0,0.0,0.0,0.0,0.0],[0.0,-0.0010923220844627193,0.08573991455127244,0.08666187505332713,0.0,-0.002061406561604095,0.0,0.0],[0.0,0.0010935231356273515,-0.07621555458816068,-0.14460544629934008,0.0,0.004448783413582297,0.0,0.0],[0.0,0.0,0.0,-0.34616374419287926,0.0030151463355675995,0.0,0.004853446732471017,0.0],[0.0,0.0,0.0,0.003011436136386055,-0.0030063616295831195,0.01230773142346323,-0.0030054635342874688,0.0],[0.0,0.0,0.0,0.0,0.0030154338744361234,-0.01222498530264469,0.0035839432543046594,0.0],[0.0,0.0,0.0,0.0,0.0,0.0,-0.0034649220355739605,0.0018645352810801143],[0.0,0.0,0.0,0.0,0.0,0.0,0.0024393010554412515,-0.0018610626599438395]]}