{"din_name":"flux_level11110.json","din_kind":"RELATIVE","din_start":600.0000055481081,"din_end":660.0000096316686,"din_rules":["Interventions","r1","r1_rev","r2","r3","r4","r5","r6"],"din_hits":[0,75421,75400,9070,1984811,1975737,976115,976129],"din_fluxs":[[0.0,0.0,0.0,0.0,0.0,0.0,0.0,0.0],[0.0,-0.0010990485341370198,0.055052791493215784,0.07518533477464641,0.0,-0.002037975252829618,0.0,0.0],[0.0,0.0011002605438100571,-0.05122039071599537,-0.09905909750859954,0.0,0.0031273365206694955,0.0,0.0],[0.0,0.0,0.0,-0.23666236815229685,0.004017169554557514,0.0,0.0061442062010680235,0.0],[0.0,0.0,0.0,0.002934096509328859,-0.00400050156724954,0.008202802865710335,-0.003999822684363203,0.0],[0.0,0.0,0.0,0.0,0.004016588839882898,-0.008213809404940296,0.005205804591446488,0.0],[0.0,0.0,0.0,0.0,0.0,0.0,-0.005286111323025637,0.0017729301950148249],[0.0,0.0,0.0,0.0,0.0,0.0,0.002918974492389519,-0.0017697894987869175]]}