{"din_name":"flux_level03603.json","din_kind":"RELATIVE","din_start":600.000008565363,"din_end":660.0000051465906,"din_rules":["Interventions","r1","r1_rev","r2","r3","r4","r5","r6"],"din_hits":[0,63634,63627,7335,2564864,2557537,961880,961897],"din_fluxs":[[0.0,0.0,0.0,0.0,0.0,0.0,0.0,0.0],[0.0,-0.0010928264791688891,0.08136856587925061,0.101011084195564,0.0,-0.0020190031326378405,0.0,0.0],[0.0,0.0010940232606527541,-0.07363820029760282,-0.13881506184514275,0.0,0.003571658076576688,0.0,0.0],[0.0,0.0,0.0,-0.33629540687133824,0.0033916666336197697,0.0,0.005419555254847996,0.0],[0.0,0.0,0.0,0.0033834543335379583,-0.0033801582326878628,0.010022145184694506,-0.003376273949373418,0.0],[0.0,0.0,0.0,0.0,0.0033916321535815137,-0.009988524663119738,0.004287762941959416,0.0],[0.0,0.0,0.0,0.0,0.0,0.0,-0.006137519259526635,0.00144191923358515],[0.0,0.0,0.0,0.0,0.0,0.0,0.0038126210583638003,-0.0014398422193427623]]}