{"din_name":"flux_level00026.json","din_kind":"RELATIVE","din_start":600.0001348916981,"din_end":660.0000159029453,"din_rules":["Interventions","r1","r1_rev","r2","r3","r4","r5","r6"],"din_hits":[0,43400,43378,113,61740,61626,59584,59583],"din_fluxs":[[0.0,0.0,0.0,0.0,0.0,0.0,0.0,0.0],[0.0,-0.0010975911416709217,0.060361422818783456,0.11935022092950587,0.0,-0.002036925359850097,0.0,0.0],[0.0,0.001098801197808824,-0.055065472850421,-0.10685114544638466,0.0,0.002065431586962937,0.0,0.0],[0.0,0.0,0.0,-0.1954018485659284,0.11951792062411516,0.0,0.17150866306554893,0.0],[0.0,0.0,0.0,0.0014469188982844548,-0.11049778250009655,0.004137665726366659,-0.11045825614435105,0.0],[0.0,0.0,0.0,0.0,0.13601794130656933,-0.004145130506613959,0.22621160831603226,0.0],[0.0,0.0,0.0,0.0,0.0,0.0,-0.07853773762902438,0.08300976826495678],[0.0,0.0,0.0,0.0,0.0,0.0,0.038207386023762197,-0.07589916143832899]]}