{"din_name":"flux_level11084.json","din_kind":"RELATIVE","din_start":600.0000257612044,"din_end":660.0001019983039,"din_rules":["Interventions","r1","r1_rev","r2","r3","r4","r5","r6"],"din_hits":[0,71207,71172,5569,397953,392374,130825,130824],"din_fluxs":[[0.0,0.0,0.0,0.0,0.0,0.0,0.0,0.0],[0.0,-0.0011166163408136646,0.02904427342647634,0.04212424414961611,0.0,-0.0020714370122931016,0.0,0.0],[0.0,0.0011178745233585568,-0.027725448673392442,-0.053813798296462635,0.0,0.0029878248992765075,0.0,0.0],[0.0,0.0,0.0,-0.1951085837885839,0.0031479208848815858,0.0,0.0034121595440884224,0.0],[0.0,0.0,0.0,0.006608911029421371,-0.0031385286306654285,0.011366922204631974,-0.0031383729682885196,0.0],[0.0,0.0,0.0,0.0,0.0031484253815302473,-0.011558175478252759,0.0033460433867190144,0.0],[0.0,0.0,0.0,0.0,0.0,0.0,-0.0019842958577547054,0.005262099251186141],[0.0,0.0,0.0,0.0,0.0,0.0,0.0013889479462186086,-0.0052344468776611254]]}