{"din_name":"flux_level05325.json","din_kind":"RELATIVE","din_start":600.0000037218682,"din_end":660.0000068096415,"din_rules":["Interventions","r1","r1_rev","r2","r3","r4","r5","r6"],"din_hits":[0,50903,50879,8143,1291134,1282975,1072322,1072289],"din_fluxs":[[0.0,0.0,0.0,0.0,0.0,0.0,0.0,0.0],[0.0,-0.0011028692335549098,0.04598538022959153,0.06320254043335405,0.0,-0.002048630362726539,0.0,0.0],[0.0,0.0011040926540994487,-0.04316290438226775,-0.08369212865289787,0.0,0.0030834326209498906,0.0,0.0],[0.0,0.0,0.0,-0.20213078986000724,0.004133437225537436,0.0,0.006060779118959226,0.0],[0.0,0.0,0.0,0.002826855067014673,-0.004113655304638385,0.008008754640500592,-0.004111809198964716,0.0],[0.0,0.0,0.0,0.0,0.004130657608666822,-0.00803534848723683,0.005377062640500085,0.0],[0.0,0.0,0.0,0.0,0.0,0.0,-0.0037404920694463824,0.0027554057439738043],[0.0,0.0,0.0,0.0,0.0,0.0,0.002258560340464422,-0.0027478223856931506]]}