{"din_name":"flux_level02910.json","din_kind":"RELATIVE","din_start":600.0000047635526,"din_end":660.0000056877876,"din_rules":["Interventions","r1","r1_rev","r2","r3","r4","r5","r6"],"din_hits":[0,994480,994124,1239934,3256246,2016312,571032,571052],"din_fluxs":[[0.0,0.0,0.0,0.0,0.0,0.0,0.0,0.0],[0.0,-0.0015898126950172108,0.003029206532183513,0.008782621681623536,0.0,-0.003006560600045105,0.0,0.0],[0.0,0.0015924439543360943,-0.002965689357735791,-0.005888716571761221,0.0,0.0020915715145060918,0.0,0.0],[0.0,0.0,0.0,-0.054963459779517936,0.0027594987047393957,0.0,0.00280419341774392,0.0],[0.0,0.0,0.0,0.021228359952710975,-0.0027516354426216877,0.012656345877342403,-0.002751575721687551,0.0],[0.0,0.0,0.0,0.0,0.002759066627954139,-0.01959581067780525,0.0028341066190822263,0.0],[0.0,0.0,0.0,0.0,0.0,0.0,-0.0015450846408547058,0.009740828060088802],[0.0,0.0,0.0,0.0,0.0,0.0,0.0011883206000754098,-0.009646021697457608]]}