{"din_name":"flux_level08825.json","din_kind":"RELATIVE","din_start":600.0000032746358,"din_end":660.0000080678205,"din_rules":["Interventions","r1","r1_rev","r2","r3","r4","r5","r6"],"din_hits":[0,32348,32337,5446,1052050,1046607,449421,449407],"din_fluxs":[[0.0,0.0,0.0,0.0,0.0,0.0,0.0,0.0],[0.0,-0.0010972375189968997,0.06064956768632122,0.07222272433503261,0.0,-0.0020216029164446545,0.0,0.0],[0.0,0.00109844728370587,-0.05606519011965131,-0.10719839078529034,0.0,0.003663342721812739,0.0,0.0],[0.0,0.0,0.0,-0.28701755107810956,0.0032040815830335165,0.0,0.003623578590761535,0.0],[0.0,0.0,0.0,0.003860848608277811,-0.003194936816794593,0.011002421993227528,-0.003194798106002962,0.0],[0.0,0.0,0.0,0.0,0.003205190319266386,-0.01098806795137696,0.003447469385134095,0.0],[0.0,0.0,0.0,0.0,0.0,0.0,-0.001972160527207404,0.006034468107327811],[0.0,0.0,0.0,0.0,0.0,0.0,0.0014102522552342607,-0.005998095420411827]]}