{"din_name":"flux_level00942.json","din_kind":"RELATIVE","din_start":600.0000242507076,"din_end":660.0000098418295,"din_rules":["Interventions","r1","r1_rev","r2","r3","r4","r5","r6"],"din_hits":[0,85105,85091,9733,1200295,1190558,609679,609649],"din_fluxs":[[0.0,0.0,0.0,0.0,0.0,0.0,0.0,0.0],[0.0,-0.0010996131606015047,0.05337873191402428,0.06375124859649348,0.0,-0.0020298939039169153,0.0,0.0],[0.0,0.0011008259744641874,-0.0497567498963689,-0.09294651178812584,0.0,0.004074648175224417,0.0,0.0],[0.0,0.0,0.0,-0.3884961985405126,0.0025280289783208227,0.0,0.003462571152912056,0.0],[0.0,0.0,0.0,0.00969620019315264,-0.002521836912271844,0.020018004694026106,-0.0025247641755798654,0.0],[0.0,0.0,0.0,0.0,0.002528216075394336,-0.019921612872016527,0.003006935314935166,0.0],[0.0,0.0,0.0,0.0,0.0,0.0,-0.004705883801765005,0.001387944397341835],[0.0,0.0,0.0,0.0,0.0,0.0,0.0038030139368839203,-0.0013860178096188652]]}