{"din_name":"flux_level08420.json","din_kind":"RELATIVE","din_start":600.0000015301199,"din_end":660.000001023981,"din_rules":["Interventions","r1","r1_rev","r2","r3","r4","r5","r6"],"din_hits":[0,86835,86813,35306,3919738,3884424,1180431,1180455],"din_fluxs":[[0.0,0.0,0.0,0.0,0.0,0.0,0.0,0.0],[0.0,-0.0010980999072740915,0.05886204333924817,0.0560983925229912,0.0,-0.0019968198998031456,0.0,0.0],[0.0,0.0010993092079176325,-0.05377442309732683,-0.10043604490807913,0.0,0.004600548305065074,0.0,0.0],[0.0,0.0,0.0,-0.35072010021178085,0.002585522549330078,0.0,0.0028820260153300365,0.0],[0.0,0.0,0.0,0.00660712140254861,-0.002578933599618811,0.01853840081501006,-0.0025799963253601383,0.0],[0.0,0.0,0.0,0.0,0.0025856045870653755,-0.018418536394946273,0.0026957132085991815,0.0],[0.0,0.0,0.0,0.0,0.0,0.0,-0.0017831580339891856,0.0037236296152854853],[0.0,0.0,0.0,0.0,0.0,0.0,0.0014234207865764412,-0.0037097786835249102]]}