{"din_name":"flux_level07431.json","din_kind":"RELATIVE","din_start":600.0000020456301,"din_end":660.0000024603173,"din_rules":["Interventions","r1","r1_rev","r2","r3","r4","r5","r6"],"din_hits":[0,75827,75806,54193,3603784,3549588,2302635,2302632],"din_fluxs":[[0.0,0.0,0.0,0.0,0.0,0.0,0.0,0.0],[0.0,-0.0011049262250814901,0.04228225000610446,0.042722032649758,0.0,-0.0020494331652137804,0.0,0.0],[0.0,0.0011061528348091474,-0.039849277038114896,-0.075940889670555,0.0,0.004457040591729869,0.0,0.0],[0.0,0.0,0.0,-0.29599768962392664,0.0025597036127762885,0.0,0.0032947492902338157,0.0],[0.0,0.0,0.0,0.0073887789180287445,-0.0025533270593948755,0.019338115895810713,-0.0025533022359003617,0.0],[0.0,0.0,0.0,0.0,0.002559867756328374,-0.019303717844634014,0.0028428658137435174,0.0],[0.0,0.0,0.0,0.0,0.0,0.0,-0.002335781022076733,0.0022813458429144424],[0.0,0.0,0.0,0.0,0.0,0.0,0.0018925574114891722,-0.0022761464462213972]]}