{"din_name":"flux_level04376.json","din_kind":"RELATIVE","din_start":600.000003851605,"din_end":660.0000007010526,"din_rules":["Interventions","r1","r1_rev","r2","r3","r4","r5","r6"],"din_hits":[0,353753,353607,194114,1320826,1126696,876640,876642],"din_fluxs":[[0.0,0.0,0.0,0.0,0.0,0.0,0.0,0.0],[0.0,-0.0012625903744722944,0.006636956845486878,0.01290837304114231,0.0,-0.0023596844905675405,0.0,0.0],[0.0,0.0012642292995919944,-0.006473249858500171,-0.012902125532519229,0.0,0.0024104801631829272,0.0,0.0],[0.0,0.0,0.0,-0.03453450147570182,0.0074140166135555075,0.0,0.009284324432758003,0.0],[0.0,0.0,0.0,0.005313063894601948,-0.007358099396758056,0.005566166965235468,-0.0073583446971333495,0.0],[0.0,0.0,0.0,0.0,0.007412675617936956,-0.006496741968275669,0.009240009248809614,0.0],[0.0,0.0,0.0,0.0,0.0,0.0,-0.005204631507317723,0.006026694126995209],[0.0,0.0,0.0,0.0,0.0,0.0,0.002498871962781462,-0.005990402024465922]]}