{"din_name":"flux_level04587.json","din_kind":"RELATIVE","din_start":600.0000013931534,"din_end":660.0000074751587,"din_rules":["Interventions","r1","r1_rev","r2","r3","r4","r5","r6"],"din_hits":[0,81613,81590,14026,2018078,2004031,1903313,1903344],"din_fluxs":[[0.0,0.0,0.0,0.0,0.0,0.0,0.0,0.0],[0.0,-0.0010996642892279413,0.054092443128287114,0.06182911054817291,0.0,-0.002027122866310033,0.0,0.0],[0.0,0.0011008775703902716,-0.04967668287810073,-0.09468259760010725,0.0,0.0037620999144104923,0.0,0.0],[0.0,0.0,0.0,-0.28576090589136427,0.0029697331162985723,0.0,0.004054526600880851,0.0],[0.0,0.0,0.0,0.004903888228705183,-0.002961190780473682,0.012718283003132097,-0.00296103102048806,0.0],[0.0,0.0,0.0,0.0,0.002969992903729715,-0.012713860924826717,0.003598352594329772,0.0],[0.0,0.0,0.0,0.0,0.0,0.0,-0.002595709681233076,0.0025728288122080813],[0.0,0.0,0.0,0.0,0.0,0.0,0.0019373547933825084,-0.0025662169476408704]]}