{"din_name":"flux_level04520.json","din_kind":"RELATIVE","din_start":600.0000134653691,"din_end":660.0000118165306,"din_rules":["Interventions","r1","r1_rev","r2","r3","r4","r5","r6"],"din_hits":[0,30967,30955,6103,1374290,1368166,482639,482644],"din_fluxs":[[0.0,0.0,0.0,0.0,0.0,0.0,0.0,0.0],[0.0,-0.001095383614623232,0.06795591354887816,0.07933829913597612,0.0,-0.0020391152521811494,0.0,0.0],[0.0,0.0010965890151457389,-0.062362286104866556,-0.1189658980563213,0.0,0.003749524879200905,0.0,0.0],[0.0,0.0,0.0,-0.2989865187379718,0.0032666248248170524,0.0,0.004123220828979955,0.0],[0.0,0.0,0.0,0.0034179602694181326,-0.0032563031701565953,0.010655808254965737,-0.0032533991777179885,0.0],[0.0,0.0,0.0,0.0,0.0032669534564829824,-0.010627657316133137,0.0036327344724212205,0.0],[0.0,0.0,0.0,0.0,0.0,0.0,-0.0029605771235030123,0.002353149919829754],[0.0,0.0,0.0,0.0,0.0,0.0,0.0019276312369653948,-0.002347617494500625]]}