{"din_name":"flux_level04052.json","din_kind":"RELATIVE","din_start":600.0000024127645,"din_end":660.0000073001891,"din_rules":["Interventions","r1","r1_rev","r2","r3","r4","r5","r6"],"din_hits":[0,69541,69532,19084,3538020,3518952,390399,390420],"din_fluxs":[[0.0,0.0,0.0,0.0,0.0,0.0,0.0,0.0],[0.0,-0.0010934527340644084,0.07748332976919411,0.07601360712624394,0.0,-0.002004303515902784,0.0,0.0],[0.0,0.00109465104740565,-0.07043235025966407,-0.1300501980174572,0.0,0.004711434597449204,0.0,0.0],[0.0,0.0,0.0,-0.398118440768671,0.0026472473276925824,0.0,0.003535252739575362,0.0],[0.0,0.0,0.0,0.005719179156560697,-0.0026405310441456826,0.01704688674562569,-0.002640736872825928,0.0],[0.0,0.0,0.0,0.0,0.0026475257953417226,-0.016901453170956742,0.0029057740309536995,0.0],[0.0,0.0,0.0,0.0,0.0,0.0,-0.009035435082803026,0.0011771232473344088],[0.0,0.0,0.0,0.0,0.0,0.0,0.006941111105864408,-0.001175739438787944]]}