{"din_name":"flux_level03050.json","din_kind":"RELATIVE","din_start":600.0000027601532,"din_end":660.000000197899,"din_rules":["Interventions","r1","r1_rev","r2","r3","r4","r5","r6"],"din_hits":[0,9217,9203,21035,3984464,3963419,1094894,1094901],"din_fluxs":[[0.0,0.0,0.0,0.0,0.0,0.0,0.0,0.0],[0.0,-0.0010916310161114729,0.09020672591122807,0.07912517445147364,0.0,-0.0020569967530750513,0.0,0.0],[0.0,0.0010928331997064776,-0.08071159632939651,-0.14919180766855314,0.0,0.005252796008111142,0.0,0.0],[0.0,0.0,0.0,-0.3830402314054073,0.0027038748635965317,0.0,0.003118194447348646,0.0],[0.0,0.0,0.0,0.00385601036556965,-0.002696491183653989,0.01603816165286453,-0.0026968082059409962,0.0],[0.0,0.0,0.0,0.0,0.0027037841820395105,-0.015873825133815946,0.0028089968876973156,0.0],[0.0,0.0,0.0,0.0,0.0,0.0,-0.0016986899722356628,0.005086083546316575],[0.0,0.0,0.0,0.0,0.0,0.0,0.0013179144299450482,-0.005060239532395607]]}