{"din_name":"flux_level03745.json","din_kind":"RELATIVE","din_start":600.0000088747955,"din_end":660.0000079792059,"din_rules":["Interventions","r1","r1_rev","r2","r3","r4","r5","r6"],"din_hits":[0,125022,124992,41245,2336616,2295366,2038755,2038786],"din_fluxs":[[0.0,0.0,0.0,0.0,0.0,0.0,0.0,0.0],[0.0,-0.0011104040928674947,0.03475680658954811,0.03858881040260579,0.0,-0.0020432735166860156,0.0,0.0],[0.0,0.0011116424712938088,-0.03301655598648592,-0.06288128773325045,0.0,0.003999029332401207,0.0,0.0],[0.0,0.0,0.0,-0.27568350555188365,0.002565522640373998,0.0,0.003432338909729509,0.0],[0.0,0.0,0.0,0.00855486185908425,-0.002559027174963924,0.019164025188691248,-0.002558745333613226,0.0],[0.0,0.0,0.0,0.0,0.002565595854533781,-0.019236802723620786,0.0029930494735259995,0.0],[0.0,0.0,0.0,0.0,0.0,0.0,-0.002614615294738185,0.002036785175562036],[0.0,0.0,0.0,0.0,0.0,0.0,0.0021270070311074146,-0.002032641470563497]]}