{"din_name":"flux_level06603.json","din_kind":"RELATIVE","din_start":600.0000082549282,"din_end":660.0000208576919,"din_rules":["Interventions","r1","r1_rev","r2","r3","r4","r5","r6"],"din_hits":[0,183459,183404,66675,1875600,1808928,115996,115998],"din_fluxs":[[0.0,0.0,0.0,0.0,0.0,0.0,0.0,0.0],[0.0,-0.0011406185944243495,0.017936771494527874,0.025805093007143697,0.0,-0.0021117310726433713,0.0,0.0],[0.0,0.0011419312115334476,-0.017319284577426056,-0.033905718976660504,0.0,0.0029706238324057935,0.0,0.0],[0.0,0.0,0.0,-0.11774563212434916,0.0033714208386530628,0.0,0.0045149571770314945,0.0],[0.0,0.0,0.0,0.005709072382071492,-0.003360532053552725,0.010325718252061836,-0.0033726973270284443,0.0],[0.0,0.0,0.0,0.0,0.0033718897459986703,-0.010677737741613031,0.004064813827674096,0.0],[0.0,0.0,0.0,0.0,0.0,0.0,-0.024248789817950624,0.0010817544645178921],[0.0,0.0,0.0,0.0,0.0,0.0,0.014921374550659297,-0.001080585521284006]]}