{"din_name":"flux_level11711.json","din_kind":"RELATIVE","din_start":600.0000000768019,"din_end":660.0000190017738,"din_rules":["Interventions","r1","r1_rev","r2","r3","r4","r5","r6"],"din_hits":[0,27562,27524,68527,3884683,3816155,1256389,1256384],"din_fluxs":[[0.0,0.0,0.0,0.0,0.0,0.0,0.0,0.0],[0.0,-0.0011072407769336509,0.038664576851334814,0.03914320059561117,0.0,-0.0020784973925819595,0.0,0.0],[0.0,0.0011084808195470852,-0.0365078269245767,-0.07105124660387276,0.0,0.004503772538984131,0.0,0.0],[0.0,0.0,0.0,-0.2646357216754096,0.0026015298411609013,0.0,0.0038259046375278064,0.0],[0.0,0.0,0.0,0.00676421531115264,-0.002595323004535797,0.018324086907536324,-0.0025958183726823318,0.0],[0.0,0.0,0.0,0.0,0.0026020883552606467,-0.018327296587315793,0.0029029447215629675,0.0],[0.0,0.0,0.0,0.0,0.0,0.0,-0.004325497633233667,0.0014495018119423742],[0.0,0.0,0.0,0.0,0.0,0.0,0.003391249893084246,-0.0014474028256487937]]}