{"din_name":"flux_level06342.json","din_kind":"RELATIVE","din_start":600.0000151317607,"din_end":660.0000274809232,"din_rules":["Interventions","r1","r1_rev","r2","r3","r4","r5","r6"],"din_hits":[0,47735,47704,13975,2076546,2062562,290690,290717],"din_fluxs":[[0.0,0.0,0.0,0.0,0.0,0.0,0.0,0.0],[0.0,-0.0011056898770400738,0.0410149173880626,0.05963139850515405,0.0,-0.002044218986642343,0.0,0.0],[0.0,0.001106921164372324,-0.03868363929250256,-0.075533113917398,0.0,0.00285477168470584,0.0,0.0],[0.0,0.0,0.0,-0.16427989110824956,0.00541565623811018,0.0,0.00614711324962173,0.0],[0.0,0.0,0.0,0.0018641534802081386,-0.0053854293594269975,0.006560645250488406,-0.005383330871066242,0.0],[0.0,0.0,0.0,0.0,0.005414655474004599,-0.006580153790714589,0.005738664208858571,0.0],[0.0,0.0,0.0,0.0,0.0,0.0,-0.0038542678345633904,0.0036595439441007172],[0.0,0.0,0.0,0.0,0.0,0.0,0.0015719766286006762,-0.003646161684062132]]}