{"din_name":"flux_level01871.json","din_kind":"RELATIVE","din_start":600.0000046763917,"din_end":660.0000051856449,"din_rules":["Interventions","r1","r1_rev","r2","r3","r4","r5","r6"],"din_hits":[0,70553,70542,10770,3264553,3253795,1587640,1587663],"din_fluxs":[[0.0,0.0,0.0,0.0,0.0,0.0,0.0,0.0],[0.0,-0.0010916175511669118,0.09021189134297727,0.10083243704133212,0.0,-0.0020095960682702412,0.0,0.0],[0.0,0.0010928116772887435,-0.08083852079319409,-0.1491757459342473,0.0,0.004142240739880445,0.0,0.0],[0.0,0.0,0.0,-0.39794647718890236,0.0029072256308750534,0.0,0.0035164082025473035,0.0],[0.0,0.0,0.0,0.004586838898162254,-0.0028993858864524995,0.013230190461552351,-0.0028977005639580543,0.0],[0.0,0.0,0.0,0.0,0.0029078231853728272,-0.013144732618577985,0.0031907045176140865,0.0],[0.0,0.0,0.0,0.0,0.0,0.0,-0.002186893714085324,0.0031684370935366386],[0.0,0.0,0.0,0.0,0.0,0.0,0.0016096567514055917,-0.0031584083667007975]]}