{"din_name":"flux_level04942.json","din_kind":"RELATIVE","din_start":600.0000047594184,"din_end":660.0000097436812,"din_rules":["Interventions","r1","r1_rev","r2","r3","r4","r5","r6"],"din_hits":[0,3813,3806,16561,2522982,2506427,1060876,1060840],"din_fluxs":[[0.0,0.0,0.0,0.0,0.0,0.0,0.0,0.0],[0.0,-0.0010929402733769603,0.08087188284566904,0.06841225708635265,0.0,-0.002084392981593291,0.0,0.0],[0.0,0.0010941562369561455,-0.07288498364152678,-0.13543135711507398,0.0,0.005340056363013616,0.0,0.0],[0.0,0.0,0.0,-0.3743338135510236,0.002636597007249203,0.0,0.0053074195544469014,0.0],[0.0,0.0,0.0,0.004465027106115239,-0.002629635237567987,0.017359520802144198,-0.0026325033245227242,0.0],[0.0,0.0,0.0,0.0,0.0026365707084793338,-0.01717779644442641,0.0031164538077634424,0.0],[0.0,0.0,0.0,0.0,0.0,0.0,-0.005046648423103332,0.0013783924141827439],[0.0,0.0,0.0,0.0,0.0,0.0,0.003929134093050699,-0.0013764947437780262]]}