{"din_name":"flux_level13360.json","din_kind":"RELATIVE","din_start":600.0000134690112,"din_end":660.0000121789819,"din_rules":["Interventions","r1","r1_rev","r2","r3","r4","r5","r6"],"din_hits":[0,4149,4146,5261,1001839,996596,907452,907463],"din_fluxs":[[0.0,0.0,0.0,0.0,0.0,0.0,0.0,0.0],[0.0,-0.001091331697856894,0.09323188099233459,0.07799007876046339,0.0,-0.0019286391420274412,0.0,0.0],[0.0,0.001092532236724842,-0.0830831347410544,-0.1531210521849439,0.0,0.005466918498026351,0.0,0.0],[0.0,0.0,0.0,-0.41435095667387983,0.002622835428494212,0.0,0.0031110522635532205,0.0],[0.0,0.0,0.0,0.0046603877838727326,-0.0026147932749996075,0.017619101721853624,-0.002613394417236298,0.0],[0.0,0.0,0.0,0.0,0.002621644860087318,-0.01741699999830485,0.002859961489019813,0.0],[0.0,0.0,0.0,0.0,0.0,0.0,-0.0016373502276764993,0.0054664338365693075],[0.0,0.0,0.0,0.0,0.0,0.0,0.0013752638698297666,-0.005436587809234902]]}