{"din_name":"flux_level03802.json","din_kind":"RELATIVE","din_start":600.0000107550611,"din_end":660.0000048986066,"din_rules":["Interventions","r1","r1_rev","r2","r3","r4","r5","r6"],"din_hits":[0,86385,86339,64387,2234645,2170252,748969,748984],"din_fluxs":[[0.0,0.0,0.0,0.0,0.0,0.0,0.0,0.0],[0.0,-0.0011304697105496717,0.021355876760368715,0.028517392420616232,0.0,-0.0020931662260421937,0.0,0.0],[0.0,0.0011317641984747442,-0.020535400638343124,-0.04046141327200971,0.0,0.00319566701748947,0.0,0.0],[0.0,0.0,0.0,-0.12781685238977633,0.0033918930302913055,0.0,0.003763315558291087,0.0],[0.0,0.0,0.0,0.004776762449935178,-0.0033809050407607993,0.010265466807143353,-0.0033815869056778585,0.0],[0.0,0.0,0.0,0.0,0.0033923991528051994,-0.010502253594693787,0.0036112814078553754,0.0],[0.0,0.0,0.0,0.0,0.0,0.0,-0.0020504610321796612,0.0065854561592875475],[0.0,0.0,0.0,0.0,0.0,0.0,0.001395347520126288,-0.006542121748815637]]}