{"din_name":"flux_level03556.json","din_kind":"RELATIVE","din_start":600.0000052158596,"din_end":660.0000073406017,"din_rules":["Interventions","r1","r1_rev","r2","r3","r4","r5","r6"],"din_hits":[0,47369,47354,14077,1246868,1232793,1318174,1318145],"din_fluxs":[[0.0,0.0,0.0,0.0,0.0,0.0,0.0,0.0],[0.0,-0.0011038721357703805,0.044119711101911964,0.048299284738226235,0.0,-0.0020421519175045336,0.0,0.0],[0.0,0.0011050976844306155,-0.04148968573597823,-0.07934803452347904,0.0,0.00402727251865656,0.0,0.0],[0.0,0.0,0.0,-0.27523628693370966,0.0027478472269371656,0.0,0.003949709949601485,0.0],[0.0,0.0,0.0,0.00601792291802931,-0.002739896675563772,0.015405167811066099,-0.0027400563593080077,0.0],[0.0,0.0,0.0,0.0,0.00274742265059954,-0.015415520923766224,0.0033805670055484897,0.0],[0.0,0.0,0.0,0.0,0.0,0.0,-0.0027269643772382486,0.0021538280407984735],[0.0,0.0,0.0,0.0,0.0,0.0,0.002134141258600398,-0.002149193775764976]]}