{"din_name":"flux_level12152.json","din_kind":"RELATIVE","din_start":600.0000024415,"din_end":660.0000022487893,"din_rules":["Interventions","r1","r1_rev","r2","r3","r4","r5","r6"],"din_hits":[0,41583,41566,1303,680231,678923,1113247,1113230],"din_fluxs":[[0.0,0.0,0.0,0.0,0.0,0.0,0.0,0.0],[0.0,-0.0010900542621477504,0.10603000025867915,0.1594213410350868,0.0,-0.0020358961538331174,0.0,0.0],[0.0,0.0010912449874297342,-0.09212148576602955,-0.158667658624038,0.0,0.003618747994333815,0.0,0.0],[0.0,0.0,0.0,-0.5287167161294479,0.002703185318597602,0.0,0.0034703199203815578,0.0],[0.0,0.0,0.0,0.009827039233960602,-0.00269201394015343,0.015875312624915035,-0.0026936229305870403,0.0],[0.0,0.0,0.0,0.0,0.002699275979610914,-0.015749656839487404,0.0032493067080662475,0.0],[0.0,0.0,0.0,0.0,0.0,0.0,-0.0019958602061114906,0.003458061539508114],[0.0,0.0,0.0,0.0,0.0,0.0,0.0016660914331415174,-0.00344611708210575]]}