{"din_name":"flux_level04478.json","din_kind":"RELATIVE","din_start":600.0000360482722,"din_end":660.000005569502,"din_rules":["Interventions","r1","r1_rev","r2","r3","r4","r5","r6"],"din_hits":[0,768858,768681,139774,822752,682967,1002467,1002450],"din_fluxs":[[0.0,0.0,0.0,0.0,0.0,0.0,0.0,0.0],[0.0,-0.001283761207175743,0.006048832704839306,0.01230662843688811,0.0,-0.0024007702244544624,0.0,0.0],[0.0,0.0012854357416457454,-0.005908889320395256,-0.011752131750268072,0.0,0.0024176372038078576,0.0,0.0],[0.0,0.0,0.0,-0.08750187448604672,0.002712283009710601,0.0,0.003086140902224705,0.0],[0.0,0.0,0.0,0.016082254677383733,-0.0027049582288018264,0.015464011696579124,-0.0027036896775211408,0.0],[0.0,0.0,0.0,0.0,0.0027123016488870126,-0.01829254881269508,0.0030880585795557414,0.0],[0.0,0.0,0.0,0.0,0.0,0.0,-0.0018019232961172715,0.004516268538942168],[0.0,0.0,0.0,0.0,0.0,0.0,0.001497460254680516,-0.004495890539226095]]}