{"din_name":"flux_level01462.json","din_kind":"RELATIVE","din_start":600.0000543401326,"din_end":660.0000207995614,"din_rules":["Interventions","r1","r1_rev","r2","r3","r4","r5","r6"],"din_hits":[0,228295,228214,1825,47273,45431,618434,618439],"din_fluxs":[[0.0,0.0,0.0,0.0,0.0,0.0,0.0,0.0],[0.0,-0.0011627199754436072,0.013415714243150908,0.026659836311953695,0.0,-0.002162417121505155,0.0,0.0],[0.0,0.0011640882199439701,-0.013008725954935527,-0.025286955896566106,0.0,0.0023295386921275392,0.0,0.0],[0.0,0.0,0.0,-0.19478906397711032,0.0025963799488449638,0.0,0.004007355521470747,0.0],[0.0,0.0,0.0,0.01777431393184673,-0.002589101482448516,0.01787793363472137,-0.002581587823028073,0.0],[0.0,0.0,0.0,0.0,0.0025958090150822676,-0.018971756385764964,0.00398462440067636,0.0],[0.0,0.0,0.0,0.0,0.0,0.0,-0.0021388997313052348,0.0031257547326590993],[0.0,0.0,0.0,0.0,0.0,0.0,0.0020370335308030566,-0.0031159938559015467]]}