{"din_name":"flux_level04059.json","din_kind":"RELATIVE","din_start":600.0001321031978,"din_end":660.000062658066,"din_rules":["Interventions","r1","r1_rev","r2","r3","r4","r5","r6"],"din_hits":[0,77264,77248,897,333601,332709,377896,377875],"din_fluxs":[[0.0,0.0,0.0,0.0,0.0,0.0,0.0,0.0],[0.0,-0.0010966583537724923,0.06268015329836903,0.1155719909484444,0.0,-0.0020363581714042474,0.0,0.0],[0.0,0.0010978644363641953,-0.05787167272748813,-0.1055576548783181,0.0,0.0028733591705816276,0.0,0.0],[0.0,0.0,0.0,-0.4487967304031482,0.0027288872667366538,0.0,0.005088228360555179,0.0],[0.0,0.0,0.0,0.013267676025572312,-0.0027240880231129013,0.015311362005575872,-0.0027264369957413367,0.0],[0.0,0.0,0.0,0.0,0.002731539028716066,-0.015306209170120698,0.005258054749205179,0.0],[0.0,0.0,0.0,0.0,0.0,0.0,-0.009347527756503934,0.0012225009325938676],[0.0,0.0,0.0,0.0,0.0,0.0,0.007233223550683089,-0.0012210086593958977]]}