{"din_name":"flux_level06192.json","din_kind":"RELATIVE","din_start":600.0000121761135,"din_end":660.0000180519024,"din_rules":["Interventions","r1","r1_rev","r2","r3","r4","r5","r6"],"din_hits":[0,22678,22662,20150,3704105,3683951,721575,721560],"din_fluxs":[[0.0,0.0,0.0,0.0,0.0,0.0,0.0,0.0],[0.0,-0.0010913703660535646,0.09237822224875666,0.08139355373769122,0.0,-0.002050858373530031,0.0,0.0],[0.0,0.0010925661338650713,-0.08247250250593575,-0.15111443931572144,0.0,0.0054949448386591195,0.0,0.0],[0.0,0.0,0.0,-0.4258537644295091,0.0025682765139833363,0.0,0.0031572455445975306,0.0],[0.0,0.0,0.0,0.005277162401373359,-0.002562113236014846,0.01890361970416137,-0.0025622253150568656,0.0],[0.0,0.0,0.0,0.0,0.002568698909876131,-0.018671619239517902,0.0026681952322177766,0.0],[0.0,0.0,0.0,0.0,0.0,0.0,-0.002406571831235907,0.002166724720707844],[0.0,0.0,0.0,0.0,0.0,0.0,0.001904150958261585,-0.0021620367696318517]]}