{"din_name":"flux_level13993.json","din_kind":"RELATIVE","din_start":600.0000075658827,"din_end":660.0000056837798,"din_rules":["Interventions","r1","r1_rev","r2","r3","r4","r5","r6"],"din_hits":[0,411382,411290,141508,1535848,1394320,1255325,1255332],"din_fluxs":[[0.0,0.0,0.0,0.0,0.0,0.0,0.0,0.0],[0.0,-0.0012057115256235275,0.009179801533380631,0.016230804839009613,0.0,-0.0022518484557601955,0.0,0.0],[0.0,0.0012071846730668167,-0.008939339115592556,-0.017751886718712334,0.0,0.0025575316183332796,0.0,0.0],[0.0,0.0,0.0,-0.06483253235280272,0.00385737915639993,0.0,0.005209478389720156,0.0],[0.0,0.0,0.0,0.006917721907060856,-0.003843065898189405,0.008617148788771747,-0.003847269062302086,0.0],[0.0,0.0,0.0,0.0,0.0038579658193757253,-0.009489220778242555,0.005072504704489311,0.0],[0.0,0.0,0.0,0.0,0.0,0.0,-0.0038348348752071594,0.0023712419598194844],[0.0,0.0,0.0,0.0,0.0,0.0,0.00236595016396739,-0.0023656239671277246]]}