{"din_name":"flux_level05511.json","din_kind":"RELATIVE","din_start":600.0000016187103,"din_end":660.0000032757055,"din_rules":["Interventions","r1","r1_rev","r2","r3","r4","r5","r6"],"din_hits":[0,694093,693937,252088,1763008,1510891,772805,772831],"din_fluxs":[[0.0,0.0,0.0,0.0,0.0,0.0,0.0,0.0],[0.0,-0.0012555525877285193,0.006858381544660924,0.01322522559470004,0.0,-0.0023484815646259466,0.0,0.0],[0.0,0.0012571514020613013,-0.00669502588698294,-0.013290924425509196,0.0,0.0024544088427493065,0.0,0.0],[0.0,0.0,0.0,-0.06606905481702872,0.0032378026607084646,0.0,0.004077564835150584,0.0],[0.0,0.0,0.0,0.010244851227282742,-0.003227537452963112,0.01069154939196347,-0.003226607947013167,0.0],[0.0,0.0,0.0,0.0,0.0032380296206439255,-0.01236598770806182,0.004036665952366481,0.0],[0.0,0.0,0.0,0.0,0.0,0.0,-0.0051113119274949805,0.0015292439053834496],[0.0,0.0,0.0,0.0,0.0,0.0,0.0033297136446690584,-0.0015269075119036235]]}