{"din_name":"flux_level05720.json","din_kind":"RELATIVE","din_start":600.0000042226472,"din_end":660.0000078062677,"din_rules":["Interventions","r1","r1_rev","r2","r3","r4","r5","r6"],"din_hits":[0,2629831,2629362,234834,344410,109587,454053,454012],"din_fluxs":[[0.0,0.0,0.0,0.0,0.0,0.0,0.0,0.0],[0.0,-0.0019379994072856142,0.002211137012148912,0.005791669588983024,0.0,-0.0037004831501742308,0.0,0.0],[0.0,0.0019418565564783862,-0.0021681073990933893,-0.004306027324006567,0.0,0.002867495962246587,0.0,0.0],[0.0,0.0,0.0,-0.04956185020420893,0.0025043457770381108,0.0,0.0026960191008664606,0.0],[0.0,0.0,0.0,0.02482563004128028,-0.00249817557990173,0.01756907657315678,-0.0024977843804761188,0.0],[0.0,0.0,0.0,0.0,0.0025046241083644004,-0.032644575788957936,0.0027058709525106346,0.0],[0.0,0.0,0.0,0.0,0.0,0.0,-0.0014324269164676991,0.008831839977017664],[0.0,0.0,0.0,0.0,0.0,0.0,0.001287015534471449,-0.008753933706785748]]}