{"din_name":"flux_level01062.json","din_kind":"RELATIVE","din_start":600.0000082691575,"din_end":660.000011072811,"din_rules":["Interventions","r1","r1_rev","r2","r3","r4","r5","r6"],"din_hits":[0,52173,52161,16060,3482135,3466074,873139,873164],"din_fluxs":[[0.0,0.0,0.0,0.0,0.0,0.0,0.0,0.0],[0.0,-0.0010927830353910665,0.08173103702611702,0.08227704227485316,0.0,-0.0020147514516446587,0.0,0.0],[0.0,0.001093980425072346,-0.0739470556875728,-0.13776143836667643,0.0,0.004510693520475753,0.0,0.0],[0.0,0.0,0.0,-0.3742236530451825,0.0028092338730185207,0.0,0.003888902006436212,0.0],[0.0,0.0,0.0,0.0044045147505168995,-0.0028005893443558364,0.014427413615081531,-0.0028021255522122563,0.0],[0.0,0.0,0.0,0.0,0.0028084548221472437,-0.01432319858684061,0.0031163450950826527,0.0],[0.0,0.0,0.0,0.0,0.0,0.0,-0.004356280886753659,0.001499284098998267],[0.0,0.0,0.0,0.0,0.0,0.0,0.0031748348241815404,-0.0014970384529690772]]}