{"din_name":"flux_level08399.json","din_kind":"RELATIVE","din_start":600.0000071471504,"din_end":660.0000088438154,"din_rules":["Interventions","r1","r1_rev","r2","r3","r4","r5","r6"],"din_hits":[0,97653,97602,20946,1294612,1273652,333381,333359],"din_fluxs":[[0.0,0.0,0.0,0.0,0.0,0.0,0.0,0.0],[0.0,-0.001127251835723628,0.02273700065373041,0.03807401460955506,0.0,-0.002102206506085761,0.0,0.0],[0.0,0.001128535662886618,-0.02184103289856269,-0.04301000053301206,0.0,0.0025072089247893782,0.0,0.0],[0.0,0.0,0.0,-0.09457515622169996,0.0077880221758379106,0.0,0.008851577507460445,0.0],[0.0,0.0,0.0,0.002231966277718286,-0.007737598934466954,0.005601890792760108,-0.007732534719051966,0.0],[0.0,0.0,0.0,0.0,0.007798385082599954,-0.005692129265690747,0.008568206004301426,0.0],[0.0,0.0,0.0,0.0,0.0,0.0,-0.004780988915357309,0.007710384565297442],[0.0,0.0,0.0,0.0,0.0,0.0,0.0018172259807852664,-0.007650957689071235]]}