{"din_name":"flux_level11080.json","din_kind":"RELATIVE","din_start":600.000001881995,"din_end":660.0000034193143,"din_rules":["Interventions","r1","r1_rev","r2","r3","r4","r5","r6"],"din_hits":[0,3138504,3137909,274367,309645,35307,177337,177339],"din_fluxs":[[0.0,0.0,0.0,0.0,0.0,0.0,0.0,0.0],[0.0,-0.002579779961662252,0.0017004419482483755,0.004065463079523199,0.0,-0.004980860188324476,0.0,0.0],[0.0,0.002586648751169195,-0.0016679782431175006,-0.003329540050709029,0.0,0.004201277844899631,0.0,0.0],[0.0,0.0,0.0,-0.025488880325461333,0.0027846487117950992,0.0,0.0028839362576425216,0.0],[0.0,0.0,0.0,0.01611342378196642,-0.0027769649030221543,0.012457007226517918,-0.002777250366435012,0.0],[0.0,0.0,0.0,0.0,0.0027852636413582743,-0.031567156054113685,0.002886874938327989,0.0],[0.0,0.0,0.0,0.0,0.0,0.0,-0.001464276391028134,0.024253124567467657],[0.0,0.0,0.0,0.0,0.0,0.0,0.0012937301950986546,-0.023665184646798204]]}