{"din_name":"flux_level11362.json","din_kind":"RELATIVE","din_start":600.000017766338,"din_end":660.0000239971259,"din_rules":["Interventions","r1","r1_rev","r2","r3","r4","r5","r6"],"din_hits":[0,124241,124207,13645,1141785,1128128,79248,79250],"din_fluxs":[[0.0,0.0,0.0,0.0,0.0,0.0,0.0,0.0],[0.0,-0.0011078095025071376,0.03792304733482902,0.04826272298294512,0.0,-0.0020678975794404465,0.0,0.0],[0.0,0.001109041383947725,-0.03591196117071055,-0.06807179280495006,0.0,0.0035396658307030398,0.0,0.0],[0.0,0.0,0.0,-0.28599568707092216,0.0026841878064877665,0.0,0.0027064530721055743,0.0],[0.0,0.0,0.0,0.008410975375520916,-0.0026768745498224255,0.016387875469717775,-0.002677058830121987,0.0],[0.0,0.0,0.0,0.0,0.002684060667872435,-0.01647133528791066,0.0027008801978385386,0.0],[0.0,0.0,0.0,0.0,0.0,0.0,-0.001360986767437749,0.07320017971902218],[0.0,0.0,0.0,0.0,0.0,0.0,0.0011234188164465106,-0.06686989853779536]]}