{"din_name":"flux_level13480.json","din_kind":"RELATIVE","din_start":600.0000071496132,"din_end":660.0000287690801,"din_rules":["Interventions","r1","r1_rev","r2","r3","r4","r5","r6"],"din_hits":[0,36073,36057,3725,1548216,1544485,1073569,1073547],"din_fluxs":[[0.0,0.0,0.0,0.0,0.0,0.0,0.0,0.0],[0.0,-0.0010906347863481884,0.0998203481341981,0.11856946014813931,0.0,-0.002042565890021338,0.0,0.0],[0.0,0.001091827368401406,-0.08736634764974781,-0.1613951992606362,0.0,0.003941101009079616,0.0,0.0],[0.0,0.0,0.0,-0.4071969223427006,0.003039521482357834,0.0,0.004704661444845972,0.0],[0.0,0.0,0.0,0.004293189981589552,-0.0030319169058960265,0.012022088771785022,-0.003028361383366079,0.0],[0.0,0.0,0.0,0.0,0.003041147153138907,-0.01195053676939914,0.003837153472879805,0.0],[0.0,0.0,0.0,0.0,0.0,0.0,-0.0038216017717147477,0.0017651014433249478],[0.0,0.0,0.0,0.0,0.0,0.0,0.0026924068925754815,-0.0017619893155861538]]}