{"din_name":"flux_level05065.json","din_kind":"RELATIVE","din_start":600.0000012939963,"din_end":660.000002942733,"din_rules":["Interventions","r1","r1_rev","r2","r3","r4","r5","r6"],"din_hits":[0,49550,49536,18066,3607818,3589736,2023148,2023141],"din_fluxs":[[0.0,0.0,0.0,0.0,0.0,0.0,0.0,0.0],[0.0,-0.0010921158295515716,0.08641884318773538,0.08204168838908232,0.0,-0.0020264310920729543,0.0,0.0],[0.0,0.0010933117125454877,-0.07772704277409284,-0.1434223482305267,0.0,0.005011292820182377,0.0,0.0],[0.0,0.0,0.0,-0.41784954607219454,0.002617762179954324,0.0,0.00346822263211795,0.0],[0.0,0.0,0.0,0.005549295981569777,-0.0026107589949779836,0.017683263851024873,-0.002611728568871942,0.0],[0.0,0.0,0.0,0.0,0.002617594795712746,-0.017500763343591935,0.0028965071358355247,0.0],[0.0,0.0,0.0,0.0,0.0,0.0,-0.0023715919233559925,0.0023031315171207546],[0.0,0.0,0.0,0.0,0.0,0.0,0.00188219984579587,-0.0022978327354936053]]}