{"din_name":"flux_level10554.json","din_kind":"RELATIVE","din_start":600.0000344409715,"din_end":660.000004974671,"din_rules":["Interventions","r1","r1_rev","r2","r3","r4","r5","r6"],"din_hits":[0,75445,75432,8203,2010106,2001900,1159959,1160011],"din_fluxs":[[0.0,0.0,0.0,0.0,0.0,0.0,0.0,0.0],[0.0,-0.001093676011572773,0.07651558822442692,0.08894984848785507,0.0,-0.0020121099298927602,0.0,0.0],[0.0,0.0010948749488773354,-0.06958410909725551,-0.12869750128562799,0.0,0.004041797533745021,0.0,0.0],[0.0,0.0,0.0,-0.39464664315296677,0.002772345175840897,0.0,0.00418678925691028,0.0],[0.0,0.0,0.0,0.0061039267251452615,-0.0027644830133363753,0.014866114383026248,-0.002764939066605968,0.0],[0.0,0.0,0.0,0.0,0.00277214922607668,-0.014781182351628628,0.0034543439509316176,0.0],[0.0,0.0,0.0,0.0,0.0,0.0,-0.004575333400767854,0.0014791899805752676],[0.0,0.0,0.0,0.0,0.0,0.0,0.0034273114384414877,-0.0014770033894367558]]}