{"din_name":"flux_level10278.json","din_kind":"RELATIVE","din_start":600.0000035916077,"din_end":660.0000050118584,"din_rules":["Interventions","r1","r1_rev","r2","r3","r4","r5","r6"],"din_hits":[0,12317,12307,16584,3698055,3681465,421832,421838],"din_fluxs":[[0.0,0.0,0.0,0.0,0.0,0.0,0.0,0.0],[0.0,-0.0010893416278831404,0.11441874133552873,0.09217141199597112,0.0,-0.0019611851369823506,0.0,0.0],[0.0,0.001090534316639771,-0.09851216401445731,-0.17724032868667028,0.0,0.00606097753991238,0.0,0.0],[0.0,0.0,0.0,-0.47430948641809473,0.002521911416309858,0.0,0.0027033834818641577,0.0],[0.0,0.0,0.0,0.005493602458702849,-0.002516219789978851,0.020201288992427728,-0.0025163324340056943,0.0],[0.0,0.0,0.0,0.0,0.002522571929236564,-0.019900219198742772,0.002555338532697043,0.0],[0.0,0.0,0.0,0.0,0.0,0.0,-0.0014863477563958174,0.006669495785744123],[0.0,0.0,0.0,0.0,0.0,0.0,0.0012019105036334102,-0.006625053614058164]]}