{"din_name":"flux_level09953.json","din_kind":"RELATIVE","din_start":600.0000100564523,"din_end":660.0000178786374,"din_rules":["Interventions","r1","r1_rev","r2","r3","r4","r5","r6"],"din_hits":[0,16256,16248,15663,3176934,3161269,1252945,1252923],"din_fluxs":[[0.0,0.0,0.0,0.0,0.0,0.0,0.0,0.0],[0.0,-0.0010905051303291451,0.09993169439355916,0.08667845847971238,0.0,-0.002026833847280766,0.0,0.0],[0.0,0.0010916995772132835,-0.08849138408872055,-0.1617731040827822,0.0,0.0056887478219411255,0.0,0.0],[0.0,0.0,0.0,-0.4455767046275989,0.0025548031715536606,0.0,0.003085811102076402,0.0],[0.0,0.0,0.0,0.005272776458756266,-0.0025492688141656346,0.019236929407893462,-0.002549546676562418,0.0],[0.0,0.0,0.0,0.0,0.002555791079203855,-0.018982349916851656,0.0026929256687912304,0.0],[0.0,0.0,0.0,0.0,0.0,0.0,-0.0018114334066311856,0.003489891291317898],[0.0,0.0,0.0,0.0,0.0,0.0,0.0014667226113242282,-0.003477725850047697]]}