{"din_name":"flux_level10612.json","din_kind":"RELATIVE","din_start":600.0000017236242,"din_end":660.0000080485539,"din_rules":["Interventions","r1","r1_rev","r2","r3","r4","r5","r6"],"din_hits":[0,18212,18197,18745,3765423,3746684,727445,727438],"din_fluxs":[[0.0,0.0,0.0,0.0,0.0,0.0,0.0,0.0],[0.0,-0.0010914035976387578,0.09173567992514824,0.08114209507097674,0.0,-0.0020189424142123985,0.0,0.0],[0.0,0.0010926004526239774,-0.08200178531472256,-0.15182608437445452,0.0,0.0052421453739783675,0.0,0.0],[0.0,0.0,0.0,-0.400680396152977,0.002681406983021698,0.0,0.004400646996951105,0.0],[0.0,0.0,0.0,0.0042703771348070515,-0.0026745711023617134,0.016409226249815567,-0.00267122005074782,0.0],[0.0,0.0,0.0,0.0,0.002681747930661002,-0.016238101505536576,0.002951299179746046,0.0],[0.0,0.0,0.0,0.0,0.0,0.0,-0.00562568688010784,0.0013253035409761058],[0.0,0.0,0.0,0.0,0.0,0.0,0.004269912028018193,-0.0013235486960683066]]}