{"din_name":"flux_level08908.json","din_kind":"RELATIVE","din_start":600.0000243763204,"din_end":660.000007533939,"din_rules":["Interventions","r1","r1_rev","r2","r3","r4","r5","r6"],"din_hits":[0,53867,53845,9139,981581,972442,394010,394019],"din_fluxs":[[0.0,0.0,0.0,0.0,0.0,0.0,0.0,0.0],[0.0,-0.0011030546936369838,0.04561260299159766,0.053872897224904674,0.0,-0.002060337528645227,0.0,0.0],[0.0,0.0011042782583084352,-0.04283643033123335,-0.08232374891495166,0.0,0.003766296707224231,0.0,0.0],[0.0,0.0,0.0,-0.27692955835967215,0.0028421994859391154,0.0,0.0030058651939912184,0.0],[0.0,0.0,0.0,0.005996560086948116,-0.0028344585327640505,0.014061735502450717,-0.002835288618172968,0.0],[0.0,0.0,0.0,0.0,0.0028425225007829564,-0.014086646030406656,0.0029553007868975295,0.0],[0.0,0.0,0.0,0.0,0.0,0.0,-0.0015384401661214639,0.014918019816177736],[0.0,0.0,0.0,0.0,0.0,0.0,0.0012620097176773727,-0.014695646067237913]]}