{"din_name":"flux_level09187.json","din_kind":"RELATIVE","din_start":600.0000050475602,"din_end":660.0000028265346,"din_rules":["Interventions","r1","r1_rev","r2","r3","r4","r5","r6"],"din_hits":[0,329098,329031,1569,54637,53079,1182683,1182647],"din_fluxs":[[0.0,0.0,0.0,0.0,0.0,0.0,0.0,0.0],[0.0,-0.0011529532860726388,0.015066249868535603,0.030059920510011585,0.0,-0.0021502426266330472,0.0,0.0],[0.0,0.00115429221025113,-0.01459269682775902,-0.02837013018859796,0.0,0.002252307003443423,0.0,0.0],[0.0,0.0,0.0,-0.1650500069913629,0.0029021363170311197,0.0,0.0061252764166710915,0.0],[0.0,0.0,0.0,0.012987322008684172,-0.002892458201129743,0.013140153805001505,-0.0028873359792570114,0.0],[0.0,0.0,0.0,0.0,0.0029007996915508287,-0.01387681100235177,0.006073726839872273,0.0],[0.0,0.0,0.0,0.0,0.0,0.0,-0.0032092416351361965,0.0025184426341929],[0.0,0.0,0.0,0.0,0.0,0.0,0.003073293591766737,-0.0025121099695156845]]}