{"din_name":"flux_level03198.json","din_kind":"RELATIVE","din_start":600.0000071324838,"din_end":660.0000053204019,"din_rules":["Interventions","r1","r1_rev","r2","r3","r4","r5","r6"],"din_hits":[0,67695,67657,1892,208213,206325,1446159,1446156],"din_fluxs":[[0.0,0.0,0.0,0.0,0.0,0.0,0.0,0.0],[0.0,-0.0011092186266805511,0.03610354930899225,0.05760332917200721,0.0,-0.002062854828274235,0.0,0.0],[0.0,0.0011104566590357883,-0.034228834420274634,-0.06488715762228597,0.0,0.0029834417585954147,0.0,0.0],[0.0,0.0,0.0,-0.33585011712351137,0.0026283548035224893,0.0,0.005341421590770065,0.0],[0.0,0.0,0.0,0.012757829707081357,-0.0026211948356252885,0.017316747887959286,-0.002611580393413723,0.0],[0.0,0.0,0.0,0.0,0.002628083453941033,-0.017463041491618096,0.005116905171018365,0.0],[0.0,0.0,0.0,0.0,0.0,0.0,-0.003328183412424384,0.0019337008598221525],[0.0,0.0,0.0,0.0,0.0,0.0,0.002980785262498927,-0.0019299656284512041]]}