{"din_name":"flux_level00302.json","din_kind":"RELATIVE","din_start":600.0000228067503,"din_end":660.0000224530272,"din_rules":["Interventions","r1","r1_rev","r2","r3","r4","r5","r6"],"din_hits":[0,29020,29013,1319,448373,447071,1296040,1296035],"din_fluxs":[[0.0,0.0,0.0,0.0,0.0,0.0,0.0,0.0],[0.0,-0.0010924393748390966,0.08401061594360834,0.1200053985757953,0.0,-0.0020632604267079775,0.0,0.0],[0.0,0.0010936366365198438,-0.07575780618013113,-0.13536772231732655,0.0,0.003709867994256487,0.0,0.0],[0.0,0.0,0.0,-0.47245655484951965,0.0026958658611705775,0.0,0.003624364748093658,0.0],[0.0,0.0,0.0,0.008734905505109218,-0.0026879023531870736,0.01600028703213262,-0.002686887861368015,0.0],[0.0,0.0,0.0,0.0,0.0026951461826944497,-0.015896557947386085,0.0034294588986376055,0.0],[0.0,0.0,0.0,0.0,0.0,0.0,-0.001983211493863961,0.003651281686598155],[0.0,0.0,0.0,0.0,0.0,0.0,0.001733569661955649,-0.0036379631573244535]]}