{"din_name":"flux_level05849.json","din_kind":"RELATIVE","din_start":600.0000023376372,"din_end":660.0000036006057,"din_rules":["Interventions","r1","r1_rev","r2","r3","r4","r5","r6"],"din_hits":[0,98400,98365,80835,4227033,4146183,479168,479190],"din_fluxs":[[0.0,0.0,0.0,0.0,0.0,0.0,0.0,0.0],[0.0,-0.00111201833647909,0.03304166569424707,0.036454286062058645,0.0,-0.002068277447702994,0.0,0.0],[0.0,0.0011132618677869397,-0.031436590522523705,-0.06057969325562258,0.0,0.003949783892217312,0.0,0.0],[0.0,0.0,0.0,-0.2247440001845675,0.0027384813778596074,0.0,0.0029460036002608115,0.0],[0.0,0.0,0.0,0.006286915430080893,-0.0027313891744528158,0.015659686075605025,-0.002731015609887338,0.0],[0.0,0.0,0.0,0.0,0.002738881116933741,-0.015756877237669577,0.002800745086292509,0.0],[0.0,0.0,0.0,0.0,0.0,0.0,-0.0021384439388620773,0.002808349067001365],[0.0,0.0,0.0,0.0,0.0,0.0,0.0015888401702726003,-0.0028004701889082248]]}