{"din_name":"flux_level03584.json","din_kind":"RELATIVE","din_start":600.0000093225232,"din_end":660.0000499307929,"din_rules":["Interventions","r1","r1_rev","r2","r3","r4","r5","r6"],"din_hits":[0,212653,212594,85792,2071153,1985334,1002835,1002864],"din_fluxs":[[0.0,0.0,0.0,0.0,0.0,0.0,0.0,0.0],[0.0,-0.0011450079030232924,0.016788426507738083,0.024170105652322662,0.0,-0.0021355325694962265,0.0,0.0],[0.0,0.0011463304404552373,-0.016228379312763306,-0.03187105636956897,0.0,0.003027103334792138,0.0,0.0],[0.0,0.0,0.0,-0.12470086758550394,0.003107819602143348,0.0,0.003517978451780971,0.0],[0.0,0.0,0.0,0.006855772943555123,-0.0030984683515251927,0.011810573611464053,-0.003099730149049868,0.0],[0.0,0.0,0.0,0.0,0.0031081190405042344,-0.0122637424096953,0.003393912327056201,0.0],[0.0,0.0,0.0,0.0,0.0,0.0,-0.0020835430193438635,0.004340261200427509],[0.0,0.0,0.0,0.0,0.0,0.0,0.0014940865078575062,-0.0043214468569022346]]}