{"din_name":"flux_level12076.json","din_kind":"RELATIVE","din_start":600.0000199718198,"din_end":660.0000011227495,"din_rules":["Interventions","r1","r1_rev","r2","r3","r4","r5","r6"],"din_hits":[0,18185,18171,775,468699,467925,438693,438708],"din_fluxs":[[0.0,0.0,0.0,0.0,0.0,0.0,0.0,0.0],[0.0,-0.0010945250067658182,0.07190956644105387,0.12286062304193911,0.0,-0.0020249728942626703,0.0,0.0],[0.0,0.00109573121950831,-0.06567890837253854,-0.12679480524797015,0.0,0.0024573958587345277,0.0,0.0],[0.0,0.0,0.0,-0.245502620187369,0.008792851841160295,0.0,0.014026614447351716,0.0],[0.0,0.0,0.0,0.0015601191514415021,-0.00871024820752459,0.0052814361037923,-0.008713075037922895,0.0],[0.0,0.0,0.0,0.0,0.008787193968234495,-0.005278798581600006,0.012871891970089984,0.0],[0.0,0.0,0.0,0.0,0.0,0.0,-0.007609047199170463,0.0044907948611477904],[0.0,0.0,0.0,0.0,0.0,0.0,0.0033610003304731973,-0.0044706474519994035]]}