{"din_name":"flux_level10898.json","din_kind":"RELATIVE","din_start":600.0000084671841,"din_end":660.0000150853667,"din_rules":["Interventions","r1","r1_rev","r2","r3","r4","r5","r6"],"din_hits":[0,31327,31314,34,41426,41388,941078,941063],"din_fluxs":[[0.0,0.0,0.0,0.0,0.0,0.0,0.0,0.0],[0.0,-0.0010913262704507817,0.09411229996682989,0.2403239776648907,0.0,-0.002069491085527126,0.0,0.0],[0.0,0.0010925211771557978,-0.0828076721334557,-0.1298669342267182,0.0,0.002297776179934579,0.0,0.0],[0.0,0.0,0.0,-0.6681989277192358,0.002716769702135594,0.0,0.009569450987879024,0.0],[0.0,0.0,0.0,0.02032871006802885,-0.002692701177850491,0.015725295376147426,-0.0026789755832694806,0.0],[0.0,0.0,0.0,0.0,0.002699956426513406,-0.015650596241191646,0.009590005065280842,0.0],[0.0,0.0,0.0,0.0,0.0,0.0,-0.005460349232777205,0.0016919778828170138],[0.0,0.0,0.0,0.0,0.0,0.0,0.005188092772462197,-0.0016891171799480798]]}