{"din_name":"flux_level11663.json","din_kind":"RELATIVE","din_start":600.000020476381,"din_end":660.0000112733015,"din_rules":["Interventions","r1","r1_rev","r2","r3","r4","r5","r6"],"din_hits":[0,64351,64335,18704,3381514,3362812,145878,145889],"din_fluxs":[[0.0,0.0,0.0,0.0,0.0,0.0,0.0,0.0],[0.0,-0.0010926908393488277,0.08235446583870783,0.08102295019985599,0.0,-0.0020301294102767174,0.0,0.0],[0.0,0.001093887647100214,-0.07445135002016869,-0.1356311118826096,0.0,0.004988114354292496,0.0,0.0],[0.0,0.0,0.0,-0.4370407632135164,0.0025430529173008326,0.0,0.002574943037780746,0.0],[0.0,0.0,0.0,0.006857410017145008,-0.002536911876438105,0.019567735869872267,-0.002536904774617073,0.0],[0.0,0.0,0.0,0.0,0.0025433678677366355,-0.019350055721681643,0.0025549008171298687,0.0],[0.0,0.0,0.0,0.0,0.0,0.0,-0.0013446174547482492,0.018324118309990273],[0.0,0.0,0.0,0.0,0.0,0.0,0.0010811955473767078,-0.01798832256488298]]}