{"din_name":"flux_level09743.json","din_kind":"RELATIVE","din_start":600.0000372029706,"din_end":660.00002920101,"din_rules":["Interventions","r1","r1_rev","r2","r3","r4","r5","r6"],"din_hits":[0,299760,299707,4605,157037,152413,726175,726188],"din_fluxs":[[0.0,0.0,0.0,0.0,0.0,0.0,0.0,0.0],[0.0,-0.0011469191459937793,0.01633213243473741,0.03065399398496488,0.0,-0.002128078085233107,0.0,0.0],[0.0,0.0011482433914260148,-0.015799535376478765,-0.03069291927587946,0.0,0.002468896284491096,0.0,0.0],[0.0,0.0,0.0,-0.22149282801976852,0.002578559500434193,0.0,0.006064437799863527,0.0],[0.0,0.0,0.0,0.01693356935797159,-0.0025715698843563886,0.01839352396397292,-0.0025755974538673875,0.0],[0.0,0.0,0.0,0.0,0.0025781904238834498,-0.019209275749632285,0.005885482164103248,0.0],[0.0,0.0,0.0,0.0,0.0,0.0,-0.005078187421394636,0.001484077698080222],[0.0,0.0,0.0,0.0,0.0,0.0,0.004392524591864308,-0.0014818772210180606]]}