{"din_name":"flux_level05643.json","din_kind":"RELATIVE","din_start":600.0000021111097,"din_end":660.0000166560412,"din_rules":["Interventions","r1","r1_rev","r2","r3","r4","r5","r6"],"din_hits":[0,124684,124656,26864,2160171,2133312,1113669,1113679],"din_fluxs":[[0.0,0.0,0.0,0.0,0.0,0.0,0.0,0.0],[0.0,-0.0011044782669518583,0.04290456708324963,0.04800762160719039,0.0,-0.002043504307104753,0.0,0.0],[0.0,0.001105702137310387,-0.04043091709441578,-0.07640542489355617,0.0,0.004094026472565991,0.0,0.0],[0.0,0.0,0.0,-0.32321019992443994,0.0025498938857172137,0.0,0.0028617867067540596,0.0],[0.0,0.0,0.0,0.008622483218928579,-0.0025430045673899486,0.019517090206208745,-0.0025421785478554524,0.0],[0.0,0.0,0.0,0.0,0.0025494848710864424,-0.019494112766816653,0.0027124613267620564,0.0],[0.0,0.0,0.0,0.0,0.0,0.0,-0.001746216343462493,0.003838194222237647],[0.0,0.0,0.0,0.0,0.0,0.0,0.0014307125904440784,-0.0038234781839455124]]}