{"din_name":"flux_level03012.json","din_kind":"RELATIVE","din_start":600.0000000937958,"din_end":660.0000099800188,"din_rules":["Interventions","r1","r1_rev","r2","r3","r4","r5","r6"],"din_hits":[0,125461,125439,5333,938787,933455,1103829,1103800],"din_fluxs":[[0.0,0.0,0.0,0.0,0.0,0.0,0.0,0.0],[0.0,-0.0011010593085846942,0.04975972596440893,0.07290912793637701,0.0,-0.0020428198781773043,0.0,0.0],[0.0,0.001102274994343438,-0.046558914701821254,-0.08795566487105935,0.0,0.0031526200737895757,0.0,0.0],[0.0,0.0,0.0,-0.3271773547611307,0.0028874207386723485,0.0,0.004356755928776602,0.0],[0.0,0.0,0.0,0.00799544346515528,-0.0028790760011009994,0.01341750764988498,-0.0028784817787817496,0.0],[0.0,0.0,0.0,0.0,0.0028873932408642407,-0.013458530252827009,0.0040348307852365595,0.0],[0.0,0.0,0.0,0.0,0.0,0.0,-0.0038522041280835305,0.0017245735865678061],[0.0,0.0,0.0,0.0,0.0,0.0,0.00289693263883545,-0.0017216012666550012]]}