{"din_name":"flux_level03052.json","din_kind":"RELATIVE","din_start":600.0000111210401,"din_end":660.0000000115176,"din_rules":["Interventions","r1","r1_rev","r2","r3","r4","r5","r6"],"din_hits":[0,9228,9213,21002,3984760,3963765,464133,464146],"din_fluxs":[[0.0,0.0,0.0,0.0,0.0,0.0,0.0,0.0],[0.0,-0.0010916299009649157,0.08998740790163454,0.07843006925164556,0.0,-0.0020457298061508614,0.0,0.0],[0.0,0.0010928318906849943,-0.08053510603496736,-0.1478198987252832,0.0,0.005264446531408257,0.0,0.0],[0.0,0.0,0.0,-0.3828083510384858,0.0027035102336862935,0.0,0.0028582617634510775,0.0],[0.0,0.0,0.0,0.003815142188333731,-0.0026968512401902523,0.016033232713276238,-0.0026970592343010386,0.0],[0.0,0.0,0.0,0.0,0.0027041500598697344,-0.01586893460399522,0.0027431828346610675,0.0],[0.0,0.0,0.0,0.0,0.0,0.0,-0.0014779223636948403,0.012067168857382713],[0.0,0.0,0.0,0.0,0.0,0.0,0.0011450234196854466,-0.011921676393023875]]}