{"din_name":"flux_level06678.json","din_kind":"RELATIVE","din_start":600.0000004298182,"din_end":660.0000084629512,"din_rules":["Interventions","r1","r1_rev","r2","r3","r4","r5","r6"],"din_hits":[0,18190,18172,36596,3087550,3050951,170700,170700],"din_fluxs":[[0.0,0.0,0.0,0.0,0.0,0.0,0.0,0.0],[0.0,-0.0011004161028755838,0.05149489686694384,0.048106313696349164,0.0,-0.002031049960078339,0.0,0.0],[0.0,0.0011016410548670913,-0.047998768209913494,-0.09091904697371239,0.0,0.004740281186352757,0.0,0.0],[0.0,0.0,0.0,-0.30203513942825544,0.0026255141261753655,0.0,0.00266889743132943,0.0],[0.0,0.0,0.0,0.005643691942793384,-0.0026185414411800238,0.01770839800226427,-0.002618468689238542,0.0],[0.0,0.0,0.0,0.0,0.002625417521661427,-0.017619826538072123,0.002640102681713769,0.0],[0.0,0.0,0.0,0.0,0.0,0.0,-0.0013518108903248758,0.034526397467549264],[0.0,0.0,0.0,0.0,0.0,0.0,0.0010829674813910375,-0.03333338998574407]]}