{"din_name":"flux_level05805.json","din_kind":"RELATIVE","din_start":600.0000007997741,"din_end":660.0000123313855,"din_rules":["Interventions","r1","r1_rev","r2","r3","r4","r5","r6"],"din_hits":[0,40186,40170,14230,2057986,2043733,181308,181320],"din_fluxs":[[0.0,0.0,0.0,0.0,0.0,0.0,0.0,0.0],[0.0,-0.0010953270815150294,0.06826651936249745,0.06825709263968992,0.0,-0.002058412658836545,0.0,0.0],[0.0,0.0010965316330183176,-0.06262825075108194,-0.11678050367340922,0.0,0.004763442667771405,0.0,0.0],[0.0,0.0,0.0,-0.3743287963667768,0.0026159652605298807,0.0,0.0032115046180268424,0.0],[0.0,0.0,0.0,0.005948234249405363,-0.0026094349904653823,0.017765871657134454,-0.0026132838418588163,0.0],[0.0,0.0,0.0,0.0,0.0026162670266879243,-0.01762560675358299,0.002794117702588009,0.0],[0.0,0.0,0.0,0.0,0.0,0.0,-0.007711314105670583,0.0012089615243335364],[0.0,0.0,0.0,0.0,0.0,0.0,0.0059602697304726214,-0.0012075000372367066]]}