{"din_name":"flux_level02614.json","din_kind":"RELATIVE","din_start":600.0000029966078,"din_end":660.0000094967525,"din_rules":["Interventions","r1","r1_rev","r2","r3","r4","r5","r6"],"din_hits":[0,105981,105950,38897,3306788,3267890,1404874,1404823],"din_fluxs":[[0.0,0.0,0.0,0.0,0.0,0.0,0.0,0.0],[0.0,-0.001102520091221421,0.04658046806385973,0.04869172504482976,0.0,-0.0020545685624318933,0.0,0.0],[0.0,0.0011037393904360078,-0.04372743912075266,-0.08313155868971474,0.0,0.004335466134967066,0.0,0.0],[0.0,0.0,0.0,-0.3110645696337465,0.0026000915239970126,0.0,0.0034102564241741554,0.0],[0.0,0.0,0.0,0.007027753258140465,-0.0025933001086719774,0.01823425678569617,-0.002591774733554862,0.0],[0.0,0.0,0.0,0.0,0.0026000445314582747,-0.018187499512718086,0.0029094796321985587,0.0],[0.0,0.0,0.0,0.0,0.0,0.0,-0.0033891626725447294,0.001651913085778575],[0.0,0.0,0.0,0.0,0.0,0.0,0.0026688318396283018,-0.0016491873092144517]]}