{"din_name":"flux_level07227.json","din_kind":"RELATIVE","din_start":600.0000035827341,"din_end":660.0000047548635,"din_rules":["Interventions","r1","r1_rev","r2","r3","r4","r5","r6"],"din_hits":[0,79608,79582,57732,3567579,3509836,1664968,1664964],"din_fluxs":[[0.0,0.0,0.0,0.0,0.0,0.0,0.0,0.0],[0.0,-0.0011079647699950256,0.03771617735669755,0.0397415019759768,0.0,-0.0020436566981915667,0.0,0.0],[0.0,0.001109199046048479,-0.03570998716156309,-0.06850391471891258,0.0,0.004133646444030347,0.0,0.0],[0.0,0.0,0.0,-0.25058579135583625,0.0026907006841293333,0.0,0.0036364261189571266,0.0],[0.0,0.0,0.0,0.0062991539594137004,-0.0026838917622793263,0.016434307427757627,-0.0026864015786279938,0.0],[0.0,0.0,0.0,0.0,0.002691124063735264,-0.01647545148465453,0.003027830099373639,0.0],[0.0,0.0,0.0,0.0,0.0,0.0,-0.003094458750751394,0.0018173042549235296],[0.0,0.0,0.0,0.0,0.0,0.0,0.0023781373445539125,-0.0018140049995488926]]}