{"din_name":"flux_level10864.json","din_kind":"RELATIVE","din_start":600.000026832984,"din_end":660.0000085662425,"din_rules":["Interventions","r1","r1_rev","r2","r3","r4","r5","r6"],"din_hits":[0,40860,40842,3349,928973,925626,308152,308158],"din_fluxs":[[0.0,0.0,0.0,0.0,0.0,0.0,0.0,0.0],[0.0,-0.0010917324907553177,0.08934773118993435,0.10819746386429387,0.0,-0.0020463431600692564,0.0,0.0],[0.0,0.0010929274924545978,-0.0801146754081444,-0.14160422803648476,0.0,0.0042910289834138795,0.0,0.0],[0.0,0.0,0.0,-0.4834246566527058,0.0025683409771254883,0.0,0.002722577890995763,0.0],[0.0,0.0,0.0,0.009060398085728954,-0.002560980401855797,0.01877198509434903,-0.0025604992183181135,0.0],[0.0,0.0,0.0,0.0,0.0025675549722639075,-0.018585783762356888,0.0026516014435911048,0.0],[0.0,0.0,0.0,0.0,0.0,0.0,-0.0014536339756557636,0.008961580033175667],[0.0,0.0,0.0,0.0,0.0,0.0,0.0012018336495991826,-0.008881351916037993]]}