{"din_name":"flux_level12597.json","din_kind":"RELATIVE","din_start":600.0000247380142,"din_end":660.0000603384361,"din_rules":["Interventions","r1","r1_rev","r2","r3","r4","r5","r6"],"din_hits":[0,19754,19679,21125,532038,510902,622561,622592],"din_fluxs":[[0.0,0.0,0.0,0.0,0.0,0.0,0.0,0.0],[0.0,-0.0011376746286933322,0.018927018079391168,0.024912000612052582,0.0,-0.00210990521497226,0.0,0.0],[0.0,0.0011390449823208042,-0.018108214585797283,-0.035857306718195064,0.0,0.0033246591404329636,0.0,0.0],[0.0,0.0,0.0,-0.14456180792812867,0.0029053463843052626,0.0,0.0037365329460838756,0.0],[0.0,0.0,0.0,0.00719881483422542,-0.002898243819183055,0.013573893785659853,-0.002899862942439061,0.0],[0.0,0.0,0.0,0.0,0.0029067274920523438,-0.013983466155609737,0.0034626442021508407,0.0],[0.0,0.0,0.0,0.0,0.0,0.0,-0.0022064810698707985,0.0033132153798952823],[0.0,0.0,0.0,0.0,0.0,0.0,0.001731000815060949,-0.003302244541089904]]}