{"din_name":"flux_level09523.json","din_kind":"RELATIVE","din_start":600.0000311043774,"din_end":660.0000138760606,"din_rules":["Interventions","r1","r1_rev","r2","r3","r4","r5","r6"],"din_hits":[0,303967,303887,25399,429542,404131,462622,462661],"din_fluxs":[[0.0,0.0,0.0,0.0,0.0,0.0,0.0,0.0],[0.0,-0.0011718346622469646,0.012187385801562053,0.020497020614748677,0.0,-0.0021675949761071236,0.0,0.0],[0.0,0.0011732230070878036,-0.01183339684850464,-0.023315462685277365,0.0,0.0026928059292876407,0.0,0.0],[0.0,0.0,0.0,-0.1476922590055315,0.0026679010912651,0.0,0.0037952468256410425,0.0],[0.0,0.0,0.0,0.013450374305638614,-0.0026605323875817178,0.016663171025072497,-0.0026547981024837766,0.0],[0.0,0.0,0.0,0.0,0.0026676165087980348,-0.01777519176237977,0.0036629384937735673,0.0],[0.0,0.0,0.0,0.0,0.0,0.0,-0.004287631312671323,0.0015152356025716744],[0.0,0.0,0.0,0.0,0.0,0.0,0.003378312824486277,-0.001512942423290335]]}