{"din_name":"flux_level03835.json","din_kind":"RELATIVE","din_start":600.0000050997141,"din_end":660.0000110369393,"din_rules":["Interventions","r1","r1_rev","r2","r3","r4","r5","r6"],"din_hits":[0,36638,36625,9409,2664965,2655547,2056380,2056374],"din_fluxs":[[0.0,0.0,0.0,0.0,0.0,0.0,0.0,0.0],[0.0,-0.0010892912847238004,0.11321318133887613,0.11157695013143598,0.0,-0.0020272499257630344,0.0,0.0],[0.0,0.0010904806433164264,-0.09875655165893749,-0.17520515509235884,0.0,0.005318423338192028,0.0,0.0],[0.0,0.0,0.0,-0.49592662318662506,0.0025560107169444526,0.0,0.0034949470261025875,0.0],[0.0,0.0,0.0,0.006517258249026433,-0.0025496415803546108,0.019132891459035854,-0.002548997854179212,0.0],[0.0,0.0,0.0,0.0,0.002556161369485003,-0.018881461195408,0.0029019696591145645,0.0],[0.0,0.0,0.0,0.0,0.0,0.0,-0.0023863158604314713,0.002229150492735229],[0.0,0.0,0.0,0.0,0.0,0.0,0.0019446685525514502,-0.002224186179979163]]}