{"din_name":"flux_level00827.json","din_kind":"RELATIVE","din_start":600.00000773627,"din_end":660.0000048593008,"din_rules":["Interventions","r1","r1_rev","r2","r3","r4","r5","r6"],"din_hits":[0,173671,173638,1923,299580,297648,649667,649675],"din_fluxs":[[0.0,0.0,0.0,0.0,0.0,0.0,0.0,0.0],[0.0,-0.0011125658686547389,0.03250329413361429,0.060681290391231296,0.0,-0.002066780172137246,0.0,0.0],[0.0,0.0011138083471035017,-0.030950274534635204,-0.060652185210343997,0.0,0.0022509000692510443,0.0,0.0],[0.0,0.0,0.0,-0.14428611772907848,0.007634528929296329,0.0,0.015214724804052948,0.0],[0.0,0.0,0.0,0.004089717473078875,-0.007592410075332933,0.0055075680480461435,-0.007584590851105288,0.0],[0.0,0.0,0.0,0.0,0.007650872978246645,-0.005615741195927406,0.014984979757007764,0.0],[0.0,0.0,0.0,0.0,0.0,0.0,-0.008478020880766286,0.004203352779673732],[0.0,0.0,0.0,0.0,0.0,0.0,0.005201656733842791,-0.0041856971897362765]]}