{"din_name":"flux_level05358.json","din_kind":"RELATIVE","din_start":600.0000025429691,"din_end":660.0000007047594,"din_rules":["Interventions","r1","r1_rev","r2","r3","r4","r5","r6"],"din_hits":[0,174834,174778,124371,2778207,2653825,239578,239599],"din_fluxs":[[0.0,0.0,0.0,0.0,0.0,0.0,0.0,0.0],[0.0,-0.0011456903243175145,0.016644571617319755,0.02322475727667772,0.0,-0.0021316997790832735,0.0,0.0],[0.0,0.0011470167085689874,-0.016088128366699164,-0.03164164497057299,0.0,0.003121788191944757,0.0,0.0],[0.0,0.0,0.0,-0.12796915859123054,0.0030039819119193614,0.0,0.0030744592188665897,0.0],[0.0,0.0,0.0,0.00718929766582131,-0.0029952458657342015,0.012639631157882194,-0.002994910316156823,0.0],[0.0,0.0,0.0,0.0,0.0030042626732504608,-0.013122536572209922,0.0030452467046357817,0.0],[0.0,0.0,0.0,0.0,0.0,0.0,-0.0016426111097798926,0.01205491227235367],[0.0,0.0,0.0,0.0,0.0,0.0,0.0011566714153600603,-0.011909767820662828]]}