{"din_name":"flux_level02514.json","din_kind":"RELATIVE","din_start":600.0000091615277,"din_end":660.0000103281615,"din_rules":["Interventions","r1","r1_rev","r2","r3","r4","r5","r6"],"din_hits":[0,105270,105245,8094,1079018,1070924,1138872,1138899],"din_fluxs":[[0.0,0.0,0.0,0.0,0.0,0.0,0.0,0.0],[0.0,-0.0011028301092999764,0.04603019176490627,0.06138501801432912,0.0,-0.002033383044945064,0.0,0.0],[0.0,0.0011040504654726347,-0.043231951539805934,-0.08224889150713774,0.0,0.003339112370380015,0.0,0.0],[0.0,0.0,0.0,-0.2928328379980721,0.002913620731931029,0.0,0.0039735584880689935,0.0],[0.0,0.0,0.0,0.0068725989283773044,-0.002904276345778545,0.013211527336319846,-0.0029061887714471302,0.0],[0.0,0.0,0.0,0.0,0.002912733694195964,-0.013260776039238097,0.0036455026839715566,0.0],[0.0,0.0,0.0,0.0,0.0,0.0,-0.002788697461713792,0.0022880742771257735],[0.0,0.0,0.0,0.0,0.0,0.0,0.0021065847252412493,-0.0022828438946063414]]}