{"din_name":"flux_level00603.json","din_kind":"RELATIVE","din_start":600.0000068463123,"din_end":660.0000079211349,"din_rules":["Interventions","r1","r1_rev","r2","r3","r4","r5","r6"],"din_hits":[0,142706,142680,2926,372405,369452,1108792,1108833],"din_fluxs":[[0.0,0.0,0.0,0.0,0.0,0.0,0.0,0.0],[0.0,-0.0011079639775848165,0.037688753479031764,0.06380247897011179,0.0,-0.002058682205643635,0.0,0.0],[0.0,0.0011091959086487703,-0.03570157397657074,-0.06705917492606947,0.0,0.0028892727907469254,0.0,0.0],[0.0,0.0,0.0,-0.36002565306944506,0.002598960662916256,0.0,0.004021209730557144,0.0],[0.0,0.0,0.0,0.014074163433572174,-0.0025919482000616246,0.017936402662811542,-0.002595702765801398,0.0],[0.0,0.0,0.0,0.0,0.0025986845035532767,-0.01806180214560826,0.0038676969156677897,0.0],[0.0,0.0,0.0,0.0,0.0,0.0,-0.002839400347508428,0.0020341444142493365],[0.0,0.0,0.0,0.0,0.0,0.0,0.002424197724543022,-0.002030011150383186]]}