{"din_name":"flux_level08859.json","din_kind":"RELATIVE","din_start":600.0000091857829,"din_end":660.0000058168184,"din_rules":["Interventions","r1","r1_rev","r2","r3","r4","r5","r6"],"din_hits":[0,68239,68226,15790,3795441,3779647,2062220,2062213],"din_fluxs":[[0.0,0.0,0.0,0.0,0.0,0.0,0.0,0.0],[0.0,-0.0010919406552929464,0.08761315040419956,0.0894553900265202,0.0,-0.0020196285992405004,0.0,0.0],[0.0,0.0010931356167786506,-0.07872736345623416,-0.1455382018962924,0.0,0.0046232415414007725,0.0,0.0],[0.0,0.0,0.0,-0.41079353257301354,0.002719267622281097,0.0,0.0033588684231489955,0.0],[0.0,0.0,0.0,0.005162996414438943,-0.0027123019418884534,0.01569511385197974,-0.0027108119161672654,0.0],[0.0,0.0,0.0,0.0,0.002719683322943906,-0.015561071003978019,0.0029868245157672673,0.0],[0.0,0.0,0.0,0.0,0.0,0.0,-0.0021570959307710925,0.002828542043587798],[0.0,0.0,0.0,0.0,0.0,0.0,0.0016692635867964789,-0.0028205486378147645]]}