{"din_name":"flux_level11445.json","din_kind":"RELATIVE","din_start":600.0000031868324,"din_end":660.0000056855371,"din_rules":["Interventions","r1","r1_rev","r2","r3","r4","r5","r6"],"din_hits":[0,86856,86841,5131,1879077,1873922,589715,589674],"din_fluxs":[[0.0,0.0,0.0,0.0,0.0,0.0,0.0,0.0],[0.0,-0.0010942616062777231,0.07314899161293202,0.1026998278280604,0.0,-0.002040216602164974,0.0,0.0],[0.0,0.0010954617546698607,-0.06680665667028073,-0.1260086557458582,0.0,0.0031377344676390365,0.0,0.0],[0.0,0.0,0.0,-0.3154935064681579,0.0036832793065395657,0.0,0.0044960637442296525,0.0],[0.0,0.0,0.0,0.0038219474194552626,-0.0036661746226381376,0.00897920546335936,-0.003665029819966525,0.0],[0.0,0.0,0.0,0.0,0.003679669665026183,-0.008973113555945265,0.004215979140714711,0.0],[0.0,0.0,0.0,0.0,0.0,0.0,-0.003970050488381637,0.001972670076709521],[0.0,0.0,0.0,0.0,0.0,0.0,0.0022996660829907897,-0.0019687893106563378]]}