{"din_name":"flux_level13361.json","din_kind":"RELATIVE","din_start":600.0000028815492,"din_end":660.0000041827604,"din_rules":["Interventions","r1","r1_rev","r2","r3","r4","r5","r6"],"din_hits":[0,4264,4252,4618,903830,899217,878697,878671],"din_fluxs":[[0.0,0.0,0.0,0.0,0.0,0.0,0.0,0.0],[0.0,-0.0010917574080439117,0.08871977136489469,0.07895070027732604,0.0,-0.002035813055009676,0.0,0.0],[0.0,0.0010929709939678889,-0.07936232871672894,-0.14952653285780806,0.0,0.00521055622695619,0.0,0.0],[0.0,0.0,0.0,-0.38843777871816626,0.0027094743626258897,0.0,0.0032458063251053376,0.0],[0.0,0.0,0.0,0.004048098465474982,-0.002703361626856425,0.015904995687833396,-0.0027033484752707424,0.0],[0.0,0.0,0.0,0.0,0.002710698468409479,-0.015748930588355792,0.002989031220092326,0.0],[0.0,0.0,0.0,0.0,0.0,0.0,-0.0016906639622135827,0.005631525251256483],[0.0,0.0,0.0,0.0,0.0,0.0,0.0014072238434761145,-0.005599837619187686]]}