{"din_name":"flux_level12092.json","din_kind":"RELATIVE","din_start":600.0000043998288,"din_end":660.0000117043173,"din_rules":["Interventions","r1","r1_rev","r2","r3","r4","r5","r6"],"din_hits":[0,43187,43179,11923,3757259,3745316,241068,241048],"din_fluxs":[[0.0,0.0,0.0,0.0,0.0,0.0,0.0,0.0],[0.0,-0.0010894366737831773,0.1133439126805977,0.1104052010531408,0.0,-0.002012889747546045,0.0,0.0],[0.0,0.0010906261339324258,-0.09764427578203848,-0.17596335686146589,0.0,0.004982141566241358,0.0,0.0],[0.0,0.0,0.0,-0.4579089137708599,0.0026932745524743938,0.0,0.002750861215440805,0.0],[0.0,0.0,0.0,0.004808124863928207,-0.002685716901398133,0.01611872353030773,-0.0026853269988818596,0.0],[0.0,0.0,0.0,0.0,0.0026929512384184584,-0.015945144018838533,0.00271305805129629,0.0],[0.0,0.0,0.0,0.0,0.0,0.0,-0.0014143476810334341,0.021002759885181792],[0.0,0.0,0.0,0.0,0.0,0.0,0.001098420543600851,-0.0205617163068093]]}