{"din_name":"flux_level05391.json","din_kind":"RELATIVE","din_start":600.0000336655785,"din_end":660.0000005063437,"din_rules":["Interventions","r1","r1_rev","r2","r3","r4","r5","r6"],"din_hits":[0,75122,75105,13379,2843284,2829892,1779620,1779623],"din_fluxs":[[0.0,0.0,0.0,0.0,0.0,0.0,0.0,0.0],[0.0,-0.001092791761411954,0.08175709636002383,0.08693250426935722,0.0,-0.002025380271509919,0.0,0.0],[0.0,0.001093988560732263,-0.07394629025123146,-0.1359747874635835,0.0,0.004683052674664694,0.0,0.0],[0.0,0.0,0.0,-0.4326076509469957,0.0025972901375535076,0.0,0.0035246291036309897,0.0],[0.0,0.0,0.0,0.006781549805538488,-0.0025914156025033754,0.018094296277112353,-0.0025903852886206787,0.0],[0.0,0.0,0.0,0.0,0.002598154897946222,-0.01792234596488118,0.002973291624468989,0.0],[0.0,0.0,0.0,0.0,0.0,0.0,-0.0028842190407500964,0.001870795925609275],[0.0,0.0,0.0,0.0,0.0,0.0,0.0022949204591532456,-0.001867299668600417]]}