{"din_name":"flux_level03444.json","din_kind":"RELATIVE","din_start":600.0000003243238,"din_end":660.0000131822868,"din_rules":["Interventions","r1","r1_rev","r2","r3","r4","r5","r6"],"din_hits":[0,151151,151126,16070,1130515,1114447,1218623,1218623],"din_fluxs":[[0.0,0.0,0.0,0.0,0.0,0.0,0.0,0.0],[0.0,-0.001110074454431766,0.03509461956144181,0.044376584180575454,0.0,-0.002038427616256874,0.0,0.0],[0.0,0.0011113112401935985,-0.03332825432584843,-0.06312033376194474,0.0,0.003616636526418523,0.0,0.0],[0.0,0.0,0.0,-0.3120966146715724,0.0025337358963833045,0.0,0.0028913559228959085,0.0],[0.0,0.0,0.0,0.010838490851986148,-0.002527102935513592,0.019929632392453576,-0.0025280249319990468,0.0],[0.0,0.0,0.0,0.0,0.0025335039375997226,-0.020020610569902036,0.00279319352375742,0.0],[0.0,0.0,0.0,0.0,0.0,0.0,-0.0016395582265795812,0.004725766460433498],[0.0,0.0,0.0,0.0,0.0,0.0,0.0014021131812385593,-0.004703455398965015]]}