{"din_name":"flux_level08006.json","din_kind":"RELATIVE","din_start":600.0000085910754,"din_end":660.0000241234824,"din_rules":["Interventions","r1","r1_rev","r2","r3","r4","r5","r6"],"din_hits":[0,50156,50138,445,226105,225666,1277702,1277686],"din_fluxs":[[0.0,0.0,0.0,0.0,0.0,0.0,0.0,0.0],[0.0,-0.0010938693070185828,0.07541815156720152,0.14860919396913455,0.0,-0.0020334556821059923,0.0,0.0],[0.0,0.001095069422730876,-0.06867103416002152,-0.12147662120528438,0.0,0.0027314118886413163,0.0,0.0],[0.0,0.0,0.0,-0.4915913815656213,0.002836402113587405,0.0,0.005013341727954039,0.0],[0.0,0.0,0.0,0.0132884466209202,-0.002821783593804985,0.013935884934193617,-0.002819966854425483,0.0],[0.0,0.0,0.0,0.0,0.002829758996024637,-0.013919427013132249,0.004859835377422923,0.0],[0.0,0.0,0.0,0.0,0.0,0.0,-0.002933540722519389,0.0023931571324711533],[0.0,0.0,0.0,0.0,0.0,0.0,0.0025840449688294374,-0.002387436105857382]]}