{"din_name":"flux_level09755.json","din_kind":"RELATIVE","din_start":600.0000113561955,"din_end":660.0000077914113,"din_rules":["Interventions","r1","r1_rev","r2","r3","r4","r5","r6"],"din_hits":[0,79219,79204,1846,863263,861442,1453296,1453250],"din_fluxs":[[0.0,0.0,0.0,0.0,0.0,0.0,0.0,0.0],[0.0,-0.0010934816265076597,0.07719282259248381,0.12311937380618906,0.0,-0.0020154843598024458,0.0,0.0],[0.0,0.0010946800522923894,-0.07019092862418509,-0.1305588080297353,0.0,0.002952911639014451,0.0,0.0],[0.0,0.0,0.0,-0.39013227331170314,0.0032874516328232255,0.0,0.005498037546626907,0.0],[0.0,0.0,0.0,0.006626782695740072,-0.0032763153346968767,0.010435824419336444,-0.0032770195455666786,0.0],[0.0,0.0,0.0,0.0,0.00328709256354209,-0.010433656676252475,0.005110986684537013,0.0],[0.0,0.0,0.0,0.0,0.0,0.0,-0.0038918323273122186,0.0020523246135007505],[0.0,0.0,0.0,0.0,0.0,0.0,0.0028303674638373807,-0.00204812022912763]]}