{"din_name":"flux_level04377.json","din_kind":"RELATIVE","din_start":600.0000018688663,"din_end":660.0000002643486,"din_rules":["Interventions","r1","r1_rev","r2","r3","r4","r5","r6"],"din_hits":[0,31331,31320,2673,1432668,1430005,942372,942391],"din_fluxs":[[0.0,0.0,0.0,0.0,0.0,0.0,0.0,0.0],[0.0,-0.0010938995845965673,0.0755063638601102,0.11961316022142011,0.0,-0.002019448599169299,0.0,0.0],[0.0,0.0010951009920513626,-0.06870239835358007,-0.13159244422214045,0.0,0.0026460807947826523,0.0,0.0],[0.0,0.0,0.0,-0.2567517973630297,0.00685016423089301,0.0,0.009202629014776816,0.0],[0.0,0.0,0.0,0.0014602137900120485,-0.006794448191301368,0.005774591513684613,-0.0067971981369754405,0.0],[0.0,0.0,0.0,0.0,0.00684108863378307,-0.005765575339383991,0.008494055993567206,0.0],[0.0,0.0,0.0,0.0,0.0,0.0,-0.004846302903232656,0.0056093350152784755],[0.0,0.0,0.0,0.0,0.0,0.0,0.0023845607445371416,-0.005577890983261979]]}