{"din_name":"flux_level03249.json","din_kind":"RELATIVE","din_start":600.0000079264785,"din_end":660.000017711823,"din_rules":["Interventions","r1","r1_rev","r2","r3","r4","r5","r6"],"din_hits":[0,80760,80679,57479,881569,824063,1600379,1600367],"din_fluxs":[[0.0,0.0,0.0,0.0,0.0,0.0,0.0,0.0],[0.0,-0.001165874480189049,0.012992101362056132,0.019318899892708734,0.0,-0.002168543418443473,0.0,0.0],[0.0,0.001167280062693756,-0.012571215566592199,-0.024838353452579506,0.0,0.0030157502664012593,0.0,0.0],[0.0,0.0,0.0,-0.12993420873977937,0.0027543733053366063,0.0,0.0034704954757680574,0.0],[0.0,0.0,0.0,0.010316879188098123,-0.002746585879203085,0.015448859017385368,-0.002747796014705882,0.0],[0.0,0.0,0.0,0.0,0.0027541396022341042,-0.01633813148331813,0.0033319760655704084,0.0],[0.0,0.0,0.0,0.0,0.0,0.0,-0.0019848902726713087,0.0037501809862116016],[0.0,0.0,0.0,0.0,0.0,0.0,0.0016676617613921572,-0.003736131930578584]]}