{"din_name":"flux_level12484.json","din_kind":"RELATIVE","din_start":600.0000005591791,"din_end":660.0000109509502,"din_rules":["Interventions","r1","r1_rev","r2","r3","r4","r5","r6"],"din_hits":[0,162751,162729,25666,2113931,2088262,967161,967174],"din_fluxs":[[0.0,0.0,0.0,0.0,0.0,0.0,0.0,0.0],[0.0,-0.0011071490533043234,0.038852878698809795,0.0471807234090373,0.0,-0.002051825718194376,0.0,0.0],[0.0,0.0011083785848929352,-0.03675964726776949,-0.07040384012531715,0.0,0.0036678409257851693,0.0,0.0],[0.0,0.0,0.0,-0.27006970939492325,0.0027430468949252353,0.0,0.003453789903394021,0.0],[0.0,0.0,0.0,0.007234304781303834,-0.002735640311303929,0.015428769912581861,-0.0027324934457794393,0.0],[0.0,0.0,0.0,0.0,0.002743149083170385,-0.01549968842936864,0.003125635022292096,0.0],[0.0,0.0,0.0,0.0,0.0,0.0,-0.0033534927695899764,0.0017375580522658847],[0.0,0.0,0.0,0.0,0.0,0.0,0.0025264530174441465,-0.0017345417114552587]]}