{"din_name":"flux_level09850.json","din_kind":"RELATIVE","din_start":600.0000047841907,"din_end":660.0000078287885,"din_rules":["Interventions","r1","r1_rev","r2","r3","r4","r5","r6"],"din_hits":[0,92651,92611,78131,2141132,2062990,845091,845097],"din_fluxs":[[0.0,0.0,0.0,0.0,0.0,0.0,0.0,0.0],[0.0,-0.0011329294718771929,0.020412939302285025,0.02582665038453102,0.0,-0.0020937901260321295,0.0,0.0],[0.0,0.0011342291445678345,-0.01964649889335689,-0.03843251431397139,0.0,0.0034606503020768865,0.0,0.0],[0.0,0.0,0.0,-0.17022698810623846,0.002737393180491236,0.0,0.0031716691101352193,0.0],[0.0,0.0,0.0,0.008137613554782343,-0.002730137235447954,0.01574969258871413,-0.0027323854491274387,0.0],[0.0,0.0,0.0,0.0,0.002737622781072587,-0.016142428888612212,0.0029482096974479018,0.0],[0.0,0.0,0.0,0.0,0.0,0.0,-0.0022479104913441716,0.002643845329890072],[0.0,0.0,0.0,0.0,0.0,0.0,0.001711453672600114,-0.0026368623839641645]]}