{"din_name":"flux_level08513.json","din_kind":"RELATIVE","din_start":600.0000008756051,"din_end":660.0000053926651,"din_rules":["Interventions","r1","r1_rev","r2","r3","r4","r5","r6"],"din_hits":[0,23184,23129,21389,687526,666119,1401147,1401168],"din_fluxs":[[0.0,0.0,0.0,0.0,0.0,0.0,0.0,0.0],[0.0,-0.0011258282009868248,0.02349874462571413,0.02818097823923357,0.0,-0.0020772054965781466,0.0,0.0],[0.0,0.0011271416104375908,-0.022453081614182357,-0.0442162142295479,0.0,0.0036736794532174384,0.0,0.0],[0.0,0.0,0.0,-0.190100761222723,0.002695700626872676,0.0,0.00483323450125571,0.0],[0.0,0.0,0.0,0.007978027195184624,-0.0026885610114359853,0.01644388108666922,-0.0026879765637800777,0.0],[0.0,0.0,0.0,0.0,0.002695814822777814,-0.0167420460563202,0.004009412841394424,0.0],[0.0,0.0,0.0,0.0,0.0,0.0,-0.0034475508969004213,0.0017909708473992463],[0.0,0.0,0.0,0.0,0.0,0.0,0.0028060179779181883,-0.0017877667100433888]]}