{"din_name":"flux_level01634.json","din_kind":"RELATIVE","din_start":600.0000029641111,"din_end":660.0000113080791,"din_rules":["Interventions","r1","r1_rev","r2","r3","r4","r5","r6"],"din_hits":[0,335183,335048,240255,1845163,1604901,1250485,1250475],"din_fluxs":[[0.0,0.0,0.0,0.0,0.0,0.0,0.0,0.0],[0.0,-0.0012382083290085472,0.007500629770393168,0.013855488944031366,0.0,-0.0023122830726046107,0.0,0.0],[0.0,0.001239777976119246,-0.007311394094292996,-0.014434201710736888,0.0,0.0025446949864814414,0.0,0.0],[0.0,0.0,0.0,-0.09134549588438634,0.0027995168727919253,0.0,0.003121278772963251,0.0],[0.0,0.0,0.0,0.013215268740197688,-0.0027918343081249895,0.014477952569479594,-0.0027922218656500717,0.0],[0.0,0.0,0.0,0.0,0.0027996748006085073,-0.016419753018822716,0.0030967140768147056,0.0],[0.0,0.0,0.0,0.0,0.0,0.0,-0.001955158910327576,0.003796983027997307],[0.0,0.0,0.0,0.0,0.0,0.0,0.0015195173042784277,-0.0037825808249347605]]}