{"din_name":"flux_level02659.json","din_kind":"RELATIVE","din_start":600.0000052721364,"din_end":660.0000100418533,"din_rules":["Interventions","r1","r1_rev","r2","r3","r4","r5","r6"],"din_hits":[0,29643,29624,3104,1239571,1236473,687650,687635],"din_fluxs":[[0.0,0.0,0.0,0.0,0.0,0.0,0.0,0.0],[0.0,-0.0010916245992665516,0.09151330058620359,0.11140230479649374,0.0,-0.002015371271713016,0.0,0.0],[0.0,0.0010928197865993845,-0.08081096743878075,-0.150591281028513,0.0,0.0036560236557240367,0.0,0.0],[0.0,0.0,0.0,-0.3673891309741953,0.003295267313318462,0.0,0.0046828961272788305,0.0],[0.0,0.0,0.0,0.0036703313473663898,-0.003282005860591535,0.010468345986241584,-0.003285518642701424,0.0],[0.0,0.0,0.0,0.0,0.003292815646159522,-0.010423930337950147,0.004004271378081671,0.0],[0.0,0.0,0.0,0.0,0.0,0.0,-0.0036569613554684253,0.0019523857820666173],[0.0,0.0,0.0,0.0,0.0,0.0,0.002405740538052954,-0.0019485781560011914]]}