{"din_name":"flux_level05868.json","din_kind":"RELATIVE","din_start":600.0000024917764,"din_end":660.0000028652579,"din_rules":["Interventions","r1","r1_rev","r2","r3","r4","r5","r6"],"din_hits":[0,814772,814608,493174,3150222,2657030,1238506,1238545],"din_fluxs":[[0.0,0.0,0.0,0.0,0.0,0.0,0.0,0.0],[0.0,-0.0012685080647733863,0.00645539629784779,0.012739491610371514,0.0,-0.0023701553831887916,0.0,0.0],[0.0,0.0012701391480054254,-0.006304539456322605,-0.012450932843393351,0.0,0.0024461799120337364,0.0,0.0],[0.0,0.0,0.0,-0.08998708588669457,0.0027214741899451696,0.0,0.0029546469887646175,0.0],[0.0,0.0,0.0,0.015415911817328449,-0.0027140439526761573,0.01542692139321331,-0.002713558015996514,0.0],[0.0,0.0,0.0,0.0,0.002721425752196542,-0.017984151058707352,0.0029490664021877863,0.0],[0.0,0.0,0.0,0.0,0.0,0.0,-0.0023797782964720625,0.0024023812638921073],[0.0,0.0,0.0,0.0,0.0,0.0,0.0018109009375236727,-0.0023966168068942743]]}