{"din_name":"flux_level01014.json","din_kind":"RELATIVE","din_start":600.0000055214081,"din_end":660.0000016064885,"din_rules":["Interventions","r1","r1_rev","r2","r3","r4","r5","r6"],"din_hits":[0,240092,240001,157822,1566009,1408174,1821946,1821955],"din_fluxs":[[0.0,0.0,0.0,0.0,0.0,0.0,0.0,0.0],[0.0,-0.0012043583886735282,0.009270804012843872,0.01571831004291671,0.0,-0.0022518828957239835,0.0,0.0],[0.0,0.0012058401090361862,-0.009019911158134995,-0.01775971932669296,0.0,0.0027315662805261166,0.0,0.0],[0.0,0.0,0.0,-0.11760050154506553,0.0026576890805680414,0.0,0.003238881499054205,0.0],[0.0,0.0,0.0,0.013774113324804372,-0.0026508070687709926,0.016948151945405936,-0.0026504945549923166,0.0],[0.0,0.0,0.0,0.0,0.002657874244839357,-0.018578108924253794,0.003150997031856047,0.0],[0.0,0.0,0.0,0.0,0.0,0.0,-0.0022401455545535084,0.002632125583498526],[0.0,0.0,0.0,0.0,0.0,0.0,0.0018161714739632453,-0.0026252044741104]]}