{"din_name":"flux_level03284.json","din_kind":"RELATIVE","din_start":600.0000087455028,"din_end":660.0000061217484,"din_rules":["Interventions","r1","r1_rev","r2","r3","r4","r5","r6"],"din_hits":[0,36358,36354,9578,2504732,2495151,961244,961233],"din_fluxs":[[0.0,0.0,0.0,0.0,0.0,0.0,0.0,0.0],[0.0,-0.0010904859655513333,0.09979273422296052,0.09964523087558272,0.0,-0.0020366380773529074,0.0,0.0],[0.0,0.0010916775358546984,-0.08847565101621631,-0.16085637772547995,0.0,0.0049779724309232595,0.0,0.0],[0.0,0.0,0.0,-0.4483971998268605,0.0026440290606908135,0.0,0.0029927362208474785,0.0],[0.0,0.0,0.0,0.005461507547519136,-0.002636942866167386,0.01706989430375691,-0.0026365340934034406,0.0],[0.0,0.0,0.0,0.0,0.002643916764759472,-0.016887321878062234,0.00277724676351888,0.0],[0.0,0.0,0.0,0.0,0.0,0.0,-0.0016859245772343737,0.004830011309394931],[0.0,0.0,0.0,0.0,0.0,0.0,0.0013411399085336909,-0.004806704069470682]]}