{"din_name":"flux_level08195.json","din_kind":"RELATIVE","din_start":600.0000037071603,"din_end":660.0000017731951,"din_rules":["Interventions","r1","r1_rev","r2","r3","r4","r5","r6"],"din_hits":[0,62323,62308,33823,4151313,4117471,395574,395563],"din_fluxs":[[0.0,0.0,0.0,0.0,0.0,0.0,0.0,0.0],[0.0,-0.0010963010665801277,0.06422032238616669,0.06152921910378264,0.0,-0.002040177026702759,0.0,0.0],[0.0,0.0010975067406743806,-0.05918712946058615,-0.11076066394983607,0.0,0.004822193444731372,0.0,0.0],[0.0,0.0,0.0,-0.359552545931951,0.002599286384551591,0.0,0.0026836950431214078,0.0],[0.0,0.0,0.0,0.005955487295760741,-0.0025931935906941222,0.018180772180876874,-0.0025932737483901204,0.0],[0.0,0.0,0.0,0.0,0.002599943431955125,-0.018039804689312676,0.002627372468004559,0.0],[0.0,0.0,0.0,0.0,0.0,0.0,-0.001407698648694028,0.013253438416935128],[0.0,0.0,0.0,0.0,0.0,0.0,0.0011212400458300528,-0.01307785830864587]]}