{"din_name":"flux_level00633.json","din_kind":"RELATIVE","din_start":600.000007792312,"din_end":660.0000086578564,"din_rules":["Interventions","r1","r1_rev","r2","r3","r4","r5","r6"],"din_hits":[0,11113,11107,5054,2438477,2433447,436963,436963],"din_fluxs":[[0.0,0.0,0.0,0.0,0.0,0.0,0.0,0.0],[0.0,-0.001089409329103384,0.11183823839203372,0.1230733570740112,0.0,-0.0020270573779832685,0.0,0.0],[0.0,0.0010906017200628935,-0.09760148745612819,-0.18097894640666534,0.0,0.003990053354143121,0.0,0.0],[0.0,0.0,0.0,-0.3671957454962326,0.003486631016130052,0.0,0.003898536678821316,0.0],[0.0,0.0,0.0,0.0018277486016260126,-0.0034736198719825563,0.009646183232339629,-0.0034736716889220845,0.0],[0.0,0.0,0.0,0.0,0.0034857375276382877,-0.009582306930665672,0.003623098527419249,0.0],[0.0,0.0,0.0,0.0,0.0,0.0,-0.002068310158677748,0.006905060813868191],[0.0,0.0,0.0,0.0,0.0,0.0,0.0013110663771821718,-0.006857421413313658]]}