{"din_name":"flux_level13571.json","din_kind":"RELATIVE","din_start":600.0000077470879,"din_end":660.0000425626195,"din_rules":["Interventions","r1","r1_rev","r2","r3","r4","r5","r6"],"din_hits":[0,71412,71399,4286,1253889,1249601,559320,559315],"din_fluxs":[[0.0,0.0,0.0,0.0,0.0,0.0,0.0,0.0],[0.0,-0.0010960432481659317,0.06507047267827874,0.09077930234595535,0.0,-0.002043512141049976,0.0,0.0],[0.0,0.0010972478953134345,-0.05992569174630242,-0.1137617330038635,0.0,0.00319099094209444,0.0,0.0],[0.0,0.0,0.0,-0.30486390100949284,0.003461702339843621,0.0,0.003938771681735256,0.0],[0.0,0.0,0.0,0.004385423121800976,-0.0034468362212366106,0.00973733196655921,-0.003447684891769755,0.0],[0.0,0.0,0.0,0.0,0.0034587587832640644,-0.009740120839776425,0.0038111133482651217,0.0],[0.0,0.0,0.0,0.0,0.0,0.0,-0.0023183464550183552,0.004469342767884658],[0.0,0.0,0.0,0.0,0.0,0.0,0.0015408738582773896,-0.004449387421274828]]}