{"din_name":"flux_level07815.json","din_kind":"RELATIVE","din_start":600.0000056015836,"din_end":660.0000161661426,"din_rules":["Interventions","r1","r1_rev","r2","r3","r4","r5","r6"],"din_hits":[0,43062,43046,4174,1689475,1685301,212719,212755],"din_fluxs":[[0.0,0.0,0.0,0.0,0.0,0.0,0.0,0.0],[0.0,-0.0010928456403652704,0.08118499982822933,0.10779316999907117,0.0,-0.0020138221119368185,0.0,0.0],[0.0,0.0010940435931831622,-0.07346556295090868,-0.13920964144025433,0.0,0.0032873163428157595,0.0,0.0],[0.0,0.0,0.0,-0.31732625637462997,0.0038354653829318712,0.0,0.004020495470333951,0.0],[0.0,0.0,0.0,0.002887096018168681,-0.0038194778134966636,0.008572754044292932,-0.00381998752455755,0.0],[0.0,0.0,0.0,0.0,0.0038341364493546014,-0.00855257129051354,0.003950124984800491,0.0],[0.0,0.0,0.0,0.0,0.0,0.0,-0.002182795362121043,0.008963734609893723],[0.0,0.0,0.0,0.0,0.0,0.0,0.001279241328177382,-0.008883455115453935]]}