{"din_name":"flux_level00706.json","din_kind":"RELATIVE","din_start":600.0000008866657,"din_end":660.0000000464618,"din_rules":["Interventions","r1","r1_rev","r2","r3","r4","r5","r6"],"din_hits":[0,2252,2240,20384,4098470,4078089,1819026,1819045],"din_fluxs":[[0.0,0.0,0.0,0.0,0.0,0.0,0.0,0.0],[0.0,-0.0010901963223959154,0.10227922470633183,0.08027080055291419,0.0,-0.002005777762822094,0.0,0.0],[0.0,0.0010914163786893039,-0.08991263673293169,-0.16276141885404333,0.0,0.005666996551446412,0.0,0.0],[0.0,0.0,0.0,-0.41887444603535673,0.0026242024632824735,0.0,0.003839050328473048,0.0],[0.0,0.0,0.0,0.004184292920592043,-0.0026177549188315195,0.017566818240916264,-0.002617070322253,0.0],[0.0,0.0,0.0,0.0,0.00262463004498088,-0.01734913692856428,0.002850705597618442,0.0],[0.0,0.0,0.0,0.0,0.0,0.0,-0.0023951581744763506,0.00227259094042704],[0.0,0.0,0.0,0.0,0.0,0.0,0.0018860962280585348,-0.0022674308070412034]]}