{"din_name":"flux_level08988.json","din_kind":"RELATIVE","din_start":600.0000040593256,"din_end":660.0000018057212,"din_rules":["Interventions","r1","r1_rev","r2","r3","r4","r5","r6"],"din_hits":[0,155283,155246,74128,2397654,2323513,1238615,1238645],"din_fluxs":[[0.0,0.0,0.0,0.0,0.0,0.0,0.0,0.0],[0.0,-0.0011259675911004586,0.023336142438655984,0.028453262372659254,0.0,-0.002091860547419006,0.0,0.0],[0.0,0.0011272436627389716,-0.022414491053151044,-0.04328296044534407,0.0,0.0036301460340069694,0.0,0.0],[0.0,0.0,0.0,-0.21356511752805182,0.0025835492519141693,0.0,0.00313633340487747,0.0],[0.0,0.0,0.0,0.00959901579859512,-0.0025771704174559064,0.018796949537732623,-0.0025775214746792713,0.0],[0.0,0.0,0.0,0.0,0.002583840831724806,-0.019126011025890212,0.0028647224038281785,0.0],[0.0,0.0,0.0,0.0,0.0,0.0,-0.002685586039609872,0.0019733386761871656],[0.0,0.0,0.0,0.0,0.0,0.0,0.00214136255076876,-0.0019694479309859546]]}