{"din_name":"flux_level12835.json","din_kind":"RELATIVE","din_start":600.0000031846412,"din_end":660.0000022878043,"din_rules":["Interventions","r1","r1_rev","r2","r3","r4","r5","r6"],"din_hits":[0,1232713,1232245,1524844,3013842,1488983,557945,557973],"din_fluxs":[[0.0,0.0,0.0,0.0,0.0,0.0,0.0,0.0],[0.0,-0.0018689948233915252,0.002317666475838062,0.00804908982014804,0.0,-0.0035539920194378382,0.0,0.0],[0.0,0.0018726651366706613,-0.0022701527941579773,-0.0045236502414257185,0.0,0.0020736834753061558,0.0,0.0],[0.0,0.0,0.0,-0.052214436787737566,0.0026386003973970546,0.0,0.0027874855236436832,0.0],[0.0,0.0,0.0,0.026381914028254825,-0.0026315201435416747,0.01272210885365405,-0.0026318549017674744,0.0],[0.0,0.0,0.0,0.0,0.002638328174686328,-0.02393331890658136,0.0029918865816386648,0.0],[0.0,0.0,0.0,0.0,0.0,0.0,-0.0054736630689772815,0.001328741569888173],[0.0,0.0,0.0,0.0,0.0,0.0,0.004217184882505759,-0.0013269771143846754]]}