{"din_name":"flux_level02679.json","din_kind":"RELATIVE","din_start":600.0000003077039,"din_end":660.0000046664381,"din_rules":["Interventions","r1","r1_rev","r2","r3","r4","r5","r6"],"din_hits":[0,251211,251160,101800,2762489,2660667,1476786,1476804],"din_fluxs":[[0.0,0.0,0.0,0.0,0.0,0.0,0.0,0.0],[0.0,-0.00113330960858013,0.02025298985045288,0.02617873875084037,0.0,-0.002111820041411253,0.0,0.0],[0.0,0.0011346012751084799,-0.01951717288273268,-0.03784420215165436,0.0,0.003457733132918876,0.0,0.0],[0.0,0.0,0.0,-0.20265457494983216,0.002568020529453267,0.0,0.00284868019910952,0.0],[0.0,0.0,0.0,0.010685904244449426,-0.0025616223062889156,0.01919845886635907,-0.002560722912766383,0.0],[0.0,0.0,0.0,0.0,0.0025682102454029393,-0.019665182663106497,0.002736661182814998,0.0],[0.0,0.0,0.0,0.0,0.0,0.0,-0.0017404693466093327,0.003968119625375167],[0.0,0.0,0.0,0.0,0.0,0.0,0.0014216228614717904,-0.003952390499564323]]}