{"din_name":"flux_level01068.json","din_kind":"RELATIVE","din_start":600.0000164252906,"din_end":660.0000004645208,"din_rules":["Interventions","r1","r1_rev","r2","r3","r4","r5","r6"],"din_hits":[0,30355,30328,41705,3356624,3314921,1640999,1641012],"din_fluxs":[[0.0,0.0,0.0,0.0,0.0,0.0,0.0,0.0],[0.0,-0.0011011127801671833,0.04976175453078008,0.04682827933472005,0.0,-0.0020230322161730843,0.0,0.0],[0.0,0.0011023344482976778,-0.046505298038898565,-0.08852636263434295,0.0,0.004750701307132529,0.0,0.0],[0.0,0.0,0.0,-0.308719834338433,0.002586195673149758,0.0,0.003095555582970344,0.0],[0.0,0.0,0.0,0.006224943258664103,-0.0025796879011336237,0.018627399952176715,-0.002580146557276559,0.0],[0.0,0.0,0.0,0.0,0.0025863641636219284,-0.01853546567318428,0.002762136565936703,0.0],[0.0,0.0,0.0,0.0,0.0,0.0,-0.001863150703256313,0.00338623265468775],[0.0,0.0,0.0,0.0,0.0,0.0,0.0015031182852626949,-0.0033747773456914865]]}