{"din_name":"flux_level03606.json","din_kind":"RELATIVE","din_start":600.0000082152362,"din_end":660.0000018850201,"din_rules":["Interventions","r1","r1_rev","r2","r3","r4","r5","r6"],"din_hits":[0,21711,21688,18226,3231012,3212783,195190,195180],"din_fluxs":[[0.0,0.0,0.0,0.0,0.0,0.0,0.0,0.0],[0.0,-0.0010928154248615598,0.08244253900062742,0.07257029570234177,0.0,-0.0019678316437324924,0.0,0.0],[0.0,0.0010940137434557165,-0.0743371894138799,-0.1381023428346783,0.0,0.005037925080657741,0.0,0.0],[0.0,0.0,0.0,-0.37625857771587956,0.002693238235225759,0.0,0.005252360737512313,0.0],[0.0,0.0,0.0,0.004379506181566358,-0.002686237480034271,0.016216274173074738,-0.0026859258727749916,0.0],[0.0,0.0,0.0,0.0,0.0026934770418680877,-0.016065881011416032,0.0031230441858883856,0.0],[0.0,0.0,0.0,0.0,0.0,0.0,-0.02408192808343603,0.0010627459434634204],[0.0,0.0,0.0,0.0,0.0,0.0,0.018454513568667997,-0.0010616180174093412]]}