{"din_name":"flux_level01406.json","din_kind":"RELATIVE","din_start":600.0000145783745,"din_end":660.0000073202016,"din_rules":["Interventions","r1","r1_rev","r2","r3","r4","r5","r6"],"din_hits":[0,36139,36115,18384,1080194,1061817,1438926,1438948],"din_fluxs":[[0.0,0.0,0.0,0.0,0.0,0.0,0.0,0.0],[0.0,-0.0011082109620804896,0.03764165750394323,0.03935878661634915,0.0,-0.0020436778671198167,0.0,0.0],[0.0,0.0011094521243563136,-0.03559847890627201,-0.06732155037862669,0.0,0.004221647022890385,0.0,0.0],[0.0,0.0,0.0,-0.2822166883301215,0.0025535021001100626,0.0,0.0031901850722964036,0.0],[0.0,0.0,0.0,0.008043361669557644,-0.0025473110930251167,0.019520139446225333,-0.0025487117287156576,0.0],[0.0,0.0,0.0,0.0,0.002553823938261948,-0.01954183265102484,0.002924082988191856,0.0],[0.0,0.0,0.0,0.0,0.0,0.0,-0.0018289628934252114,0.0035689676498882306],[0.0,0.0,0.0,0.0,0.0,0.0,0.0015534762655051327,-0.0035562413430008178]]}