{"din_name":"flux_level11509.json","din_kind":"RELATIVE","din_start":600.0000305212536,"din_end":660.0000070566171,"din_rules":["Interventions","r1","r1_rev","r2","r3","r4","r5","r6"],"din_hits":[0,37720,37707,17778,2682939,2665152,389206,389192],"din_fluxs":[[0.0,0.0,0.0,0.0,0.0,0.0,0.0,0.0],[0.0,-0.0010979000336128004,0.05840984575839289,0.06323226066415505,0.0,-0.002044486505058742,0.0,0.0],[0.0,0.0010991111924333941,-0.05413416819361405,-0.10358806782147655,0.0,0.003997435715966616,0.0,0.0],[0.0,0.0,0.0,-0.26940594893288555,0.0031363184263557614,0.0,0.003952823625430442,0.0],[0.0,0.0,0.0,0.003305494857625487,-0.0031275749272556,0.011472254418453464,-0.0031264789434593617,0.0],[0.0,0.0,0.0,0.0,0.0031374017956674574,-0.011443698133088305,0.0033490856305608678,0.0],[0.0,0.0,0.0,0.0,0.0,0.0,-0.004097292732831575,0.0016460580143440849],[0.0,0.0,0.0,0.0,0.0,0.0,0.002677546455766567,-0.001643350887061369]]}