{"din_name":"flux_level01557.json","din_kind":"RELATIVE","din_start":600.00000074011,"din_end":660.0000615522475,"din_rules":["Interventions","r1","r1_rev","r2","r3","r4","r5","r6"],"din_hits":[0,198954,198913,10660,615844,605176,567076,567066],"din_fluxs":[[0.0,0.0,0.0,0.0,0.0,0.0,0.0,0.0],[0.0,-0.00112009047728765,0.026609278934953927,0.03996485699261974,0.0,-0.002084053119093482,0.0,0.0],[0.0,0.0011213507507335874,-0.02548341856373245,-0.04875251803594271,0.0,0.0030175123397285005,0.0,0.0],[0.0,0.0,0.0,-0.2571497333171174,0.002642599700662843,0.0,0.0032687739454942836,0.0],[0.0,0.0,0.0,0.011534889869319342,-0.002635208699135333,0.017135729250973505,-0.0026338813063895732,0.0],[0.0,0.0,0.0,0.0,0.002642166888602826,-0.017431644139973463,0.0031482005119555334,0.0],[0.0,0.0,0.0,0.0,0.0,0.0,-0.002667628182579911,0.0020738272228808196],[0.0,0.0,0.0,0.0,0.0,0.0,0.00212624112027087,-0.0020695311469718304]]}