{"din_name":"flux_level07096.json","din_kind":"RELATIVE","din_start":600.0000017849394,"din_end":660.0000051799666,"din_rules":["Interventions","r1","r1_rev","r2","r3","r4","r5","r6"],"din_hits":[0,63960,63944,17245,3118159,3100918,1884046,1884103],"din_fluxs":[[0.0,0.0,0.0,0.0,0.0,0.0,0.0,0.0],[0.0,-0.001095456529919723,0.06763226755218459,0.07127944189556081,0.0,-0.002007820619611099,0.0,0.0],[0.0,0.0010966601050246445,-0.06210616718591983,-0.11713070705410432,0.0,0.004184157252794469,0.0,0.0],[0.0,0.0,0.0,-0.32750121475784905,0.002901670953880061,0.0,0.004053077422403525,0.0],[0.0,0.0,0.0,0.004304436005935797,-0.002893093764000485,0.013371900851967685,-0.0028922756812266056,0.0],[0.0,0.0,0.0,0.0,0.0029014914587495062,-0.01331121439707428,0.0033844751885368377,0.0],[0.0,0.0,0.0,0.0,0.0,0.0,-0.0029336076996785854,0.0020849211209031313],[0.0,0.0,0.0,0.0,0.0,0.0,0.00214391653576063,-0.002080578321511993]]}