{"din_name":"flux_level10002.json","din_kind":"RELATIVE","din_start":600.0000106589326,"din_end":660.00000566272,"din_rules":["Interventions","r1","r1_rev","r2","r3","r4","r5","r6"],"din_hits":[0,2496,2484,11069,3182520,3171454,398819,398805],"din_fluxs":[[0.0,0.0,0.0,0.0,0.0,0.0,0.0,0.0],[0.0,-0.0010908303721702433,0.09607529329991345,0.09023979543934367,0.0,-0.0020221568755155296,0.0,0.0],[0.0,0.0010920519143159586,-0.08492993322824696,-0.15832286367976983,0.0,0.004527833994547264,0.0,0.0],[0.0,0.0,0.0,-0.34839877516139867,0.0031393432825888527,0.0,0.004092695220493793,0.0],[0.0,0.0,0.0,0.0020721233626433177,-0.0031310256948431443,0.011397660769119652,-0.003131717711524835,0.0],[0.0,0.0,0.0,0.0,0.0031408718889071557,-0.011309743386874413,0.0032454501766703953,0.0],[0.0,0.0,0.0,0.0,0.0,0.0,-0.002413178060143619,0.0029326348848691466],[0.0,0.0,0.0,0.0,0.0,0.0,0.0015892156852886454,-0.002924042717951702]]}