{"din_name":"flux_level02969.json","din_kind":"RELATIVE","din_start":600.0000071769896,"din_end":660.0000251031133,"din_rules":["Interventions","r1","r1_rev","r2","r3","r4","r5","r6"],"din_hits":[0,46620,46592,100701,4367678,4266969,364856,364852],"din_fluxs":[[0.0,0.0,0.0,0.0,0.0,0.0,0.0,0.0],[0.0,-0.0011148824480627718,0.030500572080197977,0.03261996739428204,0.0,-0.0020464912781458355,0.0,0.0],[0.0,0.0011161401224199679,-0.029055359780137895,-0.05613026419916676,0.0,0.004015998407192634,0.0,0.0],[0.0,0.0,0.0,-0.2172396593797259,0.0026878096838699396,0.0,0.0041022608092276406,0.0],[0.0,0.0,0.0,0.00677093309447946,-0.0026807954461642476,0.016575034648015623,-0.002683818897517846,0.0],[0.0,0.0,0.0,0.0,0.0026880089760345717,-0.016703199112155093,0.003041708508128819,0.0],[0.0,0.0,0.0,0.0,0.0,0.0,-0.015725180187206807,0.0010980459961344147],[0.0,0.0,0.0,0.0,0.0,0.0,0.011975504165717714,-0.0010968415329868871]]}