{"din_name":"flux_level09453.json","din_kind":"RELATIVE","din_start":600.0000085231088,"din_end":660.000063170677,"din_rules":["Interventions","r1","r1_rev","r2","r3","r4","r5","r6"],"din_hits":[0,122874,122858,22,6921,6904,2091155,2091149],"din_fluxs":[[0.0,0.0,0.0,0.0,0.0,0.0,0.0,0.0],[0.0,-0.0011012097664662016,0.049417277884085835,0.1428255624615486,0.0,-0.0020432248157265043,0.0,0.0],[0.0,0.0011024256945079084,-0.04626065108414556,-0.07771732633292053,0.0,0.0020831156590434673,0.0,0.0],[0.0,0.0,0.0,-0.5752625747268604,0.0025250672628910837,0.0,0.004485707893211305,0.0],[0.0,0.0,0.0,0.028897514629279267,-0.0025108688769934755,0.019899342243543536,-0.002509078828123187,0.0],[0.0,0.0,0.0,0.0,0.0025171488457869182,-0.01990389275282238,0.004593563904441924,0.0],[0.0,0.0,0.0,0.0,0.0,0.0,-0.002298542126133799,0.0027654806231828147],[0.0,0.0,0.0,0.0,0.0,0.0,0.00229698870216065,-0.0027578405503795446]]}