{"din_name":"flux_level04838.json","din_kind":"RELATIVE","din_start":600.0000066427266,"din_end":660.0000052891919,"din_rules":["Interventions","r1","r1_rev","r2","r3","r4","r5","r6"],"din_hits":[0,53967,53946,13861,1682219,1668371,1927545,1927546],"din_fluxs":[[0.0,0.0,0.0,0.0,0.0,0.0,0.0,0.0],[0.0,-0.0010980780026056038,0.057920634773082666,0.06075646010700293,0.0,-0.0020365173068618353,0.0,0.0],[0.0,0.0010992885904056516,-0.05371772761762033,-0.10090127581449927,0.0,0.004407717207872784,0.0,0.0],[0.0,0.0,0.0,-0.3559693271604011,0.002607871604126719,0.0,0.0037641100210971208,0.0],[0.0,0.0,0.0,0.006864447907584829,-0.002601228951065298,0.017958891809467248,-0.0026034762630226583,0.0],[0.0,0.0,0.0,0.0,0.0026080166550998176,-0.01785917157452326,0.003172517119258828,0.0],[0.0,0.0,0.0,0.0,0.0,0.0,-0.002590183494959696,0.0021231661185572535],[0.0,0.0,0.0,0.0,0.0,0.0,0.0021056712409945073,-0.00211866282147101]]}