{"din_name":"flux_level00035.json","din_kind":"RELATIVE","din_start":600.00000183066,"din_end":660.0000031934304,"din_rules":["Interventions","r1","r1_rev","r2","r3","r4","r5","r6"],"din_hits":[0,21063,21055,16690,4288290,4271619,1339657,1339659],"din_fluxs":[[0.0,0.0,0.0,0.0,0.0,0.0,0.0,0.0],[0.0,-0.0010892394940348088,0.11353679911501459,0.0981516961328719,0.0,-0.0020145291512541543,0.0,0.0],[0.0,0.0010904297957462917,-0.09907718707339222,-0.1808310858851747,0.0,0.005695550372553316,0.0,0.0],[0.0,0.0,0.0,-0.46125438832572746,0.002603869416906082,0.0,0.003421105479657881,0.0],[0.0,0.0,0.0,0.004710270250797084,-0.002597699440253186,0.017958878398866656,-0.002598674027981767,0.0],[0.0,0.0,0.0,0.0,0.002604469626181452,-0.017726164623851074,0.00276557110982981,0.0],[0.0,0.0,0.0,0.0,0.0,0.0,-0.0023691598631293324,0.002261099126136692],[0.0,0.0,0.0,0.0,0.0,0.0,0.0018636898520663042,-0.002255991829455422]]}