{"din_name":"flux_level10402.json","din_kind":"RELATIVE","din_start":600.0000046929705,"din_end":660.0000009772288,"din_rules":["Interventions","r1","r1_rev","r2","r3","r4","r5","r6"],"din_hits":[0,72973,72950,27966,3358270,3330318,26090,26089],"din_fluxs":[[0.0,0.0,0.0,0.0,0.0,0.0,0.0,0.0],[0.0,-0.001097886997652999,0.058421094366910536,0.059172590686394744,0.0,-0.002061528093155764,0.0,0.0],[0.0,0.0010990961180992822,-0.05417697229450267,-0.10297735486032808,0.0,0.004533644088915592,0.0,0.0],[0.0,0.0,0.0,-0.3322939660821467,0.0026688964247797847,0.0,0.03631262195415818,0.0],[0.0,0.0,0.0,0.005732786184582395,-0.0026613887293408427,0.016717663457455678,-0.0026346169470194917,0.0],[0.0,0.0,0.0,0.0,0.002668489708122127,-0.016630226105646285,0.01890837620399089,0.0],[0.0,0.0,0.0,0.0,0.0,0.0,-0.2180846541183932,0.0010073510840382233],[0.0,0.0,0.0,0.0,0.0,0.0,0.9113999282259003,-0.0010063374313767405]]}