{"din_name":"flux_level03077.json","din_kind":"RELATIVE","din_start":600.0000029370138,"din_end":660.0000234494364,"din_rules":["Interventions","r1","r1_rev","r2","r3","r4","r5","r6"],"din_hits":[0,93947,93935,6967,1453603,1446621,787637,787623],"din_fluxs":[[0.0,0.0,0.0,0.0,0.0,0.0,0.0,0.0],[0.0,-0.0010973499422284147,0.06025035013352969,0.07895472076688007,0.0,-0.002034659368758099,0.0,0.0],[0.0,0.0010985570972827383,-0.05576143795868914,-0.10469684346906949,0.0,0.0034675556832230872,0.0,0.0],[0.0,0.0,0.0,-0.3340396150682737,0.0029671296346153527,0.0,0.004762248279962977,0.0],[0.0,0.0,0.0,0.005947110138877358,-0.0029593276667754472,0.012656697095669363,-0.0029591227499152655,0.0],[0.0,0.0,0.0,0.0,0.0029681215999817876,-0.01264814147928144,0.004057037508667779,0.0],[0.0,0.0,0.0,0.0,0.0,0.0,-0.006567935749396145,0.0013385471598215634],[0.0,0.0,0.0,0.0,0.0,0.0,0.0046270838195507525,-0.0013367570784480328]]}