{"din_name":"flux_level03217.json","din_kind":"RELATIVE","din_start":600.0000031543461,"din_end":660.0000052885961,"din_rules":["Interventions","r1","r1_rev","r2","r3","r4","r5","r6"],"din_hits":[0,4078,4073,10195,2389004,2378802,959908,959944],"din_fluxs":[[0.0,0.0,0.0,0.0,0.0,0.0,0.0,0.0],[0.0,-0.0010904376157270317,0.10047794231571466,0.08178444534999404,0.0,-0.001971226756855828,0.0,0.0],[0.0,0.001091639579843739,-0.0888586353179321,-0.16634364665263476,0.0,0.005311665299906576,0.0,0.0],[0.0,0.0,0.0,-0.3976548595553511,0.002747463222146023,0.0,0.0034157278029685973,0.0],[0.0,0.0,0.0,0.00336088140796424,-0.0027403587532084496,0.015297430873467565,-0.0027412772981174217,0.0],[0.0,0.0,0.0,0.0,0.0027478941304739752,-0.015135378973336916,0.0029253910396461608,0.0],[0.0,0.0,0.0,0.0,0.0,0.0,-0.0018893577148501762,0.0038434417007801],[0.0,0.0,0.0,0.0,0.0,0.0,0.0014524598442456366,-0.003828686009242234]]}