{"din_name":"flux_level05678.json","din_kind":"RELATIVE","din_start":600.0000098954537,"din_end":660.0000003807289,"din_rules":["Interventions","r1","r1_rev","r2","r3","r4","r5","r6"],"din_hits":[0,9690,9683,8998,2152644,2143648,1081744,1081717],"din_fluxs":[[0.0,0.0,0.0,0.0,0.0,0.0,0.0,0.0],[0.0,-0.0010920620225794366,0.0862651734976846,0.08347777841202292,0.0,-0.0020391623990726414,0.0,0.0],[0.0,0.0010932632125742075,-0.07760506146746546,-0.1474010834001618,0.0,0.004621704002282797,0.0,0.0],[0.0,0.0,0.0,-0.34403428403874514,0.003002534513731781,0.0,0.006271261377825643,0.0],[0.0,0.0,0.0,0.0027694763494443856,-0.0029945434403540866,0.012418303767867555,-0.0029947720940548426,0.0],[0.0,0.0,0.0,0.0,0.003003547283745353,-0.012327878768440154,0.0038374262843094546,0.0],[0.0,0.0,0.0,0.0,0.0,0.0,-0.0053830725075319046,0.0014419253325850955],[0.0,0.0,0.0,0.0,0.0,0.0,0.0037596299416289554,-0.0014398497334341975]]}