{"din_name":"flux_level09107.json","din_kind":"RELATIVE","din_start":600.0000047361323,"din_end":660.0000056517944,"din_rules":["Interventions","r1","r1_rev","r2","r3","r4","r5","r6"],"din_hits":[0,16355,16336,4151,938152,933995,1280158,1280172],"din_fluxs":[[0.0,0.0,0.0,0.0,0.0,0.0,0.0,0.0],[0.0,-0.0010912265377898372,0.09320670018033504,0.09030297214122511,0.0,-0.0020166939374932874,0.0,0.0],[0.0,0.0010924222021825958,-0.0832171984374382,-0.1482599566062521,0.0,0.004997897697006144,0.0,0.0],[0.0,0.0,0.0,-0.45329413192805035,0.002571540459766953,0.0,0.005330038360761217,0.0],[0.0,0.0,0.0,0.006227627352171085,-0.0025659538680295694,0.01873501794613959,-0.002566043283721369,0.0],[0.0,0.0,0.0,0.0,0.0025725614649356144,-0.018519845530764883,0.0037104624045272067,0.0],[0.0,0.0,0.0,0.0,0.0,0.0,-0.004433446049520087,0.0014701610699328568],[0.0,0.0,0.0,0.0,0.0,0.0,0.003621496171542988,-0.0014680015726295328]]}