{"din_name":"flux_level10119.json","din_kind":"RELATIVE","din_start":600.0000066661205,"din_end":660.000003917146,"din_rules":["Interventions","r1","r1_rev","r2","r3","r4","r5","r6"],"din_hits":[0,27249,27058,577883,2722311,2144429,1605840,1605832],"din_fluxs":[[0.0,0.0,0.0,0.0,0.0,0.0,0.0,0.0],[0.0,-0.0013380400573115526,0.00515789276125279,0.01141670739866665,0.0,-0.0025066775048670654,0.0,0.0],[0.0,0.00134089037480579,-0.004873592583303156,-0.009515757483345716,0.0,0.002253014858582811,0.0,0.0],[0.0,0.0,0.0,-0.06975469642690239,0.0028396388644167016,0.0,0.003116588437653406,0.0],[0.0,0.0,0.0,0.01591897783334658,-0.0028313477595937613,0.013343978843119487,-0.002831272335745901,0.0],[0.0,0.0,0.0,0.0,0.0028393242567644724,-0.016653895757032647,0.0031854962563828536,0.0],[0.0,0.0,0.0,0.0,0.0,0.0,-0.002231519331002207,0.0029172753307448026],[0.0,0.0,0.0,0.0,0.0,0.0,0.0016792394354023478,-0.0029087729577928485]]}