{"din_name":"flux_level05977.json","din_kind":"RELATIVE","din_start":600.0000043546712,"din_end":660.0000046927045,"din_rules":["Interventions","r1","r1_rev","r2","r3","r4","r5","r6"],"din_hits":[0,116903,116885,32884,3974459,3941572,1206356,1206350],"din_fluxs":[[0.0,0.0,0.0,0.0,0.0,0.0,0.0,0.0],[0.0,-0.0011007619936412181,0.050484461605928045,0.056344654262678324,0.0,-0.0020335675263447902,0.0,0.0],[0.0,0.0011019770534785327,-0.04720581336270543,-0.09047229152798465,0.0,0.00389853896304848,0.0,0.0],[0.0,0.0,0.0,-0.2685271566182367,0.0029672142533598176,0.0,0.003871331934277237,0.0],[0.0,0.0,0.0,0.004531143850179864,-0.0029584613378889836,0.01278267151059305,-0.0029569145464820555,0.0],[0.0,0.0,0.0,0.0,0.0029672451846572464,-0.012778896545412824,0.003322869654383199,0.0],[0.0,0.0,0.0,0.0,0.0,0.0,-0.0037990293007683727,0.0016841024233617578],[0.0,0.0,0.0,0.0,0.0,0.0,0.0026465675559865756,-0.001681269249121435]]}