{"din_name":"flux_level10297.json","din_kind":"RELATIVE","din_start":600.000021659684,"din_end":660.000025863317,"din_rules":["Interventions","r1","r1_rev","r2","r3","r4","r5","r6"],"din_hits":[0,266256,266208,49835,1177156,1127315,1415158,1415153],"din_fluxs":[[0.0,0.0,0.0,0.0,0.0,0.0,0.0,0.0],[0.0,-0.0011471386792090065,0.01628665926090937,0.024202052011079694,0.0,-0.002133696770731879,0.0,0.0],[0.0,0.0011484640979280338,-0.01575393860069913,-0.030952148285646824,0.0,0.0029826380694629394,0.0,0.0],[0.0,0.0,0.0,-0.1506799937602689,0.0028102289094505207,0.0,0.0036759802786755632,0.0],[0.0,0.0,0.0,0.009514131976108921,-0.002802096669465177,0.014569610009583478,-0.0028015303605731707,0.0],[0.0,0.0,0.0,0.0,0.002809963191170947,-0.015178847960159118,0.0034862444359049787,0.0],[0.0,0.0,0.0,0.0,0.0,0.0,-0.0025661574311889946,0.002411386203811066],[0.0,0.0,0.0,0.0,0.0,0.0,0.002006771178099945,-0.0024055776151613306]]}