{"din_name":"flux_level06635.json","din_kind":"RELATIVE","din_start":600.0000044754852,"din_end":660.0000252821478,"din_rules":["Interventions","r1","r1_rev","r2","r3","r4","r5","r6"],"din_hits":[0,26903,26892,21749,2568104,2546327,1252749,1252783],"din_fluxs":[[0.0,0.0,0.0,0.0,0.0,0.0,0.0,0.0],[0.0,-0.001095984203372608,0.06566835926731666,0.06139346807262001,0.0,-0.0020734917899431315,0.0,0.0],[0.0,0.0010971916104036497,-0.060350371507866984,-0.11210902099327448,0.0,0.005008840259036235,0.0,0.0],[0.0,0.0,0.0,-0.36391308054654486,0.0025694640444208225,0.0,0.00316158448196344,0.0],[0.0,0.0,0.0,0.005933231424343114,-0.002563520162593607,0.018951880067189238,-0.0025639080343019113,0.0],[0.0,0.0,0.0,0.0,0.0025701160855365153,-0.018783965681538974,0.0027570185647292945,0.0],[0.0,0.0,0.0,0.0,0.0,0.0,-0.0019794526068420623,0.002938832446665797],[0.0,0.0,0.0,0.0,0.0,0.0,0.0015981971232465458,-0.0029302029897223096]]}