{"din_name":"flux_level04109.json","din_kind":"RELATIVE","din_start":600.0000008412452,"din_end":660.0000110060694,"din_rules":["Interventions","r1","r1_rev","r2","r3","r4","r5","r6"],"din_hits":[0,49705,49697,387,372582,372193,454629,454626],"din_fluxs":[[0.0,0.0,0.0,0.0,0.0,0.0,0.0,0.0],[0.0,-0.0010912629273667433,0.09268217706038755,0.17471584430496295,0.0,-0.00202462677506953,0.0,0.0],[0.0,0.0010924565043665731,-0.08285635707158136,-0.15449146218953216,0.0,0.0024252385005099097,0.0,0.0],[0.0,0.0,0.0,-0.3700890075386879,0.004927084214931036,0.0,0.005756996206442188,0.0],[0.0,0.0,0.0,0.005114103408951116,-0.004922015420565117,0.006803944321595658,-0.004925829740475614,0.0],[0.0,0.0,0.0,0.0,0.004946429938115774,-0.006816921848888665,0.005732455999126998,0.0],[0.0,0.0,0.0,0.0,0.0,0.0,-0.0029429189714861156,0.011936477490461265],[0.0,0.0,0.0,0.0,0.0,0.0,0.002314340276023608,-0.011794091647183853]]}