{"din_name":"flux_level04028.json","din_kind":"RELATIVE","din_start":600.000001834762,"din_end":660.0000003989392,"din_rules":["Interventions","r1","r1_rev","r2","r3","r4","r5","r6"],"din_hits":[0,33811,33798,2127,637264,635139,111742,111763],"din_fluxs":[[0.0,0.0,0.0,0.0,0.0,0.0,0.0,0.0],[0.0,-0.001092417089232865,0.0843616126095497,0.11017292606385755,0.0,-0.0020308306688102836,0.0,0.0],[0.0,0.0010936146124156455,-0.07604671435864296,-0.13695795225293392,0.0,0.004020943487125645,0.0,0.0],[0.0,0.0,0.0,-0.4774277747118754,0.002614249900432891,0.0,0.0026989870026081692,0.0],[0.0,0.0,0.0,0.009045592680809834,-0.002606949975696538,0.0176323775598652,-0.002606870076959553,0.0],[0.0,0.0,0.0,0.0,0.0026137647620234055,-0.017485113502322736,0.002664421380714375,0.0],[0.0,0.0,0.0,0.0,0.0,0.0,-0.0014415866654540427,0.011025762688814339],[0.0,0.0,0.0,0.0,0.0,0.0,0.0011561708817189743,-0.010904120193222665]]}