{"din_name":"flux_level02892.json","din_kind":"RELATIVE","din_start":600.0000099356031,"din_end":660.0000323628801,"din_rules":["Interventions","r1","r1_rev","r2","r3","r4","r5","r6"],"din_hits":[0,81581,81564,744,566230,565495,359012,359002],"din_fluxs":[[0.0,0.0,0.0,0.0,0.0,0.0,0.0,0.0],[0.0,-0.0010929213974881055,0.08102139544627519,0.14974414956437157,0.0,-0.0020335271695546375,0.0,0.0],[0.0,0.0010941184060195334,-0.07333631338352628,-0.13820099830589597,0.0,0.0024154807862822084,0.0,0.0],[0.0,0.0,0.0,-0.33246839190527816,0.0052411847725044695,0.0,0.006092054340465457,0.0],[0.0,0.0,0.0,0.004600577279812388,-0.005212857770336149,0.006560301407482404,-0.005214912634606386,0.0],[0.0,0.0,0.0,0.0,0.0052402335443246205,-0.006579653390437071,0.006110849150066947,0.0],[0.0,0.0,0.0,0.0,0.0,0.0,-0.0033547210617025916,0.007002726918676542],[0.0,0.0,0.0,0.0,0.0,0.0,0.0020064801500360905,-0.006953710615961537]]}