{"din_name":"flux_level01801.json","din_kind":"RELATIVE","din_start":600.0001467092407,"din_end":660.0002347783568,"din_rules":["Interventions","r1","r1_rev","r2","r3","r4","r5","r6"],"din_hits":[0,23663,23624,2378,138197,135824,92431,92408],"din_fluxs":[[0.0,0.0,0.0,0.0,0.0,0.0,0.0,0.0],[0.0,-0.0011371553967272014,0.019111663783725762,0.03731665484904023,0.0,-0.0021113779613147854,0.0,0.0],[0.0,0.0011385138394513375,-0.018310923741585397,-0.036253377058242005,0.0,0.002156723594115702,0.0,0.0],[0.0,0.0,0.0,-0.07115950548491451,0.08686712673593798,0.0,0.13668599053305178,0.0],[0.0,0.0,0.0,0.0014399283416061512,-0.07914717553291056,0.004277229973246987,-0.07911102803534305,0.0],[0.0,0.0,0.0,0.0,0.08674632155893579,-0.00434029353913576,0.1380931133798505,0.0],[0.0,0.0,0.0,0.0,0.0,0.0,-0.061930223948088836,0.013854248459954864],[0.0,0.0,0.0,0.0,0.0,0.0,0.008412454603984232,-0.01366229798995735]]}