{"din_name":"flux_level04610.json","din_kind":"RELATIVE","din_start":600.0000049001429,"din_end":660.0000060611354,"din_rules":["Interventions","r1","r1_rev","r2","r3","r4","r5","r6"],"din_hits":[0,64338,64325,21395,2737831,2716415,1217836,1217836],"din_fluxs":[[0.0,0.0,0.0,0.0,0.0,0.0,0.0,0.0],[0.0,-0.0010960961115391756,0.06478784480980905,0.06403137874217717,0.0,-0.0020168475315670673,0.0,0.0],[0.0,0.001097301105179847,-0.059680352579610546,-0.11068359938051033,0.0,0.004804661231833629,0.0,0.0],[0.0,0.0,0.0,-0.3929327490214035,0.0025269508037994216,0.0,0.0033782563166070275,0.0],[0.0,0.0,0.0,0.007240973727975774,-0.0025205698886758233,0.020132963703708286,-0.002520975423426229,0.0],[0.0,0.0,0.0,0.0,0.0025269412470557704,-0.019950150056109513,0.002802699936504828,0.0],[0.0,0.0,0.0,0.0,0.0,0.0,-0.003172663493964975,0.0016883504000668832],[0.0,0.0,0.0,0.0,0.0,0.0,0.002565439639631949,-0.0016855027105805865]]}