{"din_name":"flux_level12893.json","din_kind":"RELATIVE","din_start":600.0000015234775,"din_end":660.0000010389352,"din_rules":["Interventions","r1","r1_rev","r2","r3","r4","r5","r6"],"din_hits":[0,45197,45117,256524,4143615,3887069,2261183,2261206],"din_fluxs":[[0.0,0.0,0.0,0.0,0.0,0.0,0.0,0.0],[0.0,-0.0011595083050562442,0.014027240733537527,0.020094526249808113,0.0,-0.0021785675293086227,0.0,0.0],[0.0,0.001160922946685914,-0.013526980527383686,-0.026276871381316215,0.0,0.003090113708018664,0.0,0.0],[0.0,0.0,0.0,-0.12594120962177063,0.0028182649382792234,0.0,0.0033718337140923108,0.0],[0.0,0.0,0.0,0.009024426582651008,-0.0028103790215660393,0.014621543867396353,-0.0028099982302488063,0.0],[0.0,0.0,0.0,0.0,0.0028183062056477857,-0.015356981141231026,0.0031255106673863087,0.0],[0.0,0.0,0.0,0.0,0.0,0.0,-0.00233788587435899,0.002647766588921101],[0.0,0.0,0.0,0.0,0.0,0.0,0.0017575168891120919,-0.0026407619916996787]]}