{"din_name":"flux_level05072.json","din_kind":"RELATIVE","din_start":600.0000018331923,"din_end":660.0000130119853,"din_rules":["Interventions","r1","r1_rev","r2","r3","r4","r5","r6"],"din_hits":[0,17344,17334,307,169693,169374,1138393,1138394],"din_fluxs":[[0.0,0.0,0.0,0.0,0.0,0.0,0.0,0.0],[0.0,-0.0010903583912510698,0.10052313509614438,0.16282040215331092,0.0,-0.0019674147889495058,0.0,0.0],[0.0,0.001091552519469103,-0.0890735348757084,-0.14586827876178768,0.0,0.0035014217725501586,0.0,0.0],[0.0,0.0,0.0,-0.6185535374724133,0.0025198550674468924,0.0,0.003810925327296265,0.0],[0.0,0.0,0.0,0.01611350198427264,-0.0025119385921776325,0.020031801032429675,-0.0025142402161222057,0.0],[0.0,0.0,0.0,0.0,0.0025182687341432594,-0.019822076039235675,0.003661969499363546,0.0],[0.0,0.0,0.0,0.0,0.0,0.0,-0.002120636047517435,0.0028409084518397193],[0.0,0.0,0.0,0.0,0.0,0.0,0.001955558768003742,-0.0028328459355970977]]}