{"din_name":"flux_level07022.json","din_kind":"RELATIVE","din_start":600.0000234848779,"din_end":660.0000478121655,"din_rules":["Interventions","r1","r1_rev","r2","r3","r4","r5","r6"],"din_hits":[0,40656,40642,5758,1508326,1502560,184078,184103],"din_fluxs":[[0.0,0.0,0.0,0.0,0.0,0.0,0.0,0.0],[0.0,-0.0010914849940297682,0.09088688163589669,0.09946855528282104,0.0,-0.0020243319068316006,0.0,0.0],[0.0,0.0010926796831941049,-0.08141403526837129,-0.14761712984466774,0.0,0.0045627338135195835,0.0,0.0],[0.0,0.0,0.0,-0.4548428382372349,0.0026290959229570933,0.0,0.002970359142528322,0.0],[0.0,0.0,0.0,0.006785400941792542,-0.00262139710101288,0.01736832198887305,-0.002624346162750761,0.0],[0.0,0.0,0.0,0.0,0.002628286168880633,-0.017201629545845948,0.0027605646103296766,0.0],[0.0,0.0,0.0,0.0,0.0,0.0,-0.004292192786818864,0.001449250821223387],[0.0,0.0,0.0,0.0,0.0,0.0,0.0033106163961196464,-0.0014471552239094321]]}