{"din_name":"flux_level13919.json","din_kind":"RELATIVE","din_start":600.000089275382,"din_end":660.0000196537526,"din_rules":["Interventions","r1","r1_rev","r2","r3","r4","r5","r6"],"din_hits":[0,6809,6799,56,94942,94866,89183,89188],"din_fluxs":[[0.0,0.0,0.0,0.0,0.0,0.0,0.0,0.0],[0.0,-0.0010894097677033893,0.11110304102149622,0.21356599564107287,0.0,-0.0020213758858050068,0.0,0.0],[0.0,0.001090606527122857,-0.09713832823473234,-0.18285125806039668,0.0,0.002229974233419053,0.0,0.0],[0.0,0.0,0.0,-0.30971406507846183,0.014940765459024698,0.0,0.02256566641643248,0.0],[0.0,0.0,0.0,0.0018393763893473913,-0.014753425579506914,0.004677584048800338,-0.014751133253822997,0.0],[0.0,0.0,0.0,0.0,0.014977177148909893,-0.004673072119424794,0.02203351827428211,0.0],[0.0,0.0,0.0,0.0,0.0,0.0,-0.011937602590830433,0.00754215277544545],[0.0,0.0,0.0,0.0,0.0,0.0,0.00472287072702307,-0.0074852915930816825]]}