{"din_name":"flux_level01646.json","din_kind":"RELATIVE","din_start":600.0000077705663,"din_end":660.000005427082,"din_rules":["Interventions","r1","r1_rev","r2","r3","r4","r5","r6"],"din_hits":[0,66500,66484,21091,4376175,4355073,1223725,1223732],"din_fluxs":[[0.0,0.0,0.0,0.0,0.0,0.0,0.0,0.0],[0.0,-0.0010914371658732683,0.0913172897615115,0.0885154231531428,0.0,-0.002012553601979903,0.0,0.0],[0.0,0.0010926308781139585,-0.08174270734073188,-0.14812835293092577,0.0,0.005127400315864532,0.0,0.0],[0.0,0.0,0.0,-0.4517347483124627,0.0025566692596143653,0.0,0.0035237110696481337,0.0],[0.0,0.0,0.0,0.006493559842423942,-0.0025505874107344425,0.019161519928716692,-0.0025511130304300225,0.0],[0.0,0.0,0.0,0.0,0.002557113746868142,-0.018935189711455712,0.002823697152541591,0.0],[0.0,0.0,0.0,0.0,0.0,0.0,-0.0044478039934784394,0.0014173449092531084],[0.0,0.0,0.0,0.0,0.0,0.0,0.003534905470187233,-0.0014153379350221851]]}