{"din_name":"flux_level06472.json","din_kind":"RELATIVE","din_start":600.0000245151037,"din_end":660.0000010958865,"din_rules":["Interventions","r1","r1_rev","r2","r3","r4","r5","r6"],"din_hits":[0,27862,27848,7316,1966510,1959191,1021850,1021844],"din_fluxs":[[0.0,0.0,0.0,0.0,0.0,0.0,0.0,0.0],[0.0,-0.0010928611043606801,0.0814578161934309,0.0885273625443536,0.0,-0.0020316245352069045,0.0,0.0],[0.0,0.0010940604345808388,-0.07367344219212127,-0.1387865892576368,0.0,0.004091221635653118,0.0,0.0],[0.0,0.0,0.0,-0.3382128273328103,0.00311255005784056,0.0,0.0038820735692003763,0.0],[0.0,0.0,0.0,0.003221714771354896,-0.003102519686955955,0.011569448004470644,-0.003104987154867216,0.0],[0.0,0.0,0.0,0.0,0.00311218046186705,-0.011507696458184235,0.0034570764932604697,0.0],[0.0,0.0,0.0,0.0,0.0,0.0,-0.0022471437994297785,0.003562018550967045],[0.0,0.0,0.0,0.0,0.0,0.0,0.0015954839784072007,-0.0035493435614412116]]}