{"din_name":"flux_level08960.json","din_kind":"RELATIVE","din_start":600.0000136398041,"din_end":660.0000100872413,"din_rules":["Interventions","r1","r1_rev","r2","r3","r4","r5","r6"],"din_hits":[0,38819,38789,22901,2488307,2465386,379690,379709],"din_fluxs":[[0.0,0.0,0.0,0.0,0.0,0.0,0.0,0.0],[0.0,-0.0011036045461402856,0.04447020216470504,0.051235872871516756,0.0,-0.0020297373216821195,0.0,0.0],[0.0,0.0011048314036734446,-0.041798833676174596,-0.08131269223940255,0.0,0.0036570208949655405,0.0,0.0],[0.0,0.0,0.0,-0.21041917822521414,0.0033987895359152845,0.0,0.0035854687618278435,0.0],[0.0,0.0,0.0,0.0030925917062204432,-0.003388458852447362,0.010122823362169736,-0.003388866331648004,0.0],[0.0,0.0,0.0,0.0,0.0034000013063141456,-0.010138455828003093,0.0034925946734836433,0.0],[0.0,0.0,0.0,0.0,0.0,0.0,-0.0018529287246270313,0.013507354162352202],[0.0,0.0,0.0,0.0,0.0,0.0,0.001251173377365869,-0.013325089437012015]]}