{"din_name":"flux_level11231.json","din_kind":"RELATIVE","din_start":600.0000121977354,"din_end":660.0000018398802,"din_rules":["Interventions","r1","r1_rev","r2","r3","r4","r5","r6"],"din_hits":[0,5266,5255,18704,4390800,4372100,1323821,1323826],"din_fluxs":[[0.0,0.0,0.0,0.0,0.0,0.0,0.0,0.0],[0.0,-0.0010898133720892913,0.10655637070193942,0.08634603472481017,0.0,-0.001987956035227216,0.0,0.0],[0.0,0.0010910144473371285,-0.09341517713323808,-0.1703632002142647,0.0,0.005540173064186835,0.0,0.0],[0.0,0.0,0.0,-0.4181444644308117,0.0026904978158232415,0.0,0.003367948689345763,0.0],[0.0,0.0,0.0,0.00365652950339954,-0.00268439171791763,0.016221725314480944,-0.002684773812717975,0.0],[0.0,0.0,0.0,0.0,0.0026916247162791624,-0.0160332332122804,0.002824417717267113,0.0],[0.0,0.0,0.0,0.0,0.0,0.0,-0.0019142551090045978,0.0034704036253815165],[0.0,0.0,0.0,0.0,0.0,0.0,0.0014767950749839723,-0.0034583724010526042]]}