{"din_name":"flux_level10100.json","din_kind":"RELATIVE","din_start":600.0000038719814,"din_end":660.0000517189216,"din_rules":["Interventions","r1","r1_rev","r2","r3","r4","r5","r6"],"din_hits":[0,54035,54016,7429,1671260,1663825,639760,639765],"din_fluxs":[[0.0,0.0,0.0,0.0,0.0,0.0,0.0,0.0],[0.0,-0.0010942409649461785,0.07337670526008062,0.08290935164387686,0.0,-0.002027382600929124,0.0,0.0],[0.0,0.0010954417998185761,-0.06698275860926795,-0.12416038377781638,0.0,0.004053502471788441,0.0,0.0],[0.0,0.0,0.0,-0.37061705853549926,0.002828024995790992,0.0,0.004785854743018613,0.0],[0.0,0.0,0.0,0.005336458013687797,-0.0028196165635405107,0.01415743547727897,-0.0028226300115491002,0.0],[0.0,0.0,0.0,0.0,0.002827591049043488,-0.014084745713623465,0.003693978144082556,0.0],[0.0,0.0,0.0,0.0,0.0,0.0,-0.007946223042312593,0.001241099756226886],[0.0,0.0,0.0,0.0,0.0,0.0,0.005795192984535159,-0.0012395609532888062]]}