{"din_name":"flux_level04117.json","din_kind":"RELATIVE","din_start":600.0000018967197,"din_end":660.0000124867688,"din_rules":["Interventions","r1","r1_rev","r2","r3","r4","r5","r6"],"din_hits":[0,45040,45014,36515,4196023,4159503,1201312,1201292],"din_fluxs":[[0.0,0.0,0.0,0.0,0.0,0.0,0.0,0.0],[0.0,-0.0010965381806134996,0.06324864955693342,0.05799095858035168,0.0,-0.0020256906294502403,0.0,0.0],[0.0,0.0010977446665062264,-0.05834001528896216,-0.11005223596150351,0.0,0.004961103723260001,0.0,0.0],[0.0,0.0,0.0,-0.3518285819330489,0.0025939539847993063,0.0,0.003179879439268362,0.0],[0.0,0.0,0.0,0.005801041802185415,-0.002587830789039781,0.018338336107490753,-0.0025882590862742927,0.0],[0.0,0.0,0.0,0.0,0.0025945525145405746,-0.01819288451917971,0.0027390787695109444,0.0],[0.0,0.0,0.0,0.0,0.0,0.0,-0.0023593589279516844,0.002257616675430742],[0.0,0.0,0.0,0.0,0.0,0.0,0.0018586416451638501,-0.002252525827085158]]}