{"din_name":"flux_level11506.json","din_kind":"RELATIVE","din_start":600.0000024989386,"din_end":660.0000063479332,"din_rules":["Interventions","r1","r1_rev","r2","r3","r4","r5","r6"],"din_hits":[0,28139,28129,5671,1888258,1882599,69669,69688],"din_fluxs":[[0.0,0.0,0.0,0.0,0.0,0.0,0.0,0.0],[0.0,-0.0010901967275783503,0.10250866980651804,0.10748100138984833,0.0,-0.0020308444939280083,0.0,0.0],[0.0,0.0010913889339840969,-0.09062146497074573,-0.16591999968297938,0.0,0.00455845588716258,0.0,0.0],[0.0,0.0,0.0,-0.4254608981672103,0.0028174803308504796,0.0,0.0028606419956492338,0.0],[0.0,0.0,0.0,0.004364232009104583,-0.002809188847557931,0.014263472962053618,-0.002809581965637052,0.0],[0.0,0.0,0.0,0.0,0.002817105557538077,-0.014140863775103036,0.0028316299856085267,0.0],[0.0,0.0,0.0,0.0,0.0,0.0,-0.0014599069471084895,0.02819309387914627],[0.0,0.0,0.0,0.0,0.0,0.0,0.00108163424192286,-0.027398402731569863]]}