{"din_name":"flux_level13959.json","din_kind":"RELATIVE","din_start":600.0001124802823,"din_end":660.000005466043,"din_rules":["Interventions","r1","r1_rev","r2","r3","r4","r5","r6"],"din_hits":[0,61662,61658,2149,1007408,1005254,200882,200887],"din_fluxs":[[0.0,0.0,0.0,0.0,0.0,0.0,0.0,0.0],[0.0,-0.0010910410789676252,0.09612291050779774,0.14317102494021922,0.0,-0.002054565376429119,0.0,0.0],[0.0,0.001092233447187741,-0.08447558238884138,-0.15178338362203156,0.0,0.003439436817013247,0.0,0.0],[0.0,0.0,0.0,-0.47094373733677003,0.0028923086755762136,0.0,0.002984888924875852,0.0],[0.0,0.0,0.0,0.007918555665193802,-0.0028841978248901876,0.01329517041326902,-0.0028837783617560297,0.0],[0.0,0.0,0.0,0.0,0.0028925451744945875,-0.013230428161806933,0.0029656272831432924,0.0],[0.0,0.0,0.0,0.0,0.0,0.0,-0.0015609393245787245,0.014716061246725448],[0.0,0.0,0.0,0.0,0.0,0.0,0.0011969064040748723,-0.014499731540575862]]}