{"din_name":"flux_level08772.json","din_kind":"RELATIVE","din_start":600.0000119572628,"din_end":660.000000769758,"din_rules":["Interventions","r1","r1_rev","r2","r3","r4","r5","r6"],"din_hits":[0,40386,40376,5505,2999845,2994356,1427856,1427846],"din_fluxs":[[0.0,0.0,0.0,0.0,0.0,0.0,0.0,0.0],[0.0,-0.0010899637042556351,0.10674073316886463,0.13116439501959176,0.0,-0.002026947807660351,0.0,0.0],[0.0,0.0010911546252909189,-0.09268911796174988,-0.173142303668539,0.0,0.0035982771483792446,0.0,0.0],[0.0,0.0,0.0,-0.37047840975420204,0.0036356128822813537,0.0,0.004751870259099681,0.0],[0.0,0.0,0.0,0.002499126585255199,-0.003622155019890253,0.009113567740547092,-0.003620332219824611,0.0],[0.0,0.0,0.0,0.0,0.0036353353701677085,-0.009068369750326691,0.004166737401919746,0.0],[0.0,0.0,0.0,0.0,0.0,0.0,-0.0029176617398619527,0.0029662474343282877],[0.0,0.0,0.0,0.0,0.0,0.0,0.0018144217811477791,-0.002957456846449966]]}