{"din_name":"flux_level13016.json","din_kind":"RELATIVE","din_start":600.0000358162745,"din_end":660.0000328146089,"din_rules":["Interventions","r1","r1_rev","r2","r3","r4","r5","r6"],"din_hits":[0,30102,30093,457,394239,393762,1199027,1199033],"din_fluxs":[[0.0,0.0,0.0,0.0,0.0,0.0,0.0,0.0],[0.0,-0.0010913871985526907,0.09174374629442211,0.15673452893774129,0.0,-0.002019901632821022,0.0,0.0],[0.0,0.0010925821411650358,-0.08206662154128759,-0.1528259822746594,0.0,0.0026009393968579667,0.0,0.0],[0.0,0.0,0.0,-0.35067787885301377,0.004793575561409147,0.0,0.007788624969704268,0.0],[0.0,0.0,0.0,0.003995239356427793,-0.00476948176464899,0.006975055848764602,-0.004771589842353172,0.0],[0.0,0.0,0.0,0.0,0.0047923918376277285,-0.006978090205183942,0.007533383067096729,0.0],[0.0,0.0,0.0,0.0,0.0,0.0,-0.00408509834390789,0.0044976280921036746],[0.0,0.0,0.0,0.0,0.0,0.0,0.003206829989888812,-0.004477416028716843]]}