{"din_name":"flux_level00524.json","din_kind":"RELATIVE","din_start":600.0000012099916,"din_end":660.0000673065941,"din_rules":["Interventions","r1","r1_rev","r2","r3","r4","r5","r6"],"din_hits":[0,59499,59480,6503,1912898,1906390,40002,40011],"din_fluxs":[[0.0,0.0,0.0,0.0,0.0,0.0,0.0,0.0],[0.0,-0.001091411293869466,0.09153274125192484,0.10685356549469471,0.0,-0.0020500479324527185,0.0,0.0],[0.0,0.0010926048278022736,-0.0819237797127763,-0.14753538415631032,0.0,0.004329735657380174,0.0,0.0],[0.0,0.0,0.0,-0.4559667928688669,0.0026706227767091494,0.0,0.0026933304862814776,0.0],[0.0,0.0,0.0,0.006770815892555537,-0.002663928998992466,0.01649155431480298,-0.0026637494118893434,0.0],[0.0,0.0,0.0,0.0,0.0026710487071072526,-0.016346500755334562,0.002677975726822721,0.0],[0.0,0.0,0.0,0.0,0.0,0.0,-0.0013923435134633993,0.023935248400194217],[0.0,0.0,0.0,0.0,0.0,0.0,0.001060031851398669,-0.02336156069346291]]}