{"din_name":"flux_level08239.json","din_kind":"RELATIVE","din_start":600.000002786807,"din_end":660.0000192277463,"din_rules":["Interventions","r1","r1_rev","r2","r3","r4","r5","r6"],"din_hits":[0,62209,62189,12664,1276566,1263898,2251756,2251739],"din_fluxs":[[0.0,0.0,0.0,0.0,0.0,0.0,0.0,0.0],[0.0,-0.001100966885936338,0.050039387417281374,0.05460131802945132,0.0,-0.0020642727692345973,0.0,0.0],[0.0,0.0011021843349322236,-0.04678621632005029,-0.08811713253305758,0.0,0.004286793024104094,0.0,0.0],[0.0,0.0,0.0,-0.3478062470430853,0.0025548076510954944,0.0,0.003858132584333537,0.0],[0.0,0.0,0.0,0.008113385516000068,-0.0025484569799648204,0.019329780403242916,-0.002548280492508811,0.0],[0.0,0.0,0.0,0.0,0.0025549719398992245,-0.019253787844824954,0.0032968039741251257,0.0],[0.0,0.0,0.0,0.0,0.0,0.0,-0.0025819681030172454,0.002110843442965544],[0.0,0.0,0.0,0.0,0.0,0.0,0.0021673822026465664,-0.002106392402569074]]}