{"din_name":"flux_level00921.json","din_kind":"RELATIVE","din_start":600.0000152942359,"din_end":660.0000057493927,"din_rules":["Interventions","r1","r1_rev","r2","r3","r4","r5","r6"],"din_hits":[0,986010,985426,9308,10421,1150,1161402,1161344],"din_fluxs":[[0.0,0.0,0.0,0.0,0.0,0.0,0.0,0.0],[0.0,-0.002385973948196197,0.0018057767835665752,0.0036637303400304196,0.0,-0.0045887698743663505,0.0,0.0],[0.0,0.0023921667684042667,-0.00176718403060421,-0.0035228346006519772,0.0,0.004554145097283676,0.0,0.0],[0.0,0.0,0.0,-0.024371891899809584,0.002823583542618481,0.0,0.005390433640889469,0.0],[0.0,0.0,0.0,0.01410498721346465,-0.002815637539032285,0.01380872277319249,-0.002860383159934382,0.0],[0.0,0.0,0.0,0.0,0.0028267052312231917,-0.030809458216032096,0.0054014263040879085,0.0],[0.0,0.0,0.0,0.0,0.0,0.0,-0.0027108271114641247,0.0029129182399648466],[0.0,0.0,0.0,0.0,0.0,0.0,0.002695655832423299,-0.002904439207526969]]}