{"din_name":"flux_level13875.json","din_kind":"RELATIVE","din_start":600.0000116125376,"din_end":660.0000137527585,"din_rules":["Interventions","r1","r1_rev","r2","r3","r4","r5","r6"],"din_hits":[0,315314,315248,8513,250058,241544,1234691,1234689],"din_fluxs":[[0.0,0.0,0.0,0.0,0.0,0.0,0.0,0.0],[0.0,-0.0011497337138871857,0.015718775346114783,0.0278281475718389,0.0,-0.00213615612028387,0.0,0.0],[0.0,0.0011510648739833998,-0.015214809710054738,-0.029466027673523333,0.0,0.0025727256483464114,0.0,0.0],[0.0,0.0,0.0,-0.19965121730702454,0.002606007178448767,0.0,0.0033169878560142317,0.0],[0.0,0.0,0.0,0.015113080563336979,-0.002599853264259108,0.017805400973426887,-0.0025977362242177744,0.0],[0.0,0.0,0.0,0.0,0.0026066545749629006,-0.01862906035035831,0.003286736062959109,0.0],[0.0,0.0,0.0,0.0,0.0,0.0,-0.0017734798682859396,0.004510829685647131],[0.0,0.0,0.0,0.0,0.0,0.0,0.0016387099043711885,-0.0044905022995686055]]}