{"din_name":"flux_level04226.json","din_kind":"RELATIVE","din_start":600.0000005143899,"din_end":660.0000012490365,"din_rules":["Interventions","r1","r1_rev","r2","r3","r4","r5","r6"],"din_hits":[0,636121,635888,893105,3685599,2792483,1902801,1902780],"din_fluxs":[[0.0,0.0,0.0,0.0,0.0,0.0,0.0,0.0],[0.0,-0.001380091482635361,0.0044355241590793345,0.010612871437581098,0.0,-0.0025902183298558063,0.0,0.0],[0.0,0.001382058991000868,-0.004336309107206285,-0.008569364477658678,0.0,0.0022092072403983444,0.0,0.0],[0.0,0.0,0.0,-0.08356519423258475,0.002596042878759148,0.0,0.0028428612734154052,0.0],[0.0,0.0,0.0,0.0216905141326937,-0.0025891879075037945,0.016948026541377365,-0.0025897642599801212,0.0],[0.0,0.0,0.0,0.0,0.002595869500984344,-0.021798819969131827,0.00291800040704697,0.0],[0.0,0.0,0.0,0.0,0.0,0.0,-0.0027661841361150182,0.001928359832754899],[0.0,0.0,0.0,0.0,0.0,0.0,0.0021946732697901367,-0.0019246456094946665]]}