{"din_name":"flux_level02562.json","din_kind":"RELATIVE","din_start":600.0000878602166,"din_end":660.0000537694327,"din_rules":["Interventions","r1","r1_rev","r2","r3","r4","r5","r6"],"din_hits":[0,162799,162762,2043,192688,190633,260682,260708],"din_fluxs":[[0.0,0.0,0.0,0.0,0.0,0.0,0.0,0.0],[0.0,-0.0011242259274934793,0.02422109878001125,0.04659638166770873,0.0,-0.0020896849062759138,0.0,0.0],[0.0,0.0011254973618118763,-0.023246305057634052,-0.04594804924146392,0.0,0.002175108321893997,0.0,0.0],[0.0,0.0,0.0,-0.09366514188596546,0.024701389733204727,0.0,0.041678442577877936,0.0],[0.0,0.0,0.0,0.0026038564723445522,-0.02408296834903839,0.00446370908305492,-0.024030210881987684,0.0],[0.0,0.0,0.0,0.0,0.024690689010788747,-0.0045597265581486385,0.04103908155356901,0.0],[0.0,0.0,0.0,0.0,0.0,0.0,-0.020795114084098985,0.012967694336724737],[0.0,0.0,0.0,0.0,0.0,0.0,0.009505640520248855,-0.01279930816305848]]}