{"din_name":"flux_level03495.json","din_kind":"RELATIVE","din_start":600.0000035448533,"din_end":660.0000153955817,"din_rules":["Interventions","r1","r1_rev","r2","r3","r4","r5","r6"],"din_hits":[0,948841,948568,1110275,3766446,2656158,447203,447221],"din_fluxs":[[0.0,0.0,0.0,0.0,0.0,0.0,0.0,0.0],[0.0,-0.0014447890315208867,0.0038278443755163294,0.009635808208120097,0.0,-0.002720083673562584,0.0,0.0],[0.0,0.001446937228362464,-0.0037459600217761226,-0.007446409131858139,0.0,0.0021786998854263157,0.0,0.0],[0.0,0.0,0.0,-0.05583520345661627,0.002911981053554891,0.0,0.0030849977564456027,0.0],[0.0,0.0,0.0,0.016864279800994166,-0.002903363194465557,0.011928229089147216,-0.002902108272839003,0.0],[0.0,0.0,0.0,0.0,0.0029117557009326546,-0.01644518721641765,0.003187331644917918,0.0],[0.0,0.0,0.0,0.0,0.0,0.0,-0.006345869081558742,0.0013080921915412191],[0.0,0.0,0.0,0.0,0.0,0.0,0.004434324927438732,-0.001306383128522223]]}