{"din_name":"flux_level02333.json","din_kind":"RELATIVE","din_start":600.0000014374108,"din_end":660.0000017010041,"din_rules":["Interventions","r1","r1_rev","r2","r3","r4","r5","r6"],"din_hits":[0,23041,23028,6037,1258173,1252132,2271235,2271269],"din_fluxs":[[0.0,0.0,0.0,0.0,0.0,0.0,0.0,0.0],[0.0,-0.0010932875020127622,0.07870780485131505,0.08147164975075161,0.0,-0.002035631462680755,0.0,0.0],[0.0,0.0010944887468662934,-0.07137933400865851,-0.13312591659786727,0.0,0.004424354377974509,0.0,0.0],[0.0,0.0,0.0,-0.3725625806006176,0.002795456131650212,0.0,0.004463537976790019,0.0],[0.0,0.0,0.0,0.0047244671052448,-0.002788673810239154,0.014582536543840917,-0.0027905915960750177,0.0],[0.0,0.0,0.0,0.0,0.0027964809781778504,-0.01448343135944709,0.0037334990568015976,0.0],[0.0,0.0,0.0,0.0,0.0,0.0,-0.0026373716164579375,0.002384914399518527],[0.0,0.0,0.0,0.0,0.0,0.0,0.0021272000745372927,-0.0023792314239973102]]}