{"din_name":"flux_level09206.json","din_kind":"RELATIVE","din_start":600.0000059492891,"din_end":660.000001099918,"din_rules":["Interventions","r1","r1_rev","r2","r3","r4","r5","r6"],"din_hits":[0,27679,27665,19798,2986191,2966372,2912,2914],"din_fluxs":[[0.0,0.0,0.0,0.0,0.0,0.0,0.0,0.0],[0.0,-0.0010945393555555087,0.07169912575609941,0.066509660374502,0.0,-0.0020160343564879467,0.0,0.0],[0.0,0.001095743239239778,-0.06555104846872618,-0.12250546269773321,0.0,0.004838882850948309,0.0,0.0],[0.0,0.0,0.0,-0.35382945603709215,0.002701557225834423,0.0,0.09928133178435526,0.0],[0.0,0.0,0.0,0.004601682384901934,-0.0026950062910384123,0.016087040254311485,-0.0015103465697048077,0.0],[0.0,0.0,0.0,0.0,0.0027022969500786406,-0.01596109197203799,0.06457911048693406,0.0],[0.0,0.0,0.0,0.0,0.0,0.0,-0.6833218864468827,0.0010021624190563892],[0.0,0.0,0.0,0.0,0.0,0.0,19.2672104026538,-0.0010011586418508483]]}