{"din_name":"flux_level08251.json","din_kind":"RELATIVE","din_start":600.0000035351198,"din_end":660.0000113774616,"din_rules":["Interventions","r1","r1_rev","r2","r3","r4","r5","r6"],"din_hits":[0,61195,61189,1844,1150388,1148547,1431486,1431478],"din_fluxs":[[0.0,0.0,0.0,0.0,0.0,0.0,0.0,0.0],[0.0,-0.001089525664520802,0.11304689321257312,0.16611457404325974,0.0,-0.0020272769791963192,0.0,0.0],[0.0,0.0010907148233414501,-0.09634526283182707,-0.16919278025106263,0.0,0.0035207624619378306,0.0,0.0],[0.0,0.0,0.0,-0.5126429977427435,0.002846899116792911,0.0,0.003479091021958164,0.0],[0.0,0.0,0.0,0.008441521231601898,-0.002838046114031752,0.013793567458128627,-0.002838997001288489,0.0],[0.0,0.0,0.0,0.0,0.0028461263459890265,-0.01370416244485525,0.003317506862799898,0.0],[0.0,0.0,0.0,0.0,0.0,0.0,-0.0019625459343230625,0.004159127177362751],[0.0,0.0,0.0,0.0,0.0,0.0,0.0015899911057705488,-0.004141844217434829]]}