{"din_name":"flux_level10457.json","din_kind":"RELATIVE","din_start":600.0000107880728,"din_end":660.0000195601964,"din_rules":["Interventions","r1","r1_rev","r2","r3","r4","r5","r6"],"din_hits":[0,194861,194782,111770,1841114,1729328,1826235,1826269],"din_fluxs":[[0.0,0.0,0.0,0.0,0.0,0.0,0.0,0.0],[0.0,-0.0011596376980807328,0.013899097255610676,0.02010159205096958,0.0,-0.002151040340254564,0.0,0.0],[0.0,0.0011610000639592365,-0.013469047654595159,-0.026252406851040817,0.0,0.0030818378007614164,0.0,0.0],[0.0,0.0,0.0,-0.15384930195017926,0.002619802420032724,0.0,0.0032944464053657964,0.0],[0.0,0.0,0.0,0.011784040929326464,-0.0026132511814146724,0.017919580208344055,-0.0026124080662877735,0.0],[0.0,0.0,0.0,0.0,0.0026201202155374946,-0.018821620259249515,0.0030847841635946506,0.0],[0.0,0.0,0.0,0.0,0.0,0.0,-0.002448467591190391,0.0022611392644135207],[0.0,0.0,0.0,0.0,0.0,0.0,0.0019760565865316743,-0.0022560319152265637]]}