{"din_name":"flux_level02360.json","din_kind":"RELATIVE","din_start":600.0000142675692,"din_end":660.00001026322,"din_rules":["Interventions","r1","r1_rev","r2","r3","r4","r5","r6"],"din_hits":[0,225607,225532,106027,1487858,1381834,858795,858797],"din_fluxs":[[0.0,0.0,0.0,0.0,0.0,0.0,0.0,0.0],[0.0,-0.0011722803959734883,0.01213764138499768,0.018664872435368556,0.0,-0.002181701182213487,0.0,0.0],[0.0,0.0011736744001737255,-0.011780906648483047,-0.023172754421950284,0.0,0.002944360153607397,0.0,0.0],[0.0,0.0,0.0,-0.1438999363376567,0.002619735310855983,0.0,0.003174404855995267,0.0],[0.0,0.0,0.0,0.012775909757541278,-0.0026130326145612976,0.01786254773131092,-0.0026101481467639045,0.0],[0.0,0.0,0.0,0.0,0.0026198919410606934,-0.01899000794332003,0.003016791359520042,0.0],[0.0,0.0,0.0,0.0,0.0,0.0,-0.0032489249652328405,0.001717909377632071],[0.0,0.0,0.0,0.0,0.0,0.0,0.0025573009244669125,-0.0017149611195826453]]}