{"din_name":"flux_level03079.json","din_kind":"RELATIVE","din_start":600.0000059076349,"din_end":660.0000205295419,"din_rules":["Interventions","r1","r1_rev","r2","r3","r4","r5","r6"],"din_hits":[0,94638,94622,1953,585613,583676,1049617,1049605],"din_fluxs":[[0.0,0.0,0.0,0.0,0.0,0.0,0.0,0.0],[0.0,-0.0010974499364297514,0.05990262438995392,0.09815638955659206,0.0,-0.0020372306964893112,0.0,0.0],[0.0,0.0010986575110710555,-0.05546660697181803,-0.10253156982272175,0.0,0.002915088434180395,0.0,0.0],[0.0,0.0,0.0,-0.37863650599951654,0.002961805402480975,0.0,0.005687889841294767,0.0],[0.0,0.0,0.0,0.008790081101962515,-0.0029527989646812966,0.012626821930335432,-0.002955341191478876,0.0],[0.0,0.0,0.0,0.0,0.0029615473967016257,-0.012647882704387233,0.0051624182319503255,0.0],[0.0,0.0,0.0,0.0,0.0,0.0,-0.0049411371710702595,0.0015910750903609238],[0.0,0.0,0.0,0.0,0.0,0.0,0.0037465549416223673,-0.0015885461767404247]]}