{"din_name":"flux_level07033.json","din_kind":"RELATIVE","din_start":600.0000063724762,"din_end":660.0000321095509,"din_rules":["Interventions","r1","r1_rev","r2","r3","r4","r5","r6"],"din_hits":[0,15545,15527,1107,279985,278901,757418,757438],"din_fluxs":[[0.0,0.0,0.0,0.0,0.0,0.0,0.0,0.0],[0.0,-0.0010974382266003375,0.05994880756291476,0.08015323478690081,0.0,-0.0020166969323344537,0.0,0.0],[0.0,0.0010986553178691846,-0.055389135254196996,-0.10558264562174588,0.0,0.003231561028320199,0.0,0.0],[0.0,0.0,0.0,-0.28577375143579614,0.0034239409707073416,0.0,0.006049257532463807,0.0],[0.0,0.0,0.0,0.004252185187953619,-0.003415666075384641,0.009879391314468831,-0.003411439973918366,0.0],[0.0,0.0,0.0,0.0,0.0034273942323610512,-0.009887247854699454,0.005524960819586612,0.0],[0.0,0.0,0.0,0.0,0.0,0.0,-0.003465109414877006,0.0026253516532422486],[0.0,0.0,0.0,0.0,0.0,0.0,0.002703473350186563,-0.00261846423241207]]}