{"din_name":"flux_level10219.json","din_kind":"RELATIVE","din_start":600.0000203546305,"din_end":660.0000305938928,"din_rules":["Interventions","r1","r1_rev","r2","r3","r4","r5","r6"],"din_hits":[0,164214,164185,1988,271221,269243,478862,478868],"din_fluxs":[[0.0,0.0,0.0,0.0,0.0,0.0,0.0,0.0],[0.0,-0.0011083096390525793,0.03724575587431506,0.06986706286984,0.0,-0.002059622471275265,0.0,0.0],[0.0,0.0011095420314860974,-0.03529548304625677,-0.06481371723216728,0.0,0.0027026797712411525,0.0,0.0],[0.0,0.0,0.0,-0.39570043693448653,0.002536875386223447,0.0,0.006551907829970567,0.0],[0.0,0.0,0.0,0.017647402002177553,-0.002528738214532454,0.01954536859162006,-0.0025129736889415847,0.0],[0.0,0.0,0.0,0.0,0.002535135578912593,-0.019677176495281737,0.00615950173479635,0.0],[0.0,0.0,0.0,0.0,0.0,0.0,-0.011300537406027308,0.0011707674247942851],[0.0,0.0,0.0,0.0,0.0,0.0,0.009386578138317536,-0.0011693980668275104]]}