{"din_name":"flux_level00796.json","din_kind":"RELATIVE","din_start":600.000004452102,"din_end":660.000013045187,"din_rules":["Interventions","r1","r1_rev","r2","r3","r4","r5","r6"],"din_hits":[0,14393,14377,7558,2613441,2605870,574386,574386],"din_fluxs":[[0.0,0.0,0.0,0.0,0.0,0.0,0.0,0.0],[0.0,-0.001089721095107738,0.10892432935128267,0.10509497482243348,0.0,-0.002027366969023196,0.0,0.0],[0.0,0.0010909133569044604,-0.09444691382261634,-0.1758678668937599,0.0,0.004605699722641318,0.0,0.0],[0.0,0.0,0.0,-0.3913070246860086,0.0030254127983887187,0.0,0.0057422908359899974,0.0],[0.0,0.0,0.0,0.002742769258289265,-0.0030165173299594606,0.01218841533110736,-0.003022349194342034,0.0],[0.0,0.0,0.0,0.0,0.0030256506599295315,-0.012089715086089635,0.0035453514483389935,0.0],[0.0,0.0,0.0,0.0,0.0,0.0,-0.006968890190987249,0.0013000874280304033],[0.0,0.0,0.0,0.0,0.0,0.0,0.004731771508127353,-0.00129839888201188]]}