{"din_name":"flux_level07474.json","din_kind":"RELATIVE","din_start":600.0000005231567,"din_end":660.0000699425983,"din_rules":["Interventions","r1","r1_rev","r2","r3","r4","r5","r6"],"din_hits":[0,9891,9877,5209,1359353,1354141,290881,290885],"din_fluxs":[[0.0,0.0,0.0,0.0,0.0,0.0,0.0,0.0],[0.0,-0.0010920215652404914,0.08723544327460184,0.08663009638767877,0.0,-0.0019839930239695046,0.0,0.0],[0.0,0.0010932245293788054,-0.07826946009644825,-0.14646255980132286,0.0,0.004343543271149531,0.0,0.0],[0.0,0.0,0.0,-0.3470946416079227,0.003058781164159988,0.0,0.0032096638348386225,0.0],[0.0,0.0,0.0,0.002895037920959625,-0.0030490915570695475,0.011963797108432856,-0.003048971621347398,0.0],[0.0,0.0,0.0,0.0,0.003058421625518561,-0.011883845922014209,0.003137788792207677,0.0],[0.0,0.0,0.0,0.0,0.0,0.0,-0.0016176245006802685,0.020903885479815518],[0.0,0.0,0.0,0.0,0.0,0.0,0.001249441100694631,-0.020467406326317855]]}