{"din_name":"flux_level09122.json","din_kind":"RELATIVE","din_start":600.0000040552769,"din_end":660.0000032709673,"din_rules":["Interventions","r1","r1_rev","r2","r3","r4","r5","r6"],"din_hits":[0,88262,88230,15681,1046186,1030504,2111812,2111832],"din_fluxs":[[0.0,0.0,0.0,0.0,0.0,0.0,0.0,0.0],[0.0,-0.001110295953482657,0.034864936395565864,0.041794333951865124,0.0,-0.0020516909667941626,0.0,0.0],[0.0,0.0011115357028616234,-0.0331058232399403,-0.06339822537086733,0.0,0.0036951779862432086,0.0,0.0],[0.0,0.0,0.0,-0.26227511637576817,0.0026739159462785913,0.0,0.003986219616232687,0.0],[0.0,0.0,0.0,0.008024386510134027,-0.002666868526762284,0.01664359574965237,-0.0026681266153801048,0.0],[0.0,0.0,0.0,0.0,0.0026740037611011507,-0.016751578091803193,0.003565160128147421,0.0],[0.0,0.0,0.0,0.0,0.0,0.0,-0.002551467374108124,0.0023153270041531477],[0.0,0.0,0.0,0.0,0.0,0.0,0.002116349219347173,-0.0023099721326177913]]}