{"din_name":"flux_level04899.json","din_kind":"RELATIVE","din_start":600.0000263233328,"din_end":660.0000040627364,"din_rules":["Interventions","r1","r1_rev","r2","r3","r4","r5","r6"],"din_hits":[0,208308,208249,109651,3225419,3115764,252972,252995],"din_fluxs":[[0.0,0.0,0.0,0.0,0.0,0.0,0.0,0.0],[0.0,-0.0011396327722448273,0.01822230232588487,0.02643295589723334,0.0,-0.002119731948557385,0.0,0.0],[0.0,0.0011409416852377517,-0.017591878460076617,-0.034662275961757937,0.0,0.0029545722601367753,0.0,0.0],[0.0,0.0,0.0,-0.10746701481452266,0.003694299486419563,0.0,0.004046836291847199,0.0],[0.0,0.0,0.0,0.004732155991550218,-0.0036807798683292795,0.009166438514272023,-0.0036806009586778723,0.0],[0.0,0.0,0.0,0.0,0.0036943963929690787,-0.009454324846305673,0.003873704723003853,0.0],[0.0,0.0,0.0,0.0,0.0,0.0,-0.004897542535039456,0.0016260926732625971],[0.0,0.0,0.0,0.0,0.0,0.0,0.0027084704044859414,-0.0016234538759341951]]}