{"din_name":"flux_level10097.json","din_kind":"RELATIVE","din_start":600.0000326530295,"din_end":660.0000202254272,"din_rules":["Interventions","r1","r1_rev","r2","r3","r4","r5","r6"],"din_hits":[0,24442,24423,9163,1671604,1662426,523764,523794],"din_fluxs":[[0.0,0.0,0.0,0.0,0.0,0.0,0.0,0.0],[0.0,-0.0010943415307944511,0.07309089809314163,0.07286192858993895,0.0,-0.0020140162520659523,0.0,0.0],[0.0,0.0010955452628725144,-0.06667517380490331,-0.1257675697259262,0.0,0.004477050000715794,0.0,0.0],[0.0,0.0,0.0,-0.34214233525159365,0.002829297529114374,0.0,0.004040206234280272,0.0],[0.0,0.0,0.0,0.004241950997626498,-0.0028223686097194824,0.014182066934155453,-0.002823198696967868,0.0],[0.0,0.0,0.0,0.0,0.0028303671434320044,-0.01409448557863897,0.0032129870360098085,0.0],[0.0,0.0,0.0,0.0,0.0,0.0,-0.004329722538103096,0.0015161485225907785],[0.0,0.0,0.0,0.0,0.0,0.0,0.003144318663910129,-0.0015138536077359296]]}