{"din_name":"flux_level02710.json","din_kind":"RELATIVE","din_start":600.0000033473111,"din_end":660.0000051436784,"din_rules":["Interventions","r1","r1_rev","r2","r3","r4","r5","r6"],"din_hits":[0,36519,36503,5888,2168389,2162501,457816,457835],"din_fluxs":[[0.0,0.0,0.0,0.0,0.0,0.0,0.0,0.0],[0.0,-0.0010924280976810094,0.08384451553736606,0.10353892635863249,0.0,-0.0020249828499926538,0.0,0.0],[0.0,0.0010936253686377635,-0.07566169599588364,-0.1430229627967832,0.0,0.0035442483238946544,0.0,0.0],[0.0,0.0,0.0,-0.32315687006500005,0.003621406213021102,0.0,0.004311979024115163,0.0],[0.0,0.0,0.0,0.002623243114692173,-0.003607002924448253,0.009185500617567363,-0.003607894267859633,0.0],[0.0,0.0,0.0,0.0,0.0036200704115009084,-0.009151479759987509,0.0038916982127780446,0.0],[0.0,0.0,0.0,0.0,0.0,0.0,-0.0030334122799168953,0.002604175999263859],[0.0,0.0,0.0,0.0,0.0,0.0,0.0017786456610068067,-0.002597396803427344]]}