{"din_name":"flux_level03237.json","din_kind":"RELATIVE","din_start":600.0000006107441,"din_end":660.0000030294599,"din_rules":["Interventions","r1","r1_rev","r2","r3","r4","r5","r6"],"din_hits":[0,516215,516099,313741,3372370,3058623,791147,791157],"din_fluxs":[[0.0,0.0,0.0,0.0,0.0,0.0,0.0,0.0],[0.0,-0.0011982068116761291,0.009689432319871294,0.01620068513012117,0.0,-0.0022314546000600506,0.0,0.0],[0.0,0.0011996571131312284,-0.00943359578877162,-0.01860730126920616,0.0,0.0027237905440453576,0.0,0.0],[0.0,0.0,0.0,-0.10277070493387426,0.002844270560379353,0.0,0.0031816927381813323,0.0],[0.0,0.0,0.0,0.01108027841061444,-0.002836187083230812,0.014115106035883111,-0.002834681477571716,0.0],[0.0,0.0,0.0,0.0,0.002844256615336605,-0.015404873907803967,0.0030934401998095403,0.0],[0.0,0.0,0.0,0.0,0.0,0.0,-0.0037677965669493476,0.0016320458019825717],[0.0,0.0,0.0,0.0,0.0,0.0,0.0027088301381724975,-0.0016293847380947982]]}