{"din_name":"flux_level10307.json","din_kind":"RELATIVE","din_start":600.0000163877128,"din_end":660.0000100735776,"din_rules":["Interventions","r1","r1_rev","r2","r3","r4","r5","r6"],"din_hits":[0,144405,144359,9403,411935,402530,661565,661571],"din_fluxs":[[0.0,0.0,0.0,0.0,0.0,0.0,0.0,0.0],[0.0,-0.0011266703974038622,0.02299317823256285,0.034140253362304966,0.0,-0.0020992412917072707,0.0,0.0],[0.0,0.001127949039436463,-0.02209242783336066,-0.042718392809754015,0.0,0.003102305692619952,0.0,0.0],[0.0,0.0,0.0,-0.2482760636200085,0.0025600471646900253,0.0,0.0028688192515322875,0.0],[0.0,0.0,0.0,0.01288691473667391,-0.0025529053082967543,0.019158174716633936,-0.0025507117731593883,0.0],[0.0,0.0,0.0,0.0,0.0025594272516381985,-0.019570893711438626,0.002827303824656003,0.0],[0.0,0.0,0.0,0.0,0.0,0.0,-0.0015202657732064403,0.007130859296197517],[0.0,0.0,0.0,0.0,0.0,0.0,0.0013544455310748483,-0.007080060734520327]]}