{"din_name":"flux_level13716.json","din_kind":"RELATIVE","din_start":600.0000025439817,"din_end":660.0000156871375,"din_rules":["Interventions","r1","r1_rev","r2","r3","r4","r5","r6"],"din_hits":[0,61955,61942,13813,3572616,3558789,1313159,1313153],"din_fluxs":[[0.0,0.0,0.0,0.0,0.0,0.0,0.0,0.0],[0.0,-0.0010911182693133892,0.09436375292049393,0.09767114671228727,0.0,-0.00201676427437172,0.0,0.0],[0.0,0.0010923113919184533,-0.08413620101705051,-0.15311497865123103,0.0,0.00470174466321362,0.0,0.0],[0.0,0.0,0.0,-0.4338883258219849,0.0026859881948513476,0.0,0.0031158703351383556,0.0],[0.0,0.0,0.0,0.0054167131594690795,-0.0026798572941081696,0.016238993202680845,-0.0026804243017657867,0.0],[0.0,0.0,0.0,0.0,0.0026870654360190613,-0.01608506341721478,0.0028514645352363845,0.0],[0.0,0.0,0.0,0.0,0.0,0.0,-0.00195528377274884,0.003303294794856433],[0.0,0.0,0.0,0.0,0.0,0.0,0.0015157560595779628,-0.003292393629668747]]}