{"din_name":"flux_level03308.json","din_kind":"RELATIVE","din_start":600.0000013531406,"din_end":660.0000101661262,"din_rules":["Interventions","r1","r1_rev","r2","r3","r4","r5","r6"],"din_hits":[0,35103,35081,36072,3642855,3606780,2215635,2215667],"din_fluxs":[[0.0,0.0,0.0,0.0,0.0,0.0,0.0,0.0],[0.0,-0.0010993631944191265,0.05419309881663177,0.051611562927539996,0.0,-0.0020201317149614933,0.0,0.0],[0.0,0.001100579213170899,-0.0504274258779115,-0.09592933325478682,0.0,0.004569808762528073,0.0,0.0],[0.0,0.0,0.0,-0.29379070986353983,0.0027333517374387,0.0,0.003755839280027669,0.0],[0.0,0.0,0.0,0.004816692533196673,-0.0027262641254355096,0.015642805671299175,-0.002725604948064089,0.0],[0.0,0.0,0.0,0.0,0.0027337238024395215,-0.015576923179886485,0.003076530171002657,0.0],[0.0,0.0,0.0,0.0,0.0,0.0,-0.0024492807224002415,0.0023669718617778317],[0.0,0.0,0.0,0.0,0.0,0.0,0.0018852732924465182,-0.0023613743333466162]]}