{"din_name":"flux_level02415.json","din_kind":"RELATIVE","din_start":600.0000588641458,"din_end":660.0000240592195,"din_rules":["Interventions","r1","r1_rev","r2","r3","r4","r5","r6"],"din_hits":[0,21475,21453,532,103545,103011,735715,735711],"din_fluxs":[[0.0,0.0,0.0,0.0,0.0,0.0,0.0,0.0],[0.0,-0.001099735500574138,0.053382484261409166,0.08759230130905526,0.0,-0.0020576443270046347,0.0,0.0],[0.0,0.001100956578956344,-0.04967034701528586,-0.09042623930588922,0.0,0.0031901533885788057,0.0,0.0],[0.0,0.0,0.0,-0.4412676848085748,0.0025616189484729355,0.0,0.003905083991733091,0.0],[0.0,0.0,0.0,0.01409909854463062,-0.002553827587792927,0.0188951822341914,-0.002550278627652315,0.0],[0.0,0.0,0.0,0.0,0.00256036319867734,-0.0188631182727683,0.0037044180626791103,0.0],[0.0,0.0,0.0,0.0,0.0,0.0,-0.0020914999068716734,0.003036885958684902],[0.0,0.0,0.0,0.0,0.0,0.0,0.0019347965175063946,-0.003027672890538474]]}