{"din_name":"flux_level05196.json","din_kind":"RELATIVE","din_start":600.0000068189465,"din_end":660.0000144172793,"din_rules":["Interventions","r1","r1_rev","r2","r3","r4","r5","r6"],"din_hits":[0,36085,36072,9221,3777560,3768328,953137,953148],"din_fluxs":[[0.0,0.0,0.0,0.0,0.0,0.0,0.0,0.0],[0.0,-0.0010896667006685206,0.10768959151378876,0.11386754077569015,0.0,-0.0020018612836398423,0.0,0.0],[0.0,0.0010908570370050802,-0.09466066982852857,-0.17558374744134242,0.0,0.00428480351264172,0.0,0.0],[0.0,0.0,0.0,-0.40154582222674573,0.003102539572338393,0.0,0.003958228542888007,0.0],[0.0,0.0,0.0,0.0029866014645497448,-0.0030942233035735657,0.011588716375396433,-0.0030924764746050903,0.0],[0.0,0.0,0.0,0.0,0.0031038368697506907,-0.011504765484121979,0.0033497767581896613,0.0],[0.0,0.0,0.0,0.0,0.0,0.0,-0.0029188808770942913,0.002204154508647516],[0.0,0.0,0.0,0.0,0.0,0.0,0.001958456130856864,-0.0021993017565372784]]}