{"din_name":"flux_level10907.json","din_kind":"RELATIVE","din_start":600.0000356598085,"din_end":660.0000697799983,"din_rules":["Interventions","r1","r1_rev","r2","r3","r4","r5","r6"],"din_hits":[0,170197,170172,11358,1359106,1347761,1069934,1069935],"din_fluxs":[[0.0,0.0,0.0,0.0,0.0,0.0,0.0,0.0],[0.0,-0.0011104572560571696,0.034720438124732717,0.054217861130752894,0.0,-0.002067975853157789,0.0,0.0],[0.0,0.0011116946021714033,-0.032986371908010355,-0.0644109804654269,0.0,0.002716974307514531,0.0,0.0],[0.0,0.0,0.0,-0.16725285083250066,0.004518037951134005,0.0,0.00574779998062988,0.0],[0.0,0.0,0.0,0.0037605607501139562,-0.004497973470328576,0.0073879605624661455,-0.004497731000637638,0.0],[0.0,0.0,0.0,0.0,0.0045183334125928325,-0.007475206661944627,0.005543661501823921,0.0],[0.0,0.0,0.0,0.0,0.0,0.0,-0.003301231125603348,0.004317307042862934],[0.0,0.0,0.0,0.0,0.0,0.0,0.002016727005932649,-0.004298686384512459]]}