{"din_name":"flux_level07385.json","din_kind":"RELATIVE","din_start":600.0000132222938,"din_end":660.0000035216088,"din_rules":["Interventions","r1","r1_rev","r2","r3","r4","r5","r6"],"din_hits":[0,205692,205641,141967,3878422,3736439,583080,583074],"din_fluxs":[[0.0,0.0,0.0,0.0,0.0,0.0,0.0,0.0],[0.0,-0.001131160433795635,0.021069879678108056,0.026090490339074086,0.0,-0.002091836130947584,0.0,0.0],[0.0,0.0011324479633044657,-0.020287262872240492,-0.039310830729594716,0.0,0.003567515693895378,0.0,0.0],[0.0,0.0,0.0,-0.20259419306263493,0.002572478546235369,0.0,0.002786467995229182,0.0],[0.0,0.0,0.0,0.010153131119460458,-0.0025661865727772404,0.019114089899335593,-0.002565794022000612,0.0],[0.0,0.0,0.0,0.0,0.002572802887619287,-0.01953198352154138,0.002660075973214959,0.0],[0.0,0.0,0.0,0.0,0.0,0.0,-0.002733445548395282,0.0019015303033344667],[0.0,0.0,0.0,0.0,0.0,0.0,0.0021527305036529595,-0.0018979185959186213]]}