{"din_name":"flux_level12993.json","din_kind":"RELATIVE","din_start":600.0000031457243,"din_end":660.0000044982062,"din_rules":["Interventions","r1","r1_rev","r2","r3","r4","r5","r6"],"din_hits":[0,103013,102967,81223,2391804,2310566,964632,964636],"din_fluxs":[[0.0,0.0,0.0,0.0,0.0,0.0,0.0,0.0],[0.0,-0.00113013782654085,0.021490160682114682,0.026915064226224895,0.0,-0.002103818774804344,0.0,0.0],[0.0,0.0011314289872387288,-0.020661897346506072,-0.04015320463574465,0.0,0.0034862150272832087,0.0,0.0],[0.0,0.0,0.0,-0.1736829265749225,0.002752171350194972,0.0,0.003062701255130652,0.0],[0.0,0.0,0.0,0.007825806477574528,-0.00274481167297995,0.01551130164313817,-0.00274537861776372,0.0],[0.0,0.0,0.0,0.0,0.002752376827079709,-0.01586221300082228,0.0029201404820801196,0.0],[0.0,0.0,0.0,0.0,0.0,0.0,-0.0018277308832228283,0.004255055318276042],[0.0,0.0,0.0,0.0,0.0,0.0,0.0014082347659814347,-0.004236968373306083]]}