{"din_name":"flux_level11254.json","din_kind":"RELATIVE","din_start":600.000011014322,"din_end":660.0000105248467,"din_rules":["Interventions","r1","r1_rev","r2","r3","r4","r5","r6"],"din_hits":[0,112244,112220,8054,766321,758265,1490073,1490065],"din_fluxs":[[0.0,0.0,0.0,0.0,0.0,0.0,0.0,0.0],[0.0,-0.001112350552342966,0.0327852452463381,0.0486091104322826,0.0,-0.0020652089441066364,0.0,0.0],[0.0,0.001113593922750742,-0.031198861957183396,-0.06080791678819212,0.0,0.0029069050721837863,0.0,0.0],[0.0,0.0,0.0,-0.18970575469613024,0.003518926725986541,0.0,0.005899609675700203,0.0],[0.0,0.0,0.0,0.0052760305116288314,-0.003503454936202847,0.009581924028220258,-0.003504011250084017,0.0],[0.0,0.0,0.0,0.0,0.003515751339210998,-0.00971213572060068,0.005490258658961826,0.0],[0.0,0.0,0.0,0.0,0.0,0.0,-0.0037132946720775445,0.00242037068398523],[0.0,0.0,0.0,0.0,0.0,0.0,0.0027157180315792273,-0.0024145183497403205]]}