{"din_name":"flux_level06201.json","din_kind":"RELATIVE","din_start":600.000003025069,"din_end":660.0000044711963,"din_rules":["Interventions","r1","r1_rev","r2","r3","r4","r5","r6"],"din_hits":[0,183050,182995,148324,4036139,3887812,1069533,1069563],"din_fluxs":[[0.0,0.0,0.0,0.0,0.0,0.0,0.0,0.0],[0.0,-0.0011310805964486643,0.021080275681846734,0.025908683923267246,0.0,-0.0020901497028582186,0.0,0.0],[0.0,0.0011323686443516347,-0.020293653640533215,-0.0394331292866696,0.0,0.0035910895228598297,0.0,0.0],[0.0,0.0,0.0,-0.19739076931511557,0.0025916246087832173,0.0,0.003139838048094772,0.0],[0.0,0.0,0.0,0.009776462154702554,-0.0025850775114875896,0.018640495211836153,-0.002583833015696756,0.0],[0.0,0.0,0.0,0.0,0.0025917855976030886,-0.019051803836473157,0.002830649434028898,0.0],[0.0,0.0,0.0,0.0,0.0,0.0,-0.004196664944189719,0.001461772812570282],[0.0,0.0,0.0,0.0,0.0,0.0,0.0032953355854556613,-0.001459637734983697]]}