{"din_name":"flux_level01140.json","din_kind":"RELATIVE","din_start":600.00000025394,"din_end":660.0000088299543,"din_rules":["Interventions","r1","r1_rev","r2","r3","r4","r5","r6"],"din_hits":[0,50389,50371,20557,3059187,3038632,533639,533641],"din_fluxs":[[0.0,0.0,0.0,0.0,0.0,0.0,0.0,0.0],[0.0,-0.0010946338198993548,0.07120453005885352,0.06793661818373517,0.0,-0.002045713207696671,0.0,0.0],[0.0,0.0010958358749428002,-0.06514102530313538,-0.12016963291339613,0.0,0.004885921939452544,0.0,0.0],[0.0,0.0,0.0,-0.38482627143505543,0.0025924197088446886,0.0,0.0036414679695517004,0.0],[0.0,0.0,0.0,0.005884669803564172,-0.002585940554959552,0.018324168997467173,-0.0025887243503226066,0.0],[0.0,0.0,0.0,0.0,0.0025926487279312963,-0.01815834650390095,0.0028763285905764957,0.0],[0.0,0.0,0.0,0.0,0.0,0.0,-0.006930553430958591,0.0012380721470755885],[0.0,0.0,0.0,0.0,0.0,0.0,0.005426801607589708,-0.0012365408899054514]]}