{"din_name":"flux_level03330.json","din_kind":"RELATIVE","din_start":600.0000075900228,"din_end":660.000005632236,"din_rules":["Interventions","r1","r1_rev","r2","r3","r4","r5","r6"],"din_hits":[0,62690,62620,39242,996427,957175,737204,737213],"din_fluxs":[[0.0,0.0,0.0,0.0,0.0,0.0,0.0,0.0],[0.0,-0.0011521366930120445,0.01527007892660052,0.0244280191383122,0.0,-0.0021449886598142926,0.0,0.0],[0.0,0.0011535068969792976,-0.014740574153645221,-0.029198258000788107,0.0,0.0026819080352571832,0.0,0.0],[0.0,0.0,0.0,-0.07597191809466412,0.005148512313655948,0.0,0.006248614473026401,0.0],[0.0,0.0,0.0,0.0036108730533217738,-0.005123364398499078,0.006870286385809338,-0.0051224412286340155,0.0],[0.0,0.0,0.0,0.0,0.0051498605239766885,-0.00713552504072108,0.006052654473484867,0.0],[0.0,0.0,0.0,0.0,0.0,0.0,-0.0032913468144659293,0.007328205482544155],[0.0,0.0,0.0,0.0,0.0,0.0,0.0020788900723967764,-0.007274543405874245]]}