{"din_name":"flux_level06827.json","din_kind":"RELATIVE","din_start":600.0000130055778,"din_end":660.0000084684186,"din_rules":["Interventions","r1","r1_rev","r2","r3","r4","r5","r6"],"din_hits":[0,64886,64872,2707,1775091,1772387,1303872,1303862],"din_fluxs":[[0.0,0.0,0.0,0.0,0.0,0.0,0.0,0.0],[0.0,-0.0010917369593896908,0.09173816102119696,0.13862611594739202,0.0,-0.0020282786989752103,0.0,0.0],[0.0,0.0010929314942966604,-0.07996105307619866,-0.15080165263233494,0.0,0.002790915358813542,0.0,0.0],[0.0,0.0,0.0,-0.31694858389035063,0.005000588257371446,0.0,0.0071271337280189515,0.0],[0.0,0.0,0.0,0.00262417964776878,-0.004977824553661742,0.00679324135520797,-0.004977304404819297,0.0],[0.0,0.0,0.0,0.0,0.005002784871427426,-0.006784985660283236,0.0065856530848974314,0.0],[0.0,0.0,0.0,0.0,0.0,0.0,-0.004484988000420617,0.0029479071976908156],[0.0,0.0,0.0,0.0,0.0,0.0,0.0023687755928197144,-0.002939225258582784]]}