{"din_name":"flux_level01187.json","din_kind":"RELATIVE","din_start":600.0000038417866,"din_end":660.0000086736561,"din_rules":["Interventions","r1","r1_rev","r2","r3","r4","r5","r6"],"din_hits":[0,134336,134313,18234,2608842,2590590,173086,173082],"din_fluxs":[[0.0,0.0,0.0,0.0,0.0,0.0,0.0,0.0],[0.0,-0.001103305514865567,0.04510433840519208,0.059747827869373174,0.0,-0.0020446375178669054,0.0,0.0],[0.0,0.0011045264133931496,-0.042406453833415604,-0.08231181798404312,0.0,0.0032251489073760005,0.0,0.0],[0.0,0.0,0.0,-0.2181653031344123,0.0036154004710444196,0.0,0.005864795423967376,0.0],[0.0,0.0,0.0,0.0037058568781158266,-0.0036029699067678792,0.009254161771272095,-0.003620239626148593,0.0],[0.0,0.0,0.0,0.0,0.0036160173416555615,-0.009293056216643104,0.004799115989858462,0.0],[0.0,0.0,0.0,0.0,0.0,0.0,-0.0342451548335708,0.0010643349796742008],[0.0,0.0,0.0,0.0,0.0,0.0,0.01978506033452762,-0.001063203585263675]]}