{"din_name":"flux_level04421.json","din_kind":"RELATIVE","din_start":600.0000135993532,"din_end":660.0000084466418,"din_rules":["Interventions","r1","r1_rev","r2","r3","r4","r5","r6"],"din_hits":[0,18552,18531,19614,1868110,1848484,1251534,1251518],"din_fluxs":[[0.0,0.0,0.0,0.0,0.0,0.0,0.0,0.0],[0.0,-0.0011029739461255604,0.04585557125495766,0.04891377231246493,0.0,-0.002034128255381084,0.0,0.0],[0.0,0.0011042075197814259,-0.0429495117075751,-0.08322132519339105,0.0,0.0039861727671277655,0.0,0.0],[0.0,0.0,0.0,-0.22696636774088738,0.003101574658830995,0.0,0.0041657611438363756,0.0],[0.0,0.0,0.0,0.003562605983433196,-0.0030928943427032465,0.011774115834935784,-0.003093283197357009,0.0],[0.0,0.0,0.0,0.0,0.0031025065982098706,-0.011777990937488337,0.0035688964882958337,0.0],[0.0,0.0,0.0,0.0,0.0,0.0,-0.0024488938776891737,0.0030104377377182623],[0.0,0.0,0.0,0.0,0.0,0.0,0.0017553585800282843,-0.003001384472362218]]}