{"din_name":"flux_level11490.json","din_kind":"RELATIVE","din_start":600.0000003766597,"din_end":660.0000468883743,"din_rules":["Interventions","r1","r1_rev","r2","r3","r4","r5","r6"],"din_hits":[0,136724,136699,3872,969720,965832,79352,79364],"din_fluxs":[[0.0,0.0,0.0,0.0,0.0,0.0,0.0,0.0],[0.0,-0.0011043707250416245,0.04316690516598452,0.07800723989712795,0.0,-0.0020476177954314827,0.0,0.0],[0.0,0.0011055941377079632,-0.04066248317071336,-0.07937983737050014,0.0,0.0022958888757155823,0.0,0.0],[0.0,0.0,0.0,-0.16034317873415377,0.011835102481309258,0.0,0.012211852150346186,0.0],[0.0,0.0,0.0,0.002063826389520423,-0.011679006492497665,0.0049249286145352095,-0.011681025196835592,0.0],[0.0,0.0,0.0,0.0,0.011818155731780074,-0.00495451961268292,0.012127884964880542,0.0],[0.0,0.0,0.0,0.0,0.0,0.0,-0.0060622636573751144,0.0666507350732526],[0.0,0.0,0.0,0.0,0.0,0.0,0.0023922699562288824,-0.06216303653002432]]}