{"din_name":"flux_level04040.json","din_kind":"RELATIVE","din_start":600.0000093882243,"din_end":660.0000043284963,"din_rules":["Interventions","r1","r1_rev","r2","r3","r4","r5","r6"],"din_hits":[0,70452,70411,24777,1213601,1188819,65525,65544],"din_fluxs":[[0.0,0.0,0.0,0.0,0.0,0.0,0.0,0.0],[0.0,-0.0011300289624638206,0.021577118627162845,0.0339425207161925,0.0,-0.002097978494657259,0.0,0.0],[0.0,0.0011313251500199403,-0.020733448163083024,-0.04095626102103045,0.0,0.0026802550870697623,0.0,0.0],[0.0,0.0,0.0,-0.09685960731206257,0.005724433744493833,0.0,0.006331013850223814,0.0],[0.0,0.0,0.0,0.0027240574088338012,-0.0056918347770221174,0.006422946217828618,-0.0056945747012723275,0.0],[0.0,0.0,0.0,0.0,0.0057245112155426695,-0.006547898240696825,0.006037232227996108,0.0],[0.0,0.0,0.0,0.0,0.0,0.0,-0.008112116074046948,0.001570609924158642],[0.0,0.0,0.0,0.0,0.0,0.0,0.002914500420947943,-0.0015681427712423135]]}