{"din_name":"flux_level05506.json","din_kind":"RELATIVE","din_start":600.0000016656476,"din_end":660.0000015886392,"din_rules":["Interventions","r1","r1_rev","r2","r3","r4","r5","r6"],"din_hits":[0,79263,79241,3780,1034410,1030650,44048,44075],"din_fluxs":[[0.0,0.0,0.0,0.0,0.0,0.0,0.0,0.0],[0.0,-0.0010963908774829349,0.06377059524099223,0.09071934465309932,0.0,-0.0020306381826722345,0.0,0.0],[0.0,0.0010975961471703893,-0.05880916824954605,-0.11153567007147411,0.0,0.003230047310066527,0.0,0.0],[0.0,0.0,0.0,-0.33789545705572277,0.003143480837239376,0.0,0.0031859737074741742,0.0],[0.0,0.0,0.0,0.005963608496600237,-0.0031317190966982217,0.01130805721400581,-0.0031314417728614753,0.0],[0.0,0.0,0.0,0.0,0.0031415565782551684,-0.011311766930204057,0.0031648681112565343,0.0],[0.0,0.0,0.0,0.0,0.0,0.0,-0.0016525145935385797,0.020465990600529886],[0.0,0.0,0.0,0.0,0.0,0.0,0.0011072126806523834,-0.02004444360337296]]}