{"din_name":"flux_level00263.json","din_kind":"RELATIVE","din_start":600.000001213687,"din_end":660.0000075548944,"din_rules":["Interventions","r1","r1_rev","r2","r3","r4","r5","r6"],"din_hits":[0,76908,76897,1868,1003848,1001990,1774570,1774531],"din_fluxs":[[0.0,0.0,0.0,0.0,0.0,0.0,0.0,0.0],[0.0,-0.0010920944635544687,0.08633999683385231,0.13733090495336764,0.0,-0.002020909394973067,0.0,0.0],[0.0,0.0010932896036764143,-0.07773768522940301,-0.14344873163407765,0.0,0.0030369748919895955,0.0,0.0],[0.0,0.0,0.0,-0.41365837857079385,0.003251316758444228,0.0,0.004545404498527701,0.0],[0.0,0.0,0.0,0.006693469644785217,-0.0032391838255960283,0.010624452149858608,-0.0032393889291223205,0.0],[0.0,0.0,0.0,0.0,0.0032497141711997357,-0.010607879313182828,0.004374822240796293,0.0],[0.0,0.0,0.0,0.0,0.0,0.0,-0.0027157200415516593,0.0030907829042404428],[0.0,0.0,0.0,0.0,0.0,0.0,0.0020898813189755357,-0.003081241497145847]]}