{"din_name":"flux_level07113.json","din_kind":"RELATIVE","din_start":600.0000435142542,"din_end":660.0000019762191,"din_rules":["Interventions","r1","r1_rev","r2","r3","r4","r5","r6"],"din_hits":[0,5013,4996,34962,2930722,2895736,935332,935331],"din_fluxs":[[0.0,0.0,0.0,0.0,0.0,0.0,0.0,0.0],[0.0,-0.001103665416621407,0.04475265102256925,0.04564693460313057,0.0,-0.0019986419556884258,0.0,0.0],[0.0,0.001104941256769127,-0.04163953643152208,-0.07867436142719811,0.0,0.004057584599717909,0.0,0.0],[0.0,0.0,0.0,-0.2236258939448902,0.003020669105761352,0.0,0.0035077567198378836,0.0],[0.0,0.0,0.0,0.003567591710949011,-0.003011877337255915,0.0124265227087582,-0.0030127976888146024,0.0],[0.0,0.0,0.0,0.0,0.0030209855477085915,-0.012423464090277236,0.0031897351378089933,0.0],[0.0,0.0,0.0,0.0,0.0,0.0,-0.0019000120669995803,0.0052548056447389606],[0.0,0.0,0.0,0.0,0.0,0.0,0.0013704966943390217,-0.005227221135201024]]}