{"din_name":"flux_level12978.json","din_kind":"RELATIVE","din_start":600.0000021233302,"din_end":660.0000050832597,"din_rules":["Interventions","r1","r1_rev","r2","r3","r4","r5","r6"],"din_hits":[0,1293429,1292490,3083721,3093937,10261,2186970,2186904],"din_fluxs":[[0.0,0.0,0.0,0.0,0.0,0.0,0.0,0.0],[0.0,-0.02004640955228206,0.0010763741289846994,0.005200513363257029,0.0,-0.03845268548495329,0.0,0.0],[0.0,0.020477809841005508,-0.0010527376259201803,-0.002099089558262369,0.0,0.018326657217468647,0.0,0.0],[0.0,0.0,0.0,-0.0334255093396708,0.0023117996053765434,0.0,0.0024909448299000356,0.0],[0.0,0.0,0.0,0.033177649786792655,-0.0023064719269249153,0.011996400190489184,-0.002306018939426775,0.0],[0.0,0.0,0.0,0.0,0.002313977119523221,-0.23052595653748234,0.0026832243485934086,0.0],[0.0,0.0,0.0,0.0,0.0,0.0,-0.002075654296161675,0.002287163267849904],[0.0,0.0,0.0,0.0,0.0,0.0,0.0018283508603430592,-0.002281935997280252]]}