{"din_name":"flux_level10298.json","din_kind":"RELATIVE","din_start":600.0000053001829,"din_end":660.0000016369855,"din_rules":["Interventions","r1","r1_rev","r2","r3","r4","r5","r6"],"din_hits":[0,320491,320415,94319,1998770,1904444,1711426,1711380],"din_fluxs":[[0.0,0.0,0.0,0.0,0.0,0.0,0.0,0.0],[0.0,-0.001147110919119167,0.0162953255434165,0.023108781559460657,0.0,-0.002139720450106959,0.0,0.0],[0.0,0.0011484351211324389,-0.01576453097726049,-0.03061169625022917,0.0,0.0031470425897501043,0.0,0.0],[0.0,0.0,0.0,-0.17562662753053251,0.00260261269616495,0.0,0.0032666468659628242,0.0],[0.0,0.0,0.0,0.0115680721336042,-0.0025963484778912913,0.018270951828203014,-0.002594934236000579,0.0],[0.0,0.0,0.0,0.0,0.0026031341316428147,-0.018977656219778684,0.003062813305267228,0.0],[0.0,0.0,0.0,0.0,0.0,0.0,-0.002721315663678414,0.001991847801901315],[0.0,0.0,0.0,0.0,0.0,0.0,0.002184118804346316,-0.0019878870016447896]]}