{"din_name":"flux_level10120.json","din_kind":"RELATIVE","din_start":600.0000727358503,"din_end":660.00000709913,"din_rules":["Interventions","r1","r1_rev","r2","r3","r4","r5","r6"],"din_hits":[0,27411,27197,130043,607390,477320,478434,478437],"din_fluxs":[[0.0,0.0,0.0,0.0,0.0,0.0,0.0,0.0],[0.0,-0.0013405588516244538,0.005125934576371812,0.01130114601236431,0.0,-0.0025107154466248436,0.0,0.0],[0.0,0.0013434343557092972,-0.0048429762104117025,-0.009831339100671131,0.0,0.002328003158267668,0.0,0.0],[0.0,0.0,0.0,-0.06954023755844434,0.002839321609147769,0.0,0.003033866503821215,0.0],[0.0,0.0,0.0,0.01595018854705976,-0.0028313372939161446,0.013328010458100267,-0.0028312399723765575,0.0],[0.0,0.0,0.0,0.0,0.0028393950141815836,-0.016666068554263926,0.003051886987737166,0.0],[0.0,0.0,0.0,0.0,0.0,0.0,-0.0016117565380207055,0.009828903238454164],[0.0,0.0,0.0,0.0,0.0,0.0,0.0013504596824216936,-0.009732388359619855]]}