{"din_name":"flux_level07852.json","din_kind":"RELATIVE","din_start":600.0000583424029,"din_end":660.0000062129475,"din_rules":["Interventions","r1","r1_rev","r2","r3","r4","r5","r6"],"din_hits":[0,57056,57036,10959,915075,904097,425300,425285],"din_fluxs":[[0.0,0.0,0.0,0.0,0.0,0.0,0.0,0.0],[0.0,-0.0011081995596833405,0.03749692961780104,0.04520495873110526,0.0,-0.002026037935342208,0.0,0.0],[0.0,0.0011094359228344531,-0.035491811902200895,-0.06848505148334778,0.0,0.003537162405137861,0.0,0.0],[0.0,0.0,0.0,-0.23019508418427212,0.0029617832736504907,0.0,0.0033538427741053086,0.0],[0.0,0.0,0.0,0.005640120032100244,-0.002953379563855114,0.012847903577871479,-0.0029536014914283704,0.0],[0.0,0.0,0.0,0.0,0.0029621363635130003,-0.012929293354915937,0.0032057119079276016,0.0],[0.0,0.0,0.0,0.0,0.0,0.0,-0.0019744349099619263,0.004333574440230705],[0.0,0.0,0.0,0.0,0.0,0.0,0.0014549038630279716,-0.004314822479718316]]}