{"din_name":"flux_level04348.json","din_kind":"RELATIVE","din_start":600.0000044406135,"din_end":660.0000089575036,"din_rules":["Interventions","r1","r1_rev","r2","r3","r4","r5","r6"],"din_hits":[0,84840,84819,21969,3445072,3423104,630741,630754],"din_fluxs":[[0.0,0.0,0.0,0.0,0.0,0.0,0.0,0.0],[0.0,-0.0010976796736621832,0.059210716195638245,0.06577266421707789,0.0,-0.002035854299569908,0.0,0.0],[0.0,0.001098888024246311,-0.054860088333704565,-0.10433764694262153,0.0,0.003948007589186085,0.0,0.0],[0.0,0.0,0.0,-0.29392437816183375,0.0029959709845504426,0.0,0.00321179781996532,0.0],[0.0,0.0,0.0,0.004168928690285519,-0.0029865635552263087,0.012502075218949176,-0.002986055171338008,0.0],[0.0,0.0,0.0,0.0,0.0029955121079575688,-0.012471882325081781,0.003085853470910227,0.0],[0.0,0.0,0.0,0.0,0.0,0.0,-0.001738597314856158,0.007627543635764174],[0.0,0.0,0.0,0.0,0.0,0.0,0.0012458217275182913,-0.007569423352503752]]}