{"din_name":"flux_level03241.json","din_kind":"RELATIVE","din_start":600.000009553839,"din_end":660.0000098122714,"din_rules":["Interventions","r1","r1_rev","r2","r3","r4","r5","r6"],"din_hits":[0,406681,406578,316324,3369283,3052948,1056454,1056475],"din_fluxs":[[0.0,0.0,0.0,0.0,0.0,0.0,0.0,0.0],[0.0,-0.0011982555485700766,0.009688739815670595,0.01613094854048301,0.0,-0.0022297346431362636,0.0,0.0],[0.0,0.0011997095326314322,-0.009430432287087953,-0.01861066338719672,0.0,0.002734937716851135,0.0,0.0],[0.0,0.0,0.0,-0.10246776612938535,0.0028434336241966534,0.0,0.0031767076265729528,0.0],[0.0,0.0,0.0,0.01105418241448618,-0.0028356087637793474,0.014129533978244286,-0.0028376318770524855,0.0],[0.0,0.0,0.0,0.0,0.0028437014415996402,-0.01541936213077235,0.0030872628891765105,0.0],[0.0,0.0,0.0,0.0,0.0,0.0,-0.0028284297180670263,0.002063346856966446],[0.0,0.0,0.0,0.0,0.0,0.0,0.00205342094461777,-0.0020590923788321473]]}