{"din_name":"flux_level03026.json","din_kind":"RELATIVE","din_start":600.0000075407144,"din_end":660.0000138682982,"din_rules":["Interventions","r1","r1_rev","r2","r3","r4","r5","r6"],"din_hits":[0,64594,64552,63793,2855275,2791474,158288,158301],"din_fluxs":[[0.0,0.0,0.0,0.0,0.0,0.0,0.0,0.0],[0.0,-0.0011135316360363075,0.03163912513233497,0.03371977150467027,0.0,-0.0020434668567319027,0.0,0.0],[0.0,0.0011147817006044941,-0.030122470213264974,-0.058273492436599204,0.0,0.004141502421075859,0.0,0.0],[0.0,0.0,0.0,-0.2514362204951514,0.0025627027129016154,0.0,0.0038649455259738685,0.0],[0.0,0.0,0.0,0.008268365503908259,-0.0025567926702943413,0.01933004282915992,-0.002553392084415761,0.0],[0.0,0.0,0.0,0.0,0.002563363592595858,-0.019434142131619814,0.0030006654625401824,0.0],[0.0,0.0,0.0,0.0,0.0,0.0,-0.03060788399225808,0.0010462400453445965],[0.0,0.0,0.0,0.0,0.0,0.0,0.024769702199999938,-0.0010451462362832706]]}