{"din_name":"flux_level10625.json","din_kind":"RELATIVE","din_start":600.0000254019807,"din_end":660.0000031251691,"din_rules":["Interventions","r1","r1_rev","r2","r3","r4","r5","r6"],"din_hits":[0,416534,416391,365312,2718732,2353413,2323254,2323231],"din_fluxs":[[0.0,0.0,0.0,0.0,0.0,0.0,0.0,0.0],[0.0,-0.0012414802926294045,0.007369730208150629,0.013721822016463986,0.0,-0.002313601600355665,0.0,0.0],[0.0,0.001243052447629605,-0.007186852976902925,-0.014197848917967684,0.0,0.0025625734035500543,0.0,0.0],[0.0,0.0,0.0,-0.10987424227705535,0.002603749277572155,0.0,0.0030507218994814886,0.0],[0.0,0.0,0.0,0.016638356143246453,-0.002597061994407473,0.017872718410035737,-0.002596372647509099,0.0],[0.0,0.0,0.0,0.0,0.002603838636849595,-0.020272838067520515,0.0030076031728351878,0.0],[0.0,0.0,0.0,0.0,0.0,0.0,-0.0024139497820370986,0.0022637755702334733],[0.0,0.0,0.0,0.0,0.0,0.0,0.0019438074526571057,-0.002258656317138893]]}