{"din_name":"flux_level09711.json","din_kind":"RELATIVE","din_start":600.0000038059293,"din_end":660.0000134793432,"din_rules":["Interventions","r1","r1_rev","r2","r3","r4","r5","r6"],"din_hits":[0,108881,108852,18714,2509175,2490458,318381,318400],"din_fluxs":[[0.0,0.0,0.0,0.0,0.0,0.0,0.0,0.0],[0.0,-0.001104140527013929,0.043613390790665126,0.05779491270592071,0.0,-0.002051795339907652,0.0,0.0],[0.0,0.0011053639096996384,-0.041060341694676705,-0.07943042517749585,0.0,0.0031980012255931685,0.0,0.0],[0.0,0.0,0.0,-0.20434443428043902,0.003764491962993222,0.0,0.004666326707988152,0.0],[0.0,0.0,0.0,0.003292404883254363,-0.00374993249951581,0.008834748437813841,-0.0037474482191429963,0.0],[0.0,0.0,0.0,0.0,0.003764060543761556,-0.008871589574700888,0.004176884502703179,0.0],[0.0,0.0,0.0,0.0,0.0,0.0,-0.006836577262237082,0.0014068876581342922],[0.0,0.0,0.0,0.0,0.0,0.0,0.0037380154166785835,-0.0014049083368014457]]}