{"din_name":"flux_level10552.json","din_kind":"RELATIVE","din_start":600.0000515776429,"din_end":660.0000152624814,"din_rules":["Interventions","r1","r1_rev","r2","r3","r4","r5","r6"],"din_hits":[0,75091,75072,2802,1340788,1337961,558496,558514],"din_fluxs":[[0.0,0.0,0.0,0.0,0.0,0.0,0.0,0.0],[0.0,-0.0010936709952902657,0.0764300772611331,0.116682894569572,0.0,-0.002028872600385878,0.0,0.0],[0.0,0.0010948698345808112,-0.0695407154062696,-0.1313000846676852,0.0,0.002872331740871367,0.0,0.0],[0.0,0.0,0.0,-0.31487328778709217,0.004171652773889542,0.0,0.005008153868728364,0.0],[0.0,0.0,0.0,0.0036782238268351776,-0.004154882242527688,0.007844825038374087,-0.0041549755222703485,0.0],[0.0,0.0,0.0,0.0,0.004172245815198601,-0.007846205123824975,0.004799819366952733,0.0],[0.0,0.0,0.0,0.0,0.0,0.0,-0.003322316723474422,0.003077367084146226],[0.0,0.0,0.0,0.0,0.0,0.0,0.0018420006694724338,-0.0030679057836866383]]}