{"din_name":"flux_level13788.json","din_kind":"RELATIVE","din_start":600.0000007843856,"din_end":660.0000066433973,"din_rules":["Interventions","r1","r1_rev","r2","r3","r4","r5","r6"],"din_hits":[0,18741,18718,22568,3391418,3368841,902963,902936],"din_fluxs":[[0.0,0.0,0.0,0.0,0.0,0.0,0.0,0.0],[0.0,-0.0010974977201697973,0.05996135472626172,0.06233554558750259,0.0,-0.002021698101943607,0.0,0.0],[0.0,0.0010987125190568886,-0.05543169713411135,-0.10591456004619439,0.0,0.00406893836175597,0.0,0.0],[0.0,0.0,0.0,-0.2619327961105023,0.0031958204042430638,0.0,0.004496479333119263,0.0],[0.0,0.0,0.0,0.0027498415544993165,-0.0031855921294853054,0.011125481479802609,-0.003185814872851025,0.0],[0.0,0.0,0.0,0.0,0.0031957799211625236,-0.011086843504039755,0.0034975788676414005,0.0],[0.0,0.0,0.0,0.0,0.0,0.0,-0.003248623973496216,0.002042567015134101],[0.0,0.0,0.0,0.0,0.0,0.0,0.002123631264003436,-0.0020384007539886984]]}