{"din_name":"flux_level11013.json","din_kind":"RELATIVE","din_start":600.0000050992663,"din_end":660.0000091336971,"din_rules":["Interventions","r1","r1_rev","r2","r3","r4","r5","r6"],"din_hits":[0,22907,22888,6755,1057643,1050904,1419281,1419256],"din_fluxs":[[0.0,0.0,0.0,0.0,0.0,0.0,0.0,0.0],[0.0,-0.0010947913828430365,0.07063408714639317,0.06923167267834787,0.0,-0.001992938707592385,0.0,0.0],[0.0,0.001095996798944219,-0.06462231739705623,-0.12017210976016614,0.0,0.0047253274085366555,0.0,0.0],[0.0,0.0,0.0,-0.3848938221875704,0.002610146264466754,0.0,0.003249704774951593,0.0],[0.0,0.0,0.0,0.006115170419346992,-0.0026036371680941417,0.017875996064362788,-0.002602867241321309,0.0],[0.0,0.0,0.0,0.0,0.0026104377319369236,-0.01772956437565779,0.0029742948313551958,0.0],[0.0,0.0,0.0,0.0,0.0,0.0,-0.0017673833778474916,0.0041992630921196036],[0.0,0.0,0.0,0.0,0.0,0.0,0.0014987768417653422,-0.0041816508094329385]]}