{"din_name":"flux_level12272.json","din_kind":"RELATIVE","din_start":600.0000028531741,"din_end":660.0000009142983,"din_rules":["Interventions","r1","r1_rev","r2","r3","r4","r5","r6"],"din_hits":[0,19872,19852,37417,3423253,3385828,1213131,1213112],"din_fluxs":[[0.0,0.0,0.0,0.0,0.0,0.0,0.0,0.0],[0.0,-0.0010992222014754886,0.05448062919196569,0.049437867185574295,0.0,-0.0020124650960935005,0.0,0.0],[0.0,0.0011004424906323684,-0.0506423036179941,-0.09597238850470133,0.0,0.004837511017193313,0.0,0.0],[0.0,0.0,0.0,-0.3100960439705223,0.0026276851933792803,0.0,0.0029964238311403477,0.0],[0.0,0.0,0.0,0.005454707651788963,-0.002621485851242761,0.01762996715159993,-0.0026220374197988804,0.0],[0.0,0.0,0.0,0.0,0.0026283862561756626,-0.017527618977934065,0.0027478780368833454,0.0],[0.0,0.0,0.0,0.0,0.0,0.0,-0.0016698606174612423,0.00488219787905463],[0.0,0.0,0.0,0.0,0.0,0.0,0.0013324915432517716,-0.0048583898301884166]]}