{"din_name":"flux_level08269.json","din_kind":"RELATIVE","din_start":600.0002011015902,"din_end":660.000034708764,"din_rules":["Interventions","r1","r1_rev","r2","r3","r4","r5","r6"],"din_hits":[0,18099,18086,144,94861,94725,196780,196797],"din_fluxs":[[0.0,0.0,0.0,0.0,0.0,0.0,0.0,0.0],[0.0,-0.0010920584239378836,0.08636151349715125,0.17424506850666324,0.0,-0.002046126414903918,0.0,0.0],[0.0,0.0010932573605829331,-0.07770332689712911,-0.1351120223427671,0.0,0.002787611354547323,0.0,0.0],[0.0,0.0,0.0,-0.49716093949209816,0.002798827998049108,0.0,0.010293996021238521,0.0],[0.0,0.0,0.0,0.013638703143131713,-0.0027888869545025998,0.014341713874147656,-0.0027938431050239035,0.0],[0.0,0.0,0.0,0.0,0.0027966868645550786,-0.014295409736716105,0.009390528005453445,0.0],[0.0,0.0,0.0,0.0,0.0,0.0,-0.013812836306105743,0.0012027011637301477],[0.0,0.0,0.0,0.0,0.0,0.0,0.010857399722614462,-0.0012012571768035814]]}