{"din_name":"flux_level05934.json","din_kind":"RELATIVE","din_start":600.0000053120885,"din_end":660.0000053722329,"din_rules":["Interventions","r1","r1_rev","r2","r3","r4","r5","r6"],"din_hits":[0,87596,87570,32572,2881323,2848745,461558,461555],"din_fluxs":[[0.0,0.0,0.0,0.0,0.0,0.0,0.0,0.0],[0.0,-0.0011023598851531145,0.046831292349105734,0.049254274731026206,0.0,-0.0020492583015926896,0.0,0.0],[0.0,0.0011035795936091741,-0.043951420256669614,-0.08447521018648592,0.0,0.004300763046992992,0.0,0.0],[0.0,0.0,0.0,-0.30041995570055446,0.00265262268998036,0.0,0.0027821775493798184,0.0],[0.0,0.0,0.0,0.006487283930854193,-0.002645352694669743,0.01707941452179198,-0.0026451974297437646,0.0],[0.0,0.0,0.0,0.0,0.0026523689524998563,-0.01704755758190314,0.0027053302693635997,0.0],[0.0,0.0,0.0,0.0,0.0,0.0,-0.0015259455242207978,0.007828262322338166],[0.0,0.0,0.0,0.0,0.0,0.0,0.0011950973432457036,-0.007767025462229029]]}