{"din_name":"flux_level08641.json","din_kind":"RELATIVE","din_start":600.0000091375243,"din_end":660.0000042639874,"din_rules":["Interventions","r1","r1_rev","r2","r3","r4","r5","r6"],"din_hits":[0,6249,6231,18028,2256794,2238762,970129,970147],"din_fluxs":[[0.0,0.0,0.0,0.0,0.0,0.0,0.0,0.0],[0.0,-0.0010952920187412263,0.06794202192610424,0.06037271862827783,0.0,-0.002045476406137814,0.0,0.0],[0.0,0.0010965151552688377,-0.062091199708024736,-0.1160996238098293,0.0,0.005049317690172383,0.0,0.0],[0.0,0.0,0.0,-0.3408126783013353,0.0026572187223795657,0.0,0.0043627566276260915,0.0],[0.0,0.0,0.0,0.004576280891203866,-0.002651021819160079,0.016959889949801736,-0.002651247215308773,0.0],[0.0,0.0,0.0,0.0,0.0026580778650312636,-0.016816210951260856,0.003010259956992163,0.0],[0.0,0.0,0.0,0.0,0.0,0.0,-0.0036116846708902023,0.0016169575305380872],[0.0,0.0,0.0,0.0,0.0,0.0,0.002796371837387699,-0.0016143457927590833]]}