{"din_name":"flux_level06518.json","din_kind":"RELATIVE","din_start":600.0000001250041,"din_end":660.0000034322452,"din_rules":["Interventions","r1","r1_rev","r2","r3","r4","r5","r6"],"din_hits":[0,87599,87585,6312,2475057,2468733,729622,729658],"din_fluxs":[[0.0,0.0,0.0,0.0,0.0,0.0,0.0,0.0],[0.0,-0.001094442139709407,0.0722898324722661,0.10487785642896645,0.0,-0.002044349443914446,0.0,0.0],[0.0,0.0010956426895982361,-0.06607150649597826,-0.12585520320679205,0.0,0.002983649772751598,0.0,0.0],[0.0,0.0,0.0,-0.28143528002988194,0.004390766155595527,0.0,0.004953102498800854,0.0],[0.0,0.0,0.0,0.002700316262456669,-0.004364143877866236,0.007531710889990846,-0.00436408941006586,0.0],[0.0,0.0,0.0,0.0,0.004383285392668809,-0.00752701036439791,0.004764341559264837,0.0],[0.0,0.0,0.0,0.0,0.0,0.0,-0.002816548936998995,0.005330074200357319],[0.0,0.0,0.0,0.0,0.0,0.0,0.0015427079861993025,-0.005301687898133895]]}