{"din_name":"flux_level00224.json","din_kind":"RELATIVE","din_start":600.0000230282897,"din_end":660.0000066752823,"din_rules":["Interventions","r1","r1_rev","r2","r3","r4","r5","r6"],"din_hits":[0,76741,76694,41743,2420493,2378726,275809,275808],"din_fluxs":[[0.0,0.0,0.0,0.0,0.0,0.0,0.0,0.0],[0.0,-0.001109625779424338,0.035643130301419794,0.038841528883076376,0.0,-0.0020545680868216025,0.0,0.0],[0.0,0.0011108625966839692,-0.03381241608207728,-0.06480391265516687,0.0,0.004005867613787296,0.0,0.0],[0.0,0.0,0.0,-0.24902788504118561,0.0026763933065729485,0.0,0.0028760329123583123,0.0],[0.0,0.0,0.0,0.006847536072779432,-0.002669502244422359,0.016691248663864473,-0.002668935139051866,0.0],[0.0,0.0,0.0,0.0,0.0026766548211914812,-0.016760766716699044,0.0027477790198391517,0.0],[0.0,0.0,0.0,0.0,0.0,0.0,-0.0025199967891199803,0.002148066879596278],[0.0,0.0,0.0,0.0,0.0,0.0,0.0019065953859145259,-0.0021434569786361853]]}