{"din_name":"flux_level11952.json","din_kind":"RELATIVE","din_start":600.000001756749,"din_end":660.0000061947317,"din_rules":["Interventions","r1","r1_rev","r2","r3","r4","r5","r6"],"din_hits":[0,263775,263717,61326,1764935,1703588,1702048,1702083],"din_fluxs":[[0.0,0.0,0.0,0.0,0.0,0.0,0.0,0.0],[0.0,-0.0011414535152073667,0.017701817811065793,0.02622189175889884,0.0,-0.0021240262163981375,0.0,0.0],[0.0,0.0011427651866534742,-0.017099404824336074,-0.03357111884605852,0.0,0.0029135817746071464,0.0,0.0],[0.0,0.0,0.0,-0.12074381861847436,0.00333205449270168,0.0,0.004655014703789161,0.0],[0.0,0.0,0.0,0.006151754942632091,-0.003321030033703397,0.010479206353783566,-0.003321965595603891,0.0],[0.0,0.0,0.0,0.0,0.003332108466765025,-0.010858708713679036,0.004338561219775551,0.0],[0.0,0.0,0.0,0.0,0.0,0.0,-0.0033170115991986997,0.0022876132394347025],[0.0,0.0,0.0,0.0,0.0,0.0,0.002281869202948073,-0.0022823846638546598]]}