{"din_name":"flux_level09155.json","din_kind":"RELATIVE","din_start":600.0000015443521,"din_end":660.0000175394799,"din_rules":["Interventions","r1","r1_rev","r2","r3","r4","r5","r6"],"din_hits":[0,31318,31294,7676,1569593,1561913,1631012,1631009],"din_fluxs":[[0.0,0.0,0.0,0.0,0.0,0.0,0.0,0.0],[0.0,-0.0010934595990298181,0.07777190023889076,0.07915452247888199,0.0,-0.0020078610316663827,0.0,0.0],[0.0,0.0010946586632375505,-0.07062458504731366,-0.13123970331292115,0.0,0.004504662618762509,0.0,0.0],[0.0,0.0,0.0,-0.3789950371363543,0.0027445014236490827,0.0,0.0041982540863260195,0.0],[0.0,0.0,0.0,0.005012684716964337,-0.0027376588732970003,0.01531909193660315,-0.002736493275349311,0.0],[0.0,0.0,0.0,0.0,0.002745180922356509,-0.015208991114884511,0.0034023023384281512,0.0],[0.0,0.0,0.0,0.0,0.0,0.0,-0.0028436905095855836,0.0020592503005923456],[0.0,0.0,0.0,0.0,0.0,0.0,0.0022194939748893,-0.0020550140508061978]]}