{"din_name":"flux_level05253.json","din_kind":"RELATIVE","din_start":600.0000305562779,"din_end":660.0000191480503,"din_rules":["Interventions","r1","r1_rev","r2","r3","r4","r5","r6"],"din_hits":[0,373990,373835,58273,456150,397850,360662,360660],"din_fluxs":[[0.0,0.0,0.0,0.0,0.0,0.0,0.0,0.0],[0.0,-0.001239459945941886,0.007450777349616114,0.01412910389770544,0.0,-0.0023077615296928987,0.0,0.0],[0.0,0.0012410290909590513,-0.0072642045642988895,-0.014320060546840672,0.0,0.0025063534840006688,0.0,0.0],[0.0,0.0,0.0,-0.11351713350436433,0.002597624699744417,0.0,0.002773973442888713,0.0],[0.0,0.0,0.0,0.01698177659978666,-0.0025906437731940267,0.01796656704029061,-0.002590659718209218,0.0],[0.0,0.0,0.0,0.0,0.002597341370439258,-0.02035047490736738,0.002773167869871873,0.0],[0.0,0.0,0.0,0.0,0.0,0.0,-0.0015059723131348405,0.007972019992263619],[0.0,0.0,0.0,0.0,0.0,0.0,0.001286816267860671,-0.007908518044900685]]}