{"din_name":"flux_level01717.json","din_kind":"RELATIVE","din_start":600.0000052132015,"din_end":660.0000039152283,"din_rules":["Interventions","r1","r1_rev","r2","r3","r4","r5","r6"],"din_hits":[0,4772,4680,108878,1648711,1539823,1275150,1275152],"din_fluxs":[[0.0,0.0,0.0,0.0,0.0,0.0,0.0,0.0],[0.0,-0.0011700766086713912,0.01314948005020556,0.020203229294421456,0.0,-0.0021654194767586963,0.0,0.0],[0.0,0.001172281342444971,-0.011973515100507577,-0.02369785627258549,0.0,0.0028654847349038736,0.0,0.0],[0.0,0.0,0.0,-0.08515665450372567,0.003478227334435445,0.0,0.004246164647304775,0.0],[0.0,0.0,0.0,0.0061787216065899925,-0.0034655086893242257,0.009939385970782881,-0.0034638874669088286,0.0],[0.0,0.0,0.0,0.0,0.0034775255198946013,-0.010532052777861843,0.004032596880668414,0.0],[0.0,0.0,0.0,0.0,0.0,0.0,-0.0024294673053312592,0.004240128910186722],[0.0,0.0,0.0,0.0,0.0,0.0,0.0017019663649852968,-0.0042221690426965134]]}