{"din_name":"flux_level01306.json","din_kind":"RELATIVE","din_start":600.0000026999365,"din_end":660.0000001256764,"din_rules":["Interventions","r1","r1_rev","r2","r3","r4","r5","r6"],"din_hits":[0,59196,59188,9443,3351233,3341792,220324,220342],"din_fluxs":[[0.0,0.0,0.0,0.0,0.0,0.0,0.0,0.0],[0.0,-0.0010901620595855969,0.103210226902475,0.11220854016804624,0.0,-0.002001609820685314,0.0,0.0],[0.0,0.0010913528555015907,-0.09114323676676706,-0.16663013727148243,0.0,0.004375889227069251,0.0,0.0],[0.0,0.0,0.0,-0.4311513806803614,0.002846586242844396,0.0,0.004320744435598786,0.0],[0.0,0.0,0.0,0.004656585469637894,-0.002838239081430919,0.013891200898333997,-0.0028370960357416257,0.0],[0.0,0.0,0.0,0.0,0.0028463209012892254,-0.013779514288186396,0.003322103582962957,0.0],[0.0,0.0,0.0,0.0,0.0,0.0,-0.02129037428674616,0.001076013917250771],[0.0,0.0,0.0,0.0,0.0,0.0,0.015378116774695699,-0.0010748576379239567]]}