{"din_name":"flux_level07382.json","din_kind":"RELATIVE","din_start":600.0000048910297,"din_end":660.0000019419205,"din_rules":["Interventions","r1","r1_rev","r2","r3","r4","r5","r6"],"din_hits":[0,205341,205293,117587,3532296,3414691,766519,766523],"din_fluxs":[[0.0,0.0,0.0,0.0,0.0,0.0,0.0,0.0],[0.0,-0.0011312912751941383,0.021013067321466763,0.027174024767231575,0.0,-0.0021096433387217802,0.0,0.0],[0.0,0.0011325791375469607,-0.020233055798509727,-0.03962776454402102,0.0,0.00338981547429449,0.0,0.0],[0.0,0.0,0.0,-0.16502091685167194,0.0028248322308055338,0.0,0.00308419795301531,0.0],[0.0,0.0,0.0,0.0074530909668313145,-0.0028169363328269478,0.014485159987827382,-0.002815730400013134,0.0],[0.0,0.0,0.0,0.0,0.002824899819105885,-0.01483720987837836,0.0029432896675854014,0.0],[0.0,0.0,0.0,0.0,0.0,0.0,-0.002077226727855877,0.003203946216232407],[0.0,0.0,0.0,0.0,0.0,0.0,0.0015184319900730574,-0.0031936901317763315]]}