{"din_name":"flux_level08985.json","din_kind":"RELATIVE","din_start":600.0000143126188,"din_end":660.0000041146861,"din_rules":["Interventions","r1","r1_rev","r2","r3","r4","r5","r6"],"din_hits":[0,156201,156153,20653,790201,769537,1217471,1217463],"din_fluxs":[[0.0,0.0,0.0,0.0,0.0,0.0,0.0,0.0],[0.0,-0.0011261630437967517,0.023258564659214675,0.03163727509577776,0.0,-0.0020871712997630677,0.0,0.0],[0.0,0.001127439781685203,-0.02234237137399086,-0.042978963860424976,0.0,0.003286557594235268,0.0,0.0],[0.0,0.0,0.0,-0.23067890687286088,0.0025806996956223268,0.0,0.003595132617154336,0.0],[0.0,0.0,0.0,0.01117128324653695,-0.0025742226562274887,0.018702788994828468,-0.0025780315046134046,0.0],[0.0,0.0,0.0,0.0,0.0025808738983650083,-0.019075560348817175,0.0033234748074543663,0.0],[0.0,0.0,0.0,0.0,0.0,0.0,-0.0027353404073094992,0.0020087447169709143],[0.0,0.0,0.0,0.0,0.0,0.0,0.0022618928512653062,-0.0020047144177394527]]}