{"din_name":"flux_level04416.json","din_kind":"RELATIVE","din_start":600.0000038751953,"din_end":660.0000188458927,"din_rules":["Interventions","r1","r1_rev","r2","r3","r4","r5","r6"],"din_hits":[0,116183,116155,38835,2169338,2130511,1205400,1205420],"din_fluxs":[[0.0,0.0,0.0,0.0,0.0,0.0,0.0,0.0],[0.0,-0.0011119678125319798,0.03314653373679065,0.037933857659327996,0.0,-0.002059960971920781,0.0,0.0],[0.0,0.0011132103226097468,-0.03153279719020615,-0.06046377862740626,0.0,0.00382107852429393,0.0,0.0],[0.0,0.0,0.0,-0.24516148228464246,0.002671350733522224,0.0,0.0033071221762018183,0.0],[0.0,0.0,0.0,0.007461843607737796,-0.002664546708899818,0.016763066239616417,-0.002664860188699587,0.0],[0.0,0.0,0.0,0.0,0.0026716738628726876,-0.01687446830249575,0.002987695421329236,0.0],[0.0,0.0,0.0,0.0,0.0,0.0,-0.0025447937798960874,0.0021768091897142994],[0.0,0.0,0.0,0.0,0.0,0.0,0.001979507838604911,-0.002172075784613474]]}