{"din_name":"flux_level02359.json","din_kind":"RELATIVE","din_start":600.00000642728,"din_end":660.0000036035245,"din_rules":["Interventions","r1","r1_rev","r2","r3","r4","r5","r6"],"din_hits":[0,154971,154875,230171,3352447,3122250,362847,362879],"din_fluxs":[[0.0,0.0,0.0,0.0,0.0,0.0,0.0,0.0],[0.0,-0.0011725678580816457,0.012101368483065238,0.018694675429484508,0.0,-0.002184230005812074,0.0,0.0],[0.0,0.001173970915275474,-0.0117393400449386,-0.02313100875693457,0.0,0.002852748616396013,0.0,0.0],[0.0,0.0,0.0,-0.09349775455852366,0.0032229703211134743,0.0,0.003382558943588688,0.0],[0.0,0.0,0.0,0.007316857746033656,-0.0032127682653705202,0.011108445857982745,-0.0032137234751726316,0.0],[0.0,0.0,0.0,0.0,0.0032231433860669704,-0.011819018450247892,0.003304261964365877,0.0],[0.0,0.0,0.0,0.0,0.0,0.0,-0.0021545131291477817,0.004071050614682229],[0.0,0.0,0.0,0.0,0.0,0.0,0.0013864911493446498,-0.004054472032523976]]}