{"din_name":"flux_level10863.json","din_kind":"RELATIVE","din_start":600.0000053902876,"din_end":660.0000186464515,"din_rules":["Interventions","r1","r1_rev","r2","r3","r4","r5","r6"],"din_hits":[0,40718,40702,3235,928514,925279,290340,290305],"din_fluxs":[[0.0,0.0,0.0,0.0,0.0,0.0,0.0,0.0],[0.0,-0.001091667403696552,0.08958067227161784,0.10993388340481264,0.0,-0.002009595471103452,0.0,0.0],[0.0,0.0010928624471637683,-0.08033825167095981,-0.1430695055825849,0.0,0.004272369300893154,0.0,0.0],[0.0,0.0,0.0,-0.49354014273688734,0.0025677665068898976,0.0,0.0027317623868942415,0.0],[0.0,0.0,0.0,0.009133542589599595,-0.0025607541176830726,0.018770898575093897,-0.002561253409911194,0.0],[0.0,0.0,0.0,0.0,0.0025673289716023773,-0.018583033151491245,0.0026590139275013626,0.0],[0.0,0.0,0.0,0.0,0.0,0.0,-0.0015422721854813101,0.006165981072275339],[0.0,0.0,0.0,0.0,0.0,0.0,0.0012548231560584205,-0.006127979370075375]]}