{"din_name":"flux_level07414.json","din_kind":"RELATIVE","din_start":600.0000014564928,"din_end":660.000008412022,"din_rules":["Interventions","r1","r1_rev","r2","r3","r4","r5","r6"],"din_hits":[0,70817,70808,28995,4392911,4363899,1622740,1622722],"din_fluxs":[[0.0,0.0,0.0,0.0,0.0,0.0,0.0,0.0],[0.0,-0.001094899068273905,0.06998888998861631,0.06820165992411337,0.0,-0.002050239054263948,0.0,0.0],[0.0,0.0010961007130871519,-0.06412788577827548,-0.1196627272694838,0.0,0.00471176072964799,0.0,0.0],[0.0,0.0,0.0,-0.3667664608724869,0.002658409461071258,0.0,0.003283916044812691,0.0],[0.0,0.0,0.0,0.005363811980527245,-0.0026517809353816812,0.016868316615620604,-0.0026509204721338396,0.0],[0.0,0.0,0.0,0.0,0.002658837182169077,-0.01673785580769689,0.002859313605007556,0.0],[0.0,0.0,0.0,0.0,0.0,0.0,-0.0023921026376924697,0.002305448067987237],[0.0,0.0,0.0,0.0,0.0,0.0,0.001853712196172753,-0.0023001395727560692]]}