{"din_name":"flux_level09736.json","din_kind":"RELATIVE","din_start":600.0000067559083,"din_end":660.0000295030824,"din_rules":["Interventions","r1","r1_rev","r2","r3","r4","r5","r6"],"din_hits":[0,1056385,1056204,167417,906093,738676,647823,647835],"din_fluxs":[[0.0,0.0,0.0,0.0,0.0,0.0,0.0,0.0],[0.0,-0.0012965669151857265,0.005749577406306616,0.011647541278363585,0.0,-0.002431259905965842,0.0,0.0],[0.0,0.0012982701771960354,-0.0056195632643215076,-0.01116186292231532,0.0,0.0023989018479269883,0.0,0.0],[0.0,0.0,0.0,-0.0478310623703214,0.003758890328706911,0.0,0.005399795798911334,0.0],[0.0,0.0,0.0,0.0089826578297413,-0.0037447983576750733,0.008588549558416184,-0.003744269993013529,0.0],[0.0,0.0,0.0,0.0,0.0037588911390719396,-0.010365686599209358,0.005437881852294404,0.0],[0.0,0.0,0.0,0.0,0.0,0.0,-0.005674175749723173,0.0016623330322901103],[0.0,0.0,0.0,0.0,0.0,0.0,0.0033932479002681906,-0.0016595724374677177]]}