{"din_name":"flux_level06950.json","din_kind":"RELATIVE","din_start":600.0000241855396,"din_end":660.0000003609003,"din_rules":["Interventions","r1","r1_rev","r2","r3","r4","r5","r6"],"din_hits":[0,6226,6178,6188,145857,139657,882173,882184],"din_fluxs":[[0.0,0.0,0.0,0.0,0.0,0.0,0.0,0.0],[0.0,-0.001136856602271198,0.01962017401637319,0.023927053770654887,0.0,-0.002060550073020232,0.0,0.0],[0.0,0.0011384110533547347,-0.018383035546934365,-0.03561060373008532,0.0,0.0034298907408392937,0.0,0.0],[0.0,0.0,0.0,-0.18178600097378034,0.0026148903794398393,0.0,0.0033730104309994476,0.0],[0.0,0.0,0.0,0.010066922746316927,-0.0026086367147893827,0.018072861066169517,-0.0026087500726637825,0.0],[0.0,0.0,0.0,0.0,0.00261549070863169,-0.018582655212959744,0.0032987628777536417,0.0],[0.0,0.0,0.0,0.0,0.0,0.0,-0.0017499608462255977,0.004814826011561339],[0.0,0.0,0.0,0.0,0.0,0.0,0.0016399195721316358,-0.004791669544915628]]}