{"din_name":"flux_level07812.json","din_kind":"RELATIVE","din_start":600.0000210872649,"din_end":660.0000049221616,"din_rules":["Interventions","r1","r1_rev","r2","r3","r4","r5","r6"],"din_hits":[0,58976,58961,4603,1335416,1330815,1077293,1077323],"din_fluxs":[[0.0,0.0,0.0,0.0,0.0,0.0,0.0,0.0],[0.0,-0.0010918744717907528,0.08936232390216027,0.10935014690429455,0.0,-0.002004272110636441,0.0,0.0],[0.0,0.0010930694498854903,-0.07911648644641213,-0.14158759669618806,0.0,0.004205292492458323,0.0,0.0],[0.0,0.0,0.0,-0.48402443841049486,0.002591889405998764,0.0,0.003009929045649029,0.0],[0.0,0.0,0.0,0.008745600739091079,-0.0025861976284388966,0.018128265340311728,-0.0025876378404766577,0.0],[0.0,0.0,0.0,0.0,0.0025929091341419584,-0.01795895740194449,0.002840887065979281,0.0],[0.0,0.0,0.0,0.0,0.0,0.0,-0.0017421579614115739,0.004160842885763299],[0.0,0.0,0.0,0.0,0.0,0.0,0.001440749302750069,-0.004143540872344627]]}