{"din_name":"flux_level08540.json","din_kind":"RELATIVE","din_start":600.0000042505682,"din_end":660.0000122903336,"din_rules":["Interventions","r1","r1_rev","r2","r3","r4","r5","r6"],"din_hits":[0,13456,13446,2692,1727815,1725127,1462029,1462000],"din_fluxs":[[0.0,0.0,0.0,0.0,0.0,0.0,0.0,0.0],[0.0,-0.0010891493359852368,0.11596617193247809,0.14272485354956857,0.0,-0.002019139597221833,0.0,0.0],[0.0,0.0010903410611989392,-0.09973979412409638,-0.18533483557235853,0.0,0.0035393288649433453,0.0,0.0],[0.0,0.0,0.0,-0.3680566591519854,0.003915114749051828,0.0,0.0065355595758918965,0.0],[0.0,0.0,0.0,0.0017879076755699544,-0.003901190296380061,0.008369464136054168,-0.003901908682688988,0.0],[0.0,0.0,0.0,0.0,0.0039164905295626115,-0.008324398456721924,0.005150619142480966,0.0],[0.0,0.0,0.0,0.0,0.0,0.0,-0.0037557100646800432,0.002506336507126541],[0.0,0.0,0.0,0.0,0.0,0.0,0.002321621517318639,-0.0025000610923332314]]}