{"din_name":"flux_level04985.json","din_kind":"RELATIVE","din_start":600.0000074310149,"din_end":660.0000050601843,"din_rules":["Interventions","r1","r1_rev","r2","r3","r4","r5","r6"],"din_hits":[0,49024,48998,25146,1803889,1778729,441677,441679],"din_fluxs":[[0.0,0.0,0.0,0.0,0.0,0.0,0.0,0.0],[0.0,-0.0011079778785220533,0.03765749801474721,0.04254833536231231,0.0,-0.0020460917271116607,0.0,0.0],[0.0,0.0011092154961474076,-0.03564147241940381,-0.0688529948787035,0.0,0.003805618730193166,0.0,0.0],[0.0,0.0,0.0,-0.220188814376443,0.002950237399195326,0.0,0.003137473906226653,0.0],[0.0,0.0,0.0,0.004890267460189528,-0.0029415509817796613,0.013021935121950438,-0.0029422655150096824,0.0],[0.0,0.0,0.0,0.0,0.0029502336842115616,-0.013080835711109054,0.0030512685824151085,0.0],[0.0,0.0,0.0,0.0,0.0,0.0,-0.0016481210466808565,0.010370059741190025],[0.0,0.0,0.0,0.0,0.0,0.0,0.00123900565362105,-0.010262617412399557]]}