{"din_name":"flux_level14000.json","din_kind":"RELATIVE","din_start":600.0000140986373,"din_end":660.0000083802018,"din_rules":["Interventions","r1","r1_rev","r2","r3","r4","r5","r6"],"din_hits":[0,80407,80382,17816,1417638,1399807,58234,58218],"din_fluxs":[[0.0,0.0,0.0,0.0,0.0,0.0,0.0,0.0],[0.0,-0.00110762695124408,0.03811573662116276,0.04553476116407395,0.0,-0.002069153574761647,0.0,0.0],[0.0,0.001108860278771973,-0.03607421677176904,-0.06933262361719895,0.0,0.003677157762060994,0.0,0.0],[0.0,0.0,0.0,-0.2424778050645402,0.002857507226224363,0.0,0.002882364862026813,0.0],[0.0,0.0,0.0,0.00595144809416925,-0.0028502796638638452,0.013927834224291759,-0.0028500865200130994,0.0],[0.0,0.0,0.0,0.0,0.0028584423470658636,-0.01399831121900926,0.002872791437082842,0.0],[0.0,0.0,0.0,0.0,0.0,0.0,-0.0014556535199035203,0.054257818085448],[0.0,0.0,0.0,0.0,0.0,0.0,0.001103259358381449,-0.05130311343310466]]}