{"din_name":"flux_level11279.json","din_kind":"RELATIVE","din_start":600.0000003303079,"din_end":660.0000037073042,"din_rules":["Interventions","r1","r1_rev","r2","r3","r4","r5","r6"],"din_hits":[0,127987,127967,2810,729472,726670,540603,540566],"din_fluxs":[[0.0,0.0,0.0,0.0,0.0,0.0,0.0,0.0],[0.0,-0.001102344666177976,0.046958228224253114,0.08108091379024847,0.0,-0.0020396165629217857,0.0,0.0],[0.0,0.0011035633367726214,-0.04406827526012923,-0.0854718914203154,0.0,0.002443830980633045,0.0,0.0],[0.0,0.0,0.0,-0.202709860142387,0.005775613724375574,0.0,0.008507520162542526,0.0],[0.0,0.0,0.0,0.003742531442157413,-0.005729389848964198,0.006245173952434602,-0.005720939240148339,0.0],[0.0,0.0,0.0,0.0,0.005762447165785508,-0.0062996590248717696,0.008224454674777636,0.0],[0.0,0.0,0.0,0.0,0.0,0.0,-0.0060958606379359365,0.0025031172819791952],[0.0,0.0,0.0,0.0,0.0,0.0,0.0028361217409643134,-0.0024968500405757633]]}