{"din_name":"flux_level10152.json","din_kind":"RELATIVE","din_start":600.0000185900618,"din_end":660.0000065949133,"din_rules":["Interventions","r1","r1_rev","r2","r3","r4","r5","r6"],"din_hits":[0,86807,86792,12680,2407284,2394626,11517,11513],"din_fluxs":[[0.0,0.0,0.0,0.0,0.0,0.0,0.0,0.0],[0.0,-0.0010941355870644125,0.07499725478804344,0.08178344070047815,0.0,-0.002026674888320076,0.0,0.0],[0.0,0.001095335438117882,-0.06741354429143846,-0.12392652715924563,0.0,0.0044584843376568135,0.0,0.0],[0.0,0.0,0.0,-0.4259748149923357,0.0025838447635011014,0.0,0.0025770897447035947,0.0],[0.0,0.0,0.0,0.007584026732693274,-0.0025780197928532383,0.01841995026907117,-0.0025776315108789775,0.0],[0.0,0.0,0.0,0.0,0.0025846896324018746,-0.018264787273661074,0.002587470813575712,0.0],[0.0,0.0,0.0,0.0,0.0,0.0,-0.0017480457952478233,0.0038262161549993713],[0.0,0.0,0.0,0.0,0.0,0.0,0.0013491113310297109,-0.0038115886791481894]]}