{"din_name":"flux_level11000.json","din_kind":"RELATIVE","din_start":600.0000037394957,"din_end":660.0000023226293,"din_rules":["Interventions","r1","r1_rev","r2","r3","r4","r5","r6"],"din_hits":[0,67951,67922,27908,2148912,2120999,639587,639603],"din_fluxs":[[0.0,0.0,0.0,0.0,0.0,0.0,0.0,0.0],[0.0,-0.0011047260608987991,0.04258976879198717,0.04567452506032411,0.0,-0.00205331381476571,0.0,0.0],[0.0,0.0011059527258838885,-0.04012476121824251,-0.07726147303481808,0.0,0.004171724040014925,0.0,0.0],[0.0,0.0,0.0,-0.2768077855252807,0.002682750985431257,0.0,0.0028924003753514308,0.0],[0.0,0.0,0.0,0.006418998142562427,-0.002675763041181135,0.016517057608377465,-0.002675990588064408,0.0],[0.0,0.0,0.0,0.0,0.002682947361148506,-0.016524038627076673,0.0027810542061391724,0.0],[0.0,0.0,0.0,0.0,0.0,0.0,-0.0015790553166918498,0.006967214182967935],[0.0,0.0,0.0,0.0,0.0,0.0,0.0012504722272354979,-0.00691873429657879]]}