{"din_name":"flux_level05015.json","din_kind":"RELATIVE","din_start":600.000052015268,"din_end":660.0000212729498,"din_rules":["Interventions","r1","r1_rev","r2","r3","r4","r5","r6"],"din_hits":[0,17170,17154,2100,591745,589643,37028,37029],"din_fluxs":[[0.0,0.0,0.0,0.0,0.0,0.0,0.0,0.0],[0.0,-0.0010960585094713109,0.06531302800454435,0.08685972711247776,0.0,-0.0020356841778792238,0.0,0.0],[0.0,0.0010972700167559608,-0.060015868962186754,-0.11401841108657952,0.0,0.00321079556828855,0.0,0.0],[0.0,0.0,0.0,-0.2666609059982327,0.003915093133764198,0.0,0.014827585774014348,0.0],[0.0,0.0,0.0,0.0027401355988327953,-0.003899976336726075,0.008408709100942427,-0.0038988663448397136,0.0],[0.0,0.0,0.0,0.0,0.003915265604530477,-0.008401512806192954,0.014622124912533896,0.0],[0.0,0.0,0.0,0.0,0.0,0.0,-0.1396699556376678,0.0010231538507633428],[0.0,0.0,0.0,0.0,0.0,0.0,0.10849321058072688,-0.001022107922065052]]}