{"din_name":"flux_level08690.json","din_kind":"RELATIVE","din_start":600.0000021840636,"din_end":660.0000054815116,"din_rules":["Interventions","r1","r1_rev","r2","r3","r4","r5","r6"],"din_hits":[0,29281,29269,13988,3715348,3701356,82516,82548],"din_fluxs":[[0.0,0.0,0.0,0.0,0.0,0.0,0.0,0.0],[0.0,-0.0010902585556846777,0.10259913269437494,0.09654458945290062,0.0,-0.0020382993868048684,0.0,0.0],[0.0,0.0010914508671456837,-0.09058465349688928,-0.16646801203955439,0.0,0.005067356786485263,0.0,0.0],[0.0,0.0,0.0,-0.4202247306150182,0.002729607879046258,0.0,0.003094509842850627,0.0],[0.0,0.0,0.0,0.004108830123815192,-0.0027220853194550245,0.015547020673861194,-0.0027232645031423936,0.0],[0.0,0.0,0.0,0.0,0.0027295180917324504,-0.015388518819948394,0.0028107741352636486,0.0],[0.0,0.0,0.0,0.0,0.0,0.0,-0.009711045623621526,0.0011654970124854566],[0.0,0.0,0.0,0.0,0.0,0.0,0.007204984133642822,-0.001164142953167813]]}