{"din_name":"flux_level05452.json","din_kind":"RELATIVE","din_start":600.0000010473185,"din_end":660.0000335244331,"din_rules":["Interventions","r1","r1_rev","r2","r3","r4","r5","r6"],"din_hits":[0,38472,38461,6166,2055434,2049237,1871025,1871031],"din_fluxs":[[0.0,0.0,0.0,0.0,0.0,0.0,0.0,0.0],[0.0,-0.0010907131984035368,0.09776058462760638,0.10766166450792562,0.0,-0.002031082203280107,0.0,0.0],[0.0,0.00109190607257445,-0.08683396283448348,-0.1600992812609052,0.0,0.004336530477093835,0.0,0.0],[0.0,0.0,0.0,-0.4174255226943188,0.0028608811488241882,0.0,0.004182027465355493,0.0],[0.0,0.0,0.0,0.004561901085529031,-0.0028534448544807775,0.013724212080450595,-0.002850580531569483,0.0],[0.0,0.0,0.0,0.0,0.002861616718096682,-0.013620255272428395,0.003496974497279925,0.0],[0.0,0.0,0.0,0.0,0.0,0.0,-0.0028177344062597655,0.002181393428694065],[0.0,0.0,0.0,0.0,0.0,0.0,0.0021278672884404003,-0.0021766395487029257]]}