{"din_name":"flux_level11797.json","din_kind":"RELATIVE","din_start":600.000009165397,"din_end":660.0000008236284,"din_rules":["Interventions","r1","r1_rev","r2","r3","r4","r5","r6"],"din_hits":[0,8549,8537,16076,3760877,3744802,1871697,1871680],"din_fluxs":[[0.0,0.0,0.0,0.0,0.0,0.0,0.0,0.0],[0.0,-0.0010891929718285485,0.11374281759052073,0.09169700321496994,0.0,-0.002005050142473821,0.0,0.0],[0.0,0.0010903871336277618,-0.0993252172664832,-0.18178804175826468,0.0,0.006008617874075259,0.0,0.0],[0.0,0.0,0.0,-0.4619099581374759,0.0025633618960502675,0.0,0.004018343361635318,0.0],[0.0,0.0,0.0,0.004753916129966073,-0.002556985324340042,0.0190120511713024,-0.002557458791061848,0.0],[0.0,0.0,0.0,0.0,0.0025635430950315227,-0.018743289640832113,0.002844434447262606,0.0],[0.0,0.0,0.0,0.0,0.0,0.0,-0.002814957867082754,0.0018769225431064834],[0.0,0.0,0.0,0.0,0.0,0.0,0.0022581294315909416,-0.0018734035815269104]]}