{"din_name":"flux_level13905.json","din_kind":"RELATIVE","din_start":600.0000016906212,"din_end":660.0000029088948,"din_rules":["Interventions","r1","r1_rev","r2","r3","r4","r5","r6"],"din_hits":[0,30571,30559,25125,3999620,3974492,1020975,1020948],"din_fluxs":[[0.0,0.0,0.0,0.0,0.0,0.0,0.0,0.0],[0.0,-0.0010932337758451332,0.07901842087654579,0.06971481917914912,0.0,-0.002020778130233102,0.0,0.0],[0.0,0.0010944336695202575,-0.07167918651157257,-0.13325532002754772,0.0,0.005201480648772142,0.0,0.0],[0.0,0.0,0.0,-0.38887240328923617,0.002611979308625822,0.0,0.0033127743613007793,0.0],[0.0,0.0,0.0,0.0050926390066428125,-0.0026055823142436016,0.01786102196373453,-0.002607549238216731,0.0],[0.0,0.0,0.0,0.0,0.002612394049597285,-0.01767913755101025,0.002755332794079209,0.0],[0.0,0.0,0.0,0.0,0.0,0.0,-0.0025014326143556077,0.0021242188024317176],[0.0,0.0,0.0,0.0,0.0,0.0,0.0019549079653964447,-0.0021197108065949656]]}