{"din_name":"flux_level11590.json","din_kind":"RELATIVE","din_start":600.0000188357781,"din_end":660.0000081783917,"din_rules":["Interventions","r1","r1_rev","r2","r3","r4","r5","r6"],"din_hits":[0,49589,49579,1884,1336892,1334999,798488,798462],"din_fluxs":[[0.0,0.0,0.0,0.0,0.0,0.0,0.0,0.0],[0.0,-0.0010896186418566534,0.11356668192142204,0.16300816848209157,0.0,-0.002022706448857669,0.0,0.0],[0.0,0.0010908084437270718,-0.09557185024328517,-0.17517806086613502,0.0,0.003185751759327743,0.0,0.0],[0.0,0.0,0.0,-0.42301809685117675,0.003562399010215167,0.0,0.004323895019931235,0.0],[0.0,0.0,0.0,0.004496241052499406,-0.003548796789992876,0.0093103265413791,-0.00354933371501917,0.0],[0.0,0.0,0.0,0.0,0.003561447022905183,-0.009279461488754373,0.0040986581754940575,0.0],[0.0,0.0,0.0,0.0,0.0,0.0,-0.002594032470846117,0.0037031289291627892],[0.0,0.0,0.0,0.0,0.0,0.0,0.0017083533539307139,-0.0036894389953544366]]}