{"din_name":"flux_level08631.json","din_kind":"RELATIVE","din_start":600.0000071090384,"din_end":660.0000027703591,"din_rules":["Interventions","r1","r1_rev","r2","r3","r4","r5","r6"],"din_hits":[0,111753,111691,193232,3390262,3197005,256168,256169],"din_fluxs":[[0.0,0.0,0.0,0.0,0.0,0.0,0.0,0.0],[0.0,-0.0011623814400210104,0.013497892555081947,0.020477438462590286,0.0,-0.0021671213175445225,0.0,0.0],[0.0,0.0011637628392314695,-0.013066419406130434,-0.025885242867809563,0.0,0.0028900509901947356,0.0,0.0],[0.0,0.0,0.0,-0.08911674742117739,0.003544188797133839,0.0,0.003664984233119404,0.0],[0.0,0.0,0.0,0.005785492094592511,-0.003531604702695698,0.009685863427598997,-0.0035315997738351833,0.0],[0.0,0.0,0.0,0.0,0.003544131055965133,-0.010191460684669947,0.003601644427183264,0.0],[0.0,0.0,0.0,0.0,0.0,0.0,-0.0019980784899470967,0.009218806758905478],[0.0,0.0,0.0,0.0,0.0,0.0,0.0012055973732598422,-0.009133868668148384]]}