{"din_name":"flux_level08627.json","din_kind":"RELATIVE","din_start":600.0000030947225,"din_end":660.0000132077025,"din_rules":["Interventions","r1","r1_rev","r2","r3","r4","r5","r6"],"din_hits":[0,260188,260121,187025,3392551,3205513,271400,271401],"din_fluxs":[[0.0,0.0,0.0,0.0,0.0,0.0,0.0,0.0],[0.0,-0.0011621001259935523,0.013513173787705921,0.02073495521758237,0.0,-0.002157578933834678,0.0,0.0],[0.0,0.0011634647610834201,-0.01310475274608077,-0.025885622819459,0.0,0.0028384848848934116,0.0,0.0],[0.0,0.0,0.0,-0.09058438474188513,0.0035421802955997966,0.0,0.003626604834111801,0.0],[0.0,0.0,0.0,0.005953747155587644,-0.0035298836634383083,0.009665395379305277,-0.0035304891413873818,0.0],[0.0,0.0,0.0,0.0,0.00354241346663151,-0.010179613314937531,0.0035980570326210903,0.0],[0.0,0.0,0.0,0.0,0.0,0.0,-0.0018899227083363688,0.01705868657156036],[0.0,0.0,0.0,0.0,0.0,0.0,0.0011925537615883458,-0.016767883806921763]]}