{"din_name":"flux_level01668.json","din_kind":"RELATIVE","din_start":600.0000168301141,"din_end":660.0000327712312,"din_rules":["Interventions","r1","r1_rev","r2","r3","r4","r5","r6"],"din_hits":[0,40817,40803,3023,1264795,1261782,1270472,1270486],"din_fluxs":[[0.0,0.0,0.0,0.0,0.0,0.0,0.0,0.0],[0.0,-0.001091289347688787,0.09243434246046768,0.11854691530432053,0.0,-0.002022242002943825,0.0,0.0],[0.0,0.0010924835333191896,-0.08265495758918472,-0.15220501376195653,0.0,0.0036843133979612614,0.0,0.0],[0.0,0.0,0.0,-0.40566331122676624,0.0030707302729332483,0.0,0.005035353713144876,0.0],[0.0,0.0,0.0,0.0048128711600337925,-0.003060821405387297,0.011794159302517331,-0.0030544533399025735,0.0],[0.0,0.0,0.0,0.0,0.0030702230078132396,-0.011736447452206417,0.004184384229758268,0.0],[0.0,0.0,0.0,0.0,0.0,0.0,-0.0038492883935248,0.001814704406094529],[0.0,0.0,0.0,0.0,0.0,0.0,0.002755883489359668,-0.0018114137640167407]]}