{"din_name":"flux_level04883.json","din_kind":"RELATIVE","din_start":600.0000570040399,"din_end":660.0000048322971,"din_rules":["Interventions","r1","r1_rev","r2","r3","r4","r5","r6"],"din_hits":[0,9570,9559,30,20046,20023,983880,983893],"din_fluxs":[[0.0,0.0,0.0,0.0,0.0,0.0,0.0,0.0],[0.0,-0.0010941220697050463,0.07437269276290034,0.17460258770573212,0.0,-0.002018357609746622,0.0,0.0],[0.0,0.0010953321075066243,-0.06755894073155214,-0.11400591956267074,0.0,0.002444112986162391,0.0,0.0],[0.0,0.0,0.0,-0.5713291551188376,0.002644095578352392,0.0,0.008261736012036355,0.0],[0.0,0.0,0.0,0.019956491608859435,-0.0026534866889080864,0.016455632277304854,-0.002628522343191742,0.0],[0.0,0.0,0.0,0.0,0.0026605708300678557,-0.016402888957815328,0.008178242653964924,0.0],[0.0,0.0,0.0,0.0,0.0,0.0,-0.004305504398563605,0.0018714111981005602],[0.0,0.0,0.0,0.0,0.0,0.0,0.004211732703180604,-0.0018679120159453646]]}