{"din_name":"flux_level00738.json","din_kind":"RELATIVE","din_start":600.0000101056122,"din_end":660.0000067979574,"din_rules":["Interventions","r1","r1_rev","r2","r3","r4","r5","r6"],"din_hits":[0,33493,33476,8987,1848963,1839973,1660568,1660606],"din_fluxs":[[0.0,0.0,0.0,0.0,0.0,0.0,0.0,0.0],[0.0,-0.0010945167972273957,0.07309074211963529,0.07532035794203455,0.0,-0.0020268694105169,0.0,0.0],[0.0,0.0010957198532463603,-0.06580871576295161,-0.12380536184463538,0.0,0.004200050861675684,0.0,0.0],[0.0,0.0,0.0,-0.33143037477795273,0.0029466536981241913,0.0,0.0038305620545022873,0.0],[0.0,0.0,0.0,0.003927679294913116,-0.0029383081912602695,0.012912644241634488,-0.0029366481968753784,0.0],[0.0,0.0,0.0,0.0,0.0029469736425892495,-0.012847715573460582,0.0034128481449678155,0.0],[0.0,0.0,0.0,0.0,0.0,0.0,-0.0021775836677918057,0.003454855054915333],[0.0,0.0,0.0,0.0,0.0,0.0,0.0016626494420977182,-0.00344292937392064]]}