{"din_name":"flux_level13715.json","din_kind":"RELATIVE","din_start":600.0000022054869,"din_end":660.0000039974256,"din_rules":["Interventions","r1","r1_rev","r2","r3","r4","r5","r6"],"din_hits":[0,46586,46570,15706,3645379,3629670,1332188,1332197],"din_fluxs":[[0.0,0.0,0.0,0.0,0.0,0.0,0.0,0.0],[0.0,-0.0010910697526541197,0.09431105220576839,0.08954713218800124,0.0,-0.0020234346259085712,0.0,0.0],[0.0,0.001092263032064017,-0.0841467559207429,-0.15373892649803392,0.0,0.005034076596114109,0.0,0.0],[0.0,0.0,0.0,-0.43253880093915864,0.0026361411895906924,0.0,0.0031212595890373843,0.0],[0.0,0.0,0.0,0.005298005992465186,-0.002628983085545776,0.017263132563660837,-0.0026293401521526945,0.0],[0.0,0.0,0.0,0.0,0.002635914369474224,-0.01707881723264266,0.0027883524253633795,0.0],[0.0,0.0,0.0,0.0,0.0,0.0,-0.0019265325906267867,0.0032599584066398644],[0.0,0.0,0.0,0.0,0.0,0.0,0.0015152092800793865,-0.003249340926413417]]}