{"din_name":"flux_level06281.json","din_kind":"RELATIVE","din_start":600.000006830375,"din_end":660.0000031023677,"din_rules":["Interventions","r1","r1_rev","r2","r3","r4","r5","r6"],"din_hits":[0,1419804,1419151,1134970,1496977,362018,1225811,1225791],"din_fluxs":[[0.0,0.0,0.0,0.0,0.0,0.0,0.0,0.0],[0.0,-0.002847422589909463,0.001599579082035127,0.007127622255015479,0.0,-0.005505803382967563,0.0,0.0],[0.0,0.0028560983021778392,-0.0015667662637777857,-0.003107474919668664,0.0,0.0025042670573914654,0.0,0.0],[0.0,0.0,0.0,-0.047763089308857094,0.0024610979386121786,0.0,0.0029109422553220436,0.0],[0.0,0.0,0.0,0.03416496349803416,-0.002455028617565162,0.012454997581419696,-0.0024575735491911208,0.0],[0.0,0.0,0.0,0.0,0.002460992256962076,-0.03794917177473828,0.003339016512835584,0.0],[0.0,0.0,0.0,0.0,0.0,0.0,-0.003971832544700832,0.0014833416204909763],[0.0,0.0,0.0,0.0,0.0,0.0,0.003324308805336388,-0.0014811431881906689]]}