{"din_name":"flux_level06490.json","din_kind":"RELATIVE","din_start":600.0000287688662,"din_end":660.0000113631548,"din_rules":["Interventions","r1","r1_rev","r2","r3","r4","r5","r6"],"din_hits":[0,40561,40512,129191,3837306,3708107,437066,437067],"din_fluxs":[[0.0,0.0,0.0,0.0,0.0,0.0,0.0,0.0],[0.0,-0.0011260518655080089,0.023374097174837464,0.027131533283567443,0.0,-0.0021003540213694934,0.0,0.0],[0.0,0.001127348141688865,-0.02239171454091944,-0.04346857242934434,0.0,0.0037725440403611828,0.0,0.0],[0.0,0.0,0.0,-0.1962112652763738,0.002629371337970033,0.0,0.003727948511951782,0.0],[0.0,0.0,0.0,0.008486677713134659,-0.0026226320315202094,0.017799214253154682,-0.002616885508191457,0.0],[0.0,0.0,0.0,0.0,0.00262953644100845,-0.018102843519034312,0.0029106105811606752,0.0],[0.0,0.0,0.0,0.0,0.0,0.0,-0.01067285460717595,0.001145992049852148],[0.0,0.0,0.0,0.0,0.0,0.0,0.008253481640129429,-0.0011446800379847058]]}