{"din_name":"flux_level12435.json","din_kind":"RELATIVE","din_start":600.0000000384958,"din_end":660.0000167913104,"din_rules":["Interventions","r1","r1_rev","r2","r3","r4","r5","r6"],"din_hits":[0,828616,828433,416787,2182226,1765412,1722642,1722682],"din_fluxs":[[0.0,0.0,0.0,0.0,0.0,0.0,0.0,0.0],[0.0,-0.001306448683127154,0.005543990754721512,0.011545890910673148,0.0,-0.0024488750849354984,0.0,0.0],[0.0,0.0013081853168274613,-0.005418432531876351,-0.010751920888335527,0.0,0.0023658306098744927,0.0,0.0],[0.0,0.0,0.0,-0.060833873008150706,0.0031234096379349698,0.0,0.0036977590608480806,0.0],[0.0,0.0,0.0,0.012118600613055482,-0.0031137362408630224,0.011131100227937868,-0.0031141858335596625,0.0],[0.0,0.0,0.0,0.0,0.0031234835137696187,-0.013531223874244751,0.003715327624708966,0.0],[0.0,0.0,0.0,0.0,0.0,0.0,-0.0025874415005491917,0.0028009151172406353],[0.0,0.0,0.0,0.0,0.0,0.0,0.001854639031939278,-0.0027930783441964626]]}