{"din_name":"flux_level00716.json","din_kind":"RELATIVE","din_start":600.0000045882422,"din_end":660.0000112309654,"din_rules":["Interventions","r1","r1_rev","r2","r3","r4","r5","r6"],"din_hits":[0,953203,952881,514817,1437881,923058,246748,246785],"din_fluxs":[[0.0,0.0,0.0,0.0,0.0,0.0,0.0,0.0],[0.0,-0.0015046993785024566,0.0034323844084529656,0.008676884390515071,0.0,-0.0028423301109098296,0.0,0.0],[0.0,0.0015070418949913074,-0.003359614728321728,-0.006679724712343879,0.0,0.0022480310347236286,0.0,0.0],[0.0,0.0,0.0,-0.04017175406570654,0.0032943606390411014,0.0,0.003406357804763016,0.0],[0.0,0.0,0.0,0.013692587450847296,-0.003283441072902328,0.009227230355604483,-0.003281419417541536,0.0],[0.0,0.0,0.0,0.0,0.003294213888452632,-0.013560878907212227,0.0034361875489642394,0.0],[0.0,0.0,0.0,0.0,0.0,0.0,-0.002137720699426889,0.004569513198035271],[0.0,0.0,0.0,0.0,0.0,0.0,0.0013765288591749225,-0.004548646435071109]]}