{"din_name":"flux_level11282.json","din_kind":"RELATIVE","din_start":600.0000399548571,"din_end":660.0000174230011,"din_rules":["Interventions","r1","r1_rev","r2","r3","r4","r5","r6"],"din_hits":[0,96973,96953,2911,728632,725741,387093,387064],"din_fluxs":[[0.0,0.0,0.0,0.0,0.0,0.0,0.0,0.0],[0.0,-0.0011024342972145663,0.04681761917165138,0.07873612525686366,0.0,-0.002046757602918585,0.0,0.0],[0.0,0.001103653869294343,-0.043932341654464975,-0.08501567704318644,0.0,0.0025050926038541637,0.0,0.0],[0.0,0.0,0.0,-0.19780742757198555,0.00576287793319137,0.0,0.007280295773404125,0.0],[0.0,0.0,0.0,0.003273182422025734,-0.00573485110904621,0.006256277666155096,-0.005731931575934951,0.0],[0.0,0.0,0.0,0.0,0.0057680485828741175,-0.006301947928703259,0.007108042958218711,0.0],[0.0,0.0,0.0,0.0,0.0,0.0,-0.004627033492094626,0.0034958046833048215],[0.0,0.0,0.0,0.0,0.0,0.0,0.00214731689611429,-0.0034835925475923215]]}