{"din_name":"flux_level08555.json","din_kind":"RELATIVE","din_start":600.0000270972855,"din_end":660.0000034527804,"din_rules":["Interventions","r1","r1_rev","r2","r3","r4","r5","r6"],"din_hits":[0,105616,105594,32330,3760170,3727819,691804,691774],"din_fluxs":[[0.0,0.0,0.0,0.0,0.0,0.0,0.0,0.0],[0.0,-0.0011006374657259105,0.05162287907766416,0.05602872124371975,0.0,-0.002045281209965833,0.0,0.0],[0.0,0.0011018525085305115,-0.0475132421430978,-0.09075816634075774,0.0,0.003981536739152241,0.0,0.0],[0.0,0.0,0.0,-0.27637361246988157,0.002897775687176821,0.0,0.0036546431602376785,0.0],[0.0,0.0,0.0,0.004749127877914222,-0.002889433971333934,0.013466245259438651,-0.0028907061018959204,0.0],[0.0,0.0,0.0,0.0,0.002897812175966957,-0.013454033577445812,0.0031695610593255783,0.0],[0.0,0.0,0.0,0.0,0.0,0.0,-0.004788195986821328,0.0014529746992651442],[0.0,0.0,0.0,0.0,0.0,0.0,0.0033740415717158625,-0.0014508666931584205]]}