{"din_name":"flux_level08289.json","din_kind":"RELATIVE","din_start":600.000010989181,"din_end":660.0000179567627,"din_rules":["Interventions","r1","r1_rev","r2","r3","r4","r5","r6"],"din_hits":[0,115843,115779,198551,3774641,3576080,94656,94665],"din_fluxs":[[0.0,0.0,0.0,0.0,0.0,0.0,0.0,0.0],[0.0,-0.0011483037716049373,0.016026995562498002,0.02160964951515619,0.0,-0.002134987218755983,0.0,0.0],[0.0,0.001149644030973996,-0.015490959535202613,-0.030209785560750154,0.0,0.0032821314024695774,0.0,0.0],[0.0,0.0,0.0,-0.15784536153428239,0.0026553348392068395,0.0,0.002687660165235185,0.0],[0.0,0.0,0.0,0.010171911506849434,-0.0026486107137921955,0.0172380059461886,-0.0026473859561152156,0.0],[0.0,0.0,0.0,0.0,0.002655664546964103,-0.017905332253802215,0.0026668321382641224,0.0],[0.0,0.0,0.0,0.0,0.0,0.0,-0.0019362432220108457,0.003181349323795744],[0.0,0.0,0.0,0.0,0.0,0.0,0.0014667639469385341,-0.003171233770104218]]}