{"din_name":"flux_level08869.json","din_kind":"RELATIVE","din_start":600.0000947667614,"din_end":660.0000043464029,"din_rules":["Interventions","r1","r1_rev","r2","r3","r4","r5","r6"],"din_hits":[0,55455,55434,8957,1474193,1465252,1584074,1584070],"din_fluxs":[[0.0,0.0,0.0,0.0,0.0,0.0,0.0,0.0],[0.0,-0.0010977114690089859,0.059218737869779804,0.06840915295033607,0.0,-0.0020220695687975607,0.0,0.0],[0.0,0.001098921018458298,-0.054843161547790766,-0.10392042377800872,0.0,0.0038521094370421224,0.0,0.0],[0.0,0.0,0.0,-0.31295661436828826,0.00291243189042877,0.0,0.004778100225083101,0.0],[0.0,0.0,0.0,0.005090102448819479,-0.002904535614317876,0.013241371021995931,-0.002904037477402879,0.0],[0.0,0.0,0.0,0.0,0.0029130043824958044,-0.013214206936896084,0.003942801699917049,0.0],[0.0,0.0,0.0,0.0,0.0,0.0,-0.0036962911465712105,0.0017790673629198349],[0.0,0.0,0.0,0.0,0.0,0.0,0.002754326010812187,-0.0017759054035354817]]}