{"din_name":"flux_level00360.json","din_kind":"RELATIVE","din_start":600.0000235366549,"din_end":660.0000196366002,"din_rules":["Interventions","r1","r1_rev","r2","r3","r4","r5","r6"],"din_hits":[0,6987,6972,5102,812167,807063,930255,930276],"din_fluxs":[[0.0,0.0,0.0,0.0,0.0,0.0,0.0,0.0],[0.0,-0.0010927837097082828,0.08162038100831484,0.0694450139065944,0.0,-0.001974400647826447,0.0,0.0],[0.0,0.0010939936116746642,-0.07363967680375115,-0.13531027653927857,0.0,0.005408570491491645,0.0,0.0],[0.0,0.0,0.0,-0.4167754755505518,0.0025399253679165216,0.0,0.003533193763394277,0.0],[0.0,0.0,0.0,0.005852504393158132,-0.002534376041497239,0.019707234841714574,-0.002532534868264962,0.0],[0.0,0.0,0.0,0.0,0.00254082295211838,-0.019473385371314662,0.002933561134557099,0.0],[0.0,0.0,0.0,0.0,0.0,0.0,-0.0020747771713326146,0.002722051808469567],[0.0,0.0,0.0,0.0,0.0,0.0,0.001733552918874243,-0.002714651079801748]]}