{"din_name":"flux_level05913.json","din_kind":"RELATIVE","din_start":600.0000111404804,"din_end":660.0000111698206,"din_rules":["Interventions","r1","r1_rev","r2","r3","r4","r5","r6"],"din_hits":[0,23736,23710,3496,585507,582005,1673556,1673533],"din_fluxs":[[0.0,0.0,0.0,0.0,0.0,0.0,0.0,0.0],[0.0,-0.0010967183822284156,0.06283723010988843,0.07083202631686435,0.0,-0.002038234156967596,0.0,0.0],[0.0,0.0010979279349699084,-0.05791892816607394,-0.10774300726506805,0.0,0.00402459477361604,0.0,0.0],[0.0,0.0,0.0,-0.3453329111534895,0.002761566108742927,0.0,0.004054361952898877,0.0],[0.0,0.0,0.0,0.005960737281149891,-0.0027535820768645196,0.01508011679618302,-0.0027561983653875957,0.0],[0.0,0.0,0.0,0.0,0.0027611868894553025,-0.015021979991081647,0.003678722512077391,0.0],[0.0,0.0,0.0,0.0,0.0,0.0,-0.002212209450987401,0.00313057639200556],[0.0,0.0,0.0,0.0,0.0,0.0,0.0018975957120654823,-0.003120786212571126]]}