{"din_name":"flux_level03566.json","din_kind":"RELATIVE","din_start":600.0000089985861,"din_end":660.0000074631739,"din_rules":["Interventions","r1","r1_rev","r2","r3","r4","r5","r6"],"din_hits":[0,6873,6857,756,159120,158373,905838,905857],"din_fluxs":[[0.0,0.0,0.0,0.0,0.0,0.0,0.0,0.0],[0.0,-0.0010944060327443687,0.07317700520456639,0.08656255664872473,0.0,-0.0020558237960171793,0.0,0.0],[0.0,0.0010956233049509427,-0.06653753447695804,-0.12184653076674284,0.0,0.004264735618383477,0.0,0.0],[0.0,0.0,0.0,-0.4175882806430548,0.002616949358477621,0.0,0.008685070581675586,0.0],[0.0,0.0,0.0,0.007421603627951992,-0.002606202930034593,0.01773095352740391,-0.002614844248638856,0.0],[0.0,0.0,0.0,0.0,0.0026129948754562014,-0.017595368927604157,0.0068920569053755945,0.0],[0.0,0.0,0.0,0.0,0.0,0.0,-0.005627469259878409,0.0014743918574977105],[0.0,0.0,0.0,0.0,0.0,0.0,0.004911528430981092,-0.0014722203484603918]]}