{"din_name":"flux_level02502.json","din_kind":"RELATIVE","din_start":600.0000086124268,"din_end":660.0000026670126,"din_rules":["Interventions","r1","r1_rev","r2","r3","r4","r5","r6"],"din_hits":[0,42936,42908,65494,3588977,3523471,132117,132125],"din_fluxs":[[0.0,0.0,0.0,0.0,0.0,0.0,0.0,0.0],[0.0,-0.0011076890113995797,0.0380492095632784,0.03953413061086977,0.0,-0.002087878055624921,0.0,0.0],[0.0,0.001108927096181947,-0.035989001407915645,-0.06968786972179679,0.0,0.004454349645953052,0.0,0.0],[0.0,0.0,0.0,-0.2773276391650372,0.0025526116787611044,0.0,0.002580523989345315,0.0],[0.0,0.0,0.0,0.007615243427800755,-0.002546425532776449,0.01959147157321629,-0.002546400462736731,0.0],[0.0,0.0,0.0,0.0,0.0025529343107121264,-0.01959163250038688,0.0025616421026508265,0.0],[0.0,0.0,0.0,0.0,0.0,0.0,-0.001305104243832414,0.04420718699869442],[0.0,0.0,0.0,0.0,0.0,0.0,0.0010625848640756145,-0.04225049054958375]]}