{"din_name":"flux_level11224.json","din_kind":"RELATIVE","din_start":600.0000096378982,"din_end":660.0000106792975,"din_rules":["Interventions","r1","r1_rev","r2","r3","r4","r5","r6"],"din_hits":[0,322339,322160,622605,3885773,3263163,924033,924016],"din_fluxs":[[0.0,0.0,0.0,0.0,0.0,0.0,0.0,0.0],[0.0,-0.0012724883195397324,0.006351534330899546,0.012593136470368502,0.0,-0.00238821967608617,0.0,0.0],[0.0,0.0012741609697164502,-0.006195089283316282,-0.012299612561895086,0.0,0.0024358334777933805,0.0,0.0],[0.0,0.0,0.0,-0.07058937353248539,0.003016505903212495,0.0,0.0032374757346550925,0.0],[0.0,0.0,0.0,0.012146916238857478,-0.0030073474623304826,0.01207683744440622,-0.003008293255265585,0.0],[0.0,0.0,0.0,0.0,0.0030164090143919736,-0.014181838686817057,0.0032266389063408205,0.0],[0.0,0.0,0.0,0.0,0.0,0.0,-0.0027478160834214457,0.002276927646940616],[0.0,0.0,0.0,0.0,0.0,0.0,0.0018853772747869856,-0.0022717478191863353]]}