{"din_name":"flux_level10082.json","din_kind":"RELATIVE","din_start":600.0000004237554,"din_end":660.0000019615958,"din_rules":["Interventions","r1","r1_rev","r2","r3","r4","r5","r6"],"din_hits":[0,19727,19684,101576,4201435,4099852,1954371,1954426],"din_fluxs":[[0.0,0.0,0.0,0.0,0.0,0.0,0.0,0.0],[0.0,-0.0011139585929170355,0.03131492872169421,0.03301567535009762,0.0,-0.0020777883746026147,0.0,0.0],[0.0,0.0011152298672473416,-0.029723480849373752,-0.05639436963804149,0.0,0.004178463420286584,0.0,0.0],[0.0,0.0,0.0,-0.2451845820201743,0.0025564689187734056,0.0,0.0033605835773106514,0.0],[0.0,0.0,0.0,0.008141852240100651,-0.0025502094319730354,0.019565363958676606,-0.0025487492824956544,0.0],[0.0,0.0,0.0,0.0,0.002556738298842208,-0.019664160055961895,0.0027959052557015897,0.0],[0.0,0.0,0.0,0.0,0.0,0.0,-0.002693035269001307,0.0019432204134238187],[0.0,0.0,0.0,0.0,0.0,0.0,0.0021622354205974893,-0.0019394494870668038]]}