{"din_name":"flux_level05719.json","din_kind":"RELATIVE","din_start":600.0000389786745,"din_end":660.0000046726342,"din_rules":["Interventions","r1","r1_rev","r2","r3","r4","r5","r6"],"din_hits":[0,810795,810339,76040,109523,33493,1576011,1576052],"din_fluxs":[[0.0,0.0,0.0,0.0,0.0,0.0,0.0,0.0],[0.0,-0.0019408914703153565,0.002211966807920601,0.005614982911092603,0.0,-0.0037113709499696367,0.0,0.0],[0.0,0.0019449662439518826,-0.0021641491095223627,-0.004293761905806206,0.0,0.002942393924227382,0.0,0.0],[0.0,0.0,0.0,-0.040884889691526205,0.002632021803479542,0.0,0.0046736979155728225,0.0],[0.0,0.0,0.0,0.020393783852819553,-0.002625172253833789,0.014812742435691589,-0.002629532567146268,0.0],[0.0,0.0,0.0,0.0,0.002632235649719455,-0.027750885684394995,0.004749827738074926,0.0],[0.0,0.0,0.0,0.0,0.0,0.0,-0.002586146121623786,0.002526213100616189],[0.0,0.0,0.0,0.0,0.0,0.0,0.0024501535842610103,-0.0025198422113525613]]}