{"din_name":"flux_level11046.json","din_kind":"RELATIVE","din_start":600.0000001701715,"din_end":660.0000064374092,"din_rules":["Interventions","r1","r1_rev","r2","r3","r4","r5","r6"],"din_hits":[0,8704,8685,18372,1661225,1642843,833916,833889],"din_fluxs":[[0.0,0.0,0.0,0.0,0.0,0.0,0.0,0.0],[0.0,-0.0010985610143025772,0.056526667632654785,0.04971128037036541,0.0,-0.002003581017775227,0.0,0.0],[0.0,0.0010997920030510078,-0.052241179707176504,-0.0988358543737648,0.0,0.004970589872232687,0.0,0.0],[0.0,0.0,0.0,-0.332184210042185,0.002565392915903284,0.0,0.0032847411640313596,0.0],[0.0,0.0,0.0,0.0061141176797871784,-0.002559754758742838,0.01912334583386529,-0.0025608653041011738,0.0],[0.0,0.0,0.0,0.0,0.0025663362032161243,-0.018984154175304597,0.0027703967923205833,0.0],[0.0,0.0,0.0,0.0,0.0,0.0,-0.002110418879091832,0.0026250167997852254],[0.0,0.0,0.0,0.0,0.0,0.0,0.0017041107532744155,-0.0026181370859944338]]}