{"din_name":"flux_level02541.json","din_kind":"RELATIVE","din_start":600.0000044135933,"din_end":660.0000010570442,"din_rules":["Interventions","r1","r1_rev","r2","r3","r4","r5","r6"],"din_hits":[0,73617,73602,17036,4257155,4240122,1083574,1083583],"din_fluxs":[[0.0,0.0,0.0,0.0,0.0,0.0,0.0,0.0],[0.0,-0.0010915530114398045,0.09036669699190938,0.09183633120659603,0.0,-0.0020189423675550924,0.0,0.0],[0.0,0.0010927469274557551,-0.08099122423846095,-0.14886904513400864,0.0,0.004659065568765724,0.0,0.0],[0.0,0.0,0.0,-0.41666466377633293,0.00271678737868905,0.0,0.0030163221618765023,0.0],[0.0,0.0,0.0,0.0051145799025568905,-0.0027098686774794743,0.015730965060186248,-0.0027096676281163352,0.0],[0.0,0.0,0.0,0.0,0.002717236837052238,-0.015592379386574387,0.0028232459419160623,0.0],[0.0,0.0,0.0,0.0,0.0,0.0,-0.0017634044456283798,0.004495442632852623],[0.0,0.0,0.0,0.0,0.0,0.0,0.0013511584571417005,-0.004475254088672698]]}