{"din_name":"flux_level12814.json","din_kind":"RELATIVE","din_start":600.0000054943484,"din_end":660.0000133623637,"din_rules":["Interventions","r1","r1_rev","r2","r3","r4","r5","r6"],"din_hits":[0,88012,87987,8170,1350876,1342689,255766,255767],"din_fluxs":[[0.0,0.0,0.0,0.0,0.0,0.0,0.0,0.0],[0.0,-0.0011047342172808368,0.04314919467775809,0.06381000722425936,0.0,-0.002055608750386814,0.0,0.0],[0.0,0.001105959867140906,-0.04005443513453104,-0.0777827243578867,0.0,0.002804880031152751,0.0,0.0],[0.0,0.0,0.0,-0.1846870590464111,0.004778568646792021,0.0,0.00532568613672056,0.0],[0.0,0.0,0.0,0.00285944968521839,-0.004756348921314644,0.007082481112103685,-0.004752270755533554,0.0],[0.0,0.0,0.0,0.0,0.004779127563102553,-0.007123260788783986,0.005138408393743529,0.0],[0.0,0.0,0.0,0.0,0.0,0.0,-0.003508852204196132,0.003431006132712402],[0.0,0.0,0.0,0.0,0.0,0.0,0.0016296770387240868,-0.003419243882721673]]}