{"din_name":"flux_level08305.json","din_kind":"RELATIVE","din_start":600.0000274695196,"din_end":660.000008330957,"din_rules":["Interventions","r1","r1_rev","r2","r3","r4","r5","r6"],"din_hits":[0,43909,43898,4528,1245525,1240970,1173741,1173737],"din_fluxs":[[0.0,0.0,0.0,0.0,0.0,0.0,0.0,0.0],[0.0,-0.001094568517200871,0.07187970543336934,0.08958061983737489,0.0,-0.0020296017406204103,0.0,0.0],[0.0,0.0010957705663361737,-0.06568488429305953,-0.12323265680605323,0.0,0.0035530211457282107,0.0,0.0],[0.0,0.0,0.0,-0.3283644456171455,0.0032199851551290197,0.0,0.004393226496125008,0.0],[0.0,0.0,0.0,0.004160822377637612,-0.003211492841574305,0.010863322755822916,-0.0032139778755811356,0.0],[0.0,0.0,0.0,0.0,0.0032218518276758844,-0.010837821483676395,0.003961077787908212,0.0],[0.0,0.0,0.0,0.0,0.0,0.0,-0.002709221826319723,0.0028208890807727522],[0.0,0.0,0.0,0.0,0.0,0.0,0.0019383691994931433,-0.002812939759535341]]}