{"din_name":"flux_level03594.json","din_kind":"RELATIVE","din_start":600.0000045290087,"din_end":660.0000146238891,"din_rules":["Interventions","r1","r1_rev","r2","r3","r4","r5","r6"],"din_hits":[0,47281,47264,2062,1011379,1009315,911475,911514],"din_fluxs":[[0.0,0.0,0.0,0.0,0.0,0.0,0.0,0.0],[0.0,-0.0010894479975841042,0.11408208243916476,0.15433610756558244,0.0,-0.002034819592870028,0.0,0.0],[0.0,0.0010906370352864862,-0.09707468870254654,-0.1668346446376854,0.0,0.003948789442618902,0.0,0.0],[0.0,0.0,0.0,-0.5413932133318129,0.002639238435240275,0.0,0.0031517810626493746,0.0],[0.0,0.0,0.0,0.009664219400209324,-0.002630714706103918,0.01705257413143802,-0.002631499676776658,0.0],[0.0,0.0,0.0,0.0,0.0026376529489792293,-0.016886000583004015,0.0029553440537734435,0.0],[0.0,0.0,0.0,0.0,0.0,0.0,-0.0018889043621375938,0.0035411639835868968],[0.0,0.0,0.0,0.0,0.0,0.0,0.001542582095963371,-0.0035286395406127135]]}