{"din_name":"flux_level09201.json","din_kind":"RELATIVE","din_start":600.0000057156258,"din_end":660.0000000596983,"din_rules":["Interventions","r1","r1_rev","r2","r3","r4","r5","r6"],"din_hits":[0,27589,27575,18037,2418494,2400443,560725,560720],"din_fluxs":[[0.0,0.0,0.0,0.0,0.0,0.0,0.0,0.0],[0.0,-0.001094658279969249,0.07140132299640087,0.06617333215901428,0.0,-0.002059642617958428,0.0,0.0],[0.0,0.0010958625002657938,-0.06526657002468253,-0.12087400952376381,0.0,0.005119534427621436,0.0,0.0],[0.0,0.0,0.0,-0.3871814913637724,0.002554519297495073,0.0,0.0027067484217128575,0.0],[0.0,0.0,0.0,0.006046766362703067,-0.002548572309881898,0.01932814680040641,-0.002548733160933179,0.0],[0.0,0.0,0.0,0.0,0.002555090361553979,-0.019133984080412468,0.0026129916867833752,0.0],[0.0,0.0,0.0,0.0,0.0,0.0,-0.00141386675535497,0.010743145577926626],[0.0,0.0,0.0,0.0,0.0,0.0,0.0011656720450959003,-0.01062781830121418]]}