{"din_name":"flux_level13845.json","din_kind":"RELATIVE","din_start":600.0000391909899,"din_end":660.0000013988372,"din_rules":["Interventions","r1","r1_rev","r2","r3","r4","r5","r6"],"din_hits":[0,52378,52369,3519,1286648,1283154,2058050,2058053],"din_fluxs":[[0.0,0.0,0.0,0.0,0.0,0.0,0.0,0.0],[0.0,-0.0010901824130537662,0.10454604270640325,0.1314859175552111,0.0,-0.0020171933446239843,0.0,0.0],[0.0,0.0010913734498986972,-0.09098499748535102,-0.15763372712813034,0.0,0.004319885211944293,0.0,0.0],[0.0,0.0,0.0,-0.529532189642384,0.0025603128138429877,0.0,0.003940609287633893,0.0],[0.0,0.0,0.0,0.009419062200359455,-0.002554529963426089,0.018908634632036767,-0.002553795445629872,0.0],[0.0,0.0,0.0,0.0,0.0025610752896014304,-0.018697002106433432,0.0033238082452177057,0.0],[0.0,0.0,0.0,0.0,0.0,0.0,-0.0027752717055470606,0.001966055403625034],[0.0,0.0,0.0,0.0,0.0,0.0,0.0023077788372459778,-0.001962193877331272]]}