{"din_name":"flux_level05040.json","din_kind":"RELATIVE","din_start":600.0000042085838,"din_end":660.0000145216534,"din_rules":["Interventions","r1","r1_rev","r2","r3","r4","r5","r6"],"din_hits":[0,353727,353627,67267,1147339,1080077,342615,342608],"din_fluxs":[[0.0,0.0,0.0,0.0,0.0,0.0,0.0,0.0],[0.0,-0.0011756768618175523,0.011733150089178362,0.02017776610228635,0.0,-0.0021899738628620206,0.0,0.0],[0.0,0.0011770731016038723,-0.011399039018631424,-0.022523608421441976,0.0,0.002543748706281117,0.0,0.0],[0.0,0.0,0.0,-0.06971998791562735,0.004485799194215271,0.0,0.005309023400774542,0.0],[0.0,0.0,0.0,0.00534648123891915,-0.004466539631430026,0.007508338282132124,-0.004471440952189808,0.0],[0.0,0.0,0.0,0.0,0.004486664547002647,-0.008024912511064474,0.005219700706839055,0.0],[0.0,0.0,0.0,0.0,0.0,0.0,-0.004697924248213248,0.0020795710300422895],[0.0,0.0,0.0,0.0,0.0,0.0,0.0023077659634482208,-0.002075251599551729]]}