{"din_name":"flux_level04627.json","din_kind":"RELATIVE","din_start":600.0000065090247,"din_end":660.0000302206809,"din_rules":["Interventions","r1","r1_rev","r2","r3","r4","r5","r6"],"din_hits":[0,27775,27766,3749,1310162,1306405,1105545,1105570],"din_fluxs":[[0.0,0.0,0.0,0.0,0.0,0.0,0.0,0.0],[0.0,-0.001091153074032895,0.09360602361602986,0.10745614849224808,0.0,-0.002013545859584523,0.0,0.0],[0.0,0.0010923476381760598,-0.08358057720479167,-0.1553921007629723,0.0,0.0040333038063669925,0.0,0.0],[0.0,0.0,0.0,-0.3983981544785292,0.0029911778158850065,0.0,0.005534334416840792,0.0],[0.0,0.0,0.0,0.00430034549427861,-0.002981621409969825,0.012447735496457852,-0.0029825980822596916,0.0],[0.0,0.0,0.0,0.0,0.00299054172441571,-0.0123710782923538,0.004180524984817859,0.0],[0.0,0.0,0.0,0.0,0.0,0.0,-0.004850277516949454,0.00153702490193658],[0.0,0.0,0.0,0.0,0.0,0.0,0.0034749965725136894,-0.001534664569093791]]}