{"din_name":"flux_level04625.json","din_kind":"RELATIVE","din_start":600.0000022055951,"din_end":660.0000030637731,"din_rules":["Interventions","r1","r1_rev","r2","r3","r4","r5","r6"],"din_hits":[0,27737,27729,1345,619624,618278,462298,462313],"din_fluxs":[[0.0,0.0,0.0,0.0,0.0,0.0,0.0,0.0],[0.0,-0.0010910195713900183,0.09494347014934949,0.13135102945530486,0.0,-0.002032593110994535,0.0,0.0],[0.0,0.001092213662092699,-0.08459669560026005,-0.15369454778727493,0.0,0.0035525145462132666,0.0,0.0],[0.0,0.0,0.0,-0.4383479946748001,0.002985378593142129,0.0,0.007349696840541544,0.0],[0.0,0.0,0.0,0.006178821378303246,-0.002976364011120446,0.012438473090242076,-0.002973312686806426,0.0],[0.0,0.0,0.0,0.0,0.0029852542620635468,-0.012378081388618763,0.005626267834893521,0.0],[0.0,0.0,0.0,0.0,0.0,0.0,-0.011601795239241763,0.001199359303599558],[0.0,0.0,0.0,0.0,0.0,0.0,0.008239679383167071,-0.0011979224112442274]]}