{"din_name":"flux_level02516.json","din_kind":"RELATIVE","din_start":600.0000116852907,"din_end":660.0000087284317,"din_rules":["Interventions","r1","r1_rev","r2","r3","r4","r5","r6"],"din_hits":[0,52905,52899,2498,1114089,1111592,1164760,1164779],"din_fluxs":[[0.0,0.0,0.0,0.0,0.0,0.0,0.0,0.0],[0.0,-0.001090739424989423,0.09721181771441385,0.1356033075335378,0.0,-0.002046213533817288,0.0,0.0],[0.0,0.001091931496909726,-0.08648061281946502,-0.15494208555864747,0.0,0.0037135451101085242,0.0,0.0],[0.0,0.0,0.0,-0.47113794007130344,0.0028224210113181212,0.0,0.0038352746055617466,0.0],[0.0,0.0,0.0,0.007379604719859207,-0.0028127675226668667,0.014136295344581901,-0.002813828949483441,0.0],[0.0,0.0,0.0,0.0,0.002820701453879964,-0.014046624341246854,0.003487632207897026,0.0],[0.0,0.0,0.0,0.0,0.0,0.0,-0.0027239696563209626,0.0022357185082591494],[0.0,0.0,0.0,0.0,0.0,0.0,0.0020983807534998788,-0.002230726392862966]]}