{"din_name":"flux_level00129.json","din_kind":"RELATIVE","din_start":600.0000062327756,"din_end":660.0000032570658,"din_rules":["Interventions","r1","r1_rev","r2","r3","r4","r5","r6"],"din_hits":[0,32069,32056,34155,4214203,4180049,483039,483041],"din_fluxs":[[0.0,0.0,0.0,0.0,0.0,0.0,0.0,0.0],[0.0,-0.0010967633868832365,0.06254935972099734,0.05933210608140681,0.0,-0.0020570679936784526,0.0,0.0],[0.0,0.0010979723656844346,-0.05770983136644989,-0.10972916925158385,0.0,0.004706760362481411,0.0,0.0],[0.0,0.0,0.0,-0.31771897028218105,0.0027383328747516695,0.0,0.002887629298954853,0.0],[0.0,0.0,0.0,0.0044717379529102715,-0.0027312872332003,0.015528776001413383,-0.0027317226923505747,0.0],[0.0,0.0,0.0,0.0,0.0027387743479670044,-0.015433372431287956,0.0027812003176989346,0.0],[0.0,0.0,0.0,0.0,0.0,0.0,-0.0015367495333705853,0.009409597362028578],[0.0,0.0,0.0,0.0,0.0,0.0,0.0011698601091062854,-0.009321139066099791]]}