{"din_name":"flux_level10280.json","din_kind":"RELATIVE","din_start":600.0000163026706,"din_end":660.0000103720041,"din_rules":["Interventions","r1","r1_rev","r2","r3","r4","r5","r6"],"din_hits":[0,18008,17998,17492,3144331,3126841,366355,366351],"din_fluxs":[[0.0,0.0,0.0,0.0,0.0,0.0,0.0,0.0],[0.0,-0.0010943448600397637,0.07317521625081663,0.07174402847007069,0.0,-0.0020459791432564044,0.0,0.0],[0.0,0.001095549791760152,-0.06672022820515448,-0.12541572345683252,0.0,0.004483801597616738,0.0,0.0],[0.0,0.0,0.0,-0.3138578900338435,0.002967398336769079,0.0,0.0031945380892901866,0.0],[0.0,0.0,0.0,0.0031097319319146536,-0.0029592642913744507,0.012759396201246378,-0.002959621498356591,0.0],[0.0,0.0,0.0,0.0,0.0029680561829596684,-0.012681539565001947,0.003026835588467195,0.0],[0.0,0.0,0.0,0.0,0.0,0.0,-0.001714345263172792,0.007703261931792493],[0.0,0.0,0.0,0.0,0.0,0.0,0.001214570970726127,-0.007643973859343148]]}