{"din_name":"flux_level06053.json","din_kind":"RELATIVE","din_start":600.0000046128481,"din_end":660.0000047008352,"din_rules":["Interventions","r1","r1_rev","r2","r3","r4","r5","r6"],"din_hits":[0,130293,130226,37192,1235495,1198301,984755,984769],"din_fluxs":[[0.0,0.0,0.0,0.0,0.0,0.0,0.0,0.0],[0.0,-0.00113878109886399,0.018484247269805323,0.02793810165182236,0.0,-0.002111219119220768,0.0,0.0],[0.0,0.0011400923845565597,-0.01783061504458179,-0.03512757845285592,0.0,0.002817424446519224,0.0,0.0],[0.0,0.0,0.0,-0.10290596657654567,0.004053609536551516,0.0,0.005033972644503768,0.0],[0.0,0.0,0.0,0.004398553380349293,-0.004038298238495111,0.008260027123212542,-0.004037825625371787,0.0],[0.0,0.0,0.0,0.0,0.004054728647884421,-0.008519488041691873,0.004820635157652132,0.0],[0.0,0.0,0.0,0.0,0.0,0.0,-0.0028101475016877302,0.004741944235808875],[0.0,0.0,0.0,0.0,0.0,0.0,0.0018547241322058928,-0.004719473427790761]]}