{"din_name":"flux_level12638.json","din_kind":"RELATIVE","din_start":600.0000136075331,"din_end":660.0000058470114,"din_rules":["Interventions","r1","r1_rev","r2","r3","r4","r5","r6"],"din_hits":[0,32573,32560,243,179369,179128,1006461,1006449],"din_fluxs":[[0.0,0.0,0.0,0.0,0.0,0.0,0.0,0.0],[0.0,-0.0010916559724874454,0.08964781132035786,0.18619878188549824,0.0,-0.0020477051454215727,0.0,0.0],[0.0,0.00109285163269605,-0.08039439333049914,-0.14037215318282792,0.0,0.0027140907244178935,0.0,0.0],[0.0,0.0,0.0,-0.5157456648254369,0.0029173356372571633,0.0,0.004027509476013917,0.0],[0.0,0.0,0.0,0.012192199852731997,-0.0029084961028620435,0.01297775440427016,-0.0029020627397097483,0.0],[0.0,0.0,0.0,0.0,0.0029169843234994886,-0.012944683325646744,0.003953768262625066,0.0],[0.0,0.0,0.0,0.0,0.0,0.0,-0.0021091907665740407,0.004288941537623161],[0.0,0.0,0.0,0.0,0.0,0.0,0.0019283681237456474,-0.00427056687284336]]}