{"din_name":"flux_level09986.json","din_kind":"RELATIVE","din_start":600.0000167973525,"din_end":660.0000192260684,"din_rules":["Interventions","r1","r1_rev","r2","r3","r4","r5","r6"],"din_hits":[0,78249,78228,1141,370367,369212,1549926,1549956],"din_fluxs":[[0.0,0.0,0.0,0.0,0.0,0.0,0.0,0.0],[0.0,-0.0010958869227702336,0.06575293490815204,0.12098133640383164,0.0,-0.0020304467889018054,0.0,0.0],[0.0,0.0010970910273506976,-0.06051633145980425,-0.1072512647162842,0.0,0.003030025590074582,0.0,0.0],[0.0,0.0,0.0,-0.5012696910539723,0.002588065688698105,0.0,0.005199420247359357,0.0],[0.0,0.0,0.0,0.01578602615984654,-0.0025803020845724446,0.01813623913725826,-0.002583728025184518,0.0],[0.0,0.0,0.0,0.0,0.002586977081614279,-0.018068422244251016,0.004702467177765271,0.0],[0.0,0.0,0.0,0.0,0.0,0.0,-0.0036425620565373336,0.0017248214446120638],[0.0,0.0,0.0,0.0,0.0,0.0,0.003153243767940306,-0.0017218494888843335]]}