{"din_name":"flux_level02738.json","din_kind":"RELATIVE","din_start":600.0000099830281,"din_end":660.0000035726271,"din_rules":["Interventions","r1","r1_rev","r2","r3","r4","r5","r6"],"din_hits":[0,83505,83481,16550,1887244,1870678,2482156,2482158],"din_fluxs":[[0.0,0.0,0.0,0.0,0.0,0.0,0.0,0.0],[0.0,-0.0010991687589694133,0.054617795549898096,0.05916933793037053,0.0,-0.002031416195432013,0.0,0.0],[0.0,0.001100380708465152,-0.05084392500046527,-0.09501222554194205,0.0,0.004317544627098649,0.0,0.0],[0.0,0.0,0.0,-0.3632278612053821,0.0025613141510074755,0.0,0.003564477519337749,0.0],[0.0,0.0,0.0,0.007946040438251945,-0.0025544090764752308,0.01913467634426866,-0.0025552202896314685,0.0],[0.0,0.0,0.0,0.0,0.002560949586149619,-0.0190356206448421,0.003096767005488937,0.0],[0.0,0.0,0.0,0.0,0.0,0.0,-0.0023717109255117484,0.002297807665762577],[0.0,0.0,0.0,0.0,0.0,0.0,0.0019702027575400067,-0.0022925330441980773]]}