{"din_name":"flux_level07399.json","din_kind":"RELATIVE","din_start":600.0000020444656,"din_end":660.0000155209882,"din_rules":["Interventions","r1","r1_rev","r2","r3","r4","r5","r6"],"din_hits":[0,108804,108728,125091,2189301,2064173,613761,613764],"din_fluxs":[[0.0,0.0,0.0,0.0,0.0,0.0,0.0,0.0],[0.0,-0.0011565461186707785,0.014439455265989871,0.020736877838153228,0.0,-0.0021549399526502805,0.0,0.0],[0.0,0.001157911857615172,-0.013970505528665677,-0.027319835041589583,0.0,0.00307316225308474,0.0,0.0],[0.0,0.0,0.0,-0.1289341594613516,0.0028393777801394497,0.0,0.0041531392301190325,0.0],[0.0,0.0,0.0,0.008831416410195246,-0.0028314790846920334,0.014326703854334967,-0.002832048395898328,0.0],[0.0,0.0,0.0,0.0,0.0028395335315900615,-0.015014278708134184,0.003578461661042074,0.0],[0.0,0.0,0.0,0.0,0.0,0.0,-0.009304501043458088,0.0011980638205697093],[0.0,0.0,0.0,0.0,0.0,0.0,0.006727929369665098,-0.0011966298980217935]]}