{"din_name":"flux_level03246.json","din_kind":"RELATIVE","din_start":600.0000329821183,"din_end":660.0000162376206,"din_rules":["Interventions","r1","r1_rev","r2","r3","r4","r5","r6"],"din_hits":[0,78961,78947,15728,3240267,3224555,1005084,1005062],"din_fluxs":[[0.0,0.0,0.0,0.0,0.0,0.0,0.0,0.0],[0.0,-0.0010955999976354025,0.06699185711259978,0.07546950001278796,0.0,-0.002018206700768276,0.0,0.0],[0.0,0.0010968034498036235,-0.06156749534117305,-0.11653027398725135,0.0,0.003872876481193007,0.0,0.0],[0.0,0.0,0.0,-0.3106044122515387,0.0030931155679791394,0.0,0.003823473518508047,0.0],[0.0,0.0,0.0,0.003899914198505313,-0.0030833873646886165,0.011715506058055396,-0.0030849541139329707,0.0],[0.0,0.0,0.0,0.0,0.0030929292774099773,-0.011679754610765099,0.0033978992897389145,0.0],[0.0,0.0,0.0,0.0,0.0,0.0,-0.002968888390833651,0.0021679788161132565],[0.0,0.0,0.0,0.0,0.0,0.0,0.002008955751405549,-0.0021632859881081934]]}