{"din_name":"flux_level03920.json","din_kind":"RELATIVE","din_start":600.0000047371335,"din_end":660.0000053319725,"din_rules":["Interventions","r1","r1_rev","r2","r3","r4","r5","r6"],"din_hits":[0,50043,50034,18215,4345309,4327095,2188147,2188187],"din_fluxs":[[0.0,0.0,0.0,0.0,0.0,0.0,0.0,0.0],[0.0,-0.0010905486001517278,0.1053128897716752,0.09475124633959743,0.0,-0.002031022746277739,0.0,0.0],[0.0,0.0010917405605866395,-0.08824182059616623,-0.16005700407770332,0.0,0.0051783604921601945,0.0,0.0],[0.0,0.0,0.0,-0.44934989112518725,0.0026062656528651634,0.0,0.003528420214550381,0.0],[0.0,0.0,0.0,0.005510204372715229,-0.002600075680156293,0.017897800510212877,-0.0025996496089669284,0.0],[0.0,0.0,0.0,0.0,0.0026068584764219298,-0.01768993127891789,0.002881291670948975,0.0],[0.0,0.0,0.0,0.0,0.0,0.0,-0.002583693133194172,0.0020706817275367253],[0.0,0.0,0.0,0.0,0.0,0.0,0.002046632568572472,-0.0020663975529241958]]}