{"din_name":"flux_level07818.json","din_kind":"RELATIVE","din_start":600.0000119203847,"din_end":660.0000046765455,"din_rules":["Interventions","r1","r1_rev","r2","r3","r4","r5","r6"],"din_hits":[0,38552,38539,4300,1686811,1682499,176630,176644],"din_fluxs":[[0.0,0.0,0.0,0.0,0.0,0.0,0.0,0.0],[0.0,-0.0010929900341580475,0.0814998486831713,0.10362610305655025,0.0,-0.001993627728361571,0.0,0.0],[0.0,0.0010941886568607137,-0.07272496976387012,-0.1371263926236939,0.0,0.0033149649804270734,0.0,0.0],[0.0,0.0,0.0,-0.3133075049357798,0.0038367877029228184,0.0,0.004034872450776527,0.0],[0.0,0.0,0.0,0.002723702233684698,-0.00381940551890599,0.008578205096520197,-0.003819857002187249,0.0],[0.0,0.0,0.0,0.0,0.0038340597720683714,-0.008556404449805053,0.003927813456078816,0.0],[0.0,0.0,0.0,0.0,0.0,0.0,-0.002130629041669865,0.010870307897408789],[0.0,0.0,0.0,0.0,0.0,0.0,0.0012516135796998284,-0.01075216699892724]]}