{"din_name":"flux_level04855.json","din_kind":"RELATIVE","din_start":600.0000131360129,"din_end":660.0000000343886,"din_rules":["Interventions","r1","r1_rev","r2","r3","r4","r5","r6"],"din_hits":[0,25534,25513,23212,2745016,2721799,1707408,1707388],"din_fluxs":[[0.0,0.0,0.0,0.0,0.0,0.0,0.0,0.0],[0.0,-0.0010976213698736252,0.05942539415514726,0.05608684626130844,0.0,-0.002004289506041075,0.0,0.0],[0.0,0.0010988344395627522,-0.054985553842513774,-0.10531325559489658,0.0,0.004637819426267097,0.0,0.0],[0.0,0.0,0.0,-0.3056061395255959,0.0027605238424577537,0.0,0.0034955538217167335,0.0],[0.0,0.0,0.0,0.004480487461269191,-0.0027531498391660156,0.01520215326325682,-0.0027529113241403056,0.0],[0.0,0.0,0.0,0.0,0.002760755906534931,-0.015123657794132597,0.0030451270755782467,0.0],[0.0,0.0,0.0,0.0,0.0,0.0,-0.0020411517678153883,0.0032854341795382253],[0.0,0.0,0.0,0.0,0.0,0.0,0.0015852604232850097,-0.0032746531817649796]]}