{"din_name":"flux_level00336.json","din_kind":"RELATIVE","din_start":600.0000059143439,"din_end":660.0000014685232,"din_rules":["Interventions","r1","r1_rev","r2","r3","r4","r5","r6"],"din_hits":[0,247312,247251,166252,3401681,3235412,199598,199591],"din_fluxs":[[0.0,0.0,0.0,0.0,0.0,0.0,0.0,0.0],[0.0,-0.0011507464705144894,0.015521284841212247,0.0222605893676586,0.0,-0.0021499265837018207,0.0,0.0],[0.0,0.0011520822648608436,-0.015021630979784335,-0.02949138698141143,0.0,0.003056037975355279,0.0,0.0],[0.0,0.0,0.0,-0.12219504992348659,0.003012777145356346,0.0,0.0037878361039645524,0.0],[0.0,0.0,0.0,0.007417852076404551,-0.003003838239918734,0.012564663118824199,-0.0030001867685880714,0.0],[0.0,0.0,0.0,0.0,0.0030129001450468172,-0.013105325941908132,0.0034560342649172736,0.0],[0.0,0.0,0.0,0.0,0.0,0.0,-0.020261959446093925,0.0010852241878298284],[0.0,0.0,0.0,0.0,0.0,0.0,0.013814865296849343,-0.0010840478380204632]]}