{"din_name":"flux_level13387.json","din_kind":"RELATIVE","din_start":600.0000073828971,"din_end":660.00001046169,"din_rules":["Interventions","r1","r1_rev","r2","r3","r4","r5","r6"],"din_hits":[0,45744,45718,27417,2525464,2498052,805295,805296],"din_fluxs":[[0.0,0.0,0.0,0.0,0.0,0.0,0.0,0.0],[0.0,-0.0011023342425861414,0.04716929967867662,0.049285241636123994,0.0,-0.0020423200931571424,0.0,0.0],[0.0,0.00110355676283689,-0.04421026042035994,-0.08459614083621905,0.0,0.004191178201275186,0.0,0.0],[0.0,0.0,0.0,-0.2626711501408031,0.002829124359906672,0.0,0.004174827920855781,0.0],[0.0,0.0,0.0,0.004800942425667198,-0.00282119805817179,0.014306806984351021,-0.002819994662578596,0.0],[0.0,0.0,0.0,0.0,0.002829184030627818,-0.014295429888469697,0.0032379504810093147,0.0],[0.0,0.0,0.0,0.0,0.0,0.0,-0.004628891431345585,0.0014697807382679897],[0.0,0.0,0.0,0.0,0.0,0.0,0.003363756506226457,-0.0014676226234263527]]}