{"din_name":"flux_level12178.json","din_kind":"RELATIVE","din_start":600.0000018189563,"din_end":660.0000891931604,"din_rules":["Interventions","r1","r1_rev","r2","r3","r4","r5","r6"],"din_hits":[0,38928,38916,4879,1269628,1264756,82903,82903],"din_fluxs":[[0.0,0.0,0.0,0.0,0.0,0.0,0.0,0.0],[0.0,-0.0010918890911834089,0.08791318998484492,0.09933633468310402,0.0,-0.0020359341427047314,0.0,0.0],[0.0,0.0010930848921727133,-0.07897862023384429,-0.14392779339392417,0.0,0.00447875083851849,0.0,0.0],[0.0,0.0,0.0,-0.44921207290663673,0.0026327200984548396,0.0,0.005757099323644888,0.0],[0.0,0.0,0.0,0.006951068551063758,-0.0026254799960522385,0.017279417551383885,-0.002625626710680981,0.0],[0.0,0.0,0.0,0.0,0.0026323924982076374,-0.01712209991116849,0.003915643629343757,0.0],[0.0,0.0,0.0,0.0,0.0,0.0,-0.065694761851416,0.0010234331744574906],[0.0,0.0,0.0,0.0,0.0,0.0,0.05402333920182272,-0.0010223868065352927]]}