{"din_name":"flux_level05881.json","din_kind":"RELATIVE","din_start":600.0000079535423,"din_end":660.0000035057776,"din_rules":["Interventions","r1","r1_rev","r2","r3","r4","r5","r6"],"din_hits":[0,86242,86219,48546,2693162,2644612,499759,499769],"din_fluxs":[[0.0,0.0,0.0,0.0,0.0,0.0,0.0,0.0],[0.0,-0.0011099967067321485,0.03521710652611,0.03821439567757136,0.0,-0.002056387080984187,0.0,0.0],[0.0,0.001111235486750899,-0.033423172517082905,-0.06397585545713107,0.0,0.00406168724956648,0.0,0.0],[0.0,0.0,0.0,-0.2581292638741198,0.0026211801324097176,0.0,0.003218073508506761,0.0],[0.0,0.0,0.0,0.007408226615861859,-0.0026146342078465982,0.017827274601546438,-0.002610701301726836,0.0],[0.0,0.0,0.0,0.0,0.002621496670603336,-0.017893226034400758,0.002807271978736312,0.0],[0.0,0.0,0.0,0.0,0.0,0.0,-0.004412283004341741,0.0014339747197027928],[0.0,0.0,0.0,0.0,0.0,0.0,0.003415284325776956,-0.0014319201204028474]]}