{"din_name":"flux_level01160.json","din_kind":"RELATIVE","din_start":600.0000117291281,"din_end":660.0000187274302,"din_rules":["Interventions","r1","r1_rev","r2","r3","r4","r5","r6"],"din_hits":[0,163944,163911,1319,192481,191159,600052,600046],"din_fluxs":[[0.0,0.0,0.0,0.0,0.0,0.0,0.0,0.0],[0.0,-0.001113697964483994,0.031450602041164885,0.05993593256981558,0.0,-0.00206717724227819,0.0,0.0],[0.0,0.0011149433902204928,-0.029973798683058998,-0.058823980685556,0.0,0.002206811648138866,0.0,0.0],[0.0,0.0,0.0,-0.14097481122711536,0.007809114347170159,0.0,0.013416871231900683,0.0],[0.0,0.0,0.0,0.004409573383059292,-0.007764834842711442,0.00545198346543691,-0.007762303795467461,0.0],[0.0,0.0,0.0,0.0,0.007825976934251012,-0.00557348837101525,0.013362691973184978,0.0],[0.0,0.0,0.0,0.0,0.0,0.0,-0.00696737128608368,0.006620464629885715],[0.0,0.0,0.0,0.0,0.0,0.0,0.005257130473434149,-0.006576653518771579]]}