{"din_name":"flux_level01047.json","din_kind":"RELATIVE","din_start":600.0000072085936,"din_end":660.0000193509677,"din_rules":["Interventions","r1","r1_rev","r2","r3","r4","r5","r6"],"din_hits":[0,34013,33962,13037,453634,440593,1327923,1327912],"din_fluxs":[[0.0,0.0,0.0,0.0,0.0,0.0,0.0,0.0],[0.0,-0.0011233185277967652,0.02475659356254603,0.03029802590496036,0.0,-0.0020951267128970046,0.0,0.0],[0.0,0.0011246093777992627,-0.023676055828253568,-0.045691040153395965,0.0,0.0036418727552259985,0.0,0.0],[0.0,0.0,0.0,-0.23046926518465882,0.0025522162698527347,0.0,0.00344978476755816,0.0],[0.0,0.0,0.0,0.010125713647018152,-0.0025457536598833936,0.019606676636660953,-0.0025427275953089144,0.0],[0.0,0.0,0.0,0.0,0.002552254468461997,-0.01990143695949061,0.00322393588137902,0.0],[0.0,0.0,0.0,0.0,0.0,0.0,-0.0019465742635106915,0.003252271591128968],[0.0,0.0,0.0,0.0,0.0,0.0,0.0017185873390170932,-0.0032417071491734452]]}