{"din_name":"flux_level11015.json","din_kind":"RELATIVE","din_start":600.0000167113091,"din_end":660.0000084048811,"din_rules":["Interventions","r1","r1_rev","r2","r3","r4","r5","r6"],"din_hits":[0,18618,18603,14935,2059937,2045003,1431100,1431065],"din_fluxs":[[0.0,0.0,0.0,0.0,0.0,0.0,0.0,0.0],[0.0,-0.0010946218301502127,0.07180299836742951,0.06762413857583348,0.0,-0.0020804118151927413,0.0,0.0],[0.0,0.0010958282410270246,-0.06554757013090658,-0.12184144457133876,0.0,0.00501206397390149,0.0,0.0],[0.0,0.0,0.0,-0.3706629245327168,0.0026108004256842573,0.0,0.0031323965334700467,0.0],[0.0,0.0,0.0,0.0053077473501834975,-0.002604490854971232,0.017908574280224427,-0.002603284973244177,0.0],[0.0,0.0,0.0,0.0,0.002611297903857529,-0.01774444146084717,0.0028329491405285866,0.0],[0.0,0.0,0.0,0.0,0.0,0.0,-0.0017510390605768146,0.004166345219098314],[0.0,0.0,0.0,0.0,0.0,0.0,0.0014323207629844566,-0.0041490055467739]]}