{"din_name":"flux_level01809.json","din_kind":"RELATIVE","din_start":600.0000081710165,"din_end":660.0000000985881,"din_rules":["Interventions","r1","r1_rev","r2","r3","r4","r5","r6"],"din_hits":[0,39549,39530,15688,3497121,3481422,407492,407489],"din_fluxs":[[0.0,0.0,0.0,0.0,0.0,0.0,0.0,0.0],[0.0,-0.0010927875214483804,0.08321392957706103,0.08132228037833063,0.0,-0.0020007389665534516,0.0,0.0],[0.0,0.0010939852566302305,-0.07411294013415473,-0.13899193339913035,0.0,0.004496307635632804,0.0,0.0],[0.0,0.0,0.0,-0.35706163131110136,0.0028882808121911945,0.0,0.003051477640516155,0.0],[0.0,0.0,0.0,0.0037270802859000426,-0.0028809359266737133,0.013486779500906985,-0.0028805237434611276,0.0],[0.0,0.0,0.0,0.0,0.0028892683834232345,-0.013393642343712866,0.0029414518890377647,0.0],[0.0,0.0,0.0,0.0,0.0,0.0,-0.0016387992208552532,0.008702303966893596],[0.0,0.0,0.0,0.0,0.0,0.0,0.0011914152473800706,-0.008626640327149181]]}