{"din_name":"flux_level06329.json","din_kind":"RELATIVE","din_start":600.0000012793525,"din_end":660.0000347146776,"din_rules":["Interventions","r1","r1_rev","r2","r3","r4","r5","r6"],"din_hits":[0,38455,38430,4447,430756,426303,1399855,1399869],"din_fluxs":[[0.0,0.0,0.0,0.0,0.0,0.0,0.0,0.0],[0.0,-0.001106067361787261,0.040411918963233394,0.052545684220758185,0.0,-0.0020826288190937863,0.0,0.0],[0.0,0.0011073017805797178,-0.03812347453459235,-0.07353835270421703,0.0,0.00349522373786557,0.0,0.0],[0.0,0.0,0.0,-0.26967947296608635,0.002845635446564456,0.0,0.0038450189612470346,0.0],[0.0,0.0,0.0,0.006883713643281644,-0.0028370601564115454,0.014007631068094398,-0.002836833763658358,0.0],[0.0,0.0,0.0,0.0,0.002845132125644508,-0.014079349305628541,0.0036704023094158776,0.0],[0.0,0.0,0.0,0.0,0.0,0.0,-0.0020439093803522493,0.004077898133440194],[0.0,0.0,0.0,0.0,0.0,0.0,0.0017944859491933922,-0.004061284062343914]]}