{"din_name":"flux_level01753.json","din_kind":"RELATIVE","din_start":600.0000307837103,"din_end":660.0000025061269,"din_rules":["Interventions","r1","r1_rev","r2","r3","r4","r5","r6"],"din_hits":[0,27361,27352,1802,1007107,1005305,1889635,1889641],"din_fluxs":[[0.0,0.0,0.0,0.0,0.0,0.0,0.0,0.0],[0.0,-0.0010899673067045574,0.10599193314860086,0.1372739036478796,0.0,-0.002037117848930196,0.0,0.0],[0.0,0.001091158927366203,-0.09220767941697262,-0.1693173335932555,0.0,0.003553667277547675,0.0,0.0],[0.0,0.0,0.0,-0.4119025800394353,0.003300024252382598,0.0,0.005148974763615857,0.0],[0.0,0.0,0.0,0.004161758920249419,-0.003288527688606635,0.010405776097964217,-0.0032860303010186103,0.0],[0.0,0.0,0.0,0.0,0.0032993853212768096,-0.010357049464074555,0.004618609867178573,0.0],[0.0,0.0,0.0,0.0,0.0,0.0,-0.0029310343736378263,0.0028571808364932297],[0.0,0.0,0.0,0.0,0.0,0.0,0.002238412251062035,-0.0028490257930577382]]}