{"din_name":"flux_level05671.json","din_kind":"RELATIVE","din_start":600.0000000547971,"din_end":660.0000149653146,"din_rules":["Interventions","r1","r1_rev","r2","r3","r4","r5","r6"],"din_hits":[0,73563,73553,3675,2127476,2123777,1018838,1018841],"din_fluxs":[[0.0,0.0,0.0,0.0,0.0,0.0,0.0,0.0],[0.0,-0.0010920473148235024,0.08672460292498678,0.1316963060249951,0.0,-0.0020332210338626622,0.0,0.0],[0.0,0.001093242357539576,-0.07802521103950671,-0.14740463403184256,0.0,0.0028753367399903668,0.0,0.0],[0.0,0.0,0.0,-0.3169098882852223,0.0047262509376504586,0.0,0.006706260012529131,0.0],[0.0,0.0,0.0,0.0026752659283370847,-0.004703003581866748,0.007076333724743233,-0.004702797656677408,0.0],[0.0,0.0,0.0,0.0,0.004725265540018693,-0.007067252783161162,0.00612643986132364,0.0],[0.0,0.0,0.0,0.0,0.0,0.0,-0.005580536110795404,0.0019749398742216918],[0.0,0.0,0.0,0.0,0.0,0.0,0.0027243443138631695,-0.001971043444870783]]}