{"din_name":"flux_level01971.json","din_kind":"RELATIVE","din_start":600.0000375955332,"din_end":660.0000095682539,"din_rules":["Interventions","r1","r1_rev","r2","r3","r4","r5","r6"],"din_hits":[0,17135,17121,9222,1812683,1803472,780485,780498],"din_fluxs":[[0.0,0.0,0.0,0.0,0.0,0.0,0.0,0.0],[0.0,-0.0010933672362348546,0.07805516935413184,0.07565056739979736,0.0,-0.0020008735882813887,0.0,0.0],[0.0,0.0010945703842782197,-0.07079534243208485,-0.13333387063899713,0.0,0.004536010955909803,0.0,0.0],[0.0,0.0,0.0,-0.34770080969802775,0.0028705089516027674,0.0,0.005372596656614692,0.0],[0.0,0.0,0.0,0.0037182342858485535,-0.002863337167858802,0.013698690154146709,-0.0028606352849181458,0.0],[0.0,0.0,0.0,0.0,0.002871568644750841,-0.013604747023278223,0.003563747430841071,0.0],[0.0,0.0,0.0,0.0,0.0,0.0,-0.005652626376610331,0.0013772922899839238],[0.0,0.0,0.0,0.0,0.0,0.0,0.004080919514384541,-0.0013753970510366731]]}