{"din_name":"flux_level06611.json","din_kind":"RELATIVE","din_start":600.0000070303021,"din_end":660.0000032159001,"din_rules":["Interventions","r1","r1_rev","r2","r3","r4","r5","r6"],"din_hits":[0,1559984,1559642,1256370,3116631,1860270,102785,102785],"din_fluxs":[[0.0,0.0,0.0,0.0,0.0,0.0,0.0,0.0],[0.0,-0.0015886480156762689,0.003031375611690631,0.008346510457717454,0.0,-0.003009031490369718,0.0,0.0],[0.0,0.001591239757549083,-0.0029697570007059765,-0.005912697582173749,0.0,0.0021905314686786626,0.0,0.0],[0.0,0.0,0.0,-0.04047165459205064,0.0031420470233351344,0.0,0.003158293769010226,0.0],[0.0,0.0,0.0,0.01578566977631503,-0.003131971445829033,0.009519705286545374,-0.0031323039944496055,0.0],[0.0,0.0,0.0,0.0,0.003141664316817625,-0.01502390176357505,0.003168660524324144,0.0],[0.0,0.0,0.0,0.0,0.0,0.0,-0.0018553473611837173,0.006542998356288221],[0.0,0.0,0.0,0.0,0.0,0.0,0.001210394589506571,-0.006500242525513736]]}