{"din_name":"flux_level00082.json","din_kind":"RELATIVE","din_start":600.0000028953489,"din_end":660.000010297305,"din_rules":["Interventions","r1","r1_rev","r2","r3","r4","r5","r6"],"din_hits":[0,33828,33819,2475,913587,911097,1644944,1644963],"din_fluxs":[[0.0,0.0,0.0,0.0,0.0,0.0,0.0,0.0],[0.0,-0.0010899820559464248,0.110065092253072,0.13203424605885766,0.0,-0.0020233107936431967,0.0,0.0],[0.0,0.001091173276696436,-0.09282800410847993,-0.16228982429009284,0.0,0.004437579864178207,0.0,0.0],[0.0,0.0,0.0,-0.5319004467045791,0.002556381241098598,0.0,0.003715108323960429,0.0],[0.0,0.0,0.0,0.009130325237343471,-0.0025514074607328346,0.018995793685941054,-0.002553303421924517,0.0],[0.0,0.0,0.0,0.0,0.0025579400415100817,-0.018776507368752082,0.0032488760209297475,0.0],[0.0,0.0,0.0,0.0,0.0,0.0,-0.0023927236325919556,0.0023016939491305507],[0.0,0.0,0.0,0.0,0.0,0.0,0.002017256677590847,-0.0022964013972062943]]}