{"din_name":"flux_level00817.json","din_kind":"RELATIVE","din_start":600.0000039970322,"din_end":660.0000023435394,"din_rules":["Interventions","r1","r1_rev","r2","r3","r4","r5","r6"],"din_hits":[0,29095,29081,6858,1777543,1770693,1352227,1352240],"din_fluxs":[[0.0,0.0,0.0,0.0,0.0,0.0,0.0,0.0],[0.0,-0.0010914625693075105,0.0924244017092011,0.092076248322202,0.0,-0.0020191636354715704,0.0,0.0],[0.0,0.0010926580071805823,-0.08152343366571577,-0.15025721348326257,0.0,0.004632017253730423,0.0,0.0],[0.0,0.0,0.0,-0.4097853338903446,0.0027485635597696376,0.0,0.0033144388383081363,0.0],[0.0,0.0,0.0,0.0047618119911335,-0.0027416501432402296,0.01522791878831719,-0.0027416739042320725,0.0],[0.0,0.0,0.0,0.0,0.002749192988096749,-0.015097799320678914,0.0030374956280875523,0.0],[0.0,0.0,0.0,0.0,0.0,0.0,-0.0018470989726394108,0.0042501225174052465],[0.0,0.0,0.0,0.0,0.0,0.0,0.0014724335536790395,-0.0042320756983145295]]}