{"din_name":"flux_level05677.json","din_kind":"RELATIVE","din_start":600.0000539929108,"din_end":660.0000237465177,"din_rules":["Interventions","r1","r1_rev","r2","r3","r4","r5","r6"],"din_hits":[0,74321,74301,3565,2128536,2124938,885281,885301],"din_fluxs":[[0.0,0.0,0.0,0.0,0.0,0.0,0.0,0.0],[0.0,-0.0010921238677203285,0.08608864855766662,0.13047683446860422,0.0,-0.0020258218978383776,0.0,0.0],[0.0,0.0010933188501807735,-0.07752058437111041,-0.1466293030129171,0.0,0.00287423311438618,0.0,0.0],[0.0,0.0,0.0,-0.31554723236583787,0.00472259782585747,0.0,0.0070969341627997425,0.0],[0.0,0.0,0.0,0.0026700078883788083,-0.004699939031585506,0.007080492874463395,-0.004699329343251941,0.0],[0.0,0.0,0.0,0.0,0.004722174566088882,-0.007071493455152637,0.006157418093347777,0.0],[0.0,0.0,0.0,0.0,0.0,0.0,-0.00641500460072244,0.0017577708744253649],[0.0,0.0,0.0,0.0,0.0,0.0,0.003057252881752819,-0.0017546848284272572]]}