{"din_name":"flux_level08076.json","din_kind":"RELATIVE","din_start":600.0000541237595,"din_end":660.0000193697002,"din_rules":["Interventions","r1","r1_rev","r2","r3","r4","r5","r6"],"din_hits":[0,66383,66283,36614,536185,499562,1085139,1085169],"din_fluxs":[[0.0,0.0,0.0,0.0,0.0,0.0,0.0,0.0],[0.0,-0.0011677170342185097,0.01275462615264803,0.018909430490562762,0.0,-0.0021642299190913847,0.0,0.0],[0.0,0.0011691357849716105,-0.012334628887780563,-0.02386160914461235,0.0,0.002984735203425379,0.0,0.0],[0.0,0.0,0.0,-0.14976645161853847,0.0025974330954552155,0.0,0.0031221245407993914,0.0],[0.0,0.0,0.0,0.012732582764431271,-0.0025907034237773697,0.01842410566174717,-0.0025903328750325207,0.0],[0.0,0.0,0.0,0.0,0.0025974355902532694,-0.0194960147806244,0.003032116353793444,0.0],[0.0,0.0,0.0,0.0,0.0,0.0,-0.001727159179765905,0.004551647575089083],[0.0,0.0,0.0,0.0,0.0,0.0,0.001513022422207013,-0.004530949246903352]]}