{"din_name":"flux_level03008.json","din_kind":"RELATIVE","din_start":600.0000056206935,"din_end":660.0000045289735,"din_rules":["Interventions","r1","r1_rev","r2","r3","r4","r5","r6"],"din_hits":[0,3190,3180,10077,2064415,2054332,735417,735406],"din_fluxs":[[0.0,0.0,0.0,0.0,0.0,0.0,0.0,0.0],[0.0,-0.0010895806150350365,0.11186869012400505,0.08056401969482169,0.0,-0.0019165261063650396,0.0,0.0],[0.0,0.0010907881217223543,-0.09646431233347209,-0.17369671384418614,0.0,0.006097067791934979,0.0,0.0],[0.0,0.0,0.0,-0.4609367650134869,0.0025253565553808406,0.0,0.0030456481489622655,0.0],[0.0,0.0,0.0,0.00525184468388548,-0.0025192845551584566,0.020126815324173476,-0.0025188211163569706,0.0],[0.0,0.0,0.0,0.0,0.0025256507118705212,-0.019829104361706148,0.0026362259334898794,0.0],[0.0,0.0,0.0,0.0,0.0,0.0,-0.0017089195822780376,0.003928133364517355],[0.0,0.0,0.0,0.0,0.0,0.0,0.0013981636102202244,-0.003912718919602226]]}