{"din_name":"flux_level09691.json","din_kind":"RELATIVE","din_start":600.0000008770027,"din_end":660.0000039963452,"din_rules":["Interventions","r1","r1_rev","r2","r3","r4","r5","r6"],"din_hits":[0,105634,105603,51336,2494666,2443340,1370729,1370726],"din_fluxs":[[0.0,0.0,0.0,0.0,0.0,0.0,0.0,0.0],[0.0,-0.0011130717757690213,0.032030314262065714,0.03568435190104611,0.0,-0.0020615941000916536,0.0,0.0],[0.0,0.001114317615641323,-0.03050068333998435,-0.058737359703318275,0.0,0.004007453170918148,0.0,0.0],[0.0,0.0,0.0,-0.25773947749066356,0.0025704128178150325,0.0,0.0032655199847597084,0.0],[0.0,0.0,0.0,0.008481081335730202,-0.0025640398017469906,0.01908305610622537,-0.0025633235880853553,0.0],[0.0,0.0,0.0,0.0,0.002570637678890804,-0.01919182255017624,0.0028784028965818708,0.0],[0.0,0.0,0.0,0.0,0.0,0.0,-0.002815064971725461,0.0018834828118398244],[0.0,0.0,0.0,0.0,0.0,0.0,0.002255124978152242,-0.0018799386962843523]]}