{"din_name":"flux_level13417.json","din_kind":"RELATIVE","din_start":600.0000013321547,"din_end":660.0000060784494,"din_rules":["Interventions","r1","r1_rev","r2","r3","r4","r5","r6"],"din_hits":[0,37630,37620,7828,2103691,2095863,1057686,1057690],"din_fluxs":[[0.0,0.0,0.0,0.0,0.0,0.0,0.0,0.0],[0.0,-0.0010937948662974265,0.07553143541122424,0.0871306763393499,0.0,-0.002018813529166076,0.0,0.0],[0.0,0.0010949953082767185,-0.06878654432986017,-0.1306759132846453,0.0,0.003774527810587489,0.0,0.0],[0.0,0.0,0.0,-0.3161484334143718,0.0033145725033991236,0.0,0.003881068584853823,0.0],[0.0,0.0,0.0,0.0031105866641452217,-0.003304691910417937,0.010398104383979177,-0.003303254715150785,0.0],[0.0,0.0,0.0,0.0,0.003315662208705777,-0.010359807453370553,0.0036308312375866957,0.0],[0.0,0.0,0.0,0.0,0.0,0.0,-0.0021079626692144917,0.005400063496148224],[0.0,0.0,0.0,0.0,0.0,0.0,0.0014849663073626927,-0.005370928969271673]]}