{"din_name":"flux_level12519.json","din_kind":"RELATIVE","din_start":600.000018420118,"din_end":660.0000279196805,"din_rules":["Interventions","r1","r1_rev","r2","r3","r4","r5","r6"],"din_hits":[0,55191,55181,3485,867355,863860,353303,353317],"din_fluxs":[[0.0,0.0,0.0,0.0,0.0,0.0,0.0,0.0],[0.0,-0.0010941045269834344,0.07392575132799578,0.09825391736579719,0.0,-0.002040089574375773,0.0,0.0],[0.0,0.0010953048357074564,-0.06745246104709862,-0.12193933788629058,0.0,0.003840495710834659,0.0,0.0],[0.0,0.0,0.0,-0.4411648058880678,0.0026467820318488216,0.0,0.0029953939129966686,0.0],[0.0,0.0,0.0,0.008615936638098121,-0.0026409530264366633,0.01692078032051977,-0.002642318119828151,0.0],[0.0,0.0,0.0,0.0,0.0026479538509773027,-0.016815462657530474,0.0028305764243029153,0.0],[0.0,0.0,0.0,0.0,0.0,0.0,-0.0020135435393115373,0.0030116728980204323],[0.0,0.0,0.0,0.0,0.0,0.0,0.001576169112563844,-0.0030026197644660757]]}