{"din_name":"flux_level01757.json","din_kind":"RELATIVE","din_start":600.0000006015199,"din_end":660.0000111833739,"din_rules":["Interventions","r1","r1_rev","r2","r3","r4","r5","r6"],"din_hits":[0,40988,40979,1611,1007345,1005717,1781665,1781675],"din_fluxs":[[0.0,0.0,0.0,0.0,0.0,0.0,0.0,0.0],[0.0,-0.0010899215706452272,0.11027961767141384,0.15415524934099725,0.0,-0.00202684240603824,0.0,0.0],[0.0,0.001091112321786115,-0.09303118753055824,-0.16841069047136056,0.0,0.0032941260617270324,0.0,0.0],[0.0,0.0,0.0,-0.429266999920467,0.003292227473730736,0.0,0.005154728236094282,0.0],[0.0,0.0,0.0,0.005203515636475663,-0.0032854302831189673,0.010397771198018857,-0.0032805141303168537,0.0],[0.0,0.0,0.0,0.0,0.0032962744612059377,-0.010357307242394637,0.0046910076801909865,0.0],[0.0,0.0,0.0,0.0,0.0,0.0,-0.0031099154501644894,0.002608970087632685],[0.0,0.0,0.0,0.0,0.0,0.0,0.0023322010185360055,-0.0026021704230506826]]}