{"din_name":"flux_level03753.json","din_kind":"RELATIVE","din_start":600.0000050670629,"din_end":660.0000143031484,"din_rules":["Interventions","r1","r1_rev","r2","r3","r4","r5","r6"],"din_hits":[0,7901,7878,19050,1629326,1610256,863494,863487],"din_fluxs":[[0.0,0.0,0.0,0.0,0.0,0.0,0.0,0.0],[0.0,-0.001101447934323741,0.04953095243151454,0.04800068589034598,0.0,-0.002004893939377022,0.0,0.0],[0.0,0.0011026953200920292,-0.04607256694057319,-0.08684645601518268,0.0,0.0044718701826258365,0.0,0.0],[0.0,0.0,0.0,-0.26838138244154164,0.0027597231266973474,0.0,0.005411872662529878,0.0],[0.0,0.0,0.0,0.004646222122010506,-0.002752491500429093,0.015281964110390149,-0.0027550826520471665,0.0],[0.0,0.0,0.0,0.0,0.002760097247353848,-0.015238361424628269,0.00346664701063708,0.0],[0.0,0.0,0.0,0.0,0.0,0.0,-0.005309074106210425,0.001389825800483945],[0.0,0.0,0.0,0.0,0.0,0.0,0.003989315021505299,-0.0013878961980395455]]}