{"din_name":"flux_level03787.json","din_kind":"RELATIVE","din_start":600.0000713069749,"din_end":660.0000056597678,"din_rules":["Interventions","r1","r1_rev","r2","r3","r4","r5","r6"],"din_hits":[0,26620,26604,2476,571984,569508,63159,63151],"din_fluxs":[[0.0,0.0,0.0,0.0,0.0,0.0,0.0,0.0],[0.0,-0.001093578632029502,0.07663326568604224,0.08731353575882475,0.0,-0.001958316927080796,0.0,0.0],[0.0,0.0010947800661720531,-0.06966970442986528,-0.12452095842260406,0.0,0.004163067317352408,0.0,0.0],[0.0,0.0,0.0,-0.4487293324899021,0.002598958768341658,0.0,0.0026427525661333446,0.0],[0.0,0.0,0.0,0.008147719254940245,-0.002592925444031941,0.01800798775013087,-0.002592607193040344,0.0],[0.0,0.0,0.0,0.0,0.002599671521741512,-0.017863449392989485,0.00262578172865581,0.0],[0.0,0.0,0.0,0.0,0.0,0.0,-0.001344861691154889,0.030651307473750833],[0.0,0.0,0.0,0.0,0.0,0.0,0.0011081147349167417,-0.029712548198395083]]}