{"din_name":"flux_level03148.json","din_kind":"RELATIVE","din_start":600.0000224780254,"din_end":660.0000052213767,"din_rules":["Interventions","r1","r1_rev","r2","r3","r4","r5","r6"],"din_hits":[0,107840,107810,24873,966454,941581,1069612,1069618],"din_fluxs":[[0.0,0.0,0.0,0.0,0.0,0.0,0.0,0.0],[0.0,-0.0011224013630020888,0.025214907525784997,0.03186534295319412,0.0,-0.0021062913385763876,0.0,0.0],[0.0,0.001123670567937099,-0.024167809317740565,-0.04641310865568848,0.0,0.0035438618616957488,0.0,0.0],[0.0,0.0,0.0,-0.23445471214979058,0.0025718208478256862,0.0,0.0031977282772793158,0.0],[0.0,0.0,0.0,0.010118941817691815,-0.002564798290378573,0.019028486519303202,-0.0025682797115832642,0.0],[0.0,0.0,0.0,0.0,0.0025713842468959693,-0.019314632451567903,0.0029745769572719952,0.0],[0.0,0.0,0.0,0.0,0.0,0.0,-0.002093072374223517,0.002744191460328946],[0.0,0.0,0.0,0.0,0.0,0.0,0.0017335542461414163,-0.0027366684150927053]]}