{"din_name":"flux_level01265.json","din_kind":"RELATIVE","din_start":600.0000069072777,"din_end":660.0000031716191,"din_rules":["Interventions","r1","r1_rev","r2","r3","r4","r5","r6"],"din_hits":[0,20973,20960,11769,2158202,2146432,1545044,1545078],"din_fluxs":[[0.0,0.0,0.0,0.0,0.0,0.0,0.0,0.0],[0.0,-0.0010918398703592398,0.08862076020010512,0.07973359986431719,0.0,-0.002035742052270703,0.0,0.0],[0.0,0.001093037504474738,-0.07952515927609684,-0.146035695140288,0.0,0.0053394747160024425,0.0,0.0],[0.0,0.0,0.0,-0.4263449533326656,0.0025622673448112503,0.0,0.004268519254057304,0.0],[0.0,0.0,0.0,0.005685138834181139,-0.0025562368204220544,0.019052294801902972,-0.0025561901664519723,0.0],[0.0,0.0,0.0,0.0,0.0025627928025389922,-0.01882652202005335,0.0030602094684308674,0.0],[0.0,0.0,0.0,0.0,0.0,0.0,-0.0035227670911684252,0.0016132445013074864],[0.0,0.0,0.0,0.0,0.0,0.0,0.002840312535368037,-0.0016106444214047662]]}