{"din_name":"flux_level12166.json","din_kind":"RELATIVE","din_start":600.0000042600591,"din_end":660.0000061814876,"din_rules":["Interventions","r1","r1_rev","r2","r3","r4","r5","r6"],"din_hits":[0,2612,2583,56205,2796269,2740059,1585086,1585102],"din_fluxs":[[0.0,0.0,0.0,0.0,0.0,0.0,0.0,0.0],[0.0,-0.001116824673381786,0.029993921629999986,0.037363804478602845,0.0,-0.002105681950610184,0.0,0.0],[0.0,0.0011183375633904028,-0.02751746437460864,-0.05347637808443396,0.0,0.0035022319611281976,0.0,0.0],[0.0,0.0,0.0,-0.15245136370963208,0.0033471767485753366,0.0,0.005361138498710928,0.0],[0.0,0.0,0.0,0.003668194033901056,-0.003336148204161597,0.01047431298462498,-0.003334479543267766,0.0],[0.0,0.0,0.0,0.0,0.003347327954086742,-0.01057718899264703,0.004078174686366996,0.0],[0.0,0.0,0.0,0.0,0.0,0.0,-0.0037601433870274857,0.0019497950175962537],[0.0,0.0,0.0,0.0,0.0,0.0,0.002451646548098865,-0.0019459966547400584]]}