{"din_name":"flux_level12284.json","din_kind":"RELATIVE","din_start":600.0000030674772,"din_end":660.000003774485,"din_rules":["Interventions","r1","r1_rev","r2","r3","r4","r5","r6"],"din_hits":[0,37632,37619,11616,3742928,3731301,1601247,1601245],"din_fluxs":[[0.0,0.0,0.0,0.0,0.0,0.0,0.0,0.0],[0.0,-0.0010890259981886836,0.11945448055243779,0.11046798056160965,0.0,-0.00200499584478214,0.0,0.0],[0.0,0.0010902146459866402,-0.10109179278260393,-0.18047954384659917,0.0,0.005105955102366286,0.0,0.0],[0.0,0.0,0.0,-0.46947339014420214,0.002672390803500374,0.0,0.0038415216648879516,0.0],[0.0,0.0,0.0,0.004821095328087242,-0.002666149588579587,0.016475637960419533,-0.0026662305831830773,0.0],[0.0,0.0,0.0,0.0,0.0026732822529012216,-0.01628771514628266,0.0029886483239451736,0.0],[0.0,0.0,0.0,0.0,0.0,0.0,-0.0031400377385678523,0.0017812646210382493],[0.0,0.0,0.0,0.0,0.0,0.0,0.0024191764584750785,-0.0017780949658266747]]}