{"din_name":"flux_level11481.json","din_kind":"RELATIVE","din_start":600.0000111843609,"din_end":660.0000638142558,"din_rules":["Interventions","r1","r1_rev","r2","r3","r4","r5","r6"],"din_hits":[0,18542,18511,7277,963711,956421,423434,423448],"din_fluxs":[[0.0,0.0,0.0,0.0,0.0,0.0,0.0,0.0],[0.0,-0.0011133769642744254,0.03187588124014089,0.05534691133341461,0.0,-0.0020650008643771606,0.0,0.0],[0.0,0.0011146498493646516,-0.030236869145379413,-0.059430144990244675,0.0,0.002389596382393159,0.0,0.0],[0.0,0.0,0.0,-0.11897411463748477,0.011939267607800725,0.0,0.014558744728757332,0.0],[0.0,0.0,0.0,0.0011863640705109544,-0.01182151214314708,0.004977688304920321,-0.01182504165254749,0.0],[0.0,0.0,0.0,0.0,0.011964358772124106,-0.0049966668567543405,0.01394509430349559,0.0],[0.0,0.0,0.0,0.0,0.0,0.0,-0.007324949232863793,0.012338284876928153],[0.0,0.0,0.0,0.0,0.0,0.0,0.0029383213129552405,-0.012186009490498164]]}