{"din_name":"flux_level13379.json","din_kind":"RELATIVE","din_start":600.0000011691811,"din_end":660.0000198394664,"din_rules":["Interventions","r1","r1_rev","r2","r3","r4","r5","r6"],"din_hits":[0,182542,182493,88511,2593508,2504993,1676285,1676299],"din_fluxs":[[0.0,0.0,0.0,0.0,0.0,0.0,0.0,0.0],[0.0,-0.0011371772921141747,0.018952047899798163,0.026350132649199023,0.0,-0.0021120513581765693,0.0,0.0],[0.0,0.0011384809448452917,-0.018280699499774424,-0.03599873576511672,0.0,0.0030958645675438455,0.0,0.0],[0.0,0.0,0.0,-0.12535340051667554,0.0032652150780031457,0.0,0.004148683390373451,0.0],[0.0,0.0,0.0,0.005705655221638567,-0.0032551051234725507,0.010862917323864385,-0.003254160471029724,0.0],[0.0,0.0,0.0,0.0,0.0032657625885692126,-0.011191483263654732,0.0038291406881099093,0.0],[0.0,0.0,0.0,0.0,0.0,0.0,-0.0027661223231430195,0.0027023752100404676],[0.0,0.0,0.0,0.0,0.0,0.0,0.0018911780099957738,-0.002695080777219193]]}