{"din_name":"flux_level01586.json","din_kind":"RELATIVE","din_start":600.0000100064732,"din_end":660.0000382379454,"din_rules":["Interventions","r1","r1_rev","r2","r3","r4","r5","r6"],"din_hits":[0,59191,59174,1780,1180225,1178440,420008,420013],"din_fluxs":[[0.0,0.0,0.0,0.0,0.0,0.0,0.0,0.0],[0.0,-0.0010937480387526084,0.0757988895545313,0.13344509168200624,0.0,-0.0020245542739039356,0.0,0.0],[0.0,0.0010949475541332584,-0.06903015262692687,-0.1324454851138996,0.0,0.0023846635488695245,0.0,0.0],[0.0,0.0,0.0,-0.2539591655155129,0.009754663068109135,0.0,0.011508783771438167,0.0],[0.0,0.0,0.0,0.0016965909014088666,-0.009650355358694965,0.005124603205686836,-0.009647061899054834,0.0],[0.0,0.0,0.0,0.0,0.00974500500354435,-0.005123820835734656,0.011230878854828317,0.0],[0.0,0.0,0.0,0.0,0.0,0.0,-0.006270328886149908,0.007307666458996803],[0.0,0.0,0.0,0.0,0.0,0.0,0.002187522716974103,-0.007254296512304242]]}