{"din_name":"flux_level11633.json","din_kind":"RELATIVE","din_start":600.0000188321025,"din_end":660.0000068359607,"din_rules":["Interventions","r1","r1_rev","r2","r3","r4","r5","r6"],"din_hits":[0,511827,511721,117750,1022879,905132,307629,307609],"din_fluxs":[[0.0,0.0,0.0,0.0,0.0,0.0,0.0,0.0],[0.0,-0.0012276138215142195,0.007963457233544418,0.014649748140869275,0.0,-0.0022875691610247354,0.0,0.0],[0.0,0.001229141968080184,-0.0077645767429109815,-0.015315293074783819,0.0,0.002499440520250613,0.0,0.0],[0.0,0.0,0.0,-0.07547734786585268,0.0031777478828075635,0.0,0.0033550125396927706,0.0],[0.0,0.0,0.0,0.00994783969103777,-0.0031673464166751372,0.011124914759351527,-0.0031681352953051257,0.0],[0.0,0.0,0.0,0.0,0.0031773741606024013,-0.01252843792790422,0.0033434748059903018,0.0],[0.0,0.0,0.0,0.0,0.0,0.0,-0.0018719746175818255,0.0073154766393362086],[0.0,0.0,0.0,0.0,0.0,0.0,0.001325487098038521,-0.007262043388650106]]}