{"din_name":"flux_level12315.json","din_kind":"RELATIVE","din_start":600.0000074927094,"din_end":660.0000023925396,"din_rules":["Interventions","r1","r1_rev","r2","r3","r4","r5","r6"],"din_hits":[0,104069,104050,48820,4736560,4687731,381315,381305],"din_fluxs":[[0.0,0.0,0.0,0.0,0.0,0.0,0.0,0.0],[0.0,-0.001099134833911872,0.0546899547236074,0.05322771650589783,0.0,-0.002035196451635162,0.0,0.0],[0.0,0.001100346290245355,-0.05091685820586135,-0.09496962995745331,0.0,0.004697437879062437,0.0,0.0],[0.0,0.0,0.0,-0.35225882418862997,0.0025325660975547473,0.0,0.0025957357384793988,0.0],[0.0,0.0,0.0,0.0072371040197060955,-0.0025267252734148433,0.02001899391392622,-0.0025268558243161697,0.0],[0.0,0.0,0.0,0.0,0.0025331335814743144,-0.019882015114755965,0.0025546588682188753,0.0],[0.0,0.0,0.0,0.0,0.0,0.0,-0.0013861659153455662,0.011646977543711724],[0.0,0.0,0.0,0.0,0.0,0.0,0.0011212174939473666,-0.011511473707876481]]}