{"din_name":"flux_level13855.json","din_kind":"RELATIVE","din_start":600.000007152669,"din_end":660.0000018243597,"din_rules":["Interventions","r1","r1_rev","r2","r3","r4","r5","r6"],"din_hits":[0,78204,78183,33794,3175036,3141246,1247259,1247306],"din_fluxs":[[0.0,0.0,0.0,0.0,0.0,0.0,0.0,0.0],[0.0,-0.0011035199995096505,0.04463054310396489,0.049284653784807265,0.0,-0.002060887973308531,0.0,0.0],[0.0,0.001104742983946111,-0.04196766965061339,-0.08034911339037172,0.0,0.003911067559484185,0.0,0.0],[0.0,0.0,0.0,-0.24601126199052736,0.002939601848932166,0.0,0.0034885482375880067,0.0],[0.0,0.0,0.0,0.004547299161622599,-0.0029315371175457467,0.013084324334202226,-0.0029316361549169504,0.0],[0.0,0.0,0.0,0.0,0.002940167114317011,-0.013097002134525804,0.0031761371411504462,0.0],[0.0,0.0,0.0,0.0,0.0,0.0,-0.002164931098406781,0.003290958728974732],[0.0,0.0,0.0,0.0,0.0,0.0,0.0015669229760717088,-0.003280141283430229]]}