{"din_name":"flux_level09951.json","din_kind":"RELATIVE","din_start":600.0000022998943,"din_end":660.0000007621908,"din_rules":["Interventions","r1","r1_rev","r2","r3","r4","r5","r6"],"din_hits":[0,16258,16244,22504,4351197,4328708,1294216,1294190],"din_fluxs":[[0.0,0.0,0.0,0.0,0.0,0.0,0.0,0.0],[0.0,-0.0010906195142418064,0.09856695306690542,0.0838157989179894,0.0,-0.002017418065948286,0.0,0.0],[0.0,0.0010918146193912613,-0.08737295158979357,-0.16059746702864577,0.0,0.0057400178127263845,0.0,0.0],[0.0,0.0,0.0,-0.4393474168625017,0.0025555779303398215,0.0,0.003021836150539668,0.0],[0.0,0.0,0.0,0.005223134059569007,-0.002549615849451783,0.019241368189974135,-0.0025490481841873355,0.0],[0.0,0.0,0.0,0.0,0.002556137780072719,-0.018986438080421022,0.00265760436149171,0.0],[0.0,0.0,0.0,0.0,0.0,0.0,-0.001755212933659777,0.00376135046947483],[0.0,0.0,0.0,0.0,0.0,0.0,0.0014135102032453743,-0.0037472186301609743]]}