{"din_name":"flux_level07303.json","din_kind":"RELATIVE","din_start":600.0000201972159,"din_end":660.0000013518696,"din_rules":["Interventions","r1","r1_rev","r2","r3","r4","r5","r6"],"din_hits":[0,40979,40967,8983,2695491,2686495,313957,313933],"din_fluxs":[[0.0,0.0,0.0,0.0,0.0,0.0,0.0,0.0],[0.0,-0.0010913272188636705,0.09250791173953408,0.0994363176938218,0.0,-0.0020222844999239972,0.0,0.0],[0.0,0.0010925215125562832,-0.08266921934855827,-0.15344198905635795,0.0,0.004282131195175999,0.0,0.0],[0.0,0.0,0.0,-0.38836059338238066,0.0029392095719958183,0.0,0.0030837064569183476,0.0],[0.0,0.0,0.0,0.0038989622256826325,-0.0029313186767172266,0.012928585368819598,-0.002930807077704111,0.0],[0.0,0.0,0.0,0.0,0.002939943703106346,-0.012838934491693597,0.0029925255027843855,0.0],[0.0,0.0,0.0,0.0,0.0,0.0,-0.001626496293785947,0.010809686605979711],[0.0,0.0,0.0,0.0,0.0,0.0,0.0011754453360506123,-0.010692959496508113]]}