{"din_name":"flux_level08510.json","din_kind":"RELATIVE","din_start":600.0000015013408,"din_end":660.0000019867198,"din_rules":["Interventions","r1","r1_rev","r2","r3","r4","r5","r6"],"din_hits":[0,80616,80608,20390,3475522,3455128,706412,706431],"din_fluxs":[[0.0,0.0,0.0,0.0,0.0,0.0,0.0,0.0],[0.0,-0.0010941031287025876,0.07416254008786068,0.07486904451176039,0.0,-0.0020239918788443074,0.0,0.0],[0.0,0.001095302668415383,-0.0676263610101924,-0.1250963032178325,0.0,0.004726164388466844,0.0,0.0],[0.0,0.0,0.0,-0.4040227111985595,0.002594592825949244,0.0,0.0031584137775248224,0.0],[0.0,0.0,0.0,0.006461323917873556,-0.0025876331639206472,0.01823247870077563,-0.002586632861072169,0.0],[0.0,0.0,0.0,0.0,0.0025943472345137295,-0.018069601339767774,0.002786764861304754,0.0],[0.0,0.0,0.0,0.0,0.0,0.0,-0.004160333779489741,0.001465062963704759],[0.0,0.0,0.0,0.0,0.0,0.0,0.0032537142857983945,-0.0014629183210133224]]}