{"din_name":"flux_level08724.json","din_kind":"RELATIVE","din_start":600.0000047518753,"din_end":660.0000005732255,"din_rules":["Interventions","r1","r1_rev","r2","r3","r4","r5","r6"],"din_hits":[0,254811,254731,169334,3390931,3221594,662732,662741],"din_fluxs":[[0.0,0.0,0.0,0.0,0.0,0.0,0.0,0.0],[0.0,-0.0011529969045853698,0.015058656319180254,0.021823844803977685,0.0,-0.00213917077130022,0.0,0.0],[0.0,0.0011543380086943577,-0.014582613076553334,-0.02875383179390346,0.0,0.003009557318488873,0.0,0.0],[0.0,0.0,0.0,-0.11494997649448874,0.0031020110912454647,0.0,0.0032852825358930192,0.0],[0.0,0.0,0.0,0.007092115411524957,-0.0030926630966612747,0.011875585350691468,-0.003092623720783274,0.0],[0.0,0.0,0.0,0.0,0.0031022769640338924,-0.012412391595809008,0.0032162576525854953,0.0],[0.0,0.0,0.0,0.0,0.0,0.0,-0.0018980467074961851,0.00577559182204995],[0.0,0.0,0.0,0.0,0.0,0.0,0.0013071504805766976,-0.005742261028133732]]}