{"din_name":"flux_level08965.json","din_kind":"RELATIVE","din_start":600.0000071043336,"din_end":660.0000770574304,"din_rules":["Interventions","r1","r1_rev","r2","r3","r4","r5","r6"],"din_hits":[0,80342,80297,356,35499,35150,859060,859075],"din_fluxs":[[0.0,0.0,0.0,0.0,0.0,0.0,0.0,0.0],[0.0,-0.001122695418926209,0.02505031170537837,0.04925038546571664,0.0,-0.0020865486910221437,0.0,0.0],[0.0,0.0011239690634189824,-0.024004663986975424,-0.04725579994990321,0.0,0.002189036808149721,0.0,0.0],[0.0,0.0,0.0,-0.14475369143321895,0.00485299658659489,0.0,0.012549190937763884,0.0],[0.0,0.0,0.0,0.006727061510716533,-0.0048229872489918965,0.006888613291455257,-0.004830179256915118,0.0],[0.0,0.0,0.0,0.0,0.004846313291460976,-0.007124924887949807,0.01259232504053568,0.0],[0.0,0.0,0.0,0.0,0.0,0.0,-0.006379715466621,0.0036957501721942548],[0.0,0.0,0.0,0.0,0.0,0.0,0.006103388897414052,-0.0036820946675461385]]}