{"din_name":"flux_level04138.json","din_kind":"RELATIVE","din_start":600.0000141787565,"din_end":660.0000314966985,"din_rules":["Interventions","r1","r1_rev","r2","r3","r4","r5","r6"],"din_hits":[0,460715,460590,231536,2010849,1779286,665157,665171],"din_fluxs":[[0.0,0.0,0.0,0.0,0.0,0.0,0.0,0.0],[0.0,-0.0012214327612165474,0.008269516407078377,0.014752772726169379,0.0,-0.0022810372814192014,0.0,0.0],[0.0,0.0012229469107208994,-0.008060106744589251,-0.015879509724994224,0.0,0.0026149112221329957,0.0,0.0],[0.0,0.0,0.0,-0.10618694296977074,0.0027003669134147983,0.0,0.0033162082499446897,0.0],[0.0,0.0,0.0,0.013990365009167184,-0.002693245605718161,0.01604813530702756,-0.00269158017928284,0.0],[0.0,0.0,0.0,0.0,0.002700541425251688,-0.017896471414072596,0.003235736838933749,0.0],[0.0,0.0,0.0,0.0,0.0,0.0,-0.006434780014979919,0.0012834425311811328],[0.0,0.0,0.0,0.0,0.0,0.0,0.0048701732429958676,-0.0012817970112159155]]}