{"din_name":"flux_level02273.json","din_kind":"RELATIVE","din_start":600.0000080754132,"din_end":660.0000012503614,"din_rules":["Interventions","r1","r1_rev","r2","r3","r4","r5","r6"],"din_hits":[0,9427,9413,15741,4031172,4015417,827043,827058],"din_fluxs":[[0.0,0.0,0.0,0.0,0.0,0.0,0.0,0.0],[0.0,-0.0010897822174380867,0.10722527153211926,0.09173626029060784,0.0,-0.0019704907473477905,0.0,0.0],[0.0,0.0010909773976163016,-0.09418735696999631,-0.17476544698763646,0.0,0.005410923464108202,0.0,0.0],[0.0,0.0,0.0,-0.4143485241858181,0.0027395517171650754,0.0,0.0030500881669762296,0.0],[0.0,0.0,0.0,0.003456132751750932,-0.002732326295439445,0.015404978970591504,-0.002732300517972857,0.0],[0.0,0.0,0.0,0.0,0.002739816706851385,-0.015236934774753403,0.00281834619352783,0.0],[0.0,0.0,0.0,0.0,0.0,0.0,-0.0016281765583406726,0.006535076077724818],[0.0,0.0,0.0,0.0,0.0,0.0,0.001247593939039941,-0.0064924133878310536]]}