{"din_name":"flux_level04326.json","din_kind":"RELATIVE","din_start":600.0000887385862,"din_end":660.0000040216031,"din_rules":["Interventions","r1","r1_rev","r2","r3","r4","r5","r6"],"din_hits":[0,1345,1339,1657,474823,473171,266000,266010],"din_fluxs":[[0.0,0.0,0.0,0.0,0.0,0.0,0.0,0.0],[0.0,-0.0010889332701473774,0.11664488866570923,0.10137854188091999,0.0,-0.001984310324578564,0.0,0.0],[0.0,0.001090153657974703,-0.10079515853850692,-0.18250386560817344,0.0,0.005402130054682742,0.0,0.0],[0.0,0.0,0.0,-0.44231442812192,0.002707691583600593,0.0,0.016081863320362582,0.0],[0.0,0.0,0.0,0.0035903024245047565,-0.0027009474598137257,0.015898786463175756,-0.0026894766413586273,0.0],[0.0,0.0,0.0,0.0,0.002708266771775243,-0.015712529470917478,0.005666166134146619,0.0],[0.0,0.0,0.0,0.0,0.0,0.0,-0.020992739264352873,0.0010922349664759027],[0.0,0.0,0.0,0.0,0.0,0.0,0.01619793358171754,-0.0010910428716296992]]}