{"din_name":"flux_level08855.json","din_kind":"RELATIVE","din_start":600.0000027806132,"din_end":660.0000053174825,"din_rules":["Interventions","r1","r1_rev","r2","r3","r4","r5","r6"],"din_hits":[0,9505,9313,779700,3966040,3186336,1582249,1582257],"din_fluxs":[[0.0,0.0,0.0,0.0,0.0,0.0,0.0,0.0],[0.0,-0.001318789110488546,0.00579966868313263,0.011642695470468324,0.0,-0.0023855346599794755,0.0,0.0],[0.0,0.0013232066993035475,-0.005175506918918522,-0.010149127100486597,0.0,0.002288884602186344,0.0,0.0],[0.0,0.0,0.0,-0.09162251288177492,0.0026029566182454687,0.0,0.0027336574095316386,0.0],[0.0,0.0,0.0,0.019882762431769743,-0.0025959814047540595,0.017277741808250823,-0.0025966461948268072,0.0],[0.0,0.0,0.0,0.0,0.0026026874866583944,-0.02105055196436341,0.0027557661312106207,0.0],[0.0,0.0,0.0,0.0,0.0,0.0,-0.0018055808515813892,0.003693205085792833],[0.0,0.0,0.0,0.0,0.0,0.0,0.001441682756612491,-0.003679579455571922]]}