{"din_name":"flux_level04671.json","din_kind":"RELATIVE","din_start":600.0000114011513,"din_end":660.0000013770001,"din_rules":["Interventions","r1","r1_rev","r2","r3","r4","r5","r6"],"din_hits":[0,58566,58556,5315,2477116,2471808,1133236,1133253],"din_fluxs":[[0.0,0.0,0.0,0.0,0.0,0.0,0.0,0.0],[0.0,-0.0010919193219609536,0.08747747694524938,0.11564388680792188,0.0,-0.0020180607467222157,0.0,0.0],[0.0,0.0010931143590891962,-0.07866515821148537,-0.14801655313148884,0.0,0.0033186099422894766,0.0,0.0],[0.0,0.0,0.0,-0.33584579599446496,0.003793878374257006,0.0,0.005187668993266843,0.0],[0.0,0.0,0.0,0.0028531835647341063,-0.0037792363706711553,0.008668827851558009,-0.0037811730495361656,0.0],[0.0,0.0,0.0,0.0,0.0037935892113739535,-0.008642764210516105,0.004541870769375335,0.0],[0.0,0.0,0.0,0.0,0.0,0.0,-0.0038529645057066974,0.0021618130708407936],[0.0,0.0,0.0,0.0,0.0,0.0,0.0022534506312912317,-0.002157141641843589]]}