{"din_name":"flux_level11487.json","din_kind":"RELATIVE","din_start":600.000006981591,"din_end":660.0000346117711,"din_rules":["Interventions","r1","r1_rev","r2","r3","r4","r5","r6"],"din_hits":[0,18623,18594,7746,964646,956904,420424,420425],"din_fluxs":[[0.0,0.0,0.0,0.0,0.0,0.0,0.0,0.0],[0.0,-0.0011139299481924506,0.031374432906197576,0.054464832739384364,0.0,-0.002070328011500302,0.0,0.0],[0.0,0.0011152043797185403,-0.0297715088578683,-0.05851021235146365,0.0,0.0023875456074390375,0.0,0.0],[0.0,0.0,0.0,-0.11747455836443627,0.011963081867682836,0.0,0.014594290609570858,0.0],[0.0,0.0,0.0,0.0012332288582279885,-0.011820636646465356,0.004978113763880029,-0.011820552446075966,0.0],[0.0,0.0,0.0,0.0,0.011963271262081326,-0.00499937202537374,0.013963816135118382,0.0],[0.0,0.0,0.0,0.0,0.0,0.0,-0.007365513665265872,0.01181829653072411],[0.0,0.0,0.0,0.0,0.0,0.0,0.0028904773922336134,-0.011678678308746976]]}