{"din_name":"flux_level03483.json","din_kind":"RELATIVE","din_start":600.0000143251276,"din_end":660.0000093532396,"din_rules":["Interventions","r1","r1_rev","r2","r3","r4","r5","r6"],"din_hits":[0,22284,22264,3299,434783,431470,1893107,1893077],"din_fluxs":[[0.0,0.0,0.0,0.0,0.0,0.0,0.0,0.0],[0.0,-0.0010981252349976421,0.05797573019289693,0.0653813748164413,0.0,-0.0020432125557410443,0.0,0.0],[0.0,0.0010993409686385807,-0.05370365714774341,-0.10102670933215807,0.0,0.004298211068975976,0.0,0.0],[0.0,0.0,0.0,-0.3844070953856785,0.0025504969251443693,0.0,0.005029909257977013,0.0],[0.0,0.0,0.0,0.008482860911000985,-0.0025449215483307375,0.01935425620443433,-0.0025461373576214866,0.0],[0.0,0.0,0.0,0.0,0.002551423428141923,-0.01924021201554839,0.004248458913903951,0.0],[0.0,0.0,0.0,0.0,0.0,0.0,-0.003087709340941128,0.0018962338390285003],[0.0,0.0,0.0,0.0,0.0,0.0,0.0027082196157564016,-0.0018926417766136456]]}