{"din_name":"flux_level03727.json","din_kind":"RELATIVE","din_start":600.0000056172952,"din_end":660.0000019096746,"din_rules":["Interventions","r1","r1_rev","r2","r3","r4","r5","r6"],"din_hits":[0,12149,12134,17497,4185852,4168349,1208904,1208906],"din_fluxs":[[0.0,0.0,0.0,0.0,0.0,0.0,0.0,0.0],[0.0,-0.001091154577236584,0.09369939764625433,0.08436368502718866,0.0,-0.0019846964320796886,0.0,0.0],[0.0,0.001092352767373131,-0.08358539507474658,-0.15575173673084458,0.0,0.004903636015660523,0.0,0.0],[0.0,0.0,0.0,-0.3708262895944964,0.002873148815879776,0.0,0.0034567029593429105,0.0],[0.0,0.0,0.0,0.002999332975122435,-0.0028649265202966806,0.013672508542525287,-0.002864577156525693,0.0],[0.0,0.0,0.0,0.0,0.0028731622241412944,-0.01355172191056271,0.003021201970810422,0.0],[0.0,0.0,0.0,0.0,0.0,0.0,-0.0019274584220425467,0.004108534630031316],[0.0,0.0,0.0,0.0,0.0,0.0,0.0014167538410618035,-0.0040916716088275525]]}