{"din_name":"flux_level11842.json","din_kind":"RELATIVE","din_start":600.0000138345503,"din_end":660.0000007673624,"din_rules":["Interventions","r1","r1_rev","r2","r3","r4","r5","r6"],"din_hits":[0,31759,31727,10510,758935,748423,1650928,1650937],"din_fluxs":[[0.0,0.0,0.0,0.0,0.0,0.0,0.0,0.0],[0.0,-0.0011074502836984706,0.038437399740693906,0.04317448679990926,0.0,-0.0020430434889548263,0.0,0.0],[0.0,0.001108690784603123,-0.0363018106128834,-0.06935411709774331,0.0,0.0038212037452146877,0.0,0.0],[0.0,0.0,0.0,-0.2469672553829512,0.0027913502859689904,0.0,0.004248310602604315,0.0],[0.0,0.0,0.0,0.006067073918817178,-0.0027832795608057877,0.014801024457407717,-0.0027847621095170275,0.0],[0.0,0.0,0.0,0.0,0.0027910472328194066,-0.014859710663442731,0.0037632047034398997,0.0],[0.0,0.0,0.0,0.0,0.0,0.0,-0.0025021662458820527,0.0025846235529367323],[0.0,0.0,0.0,0.0,0.0,0.0,0.0020613207774006653,-0.002577949453557268]]}