{"din_name":"flux_level02381.json","din_kind":"RELATIVE","din_start":600.0000589566324,"din_end":660.0000128775205,"din_rules":["Interventions","r1","r1_rev","r2","r3","r4","r5","r6"],"din_hits":[0,3534,3515,299,389443,389127,302832,302835],"din_fluxs":[[0.0,0.0,0.0,0.0,0.0,0.0,0.0,0.0],[0.0,-0.001090652443916264,0.09842925092117581,0.18773204262032062,0.0,-0.0020279057924528473,0.0,0.0],[0.0,0.0010918567835826903,-0.08703732672769326,-0.16626321625628643,0.0,0.0022393979718935897,0.0,0.0],[0.0,0.0,0.0,-0.2875790590794883,0.020433422909182233,0.0,0.03482555055787928,0.0],[0.0,0.0,0.0,0.0004863076611954565,-0.019945131610293824,0.0045110985716325346,-0.019952438093897084,0.0],[0.0,0.0,0.0,0.0,0.020357903023062174,-0.004496138709562528,0.03093532943313366,0.0],[0.0,0.0,0.0,0.0,0.0,0.0,-0.017456680911207823,0.006010383743241645],[0.0,0.0,0.0,0.0,0.0,0.0,0.004574912923820467,-0.005974273438588715]]}