{"din_name":"flux_level08847.json","din_kind":"RELATIVE","din_start":600.0000000377989,"din_end":660.0000088062787,"din_rules":["Interventions","r1","r1_rev","r2","r3","r4","r5","r6"],"din_hits":[0,135039,135004,40033,2991820,2951774,1954367,1954361],"din_fluxs":[[0.0,0.0,0.0,0.0,0.0,0.0,0.0,0.0],[0.0,-0.0011100236025377629,0.035159116845636586,0.04294895837242963,0.0,-0.002052736108968031,0.0,0.0],[0.0,0.0011112606707634706,-0.033384790637855356,-0.06453531207267811,0.0,0.003487921927104439,0.0,0.0],[0.0,0.0,0.0,-0.2005305642601351,0.00314029554987194,0.0,0.0039827522156401915,0.0],[0.0,0.0,0.0,0.004659685939199364,-0.003131323252681029,0.011502816870780906,-0.003131394790553361,0.0],[0.0,0.0,0.0,0.0,0.003141177833309437,-0.011588334976632,0.0036260981442442905,0.0],[0.0,0.0,0.0,0.0,0.0,0.0,-0.0025190624579060996,0.0029260351620765154],[0.0,0.0,0.0,0.0,0.0,0.0,0.001781832609589659,-0.0029174826434066785]]}