{"din_name":"flux_level06421.json","din_kind":"RELATIVE","din_start":600.0000033581695,"din_end":660.000000986106,"din_rules":["Interventions","r1","r1_rev","r2","r3","r4","r5","r6"],"din_hits":[0,17626,17614,26264,4334791,4308499,1924388,1924413],"din_fluxs":[[0.0,0.0,0.0,0.0,0.0,0.0,0.0,0.0],[0.0,-0.001092933621231745,0.08091337739090231,0.07018519818362101,0.0,-0.0020191010842131553,0.0,0.0],[0.0,0.0010941351586031735,-0.07317834554227584,-0.1369679297831625,0.0,0.005251934656998393,0.0,0.0],[0.0,0.0,0.0,-0.37330064575298244,0.00267061539019559,0.0,0.003411153020855748,0.0],[0.0,0.0,0.0,0.004314712436471536,-0.0026641780035817726,0.016645168072061064,-0.0026639297591057633,0.0],[0.0,0.0,0.0,0.0,0.002671301707643538,-0.01648271605748751,0.0028696504574965967,0.0],[0.0,0.0,0.0,0.0,0.0,0.0,-0.0020426725961061104,0.002996668936582359],[0.0,0.0,0.0,0.0,0.0,0.0,0.0015970334527371304,-0.002987696985034044]]}