{"din_name":"flux_level00363.json","din_kind":"RELATIVE","din_start":600.0000449950415,"din_end":660.0000043350861,"din_rules":["Interventions","r1","r1_rev","r2","r3","r4","r5","r6"],"din_hits":[0,7044,7032,2077,616289,614216,693788,693801],"din_fluxs":[[0.0,0.0,0.0,0.0,0.0,0.0,0.0,0.0],[0.0,-0.00109282719049724,0.08093708861967124,0.08990646543732674,0.0,-0.001996670860212034,0.0,0.0],[0.0,0.001094036907459958,-0.07311042352622921,-0.13876483222357833,0.0,0.003903220183026901,0.0,0.0],[0.0,0.0,0.0,-0.3218393052574874,0.003343253987763973,0.0,0.005008675261508362,0.0],[0.0,0.0,0.0,0.0025988004097326103,-0.0033336992426217958,0.010264723697769304,-0.003332189502992886,0.0],[0.0,0.0,0.0,0.0,0.00334486441256384,-0.010215687634687939,0.004235382657127499,0.0],[0.0,0.0,0.0,0.0,0.0,0.0,-0.002782210843066876,0.0029850889948458735],[0.0,0.0,0.0,0.0,0.0,0.0,0.0020000859849203544,-0.002976185931237323]]}