{"din_name":"flux_level01731.json","din_kind":"RELATIVE","din_start":600.0000014281885,"din_end":660.0000050697702,"din_rules":["Interventions","r1","r1_rev","r2","r3","r4","r5","r6"],"din_hits":[0,49609,49588,33205,4435550,4402350,74626,74613],"din_fluxs":[[0.0,0.0,0.0,0.0,0.0,0.0,0.0,0.0],[0.0,-0.0010955277244659744,0.06719158393726793,0.0626469428611202,0.0,-0.0020202467970596226,0.0,0.0],[0.0,0.001096731927949023,-0.0617370618755507,-0.11564726913124118,0.0,0.004847438460307224,0.0,0.0],[0.0,0.0,0.0,-0.3535348784015444,0.0026482409224562347,0.0,0.0026732794286937283,0.0],[0.0,0.0,0.0,0.005206895490464618,-0.002641636369040928,0.01710791927721063,-0.0026416202387247634,0.0],[0.0,0.0,0.0,0.0,0.002648638629515787,-0.01697481158496704,0.0026539012060687026,0.0],[0.0,0.0,0.0,0.0,0.0,0.0,-0.0013642431647483734,0.0329067275945207],[0.0,0.0,0.0,0.0,0.0,0.0,0.0010509407086655882,-0.03182387028745478]]}