{"din_name":"flux_level07086.json","din_kind":"RELATIVE","din_start":600.0000055284237,"din_end":660.0000110082633,"din_rules":["Interventions","r1","r1_rev","r2","r3","r4","r5","r6"],"din_hits":[0,15499,15483,3054,499849,496799,857961,857995],"din_fluxs":[[0.0,0.0,0.0,0.0,0.0,0.0,0.0,0.0],[0.0,-0.0010953828235040985,0.0676227647180329,0.07105135227397198,0.0,-0.0020068268340138157,0.0,0.0],[0.0,0.001096593098772617,-0.062049068683197796,-0.11525762875755485,0.0,0.004428336456106615,0.0,0.0],[0.0,0.0,0.0,-0.3805808991559497,0.0026431657551750963,0.0,0.007180498772368662,0.0],[0.0,0.0,0.0,0.00645392606050009,-0.002635595792229058,0.017155257122123235,-0.0026379289169907003,0.0],[0.0,0.0,0.0,0.0,0.002642558871528778,-0.0170400638290822,0.004860928643827385,0.0],[0.0,0.0,0.0,0.0,0.0,0.0,-0.006454634470744223,0.0013290801564180051],[0.0,0.0,0.0,0.0,0.0,0.0,0.005207993748134572,-0.0013273160191696121]]}