{"din_name":"flux_level09660.json","din_kind":"RELATIVE","din_start":600.0000062428613,"din_end":660.0000040251715,"din_rules":["Interventions","r1","r1_rev","r2","r3","r4","r5","r6"],"din_hits":[0,1683306,1682976,662676,1867829,1205150,1467322,1467321],"din_fluxs":[[0.0,0.0,0.0,0.0,0.0,0.0,0.0,0.0],[0.0,-0.0015241557085627453,0.003323897234611522,0.00888212047416999,0.0,-0.0028702313832096485,0.0,0.0],[0.0,0.0015265287214440702,-0.003255874211871463,-0.0064513748341175235,0.0,0.002174132562782012,0.0,0.0],[0.0,0.0,0.0,-0.06474108811462423,0.0026399254862024615,0.0,0.0030722848290523574,0.0],[0.0,0.0,0.0,0.022372102736490554,-0.0026329107921075692,0.01510933241307259,-0.002633383728089445,0.0],[0.0,0.0,0.0,0.0,0.0026398299708375378,-0.021932311974967852,0.0031919159132364674,0.0],[0.0,0.0,0.0,0.0,0.0,0.0,-0.0030203575247548828,0.0018431319873825488],[0.0,0.0,0.0,0.0,0.0,0.0,0.0023881551734537547,-0.0018397381939444608]]}