{"din_name":"flux_level08687.json","din_kind":"RELATIVE","din_start":600.0000339936161,"din_end":660.0000058696876,"din_rules":["Interventions","r1","r1_rev","r2","r3","r4","r5","r6"],"din_hits":[0,43921,43902,3454,540990,537530,91086,91088],"din_fluxs":[[0.0,0.0,0.0,0.0,0.0,0.0,0.0,0.0],[0.0,-0.0010993237058598729,0.05414789772566546,0.06868461779408741,0.0,-0.0020376611286638422,0.0,0.0],[0.0,0.001100538412070014,-0.050416204020176804,-0.09397644152503623,0.0,0.003610562376316292,0.0,0.0],[0.0,0.0,0.0,-0.34830053870445127,0.0027335652955802195,0.0,0.0054148051578700165,0.0],[0.0,0.0,0.0,0.00770583717438779,-0.0027273937945829878,0.015439586494389744,-0.0027179276032738902,0.0],[0.0,0.0,0.0,0.0,0.002734864604845776,-0.015424845089132333,0.004178449447077969,0.0],[0.0,0.0,0.0,0.0,0.0,0.0,-0.030154475564175175,0.001054936425167855],[0.0,0.0,0.0,0.0,0.0,0.0,0.02296026702859226,-0.001053824535903969]]}