{"din_name":"flux_level00639.json","din_kind":"RELATIVE","din_start":600.0000129690699,"din_end":660.0000062652107,"din_rules":["Interventions","r1","r1_rev","r2","r3","r4","r5","r6"],"din_hits":[0,168185,168151,43138,2887070,2843925,1296939,1296952],"din_fluxs":[[0.0,0.0,0.0,0.0,0.0,0.0,0.0,0.0],[0.0,-0.0011088436857496177,0.036553549621688095,0.04201201328607148,0.0,-0.0020621780638512867,0.0,0.0],[0.0,0.0011100772247951013,-0.034667181994658174,-0.06658153783756086,0.0,0.0038708801028027153,0.0,0.0],[0.0,0.0,0.0,-0.26429695698292205,0.0026697926173138353,0.0,0.0033012962515593758,0.0],[0.0,0.0,0.0,0.007427101260942678,-0.002662974895244007,0.016749826931821157,-0.002661918214649092,0.0],[0.0,0.0,0.0,0.0,0.0026700925584918827,-0.016822426780538052,0.002989439223322672,0.0],[0.0,0.0,0.0,0.0,0.0,0.0,-0.0030742643105782204,0.0018099715693018245],[0.0,0.0,0.0,0.0,0.0,0.0,0.002371617108071641,-0.0018066985762553364]]}