{"din_name":"flux_level12441.json","din_kind":"RELATIVE","din_start":600.000010386993,"din_end":660.0000312712637,"din_rules":["Interventions","r1","r1_rev","r2","r3","r4","r5","r6"],"din_hits":[0,48187,48174,6403,1080687,1074283,170120,170144],"din_fluxs":[[0.0,0.0,0.0,0.0,0.0,0.0,0.0,0.0],[0.0,-0.0010955889366886244,0.0672542409054438,0.0755743281532751,0.0,-0.002028347317486552,0.0,0.0],[0.0,0.0010967934286050397,-0.06176005766648882,-0.11332614058634875,0.0,0.004295445100628444,0.0,0.0],[0.0,0.0,0.0,-0.4112871142409084,0.0025751212801509767,0.0,0.0050593100597276786,0.0],[0.0,0.0,0.0,0.008032588380857667,-0.0025685566679278264,0.01867087952775397,-0.002572843905280216,0.0],[0.0,0.0,0.0,0.0,0.0025751735506775847,-0.01853283572836547,0.0036325309423165114,0.0],[0.0,0.0,0.0,0.0,0.0,0.0,-0.027877989590078537,0.001053791010213645],[0.0,0.0,0.0,0.0,0.0,0.0,0.02243233944567684,-0.0010526823531750266]]}