{"din_name":"flux_level11897.json","din_kind":"RELATIVE","din_start":600.0000240243502,"din_end":660.0000629949712,"din_rules":["Interventions","r1","r1_rev","r2","r3","r4","r5","r6"],"din_hits":[0,26344,26304,9176,508137,498951,255229,255229],"din_fluxs":[[0.0,0.0,0.0,0.0,0.0,0.0,0.0,0.0],[0.0,-0.001113838880350047,0.03131606895667557,0.03743028292204982,0.0,-0.002065612099939323,0.0,0.0],[0.0,0.0011151033366547508,-0.02977004877946404,-0.056841252548460855,0.0,0.003585356742495996,0.0,0.0],[0.0,0.0,0.0,-0.2096582882346336,0.002860044555707941,0.0,0.003013049819042331,0.0],[0.0,0.0,0.0,0.006123194147427883,-0.002852216052011305,0.013971090826765585,-0.0028519293804059546,0.0],[0.0,0.0,0.0,0.0,0.002860384991836283,-0.014106068131165477,0.0029766385730978545,0.0],[0.0,0.0,0.0,0.0,0.0,0.0,-0.0015279356037372896,0.018526555480258104],[0.0,0.0,0.0,0.0,0.0,0.0,0.0012978536208619069,-0.018183487056520776]]}