{"din_name":"flux_level13504.json","din_kind":"RELATIVE","din_start":600.0000354188176,"din_end":660.0000257687792,"din_rules":["Interventions","r1","r1_rev","r2","r3","r4","r5","r6"],"din_hits":[0,103191,103172,306,67965,67664,1894205,1894180],"din_fluxs":[[0.0,0.0,0.0,0.0,0.0,0.0,0.0,0.0],[0.0,-0.0011064446658403048,0.03989187125274936,0.0864881685703066,0.0,-0.002055191470514019,0.0,0.0],[0.0,0.0011076736466806138,-0.03769254994970451,-0.07034172016283646,0.0,0.0022646136600808922,0.0,0.0],[0.0,0.0,0.0,-0.36184796954432674,0.0028441908825910895,0.0,0.005156217960629018,0.0],[0.0,0.0,0.0,0.014928472218848618,-0.0028417909404820215,0.013648891630369739,-0.002828521257222655,0.0],[0.0,0.0,0.0,0.0,0.0028499152779422965,-0.013816347061637459,0.005120097478958464,0.0],[0.0,0.0,0.0,0.0,0.0,0.0,-0.0026438502428507197,0.0029852194102142227],[0.0,0.0,0.0,0.0,0.0,0.0,0.002569227269235465,-0.002976317906310853]]}