{"din_name":"flux_level10008.json","din_kind":"RELATIVE","din_start":600.0000011557956,"din_end":660.0000044652878,"din_rules":["Interventions","r1","r1_rev","r2","r3","r4","r5","r6"],"din_hits":[0,118440,118411,14995,2005503,1990513,1845905,1845897],"din_fluxs":[[0.0,0.0,0.0,0.0,0.0,0.0,0.0,0.0],[0.0,-0.001100097954181989,0.05222398022993097,0.06240333099705244,0.0,-0.002037387066314676,0.0,0.0],[0.0,0.0011013111817485476,-0.0487387565803074,-0.09230509366139608,0.0,0.0038314850855916092,0.0,0.0],[0.0,0.0,0.0,-0.32623444472845836,0.0027354857062401564,0.0,0.003468593300054241,0.0],[0.0,0.0,0.0,0.0068292909583315825,-0.002727962666791113,0.015483846928186447,-0.00272738743732001,0.0],[0.0,0.0,0.0,0.0,0.0027354276544204357,-0.01546369486788895,0.003175953294781222,0.0],[0.0,0.0,0.0,0.0,0.0,0.0,-0.002244928618782468,0.0027425121272173845],[0.0,0.0,0.0,0.0,0.0,0.0,0.001771706030497624,-0.002734998883284697]]}