{"din_name":"flux_level12203.json","din_kind":"RELATIVE","din_start":600.0000010115825,"din_end":660.0000162910108,"din_rules":["Interventions","r1","r1_rev","r2","r3","r4","r5","r6"],"din_hits":[0,87951,87934,15046,2253989,2238949,1823439,1823432],"din_fluxs":[[0.0,0.0,0.0,0.0,0.0,0.0,0.0,0.0],[0.0,-0.0010980851676593657,0.05782999672007923,0.06499954989009232,0.0,-0.0020304916764907377,0.0,0.0],[0.0,0.0010992944265986444,-0.05365768915441033,-0.10178400634448019,0.0,0.00397860032211138,0.0,0.0],[0.0,0.0,0.0,-0.3210970483225743,0.0028182935430005,0.0,0.0036955138152086533,0.0],[0.0,0.0,0.0,0.005604866775857874,-0.0028101932250764695,0.014325404043717406,-0.0028119386194681807,0.0],[0.0,0.0,0.0,0.0,0.0028181151712536154,-0.014290546287144656,0.00329189199017354,0.0],[0.0,0.0,0.0,0.0,0.0,0.0,-0.0024500346441688617,0.0025186927004478402],[0.0,0.0,0.0,0.0,0.0,0.0,0.0018738241284180263,-0.0025123553318503852]]}