{"din_name":"flux_level10186.json","din_kind":"RELATIVE","din_start":600.000035014612,"din_end":660.0000087645985,"din_rules":["Interventions","r1","r1_rev","r2","r3","r4","r5","r6"],"din_hits":[0,589988,589742,18557,54430,35864,460139,460175],"din_fluxs":[[0.0,0.0,0.0,0.0,0.0,0.0,0.0,0.0],[0.0,-0.0014105965133209774,0.004121809103912043,0.008447062764110702,0.0,-0.0026540052627342303,0.0,0.0],[0.0,0.0014126665405637894,-0.004029542364348102,-0.00802448323287519,0.0,0.0025817968291802908,0.0,0.0],[0.0,0.0,0.0,-0.03255282432366293,0.004014259351979271,0.0,0.021703035440945387,0.0],[0.0,0.0,0.0,0.008478501506263638,-0.004000235286937621,0.007928362046929517,-0.004014476352371551,0.0],[0.0,0.0,0.0,0.0,0.004017414940776322,-0.010501782896898067,0.021591341180926392,0.0],[0.0,0.0,0.0,0.0,0.0,0.0,-0.01269989144250352,0.0019958659595033543],[0.0,0.0,0.0,0.0,0.0,0.0,0.010802405863662407,-0.001991880247876886]]}