{"din_name":"flux_level09154.json","din_kind":"RELATIVE","din_start":600.0000171220084,"din_end":660.0000135570219,"din_rules":["Interventions","r1","r1_rev","r2","r3","r4","r5","r6"],"din_hits":[0,31103,31085,7862,1568360,1560499,1471558,1471600],"din_fluxs":[[0.0,0.0,0.0,0.0,0.0,0.0,0.0,0.0],[0.0,-0.0010935848641340617,0.0768424866365468,0.07919129038312171,0.0,-0.0020212560750203176,0.0,0.0],[0.0,0.0010947855639020037,-0.06986973570013187,-0.13053759317297414,0.0,0.0044856825888418455,0.0,0.0],[0.0,0.0,0.0,-0.37906693371649236,0.0027449886557139014,0.0,0.004451528778054584,0.0],[0.0,0.0,0.0,0.005059491446649496,-0.002736913938790359,0.015329996774070851,-0.0027368568610785116,0.0],[0.0,0.0,0.0,0.0,0.002744425613735546,-0.015220533612085098,0.0034704124387026367,0.0],[0.0,0.0,0.0,0.0,0.0,0.0,-0.0033440368648521303,0.0017871115504287912],[0.0,0.0,0.0,0.0,0.0,0.0,0.0025832915861076244,-0.0017839209273712595]]}