{"din_name":"flux_level01336.json","din_kind":"RELATIVE","din_start":600.0000013433923,"din_end":660.0000008392341,"din_rules":["Interventions","r1","r1_rev","r2","r3","r4","r5","r6"],"din_hits":[0,243083,243009,117246,2464586,2347330,1513964,1513981],"din_fluxs":[[0.0,0.0,0.0,0.0,0.0,0.0,0.0,0.0],[0.0,-0.0011459893297490512,0.016549513258355582,0.022545238485965964,0.0,-0.0021138043624238487,0.0,0.0],[0.0,0.0011473128645173615,-0.016002762454126563,-0.0312678608034389,0.0,0.0032349228264432414,0.0,0.0],[0.0,0.0,0.0,-0.166697754766082,0.0026431529886267006,0.0,0.0030215809166912228,0.0],[0.0,0.0,0.0,0.01053578681358145,-0.0026362488738399374,0.017430205192654313,-0.0026356824331033196,0.0],[0.0,0.0,0.0,0.0,0.0026432230539329897,-0.018083695795138494,0.0028877945598351396,0.0],[0.0,0.0,0.0,0.0,0.0,0.0,-0.0019836225959506907,0.0031351281402329854],[0.0,0.0,0.0,0.0,0.0,0.0,0.0015815763106487623,-0.0031253116577457107]]}