{"din_name":"flux_level11961.json","din_kind":"RELATIVE","din_start":600.000010074113,"din_end":660.00000033678,"din_rules":["Interventions","r1","r1_rev","r2","r3","r4","r5","r6"],"din_hits":[0,8596,8579,11779,1130820,1119045,1338326,1338317],"din_fluxs":[[0.0,0.0,0.0,0.0,0.0,0.0,0.0,0.0],[0.0,-0.0010978219347918647,0.058852290356480264,0.05278853276608715,0.0,-0.0020767238461900294,0.0,0.0],[0.0,0.001099049725524699,-0.05432407791492024,-0.09939958764385887,0.0,0.004967462006021378,0.0,0.0],[0.0,0.0,0.0,-0.3478651584401849,0.002538629325898587,0.0,0.003123709558227262,0.0],[0.0,0.0,0.0,0.006329953661024751,-0.0025329030524641923,0.0198748810914743,-0.0025330702681096327,0.0],[0.0,0.0,0.0,0.0,0.002539344076474174,-0.019708545440194358,0.0028292567336436437,0.0],[0.0,0.0,0.0,0.0,0.0,0.0,-0.0016869372488998416,0.004358316547137267],[0.0,0.0,0.0,0.0,0.0,0.0,0.001443607778720225,-0.004339341293254553]]}