{"din_name":"flux_level06679.json","din_kind":"RELATIVE","din_start":600.0000075871002,"din_end":660.0000027166485,"din_rules":["Interventions","r1","r1_rev","r2","r3","r4","r5","r6"],"din_hits":[0,53110,53096,8165,2881057,2872869,1985131,1985138],"din_fluxs":[[0.0,0.0,0.0,0.0,0.0,0.0,0.0,0.0],[0.0,-0.0010903458539664648,0.10340859884489798,0.11287179031366153,0.0,-0.002025424279286018,0.0,0.0],[0.0,0.0010915372746353453,-0.09004754101391409,-0.16438542730888667,0.0,0.004300779170465756,0.0,0.0],[0.0,0.0,0.0,-0.4223717248489317,0.0028776871904258733,0.0,0.003988798146714583,0.0],[0.0,0.0,0.0,0.004571400166936327,-0.002867838451314552,0.013553752400244042,-0.0028678106272922014,0.0],[0.0,0.0,0.0,0.0,0.002876086773006797,-0.013450514381992183,0.0033704668022873537,0.0],[0.0,0.0,0.0,0.0,0.0,0.0,-0.0027432145247020183,0.0022292939436622133],[0.0,0.0,0.0,0.0,0.0,0.0,0.002037346572718881,-0.002224329089335419]]}