{"din_name":"flux_level13440.json","din_kind":"RELATIVE","din_start":600.0000205949831,"din_end":660.0000311499161,"din_rules":["Interventions","r1","r1_rev","r2","r3","r4","r5","r6"],"din_hits":[0,16962,16931,7349,366807,359447,566069,566069],"din_fluxs":[[0.0,0.0,0.0,0.0,0.0,0.0,0.0,0.0],[0.0,-0.0011128429239643904,0.032428513267983815,0.036653461727729764,0.0,-0.002096076444609662,0.0,0.0],[0.0,0.0011141166112172737,-0.030731001829296813,-0.05971152093180875,0.0,0.004049933875303232,0.0,0.0],[0.0,0.0,0.0,-0.25571909296874873,0.002583946363280615,0.0,0.0029711095408811524,0.0],[0.0,0.0,0.0,0.008366458015563908,-0.002577809089672787,0.01871639005586321,-0.0025796229394542095,0.0],[0.0,0.0,0.0,0.0,0.0025844849208942907,-0.01882921353898606,0.002867097526872246,0.0],[0.0,0.0,0.0,0.0,0.0,0.0,-0.0015549134394193343,0.006702101523819894],[0.0,0.0,0.0,0.0,0.0,0.0,0.001374717549233782,-0.006657229348890484]]}