{"din_name":"flux_level13014.json","din_kind":"RELATIVE","din_start":600.0000885160935,"din_end":660.0000200624424,"din_rules":["Interventions","r1","r1_rev","r2","r3","r4","r5","r6"],"din_hits":[0,34919,34906,3303,740806,737502,2158164,2158187],"din_fluxs":[[0.0,0.0,0.0,0.0,0.0,0.0,0.0,0.0],[0.0,-0.0010931497609027532,0.079284748702691,0.09585752171667165,0.0,-0.0020158156939532766,0.0,0.0],[0.0,0.0010943490717990193,-0.07190374822859158,-0.13006201283345564,0.0,0.0043215613605712,0.0,0.0],[0.0,0.0,0.0,-0.47241386782005623,0.0025393186772414028,0.0,0.003886957015042995,0.0],[0.0,0.0,0.0,0.009318787138097693,-0.0025337023167692407,0.01955730365237188,-0.0025345728013229044,0.0],[0.0,0.0,0.0,0.0,0.0025401438938192807,-0.01937018510306729,0.0034117477736088785,0.0],[0.0,0.0,0.0,0.0,0.0,0.0,-0.002277158810231182,0.0024876636043643604],[0.0,0.0,0.0,0.0,0.0,0.0,0.0019840866401221965,-0.0024814813951223123]]}