{"din_name":"flux_level09341.json","din_kind":"RELATIVE","din_start":600.00000063815,"din_end":660.0000092168407,"din_rules":["Interventions","r1","r1_rev","r2","r3","r4","r5","r6"],"din_hits":[0,1409,1371,13203,1001575,988381,625741,625763],"din_fluxs":[[0.0,0.0,0.0,0.0,0.0,0.0,0.0,0.0],[0.0,-0.0011159301653651593,0.031249423737596916,0.04488997641042126,0.0,-0.002003305615620612,0.0,0.0],[0.0,0.0011176727131344646,-0.027770459181385203,-0.054720129313285626,0.0,0.002917344811414489,0.0,0.0],[0.0,0.0,0.0,-0.1227170017796034,0.00528184481569,0.0,0.0067178725654188885,0.0],[0.0,0.0,0.0,0.0018797413820996018,-0.005253814118280039,0.0067300581964428105,-0.005254298424157527,0.0],[0.0,0.0,0.0,0.0,0.005281628573844814,-0.006774990067968702,0.006202337185067147,0.0],[0.0,0.0,0.0,0.0,0.0,0.0,-0.0034763481643466675,0.006244609346555054],[0.0,0.0,0.0,0.0,0.0,0.0,0.0020162776090528814,-0.0062056405636997216]]}