{"din_name":"flux_level02156.json","din_kind":"RELATIVE","din_start":600.0000009896398,"din_end":660.0000003266894,"din_rules":["Interventions","r1","r1_rev","r2","r3","r4","r5","r6"],"din_hits":[0,24911,24884,34431,3322889,3288473,1853713,1853725],"din_fluxs":[[0.0,0.0,0.0,0.0,0.0,0.0,0.0,0.0],[0.0,-0.0011053300626692132,0.04157381551200195,0.04835708850528903,0.0,-0.002043022693330411,0.0,0.0],[0.0,0.001106567359703072,-0.039146991846630376,-0.07614636862927962,0.0,0.0035947152228184122,0.0,0.0],[0.0,0.0,0.0,-0.19021078512347483,0.0035520303571520318,0.0,0.005054101123707546,0.0],[0.0,0.0,0.0,0.002724026059787937,-0.0035403103488031796,0.009555904974132837,-0.003541604633796336,0.0],[0.0,0.0,0.0,0.0,0.0035529105823603,-0.009574989177625563,0.004166715081181342,0.0],[0.0,0.0,0.0,0.0,0.0,0.0,-0.0030236228850898865,0.002724184099162122],[0.0,0.0,0.0,0.0,0.0,0.0,0.0019286453676015858,-0.0027167703403880913]]}