{"din_name":"flux_level04247.json","din_kind":"RELATIVE","din_start":600.0000523490116,"din_end":660.0000500333807,"din_rules":["Interventions","r1","r1_rev","r2","r3","r4","r5","r6"],"din_hits":[0,197738,197697,2945,203917,200978,452005,452023],"din_fluxs":[[0.0,0.0,0.0,0.0,0.0,0.0,0.0,0.0],[0.0,-0.0011232486889845464,0.02469729399216606,0.04459556979266843,0.0,-0.002099059908750745,0.0,0.0],[0.0,0.001124516742021802,-0.02369695925079087,-0.045023464005501196,0.0,0.0025877536086734466,0.0,0.0],[0.0,0.0,0.0,-0.2830985493342344,0.0026110816196992666,0.0,0.0030903778183776457,0.0],[0.0,0.0,0.0,0.015216511041526187,-0.002605134154728378,0.017611380068062496,-0.002604534662404572,0.0],[0.0,0.0,0.0,0.0,0.0026119522284198003,-0.01800480915347879,0.0030725182432243614,0.0],[0.0,0.0,0.0,0.0,0.0,0.0,-0.0017182152808766125,0.004762036135525759],[0.0,0.0,0.0,0.0,0.0,0.0,0.0015137961897162152,-0.004739379353629629]]}