{"din_name":"flux_level05406.json","din_kind":"RELATIVE","din_start":600.0000019103896,"din_end":660.0000068791713,"din_rules":["Interventions","r1","r1_rev","r2","r3","r4","r5","r6"],"din_hits":[0,48592,48544,11254,673936,662692,768595,768593],"din_fluxs":[[0.0,0.0,0.0,0.0,0.0,0.0,0.0,0.0],[0.0,-0.001126558017713947,0.02312757276174164,0.03717430051506196,0.0,-0.002078187688450144,0.0,0.0],[0.0,0.0011278515805018961,-0.02217416104964873,-0.043664826370323186,0.0,0.0025891128312560126,0.0,0.0],[0.0,0.0,0.0,-0.09934879440383604,0.00652437514642294,0.0,0.009027678179665693,0.0],[0.0,0.0,0.0,0.0024878015871085753,-0.0064794444531679094,0.006008184454660121,-0.006474524056961715,0.0],[0.0,0.0,0.0,0.0,0.006521798613761871,-0.006109800307152468,0.008642541599146238,0.0],[0.0,0.0,0.0,0.0,0.0,0.0,-0.0047259421828412885,0.00630671280968767],[0.0,0.0,0.0,0.0,0.0,0.0,0.0028948848719400596,-0.006266967046524587]]}