{"din_name":"flux_level07883.json","din_kind":"RELATIVE","din_start":600.0000052196986,"din_end":660.0000002432595,"din_rules":["Interventions","r1","r1_rev","r2","r3","r4","r5","r6"],"din_hits":[0,112004,111982,33675,2776528,2742856,1208658,1208688],"din_fluxs":[[0.0,0.0,0.0,0.0,0.0,0.0,0.0,0.0],[0.0,-0.0011035747662947412,0.04452806200279312,0.04777681086102465,0.0,-0.002049656904397586,0.0,0.0],[0.0,0.001104796744734979,-0.041885251459465686,-0.08003823538714203,0.0,0.00423164872955208,0.0,0.0],[0.0,0.0,0.0,-0.3081118022682894,0.0025981473372454875,0.0,0.002969129637412478,0.0],[0.0,0.0,0.0,0.007401317292044883,-0.0025916416901599886,0.018264163501947817,-0.0025911241071365555,0.0],[0.0,0.0,0.0,0.0,0.0025983808370063973,-0.01823788384587039,0.0027683759885294714,0.0],[0.0,0.0,0.0,0.0,0.0,0.0,-0.001935545301540926,0.0031348355317992356],[0.0,0.0,0.0,0.0,0.0,0.0,0.001546386478155739,-0.003125018484174667]]}