{"din_name":"flux_level05768.json","din_kind":"RELATIVE","din_start":600.0000039605629,"din_end":660.0000015723638,"din_rules":["Interventions","r1","r1_rev","r2","r3","r4","r5","r6"],"din_hits":[0,84166,84151,10752,1444328,1433556,1219057,1219067],"din_fluxs":[[0.0,0.0,0.0,0.0,0.0,0.0,0.0,0.0],[0.0,-0.0010995204703865013,0.05370435908855252,0.06280753559335676,0.0,-0.0020437804884646214,0.0,0.0],[0.0,0.0011007331651433534,-0.0500400531496123,-0.09381501990661999,0.0,0.003929710591224006,0.0,0.0],[0.0,0.0,0.0,-0.33955735542007454,0.0026833924132158736,0.0,0.00312198605653475,0.0],[0.0,0.0,0.0,0.0071665695154346865,-0.002676050759968422,0.01636644251423004,-0.002675937655537714,0.0],[0.0,0.0,0.0,0.0,0.002683233286969502,-0.016328110575833978,0.0029590584999865527,0.0],[0.0,0.0,0.0,0.0,0.0,0.0,-0.0017662472247784056,0.0045162375976330145],[0.0,0.0,0.0,0.0,0.0,0.0,0.0014428398167088809,-0.004495860731534568]]}