{"din_name":"flux_level01240.json","din_kind":"RELATIVE","din_start":600.0000189475039,"din_end":660.0000175818766,"din_rules":["Interventions","r1","r1_rev","r2","r3","r4","r5","r6"],"din_hits":[0,1060532,1060269,550959,1506906,955922,247392,247404],"din_fluxs":[[0.0,0.0,0.0,0.0,0.0,0.0,0.0,0.0],[0.0,-0.0014725354759015615,0.00362899809870112,0.008294607223441644,0.0,-0.0027829629212958915,0.0,0.0],[0.0,0.0014747657866406455,-0.00355231469953139,-0.007089227561728594,0.0,0.002418123367686194,0.0,0.0],[0.0,0.0,0.0,-0.024157195770804718,0.005692196338315889,0.0,0.005913878977322449,0.0],[0.0,0.0,0.0,0.008250346736992291,-0.005659684361672541,0.005544983248772025,-0.005659585193125056,0.0],[0.0,0.0,0.0,0.0,0.0056918816090744,-0.008256663467910916,0.005941019490485341,0.0],[0.0,0.0,0.0,0.0,0.0,0.0,-0.0030621258750406478,0.020235034349483184],[0.0,0.0,0.0,0.0,0.0,0.0,0.0016269259788407138,-0.01982576387878488]]}