{"din_name":"flux_level12891.json","din_kind":"RELATIVE","din_start":600.000004644565,"din_end":660.0000005732586,"din_rules":["Interventions","r1","r1_rev","r2","r3","r4","r5","r6"],"din_hits":[0,44999,44914,255223,4207304,3952063,1558612,1558634],"din_fluxs":[[0.0,0.0,0.0,0.0,0.0,0.0,0.0,0.0],[0.0,-0.0011582086637474268,0.014207823392137168,0.020192319250867716,0.0,-0.0021571684197518276,0.0,0.0],[0.0,0.001159617076473548,-0.01370242329924983,-0.02703631858456714,0.0,0.003151061715920374,0.0,0.0],[0.0,0.0,0.0,-0.127336505576523,0.002817435959562289,0.0,0.0035346054410201255,0.0],[0.0,0.0,0.0,0.008961872168022123,-0.0028098026713606348,0.014630928669202748,-0.0028113528019496343,0.0],[0.0,0.0,0.0,0.0,0.002817742338368769,-0.015347318373343459,0.0031413008419293323,0.0],[0.0,0.0,0.0,0.0,0.0,0.0,-0.003391715435171079,0.0017554945361450411],[0.0,0.0,0.0,0.0,0.0,0.0,0.002486287777530965,-0.001752415772345482]]}