{"din_name":"flux_level05499.json","din_kind":"RELATIVE","din_start":600.0000008955805,"din_end":660.0000058891914,"din_rules":["Interventions","r1","r1_rev","r2","r3","r4","r5","r6"],"din_hits":[0,59296,59278,29839,3544513,3514674,620361,620375],"din_fluxs":[[0.0,0.0,0.0,0.0,0.0,0.0,0.0,0.0],[0.0,-0.0010970199417265388,0.06149213688886587,0.05943719986553011,0.0,-0.0020323022571449145,0.0,0.0],[0.0,0.0010982275884899282,-0.05682208128855183,-0.10645481992150824,0.0,0.004726022120340287,0.0,0.0],[0.0,0.0,0.0,-0.34898498595994004,0.002615303724605032,0.0,0.0027878287063276366,0.0],[0.0,0.0,0.0,0.0059117511434224135,-0.002609403403613676,0.01781125387655823,-0.002610054440021408,0.0],[0.0,0.0,0.0,0.0,0.00261624045091182,-0.017688467830859127,0.0026732187520784184,0.0],[0.0,0.0,0.0,0.0,0.0,0.0,-0.0015410253808837368,0.006768371841926969],[0.0,0.0,0.0,0.0,0.0,0.0,0.0012200039397424992,-0.006722601408698623]]}