{"din_name":"flux_level07183.json","din_kind":"RELATIVE","din_start":600.0000007363639,"din_end":660.0000212430209,"din_rules":["Interventions","r1","r1_rev","r2","r3","r4","r5","r6"],"din_hits":[0,59084,59074,13134,2928526,2915374,434693,434675],"din_fluxs":[[0.0,0.0,0.0,0.0,0.0,0.0,0.0,0.0],[0.0,-0.0010929125235190048,0.08234015430719253,0.08461886121968519,0.0,-0.0020231381376101944,0.0,0.0],[0.0,0.001094109891846101,-0.07343589947961007,-0.13576109246971743,0.0,0.004428573185102105,0.0,0.0],[0.0,0.0,0.0,-0.3875004651349059,0.0027652428293066097,0.0,0.0031927663179598,0.0],[0.0,0.0,0.0,0.004982363288101327,-0.002757317888366784,0.015008223680099818,-0.0027574909346525737,0.0],[0.0,0.0,0.0,0.0,0.002764943623804976,-0.014898695363889368,0.0028983166983777516,0.0],[0.0,0.0,0.0,0.0,0.0,0.0,-0.0032407070512416006,0.001761303908490178],[0.0,0.0,0.0,0.0,0.0,0.0,0.0023812170738286885,-0.0017582069392982457]]}