{"din_name":"flux_level12442.json","din_kind":"RELATIVE","din_start":600.0000052558594,"din_end":660.0000022862729,"din_rules":["Interventions","r1","r1_rev","r2","r3","r4","r5","r6"],"din_hits":[0,72553,72536,3175,917732,914566,166748,166746],"din_fluxs":[[0.0,0.0,0.0,0.0,0.0,0.0,0.0,0.0],[0.0,-0.0010955489479990406,0.06715462212259841,0.09644107450392551,0.0,-0.002032013285374332,0.0,0.0],[0.0,0.0010967524864902722,-0.061707545052607615,-0.11513970390002604,0.0,0.0032515735429106867,0.0,0.0],[0.0,0.0,0.0,-0.3674547345851703,0.003035242115173216,0.0,0.005810802824122191,0.0],[0.0,0.0,0.0,0.006552519183144725,-0.003025417976852408,0.012053391127069548,-0.0030054235816114805,0.0],[0.0,0.0,0.0,0.0,0.003034601581886256,-0.012044510355701858,0.004870455303057438,0.0],[0.0,0.0,0.0,0.0,0.0,0.0,-0.028516198720238403,0.0010685291907057725],[0.0,0.0,0.0,0.0,0.0,0.0,0.019644532178651315,-0.00106738864258144]]}