{"din_name":"flux_level10392.json","din_kind":"RELATIVE","din_start":600.0000022112978,"din_end":660.0000038174277,"din_rules":["Interventions","r1","r1_rev","r2","r3","r4","r5","r6"],"din_hits":[0,39036,39016,24597,3217056,3192449,670979,670979],"din_fluxs":[[0.0,0.0,0.0,0.0,0.0,0.0,0.0,0.0],[0.0,-0.0010960592764198613,0.06508214379753434,0.06129064798752716,0.0,-0.002030160416960609,0.0,0.0],[0.0,0.0010972657520323574,-0.05991770280195218,-0.11273677798908792,0.0,0.004774637208734569,0.0,0.0],[0.0,0.0,0.0,-0.34415519677059786,0.002667221737472483,0.0,0.0037172737333473495,0.0],[0.0,0.0,0.0,0.005107193352038676,-0.0026608412329309585,0.01673120199013776,-0.0026612891633114887,0.0],[0.0,0.0,0.0,0.0,0.002667948480362162,-0.01661222334102793,0.002915587499116722,0.0],[0.0,0.0,0.0,0.0,0.0,0.0,-0.004836451361352591,0.001394852077935763],[0.0,0.0,0.0,0.0,0.0,0.0,0.0036923989977941814,-0.0013929084154867656]]}