{"din_name":"flux_level02405.json","din_kind":"RELATIVE","din_start":600.0000044896595,"din_end":660.0000061688273,"din_rules":["Interventions","r1","r1_rev","r2","r3","r4","r5","r6"],"din_hits":[0,17076,17059,3280,649866,646585,704983,704982],"din_fluxs":[[0.0,0.0,0.0,0.0,0.0,0.0,0.0,0.0],[0.0,-0.0010939264507736674,0.07577897239604475,0.08182981993107581,0.0,-0.002063571429147011,0.0,0.0],[0.0,0.0010951312412362335,-0.06882785765377328,-0.12773581656765678,0.0,0.004400018308125209,0.0,0.0],[0.0,0.0,0.0,-0.38295414420542107,0.0027170644381146205,0.0,0.003332703568177271,0.0],[0.0,0.0,0.0,0.005659002589402035,-0.00271076945223834,0.015733371645854585,-0.002710590759206035,0.0],[0.0,0.0,0.0,0.0,0.00271814613400992,-0.015626189284703104,0.0030802792235144934,0.0],[0.0,0.0,0.0,0.0,0.0,0.0,-0.0018404122422689445,0.004229086388639309],[0.0,0.0,0.0,0.0,0.0,0.0,0.0015103465055816634,-0.004211221113583364]]}