{"din_name":"flux_level07070.json","din_kind":"RELATIVE","din_start":600.0000262985919,"din_end":660.000028520786,"din_rules":["Interventions","r1","r1_rev","r2","r3","r4","r5","r6"],"din_hits":[0,28440,28426,4,6688,6694,1057086,1057076],"din_fluxs":[[0.0,0.0,0.0,0.0,0.0,0.0,0.0,0.0],[0.0,-0.0010907154647575397,0.09862383365793202,0.27132816625497386,0.0,-0.002017101064735931,0.0,0.0],[0.0,0.0010919089654524358,-0.08648594699478723,-0.12757433425649828,0.0,0.00207553480531865,0.0,0.0],[0.0,0.0,0.0,-0.5874489795918367,0.0026915331511128517,0.0,0.006293789272327362,0.0],[0.0,0.0,0.0,0.027656489293536885,-0.0026644685126525408,0.016165141580880064,-0.0027230646744986673,0.0],[0.0,0.0,0.0,0.0,0.002671532971239198,-0.01609089721617552,0.006242341897907544,0.0],[0.0,0.0,0.0,0.0,0.0,0.0,-0.003149471638189429,0.0022986608446179057],[0.0,0.0,0.0,0.0,0.0,0.0,0.0031373017752015894,-0.0022933824247153723]]}