{"din_name":"flux_level10041.json","din_kind":"RELATIVE","din_start":600.0000018369144,"din_end":660.0000014457959,"din_rules":["Interventions","r1","r1_rev","r2","r3","r4","r5","r6"],"din_hits":[0,20539,20530,5332,3093889,3088553,908164,908151],"din_fluxs":[[0.0,0.0,0.0,0.0,0.0,0.0,0.0,0.0],[0.0,-0.0010892117174271935,0.11330001289669478,0.13336210670038767,0.0,-0.0020108031957246117,0.0,0.0],[0.0,0.0010904021154350672,-0.09897356642978745,-0.1844850835843732,0.0,0.003733873023482409,0.0,0.0],[0.0,0.0,0.0,-0.37232812073895066,0.003719503571970526,0.0,0.005324681342653233,0.0],[0.0,0.0,0.0,0.0018464620469762249,-0.0037043770898702436,0.008875545605575233,-0.0037045764321235524,0.0],[0.0,0.0,0.0,0.0,0.0037181634472995702,-0.008823648903837134,0.004192850616389204,0.0],[0.0,0.0,0.0,0.0,0.0,0.0,-0.0037299070714673184,0.002116516691035242],[0.0,0.0,0.0,0.0,0.0,0.0,0.00214819321743209,-0.002112040977096324]]}