{"din_name":"flux_level09564.json","din_kind":"RELATIVE","din_start":600.0000029085362,"din_end":660.0000163348475,"din_rules":["Interventions","r1","r1_rev","r2","r3","r4","r5","r6"],"din_hits":[0,218713,218673,104237,3584798,3480556,296003,296024],"din_fluxs":[[0.0,0.0,0.0,0.0,0.0,0.0,0.0,0.0],[0.0,-0.0011268410701899701,0.02291077782118379,0.029180320215588324,0.0,-0.0021014667363786666,0.0,0.0],[0.0,0.0011281174054442967,-0.02202179349788576,-0.0428614893992718,0.0,0.003416720106942234,0.0,0.0],[0.0,0.0,0.0,-0.17293202584175327,0.00284171317979656,0.0,0.0029176120205224357,0.0],[0.0,0.0,0.0,0.00710758202313374,-0.002833856805060739,0.014253014037185492,-0.0028338370041148986,0.0],[0.0,0.0,0.0,0.0,0.002841920257870699,-0.01454747370645702,0.0028790148436159423,0.0],[0.0,0.0,0.0,0.0,0.0,0.0,-0.0016443591210222248,0.0074778366839980395],[0.0,0.0,0.0,0.0,0.0,0.0,0.0011924628604962476,-0.0074219585901534905]]}