{"din_name":"flux_level00550.json","din_kind":"RELATIVE","din_start":600.000004556627,"din_end":660.0000003580055,"din_rules":["Interventions","r1","r1_rev","r2","r3","r4","r5","r6"],"din_hits":[0,453710,453594,101060,806855,705775,919505,919518],"din_fluxs":[[0.0,0.0,0.0,0.0,0.0,0.0,0.0,0.0],[0.0,-0.001234952880356383,0.007636421541376903,0.014281908090129731,0.0,-0.0023091486410084278,0.0,0.0],[0.0,0.001236503991670726,-0.007445970167587333,-0.014753145145009966,0.0,0.0025529303356988443,0.0,0.0],[0.0,0.0,0.0,-0.11408906728600211,0.002599809437150563,0.0,0.0028712949111461767,0.0],[0.0,0.0,0.0,0.01666200768987898,-0.002592794780051406,0.017959960779384585,-0.0025942157274027942,0.0],[0.0,0.0,0.0,0.0,0.0025994984670725976,-0.020263685888381733,0.0028594606146855935,0.0],[0.0,0.0,0.0,0.0,0.0,0.0,-0.001596066931255151,0.0059504047838029395],[0.0,0.0,0.0,0.0,0.0,0.0,0.0013714967767252484,-0.0059150255322287975]]}