{"din_name":"flux_level13850.json","din_kind":"RELATIVE","din_start":600.0000034360855,"din_end":660.0000084143722,"din_rules":["Interventions","r1","r1_rev","r2","r3","r4","r5","r6"],"din_hits":[0,36500,36492,2887,1255111,1252228,719235,719252],"din_fluxs":[[0.0,0.0,0.0,0.0,0.0,0.0,0.0,0.0],[0.0,-0.0010901568602650253,0.10316214079928641,0.13099421457941382,0.0,-0.00204828968270184,0.0,0.0],[0.0,0.0010913482863550029,-0.0911001558864869,-0.16506433040820967,0.0,0.003915031168384207,0.0,0.0],[0.0,0.0,0.0,-0.44729133137696264,0.00291419791487193,0.0,0.00473124776542872,0.0],[0.0,0.0,0.0,0.00551596103875657,-0.002907490968343416,0.013099975812212996,-0.002903026796599253,0.0],[0.0,0.0,0.0,0.0,0.0029159775299748953,-0.013012577022779642,0.003763885024260339,0.0],[0.0,0.0,0.0,0.0,0.0,0.0,-0.005123122015269805,0.0014504326328519284],[0.0,0.0,0.0,0.0,0.0,0.0,0.003679652696909017,-0.0014483310955713076]]}