{"din_name":"flux_level01562.json","din_kind":"RELATIVE","din_start":600.0000106738664,"din_end":660.0000053737663,"din_rules":["Interventions","r1","r1_rev","r2","r3","r4","r5","r6"],"din_hits":[0,200017,199981,55663,2276559,2220898,1537744,1537773],"din_fluxs":[[0.0,0.0,0.0,0.0,0.0,0.0,0.0,0.0],[0.0,-0.0011203350318027055,0.026439042804446394,0.032265928210634655,0.0,-0.002073681985303872,0.0,0.0],[0.0,0.0011215958412939785,-0.025324847233413807,-0.0488293676084045,0.0,0.003625817319619876,0.0,0.0],[0.0,0.0,0.0,-0.23231678504394682,0.0025980256045686338,0.0,0.0031421436019293284,0.0],[0.0,0.0,0.0,0.009352479008764113,-0.0025914657161409094,0.01836239543019207,-0.0025915530967220448,0.0],[0.0,0.0,0.0,0.0,0.0025982055507096156,-0.01860895014472765,0.002909409608362449,0.0],[0.0,0.0,0.0,0.0,0.0,0.0,-0.0023222040300637514,0.0023514614153352397],[0.0,0.0,0.0,0.0,0.0,0.0,0.0018632177108359256,-0.00234593771134511]]}