{"din_name":"flux_level08526.json","din_kind":"RELATIVE","din_start":600.0000278269723,"din_end":660.0000202080917,"din_rules":["Interventions","r1","r1_rev","r2","r3","r4","r5","r6"],"din_hits":[0,88356,88330,1121,273251,272132,464456,464458],"din_fluxs":[[0.0,0.0,0.0,0.0,0.0,0.0,0.0,0.0],[0.0,-0.0011000394806202404,0.05302107694796241,0.09571271574429219,0.0,-0.00202475159144217,0.0,0.0],[0.0,0.0011012533568379582,-0.0487333902922424,-0.08827289558801361,0.0,0.002753971747838565,0.0,0.0],[0.0,0.0,0.0,-0.42947109755849405,0.0026888259279394867,0.0,0.004886901044923866,0.0],[0.0,0.0,0.0,0.014081272596117148,-0.002679827694580312,0.01605560887453562,-0.0026753189919693798,0.0],[0.0,0.0,0.0,0.0,0.0026870235559275455,-0.016091298780586957,0.004584257532405379,0.0],[0.0,0.0,0.0,0.0,0.0,0.0,-0.005351140458585488,0.0014199884091082972],[0.0,0.0,0.0,0.0,0.0,0.0,0.004269072288762119,-0.0014179740127311486]]}