{"din_name":"flux_level04409.json","din_kind":"RELATIVE","din_start":600.0000081712344,"din_end":660.0000196595706,"din_rules":["Interventions","r1","r1_rev","r2","r3","r4","r5","r6"],"din_hits":[0,41011,41006,339,278576,278237,51311,51309],"din_fluxs":[[0.0,0.0,0.0,0.0,0.0,0.0,0.0,0.0],[0.0,-0.0010900365428958858,0.10411327645902135,0.20201911846883308,0.0,-0.002030690316261676,0.0,0.0],[0.0,0.001091227133348626,-0.09186054075018577,-0.146279797881326,0.0,0.0030296650586746506,0.0,0.0],[0.0,0.0,0.0,-0.6209540501178415,0.0025946538396892896,0.0,0.0026120876376829055,0.0],[0.0,0.0,0.0,0.016354531490189176,-0.002584286354651801,0.01798838300516432,-0.0025839356892483393,0.0],[0.0,0.0,0.0,0.0,0.002590979952137024,-0.01783108200743754,0.0026103253700491824,0.0],[0.0,0.0,0.0,0.0,0.0,0.0,-0.001306146364514503,0.1360022267202054],[0.0,0.0,0.0,0.0,0.0,0.0,0.0012012335016297166,-0.11047149867288224]]}