{"din_name":"flux_level13839.json","din_kind":"RELATIVE","din_start":600.0000234039729,"din_end":660.0000621181201,"din_rules":["Interventions","r1","r1_rev","r2","r3","r4","r5","r6"],"din_hits":[0,7311,7287,15650,2084165,2068515,228903,228908],"din_fluxs":[[0.0,0.0,0.0,0.0,0.0,0.0,0.0,0.0],[0.0,-0.001104510649023201,0.04324680429844556,0.05710781009909769,0.0,-0.0020341096821131503,0.0,0.0],[0.0,0.0011057774064963525,-0.040413295867402006,-0.07916502602836598,0.0,0.003161046087809638,0.0,0.0],[0.0,0.0,0.0,-0.17130859261307663,0.0046560621673136585,0.0,0.005449275948456489,0.0],[0.0,0.0,0.0,0.001674253347567333,-0.0046348401857244275,0.007282456955108904,-0.00463392650983995,0.0],[0.0,0.0,0.0,0.0,0.004656464780702954,-0.0072879573209772295,0.0048300518744115025,0.0],[0.0,0.0,0.0,0.0,0.0,0.0,-0.0030027634552552583,0.00478304091059354],[0.0,0.0,0.0,0.0,0.0,0.0,0.0014136612850102514,-0.004760176721604529]]}