{"din_name":"flux_level13964.json","din_kind":"RELATIVE","din_start":600.0000012105367,"din_end":660.0000013229293,"din_rules":["Interventions","r1","r1_rev","r2","r3","r4","r5","r6"],"din_hits":[0,61665,61656,2003,1006102,1004078,1441782,1441798],"din_fluxs":[[0.0,0.0,0.0,0.0,0.0,0.0,0.0,0.0],[0.0,-0.0010910968969669505,0.09570887294375262,0.13987792617380376,0.0,-0.002011798506423888,0.0,0.0],[0.0,0.0010922898811675252,-0.08414111933095463,-0.15139884520052344,0.0,0.003433410086278259,0.0,0.0],[0.0,0.0,0.0,-0.46557848528481066,0.0028927413209783918,0.0,0.004366337000542175,0.0],[0.0,0.0,0.0,0.007950478588363294,-0.0028830374656750872,0.013306840941836345,-0.0028824125105945796,0.0],[0.0,0.0,0.0,0.0,0.002891376232788595,-0.013242293776992396,0.003965068936276127,0.0],[0.0,0.0,0.0,0.0,0.0,0.0,-0.003179898977141716,0.002024350228062012],[0.0,0.0,0.0,0.0,0.0,0.0,0.0024446652952897986,-0.0020202559696929226]]}