{"din_name":"flux_level04405.json","din_kind":"RELATIVE","din_start":600.0000687400621,"din_end":660.0000361431971,"din_rules":["Interventions","r1","r1_rev","r2","r3","r4","r5","r6"],"din_hits":[0,6962,6955,776,278507,277730,48186,48194],"din_fluxs":[[0.0,0.0,0.0,0.0,0.0,0.0,0.0,0.0],[0.0,-0.0010896525053982775,0.10942603062448183,0.11546788177159739,0.0,-0.002021916415933378,0.0,0.0],[0.0,0.001090848849720224,-0.09489812407351766,-0.16918553291590932,0.0,0.004796152510860108,0.0,0.0],[0.0,0.0,0.0,-0.5020383920566845,0.0025957616618319827,0.0,0.002670335611278716,0.0],[0.0,0.0,0.0,0.006989751457570329,-0.0025891961812531212,0.018065901342163137,-0.0025883044922637715,0.0],[0.0,0.0,0.0,0.0,0.0025959202129861593,-0.01786013092524144,0.0026387047757454474,0.0],[0.0,0.0,0.0,0.0,0.0,0.0,-0.0013873786444602145,0.016065404070739718],[0.0,0.0,0.0,0.0,0.0,0.0,0.0011380431115926104,-0.0158077658239572]]}