{"din_name":"flux_level08911.json","din_kind":"RELATIVE","din_start":600.0000008637496,"din_end":660.0000098612705,"din_rules":["Interventions","r1","r1_rev","r2","r3","r4","r5","r6"],"din_hits":[0,53846,53828,6959,881891,874927,340570,340586],"din_fluxs":[[0.0,0.0,0.0,0.0,0.0,0.0,0.0,0.0],[0.0,-0.001102997877388756,0.04628492883914965,0.05798740794078094,0.0,-0.0020406004979197493,0.0,0.0],[0.0,0.0011042209952322837,-0.04282546925698775,-0.08179779132984975,0.0,0.0033757870910433225,0.0,0.0],[0.0,0.0,0.0,-0.24891660175312486,0.0031650309412163662,0.0,0.0034111781961601627,0.0],[0.0,0.0,0.0,0.004889305149598324,-0.003156119643965945,0.011251829255718266,-0.003156149936638124,0.0],[0.0,0.0,0.0,0.0,0.0031661280259645203,-0.011294075806156706,0.0033372944977477035,0.0],[0.0,0.0,0.0,0.0,0.0,0.0,-0.0017802432117078207,0.010560110700084675],[0.0,0.0,0.0,0.0,0.0,0.0,0.0013411125658168365,-0.010448737753233437]]}