{"din_name":"flux_level03228.json","din_kind":"RELATIVE","din_start":600.0000002107072,"din_end":660.0000063860679,"din_rules":["Interventions","r1","r1_rev","r2","r3","r4","r5","r6"],"din_hits":[0,31509,31490,11690,1532694,1520999,229702,229713],"din_fluxs":[[0.0,0.0,0.0,0.0,0.0,0.0,0.0,0.0],[0.0,-0.0010962699074719689,0.06436673251917818,0.06259049144959454,0.0,-0.0020081494153775803,0.0,0.0],[0.0,0.0010974779569873736,-0.05927724580098753,-0.11135682299011006,0.0,0.004694391438636324,0.0,0.0],[0.0,0.0,0.0,-0.3668408189373849,0.0026054263123127808,0.0,0.0026765943677729324,0.0],[0.0,0.0,0.0,0.0062889540567804755,-0.0025987569453874756,0.018023873814991806,-0.0025985943574287924,0.0],[0.0,0.0,0.0,0.0,0.0026055312898059643,-0.01789118707700132,0.0026412880081472115,0.0],[0.0,0.0,0.0,0.0,0.0,0.0,-0.001364261325422732,0.023041250794057045],[0.0,0.0,0.0,0.0,0.0,0.0,0.0011261154530758744,-0.022510646614529624]]}