{"din_name":"flux_level03965.json","din_kind":"RELATIVE","din_start":600.0000080719603,"din_end":660.0000100717776,"din_rules":["Interventions","r1","r1_rev","r2","r3","r4","r5","r6"],"din_hits":[0,124763,124726,48839,2990547,2941708,105822,105813],"din_fluxs":[[0.0,0.0,0.0,0.0,0.0,0.0,0.0,0.0],[0.0,-0.0011178519077029562,0.02810844983256642,0.03822934160271475,0.0,-0.002070243614492201,0.0,0.0],[0.0,0.0011191089759074666,-0.02687518250828594,-0.052600681326164085,0.0,0.003095529024951908,0.0,0.0],[0.0,0.0,0.0,-0.14164465107250535,0.0038890387127973845,0.0,0.0039499418105550105,0.0],[0.0,0.0,0.0,0.0034583861847869795,-0.003874348971775426,0.008601385473138238,-0.0038744064083271225,0.0],[0.0,0.0,0.0,0.0,0.0038894434959984596,-0.008710916999203634,0.003920041036668991,0.0],[0.0,0.0,0.0,0.0,0.0,0.0,-0.002014223873071203,0.03001048532929189],[0.0,0.0,0.0,0.0,0.0,0.0,0.0011513771682999212,-0.029110858417971612]]}