{"din_name":"flux_level05590.json","din_kind":"RELATIVE","din_start":600.0000003977856,"din_end":660.0000031608701,"din_rules":["Interventions","r1","r1_rev","r2","r3","r4","r5","r6"],"din_hits":[0,251858,251812,106430,3667865,3561407,1632177,1632190],"din_fluxs":[[0.0,0.0,0.0,0.0,0.0,0.0,0.0,0.0],[0.0,-0.00112827214241488,0.022249418786549187,0.028989358534845695,0.0,-0.002100369637626311,0.0,0.0],[0.0,0.0011295513805909296,-0.02140113801203677,-0.041796648072218716,0.0,0.0033303098317107836,0.0,0.0],[0.0,0.0,0.0,-0.16117699754918421,0.0029394602780866983,0.0,0.003437379639296429,0.0],[0.0,0.0,0.0,0.00665662390149316,-0.0029310976033796576,0.013187434737008348,-0.0029313939350601816,0.0],[0.0,0.0,0.0,0.0,0.0029397270145336174,-0.013483926531674597,0.0032273434029248343,0.0],[0.0,0.0,0.0,0.0,0.0,0.0,-0.0023372546711922853,0.0028439193147053103],[0.0,0.0,0.0,0.0,0.0,0.0,0.0016901691031697258,-0.002835839078414011]]}