{"din_name":"flux_level06345.json","din_kind":"RELATIVE","din_start":600.0000060200505,"din_end":660.0000133088454,"din_rules":["Interventions","r1","r1_rev","r2","r3","r4","r5","r6"],"din_hits":[0,54997,54987,11283,2855980,2844693,1677339,1677334],"din_fluxs":[[0.0,0.0,0.0,0.0,0.0,0.0,0.0,0.0],[0.0,-0.001090464577648095,0.09987077818723974,0.1032658856941277,0.0,-0.0020286961997124874,0.0,0.0],[0.0,0.0010916562611976066,-0.08855887986621198,-0.15738560076126623,0.0,0.005055370086588201,0.0,0.0],[0.0,0.0,0.0,-0.4864249950424603,0.002540355181892934,0.0,0.003727835561178988,0.0],[0.0,0.0,0.0,0.007018809952585179,-0.002533959122790704,0.019589700358573724,-0.002535487033695877,0.0],[0.0,0.0,0.0,0.0,0.002540398509863697,-0.019343050264454594,0.002946037535088128,0.0],[0.0,0.0,0.0,0.0,0.0,0.0,-0.0034919579759414153,0.001604024536265455],[0.0,0.0,0.0,0.0,0.0,0.0,0.002821582624174665,-0.0016014542797824832]]}