{"din_name":"flux_level08199.json","din_kind":"RELATIVE","din_start":600.0000049038891,"din_end":660.0000020402247,"din_rules":["Interventions","r1","r1_rev","r2","r3","r4","r5","r6"],"din_hits":[0,90771,90751,59954,4177362,4117399,779126,779121],"din_fluxs":[[0.0,0.0,0.0,0.0,0.0,0.0,0.0,0.0],[0.0,-0.0011045695397695276,0.04283462508993912,0.04340091228309214,0.0,-0.0020414887680210796,0.0,0.0],[0.0,0.0011057945008229562,-0.0403537919855996,-0.0773138308265648,0.0,0.004428917760442201,0.0,0.0],[0.0,0.0,0.0,-0.29170324296017314,0.0025879319422835957,0.0,0.0034568988301203487,0.0],[0.0,0.0,0.0,0.007019055601080117,-0.002581385732516795,0.018587795222634772,-0.0025818812124912614,0.0],[0.0,0.0,0.0,0.0,0.0025880707395350496,-0.018559195721877593,0.002856291375540343,0.0],[0.0,0.0,0.0,0.0,0.0,0.0,-0.006372516612156913,0.001263662397249634],[0.0,0.0,0.0,0.0,0.0,0.0,0.005005524962068779,-0.0012620670740029426]]}