{"din_name":"flux_level13164.json","din_kind":"RELATIVE","din_start":600.0000023968164,"din_end":660.0000105915519,"din_rules":["Interventions","r1","r1_rev","r2","r3","r4","r5","r6"],"din_hits":[0,9040,9014,12396,2020793,2008412,645941,645927],"din_fluxs":[[0.0,0.0,0.0,0.0,0.0,0.0,0.0,0.0],[0.0,-0.0011005898782643034,0.051660977220591715,0.06542642107239846,0.0,-0.0020644369606691894,0.0,0.0],[0.0,0.0011018279895116114,-0.04796410615177989,-0.09311144961938089,0.0,0.003363476921533647,0.0,0.0],[0.0,0.0,0.0,-0.20172731394340862,0.004190164589519401,0.0,0.00997841153275953,0.0],[0.0,0.0,0.0,0.0017497579032670824,-0.004172705926292484,0.007933241006032375,-0.004175033013621251,0.0],[0.0,0.0,0.0,0.0,0.004190217097007825,-0.00792466015682039,0.0055945518975492456,0.0],[0.0,0.0,0.0,0.0,0.0,0.0,-0.008810163504624505,0.0013933242825026216],[0.0,0.0,0.0,0.0,0.0,0.0,0.0045204959883721075,-0.0013913846109661668]]}