{"din_name":"flux_level03334.json","din_kind":"RELATIVE","din_start":600.0000150592573,"din_end":660.000003362955,"din_rules":["Interventions","r1","r1_rev","r2","r3","r4","r5","r6"],"din_hits":[0,2954,2939,9776,2465748,2455969,343326,343330],"din_fluxs":[[0.0,0.0,0.0,0.0,0.0,0.0,0.0,0.0],[0.0,-0.0010902163252510453,0.10296990455666472,0.09363073950709426,0.0,-0.002034264069191174,0.0,0.0],[0.0,0.0010914272470243158,-0.09060049621067393,-0.16764883718740398,0.0,0.005189207842356574,0.0,0.0],[0.0,0.0,0.0,-0.388302391780127,0.002817373483569581,0.0,0.003916069622244008,0.0],[0.0,0.0,0.0,0.0029303058517373254,-0.002810175593904171,0.014321882547852886,-0.002807434257579323,0.0],[0.0,0.0,0.0,0.0,0.002818101612474869,-0.01417814563840456,0.002919848282985745,0.0],[0.0,0.0,0.0,0.0,0.0,0.0,-0.0026894605640548777,0.0021281659678295305],[0.0,0.0,0.0,0.0,0.0,0.0,0.0019451483715519414,-0.0021236407073597116]]}