{"din_name":"flux_level04687.json","din_kind":"RELATIVE","din_start":600.0000069557302,"din_end":660.0000007773876,"din_rules":["Interventions","r1","r1_rev","r2","r3","r4","r5","r6"],"din_hits":[0,1305345,1304985,1222387,2871035,1648635,752718,752736],"din_fluxs":[[0.0,0.0,0.0,0.0,0.0,0.0,0.0,0.0],[0.0,-0.001646365235628513,0.0028274041340440427,0.0082701156532606,0.0,-0.003122806785052209,0.0,0.0],[0.0,0.0016491722353535125,-0.0027694661711108624,-0.005503341009364078,0.0,0.002142041619436797,0.0,0.0],[0.0,0.0,0.0,-0.044367943504937904,0.0029399561443418792,0.0,0.003389504359178045,0.0],[0.0,0.0,0.0,0.018494932618844852,-0.002931138850705254,0.010559818799804036,-0.002923806774829787,0.0],[0.0,0.0,0.0,0.0,0.0029396154895136224,-0.017300056859139434,0.0037228677964927866,0.0],[0.0,0.0,0.0,0.0,0.0,0.0,-0.007786027199608909,0.0012543057566736335],[0.0,0.0,0.0,0.0,0.0,0.0,0.00544988335485975,-0.0012527334485867951]]}