{"din_name":"flux_level12994.json","din_kind":"RELATIVE","din_start":600.0000008746991,"din_end":660.0000025983666,"din_rules":["Interventions","r1","r1_rev","r2","r3","r4","r5","r6"],"din_hits":[0,66108,66080,43356,2402040,2358676,968642,968654],"din_fluxs":[[0.0,0.0,0.0,0.0,0.0,0.0,0.0,0.0],[0.0,-0.0011112927680155813,0.03380632728052321,0.03723364677915025,0.0,-0.0020597604975381672,0.0,0.0],[0.0,0.0011125369896447163,-0.03212185666563971,-0.06161118495681931,0.0,0.003909214490402249,0.0,0.0],[0.0,0.0,0.0,-0.22900492508455872,0.0027392854984300595,0.0,0.0031109909348911767,0.0],[0.0,0.0,0.0,0.006250213022930733,-0.002732563424656846,0.015626337589204807,-0.002732010849914486,0.0],[0.0,0.0,0.0,0.0,0.002740068185893242,-0.015714049863463194,0.0029056480755638684,0.0],[0.0,0.0,0.0,0.0,0.0,0.0,-0.0018212925664946823,0.004238700774309137],[0.0,0.0,0.0,0.0,0.0,0.0,0.0014071289096276656,-0.004220751332565563]]}