{"din_name":"flux_level04737.json","din_kind":"RELATIVE","din_start":600.0000124028558,"din_end":660.000000540671,"din_rules":["Interventions","r1","r1_rev","r2","r3","r4","r5","r6"],"din_hits":[0,13259,13243,8466,2101816,2093343,912568,912582],"din_fluxs":[[0.0,0.0,0.0,0.0,0.0,0.0,0.0,0.0],[0.0,-0.001089953927543929,0.10569032943103625,0.09533896264402118,0.0,-0.002012129746210294,0.0,0.0],[0.0,0.0010911472767871574,-0.09295638711670635,-0.16977788503695476,0.0,0.005242401910288199,0.0,0.0],[0.0,0.0,0.0,-0.4355028021436671,0.0026707323488394355,0.0,0.0039414955945060145,0.0],[0.0,0.0,0.0,0.0044485668342717855,-0.0026639175062884235,0.01656233680885117,-0.0026651659483639028,0.0],[0.0,0.0,0.0,0.0,0.002671036882750912,-0.016376256020618495,0.002975281812308827,0.0],[0.0,0.0,0.0,0.0,0.0,0.0,-0.003003724113785276,0.0018447288820332074],[0.0,0.0,0.0,0.0,0.0,0.0,0.0023173830019974345,-0.001841329530154024]]}