{"din_name":"flux_level03366.json","din_kind":"RELATIVE","din_start":600.0000242217925,"din_end":660.0000025746392,"din_rules":["Interventions","r1","r1_rev","r2","r3","r4","r5","r6"],"din_hits":[0,154054,153993,35446,1085990,1050529,691261,691248],"din_fluxs":[[0.0,0.0,0.0,0.0,0.0,0.0,0.0,0.0],[0.0,-0.0011356032732324347,0.019452018814523585,0.02741557735605252,0.0,-0.002112667176960584,0.0,0.0],[0.0,0.0011369043839117453,-0.01875125972298586,-0.03666050285880031,0.0,0.003098170626944571,0.0,0.0],[0.0,0.0,0.0,-0.15413398707713794,0.002932171387062428,0.0,0.003269680281226658,0.0],[0.0,0.0,0.0,0.00763025925434076,-0.002923569159699301,0.013216978107144315,-0.002924841320954621,0.0],[0.0,0.0,0.0,0.0,0.0029321461968480947,-0.013618692632505685,0.003190017614286383,0.0],[0.0,0.0,0.0,0.0,0.0,0.0,-0.0018075994552548729,0.00597434585472664],[0.0,0.0,0.0,0.0,0.0,0.0,0.0014058981579727736,-0.005938686010557491]]}