{"din_name":"flux_level09919.json","din_kind":"RELATIVE","din_start":600.0000079245966,"din_end":660.0000053613733,"din_rules":["Interventions","r1","r1_rev","r2","r3","r4","r5","r6"],"din_hits":[0,686,659,24912,2290642,2265732,307422,307424],"din_fluxs":[[0.0,0.0,0.0,0.0,0.0,0.0,0.0,0.0],[0.0,-0.0011052183088599082,0.045463000566334566,0.05773894571626222,0.0,-0.002097396703457877,0.0,0.0],[0.0,0.0011069714209865208,-0.03910813544990992,-0.07516221654175355,0.0,0.0035768788006337463,0.0,0.0],[0.0,0.0,0.0,-0.1848747234788409,0.0035448071557689633,0.0,0.009593897439523649,0.0],[0.0,0.0,0.0,0.00251649528993525,-0.003529715385780866,0.00960464095681811,-0.0035346868051025437,0.0],[0.0,0.0,0.0,0.0,0.003542202132613817,-0.009617137294496141,0.004426130289962704,0.0],[0.0,0.0,0.0,0.0,0.0,0.0,-0.01529880883713481,0.0011513220767354949],[0.0,0.0,0.0,0.0,0.0,0.0,0.008957980717720828,-0.0011499978483194041]]}