{"din_name":"flux_level09959.json","din_kind":"RELATIVE","din_start":600.0000013282583,"din_end":660.0000268370871,"din_rules":["Interventions","r1","r1_rev","r2","r3","r4","r5","r6"],"din_hits":[0,337252,337163,43770,814222,770431,857602,857632],"din_fluxs":[[0.0,0.0,0.0,0.0,0.0,0.0,0.0,0.0],[0.0,-0.0011597943528134321,0.01386515991622494,0.0217505186921379,0.0,-0.0021655610901841803,0.0,0.0],[0.0,0.0011611500612318205,-0.013444403280792815,-0.02611482869802245,0.0,0.002885553818191249,0.0,0.0],[0.0,0.0,0.0,-0.17062637522267415,0.002578629171214666,0.0,0.0034996732318821476,0.0],[0.0,0.0,0.0,0.013706827702991814,-0.0025720041823503377,0.018743518372979044,-0.0025737195727467046,0.0],[0.0,0.0,0.0,0.0,0.0025786393150893285,-0.01972281719967923,0.0033453067412696088,0.0],[0.0,0.0,0.0,0.0,0.0,0.0,-0.0037331125067398565,0.0015835108801134654],[0.0,0.0,0.0,0.0,0.0,0.0,0.0030202494565241653,-0.001581006606338527]]}