{"din_name":"flux_level12821.json","din_kind":"RELATIVE","din_start":600.0000082144487,"din_end":660.0000089854725,"din_rules":["Interventions","r1","r1_rev","r2","r3","r4","r5","r6"],"din_hits":[0,78263,78252,3046,1364981,1361937,271698,271683],"din_fluxs":[[0.0,0.0,0.0,0.0,0.0,0.0,0.0,0.0],[0.0,-0.0010946879424341422,0.07316235172596719,0.11115690294527723,0.0,-0.002038328845715565,0.0,0.0],[0.0,0.0010958891111221218,-0.06503291610779352,-0.12379751853078731,0.0,0.002766017713364334,0.0,0.0],[0.0,0.0,0.0,-0.28268566328611927,0.004735036682691181,0.0,0.0051516400971127335,0.0],[0.0,0.0,0.0,0.0031248698243653526,-0.00471199829861302,0.007070668932214098,-0.004711563520033249,0.0],[0.0,0.0,0.0,0.0,0.004734348010158808,-0.0070775411440356165,0.005040892226507639,0.0],[0.0,0.0,0.0,0.0,0.0,0.0,-0.002990098152589534,0.005499000425999996],[0.0,0.0,0.0,0.0,0.0,0.0,0.0014746710690804396,-0.005468795118345876]]}