{"din_name":"flux_level05895.json","din_kind":"RELATIVE","din_start":600.0000081673551,"din_end":660.0000272755243,"din_rules":["Interventions","r1","r1_rev","r2","r3","r4","r5","r6"],"din_hits":[0,70706,70695,414,336201,335795,1541328,1541331],"din_fluxs":[[0.0,0.0,0.0,0.0,0.0,0.0,0.0,0.0],[0.0,-0.0010912364620525642,0.09276648139657517,0.19729716002566763,0.0,-0.0020325626697056402,0.0,0.0],[0.0,0.0010924296917875765,-0.08293510751397626,-0.1458093826935006,0.0,0.0025545259531272956,0.0,0.0],[0.0,0.0,0.0,-0.5048888617148836,0.003102676668000855,0.0,0.005663570295767145,0.0],[0.0,0.0,0.0,0.011846776609953443,-0.00309587673175892,0.01142435762651217,-0.003100800502698395,0.0],[0.0,0.0,0.0,0.0,0.003105499962372399,-0.01141445526033605,0.005547635212463734,0.0],[0.0,0.0,0.0,0.0,0.0,0.0,-0.0033798577279080073,0.0024157085320621625],[0.0,0.0,0.0,0.0,0.0,0.0,0.002862160256834809,-0.002409878598607953]]}