{"din_name":"flux_level07234.json","din_kind":"RELATIVE","din_start":600.0000010804907,"din_end":660.0000220658516,"din_rules":["Interventions","r1","r1_rev","r2","r3","r4","r5","r6"],"din_hits":[0,35084,35072,20359,4226795,4206442,477449,477436],"din_fluxs":[[0.0,0.0,0.0,0.0,0.0,0.0,0.0,0.0],[0.0,-0.0010915629158811324,0.09040507201291605,0.08274633495676746,0.0,-0.0020287347681626103,0.0,0.0],[0.0,0.0010927581391030501,-0.08096494318918186,-0.14811386080946973,0.0,0.005055580748217676,0.0,0.0],[0.0,0.0,0.0,-0.40544922908108666,0.002674927578591975,0.0,0.004415417424391727,0.0],[0.0,0.0,0.0,0.004553594193699331,-0.0026683277468695873,0.016512290365761094,-0.002664702249512899,0.0],[0.0,0.0,0.0,0.0,0.0026754721049966463,-0.01634500544876287,0.002997790463575536,0.0],[0.0,0.0,0.0,0.0,0.0,0.0,-0.010871883448570811,0.0011463250220650097],[0.0,0.0,0.0,0.0,0.0,0.0,0.00828159556549057,-0.0011450126844503481]]}