{"din_name":"flux_level09641.json","din_kind":"RELATIVE","din_start":600.0000014402493,"din_end":660.0000036903982,"din_rules":["Interventions","r1","r1_rev","r2","r3","r4","r5","r6"],"din_hits":[0,41051,41038,24351,3468388,3444016,774577,774590],"din_fluxs":[[0.0,0.0,0.0,0.0,0.0,0.0,0.0,0.0],[0.0,-0.0010983184636623412,0.057067288035522606,0.06142125907204036,0.0,-0.0020402262357790825,0.0,0.0],[0.0,0.0010995303164777297,-0.05296859353627725,-0.10161400163522497,0.0,0.003993474879591299,0.0,0.0],[0.0,0.0,0.0,-0.2613355433163928,0.0031557986817210195,0.0,0.0034616387155681,0.0],[0.0,0.0,0.0,0.003200012110926045,-0.0031460672354947676,0.011362058038988541,-0.003146317032925077,0.0],[0.0,0.0,0.0,0.0,0.0031560045596349838,-0.011335467554332528,0.0032813908904561107,0.0],[0.0,0.0,0.0,0.0,0.0,0.0,-0.0018479899252927762,0.007414217474539119],[0.0,0.0,0.0,0.0,0.0,0.0,0.0012902195270278547,-0.007359283584132961]]}