{"din_name":"flux_level05401.json","din_kind":"RELATIVE","din_start":600.0000021151656,"din_end":660.000008453601,"din_rules":["Interventions","r1","r1_rev","r2","r3","r4","r5","r6"],"din_hits":[0,9472,9457,11733,2846744,2834997,15540,15538],"din_fluxs":[[0.0,0.0,0.0,0.0,0.0,0.0,0.0,0.0],[0.0,-0.0010892523346681168,0.11396572931451136,0.09367069785274922,0.0,-0.001979909935924404,0.0,0.0],[0.0,0.0010904451162189613,-0.0991675854191456,-0.1770095367850721,0.0,0.0056672532825687,0.0,0.0],[0.0,0.0,0.0,-0.4582304787399428,0.0025945341667270513,0.0,0.002605978780149174,0.0],[0.0,0.0,0.0,0.004583442999464274,-0.0025884859788477756,0.01818913976402675,-0.0025883726755205044,0.0],[0.0,0.0,0.0,0.0,0.0025952089012904827,-0.017947487190519647,0.0025966079100107026,0.0],[0.0,0.0,0.0,0.0,0.0,0.0,-0.0013061136171845793,0.13215209716924317],[0.0,0.0,0.0,0.0,0.0,0.0,0.0010290869518887872,-0.11019280557857837]]}