{"din_name":"flux_level07532.json","din_kind":"RELATIVE","din_start":600.0000149590303,"din_end":660.000002355577,"din_rules":["Interventions","r1","r1_rev","r2","r3","r4","r5","r6"],"din_hits":[0,433494,433418,156583,2982156,2825546,1565377,1565391],"din_fluxs":[[0.0,0.0,0.0,0.0,0.0,0.0,0.0,0.0],[0.0,-0.0011578260801158216,0.014189280868489869,0.021414242506254556,0.0,-0.002158899029620388,0.0,0.0],[0.0,0.0011591751604059155,-0.013756495437286713,-0.02711991831166943,0.0,0.0029205094426225948,0.0,0.0],[0.0,0.0,0.0,-0.11522594565803748,0.003055550150382097,0.0,0.003583289790039884,0.0],[0.0,0.0,0.0,0.007838522808615838,-0.0030464967175195964,0.012173970052846143,-0.00304672761026944,0.0],[0.0,0.0,0.0,0.0,0.00305582694938727,-0.012798910577479745,0.0034425728811402277,0.0],[0.0,0.0,0.0,0.0,0.0,0.0,-0.0025143996302782238,0.002730385276647634],[0.0,0.0,0.0,0.0,0.0,0.0,0.0017773225256752661,-0.0027229370175162423]]}