{"din_name":"flux_level09963.json","din_kind":"RELATIVE","din_start":600.0000011252171,"din_end":660.0000005636279,"din_rules":["Interventions","r1","r1_rev","r2","r3","r4","r5","r6"],"din_hits":[0,115629,115603,5554,725650,720091,1157817,1157844],"din_fluxs":[[0.0,0.0,0.0,0.0,0.0,0.0,0.0,0.0],[0.0,-0.0011053189381741704,0.04154430296910731,0.05987211933997039,0.0,-0.00204960346708906,0.0,0.0],[0.0,0.001106545098361738,-0.039196257541345585,-0.07423853255239891,0.0,0.0031051085509360326,0.0,0.0],[0.0,0.0,0.0,-0.28857114057929617,0.0028938482716267693,0.0,0.005273381734577956,0.0],[0.0,0.0,0.0,0.007902792249127912,-0.002883421979399091,0.013401404650707318,-0.002882821645580358,0.0],[0.0,0.0,0.0,0.0,0.0028917483035052604,-0.013488505583159793,0.004652135423389093,0.0],[0.0,0.0,0.0,0.0,0.0,0.0,-0.004555978796005302,0.0016041513648592022],[0.0,0.0,0.0,0.0,0.0,0.0,0.0034780703736273515,-0.0016015808034808795]]}