{"din_name":"flux_level13258.json","din_kind":"RELATIVE","din_start":600.0000030558656,"din_end":660.0000003270849,"din_rules":["Interventions","r1","r1_rev","r2","r3","r4","r5","r6"],"din_hits":[0,93785,93769,5438,1159945,1154524,1594217,1594224],"din_fluxs":[[0.0,0.0,0.0,0.0,0.0,0.0,0.0,0.0],[0.0,-0.0010959005530751286,0.06577686205154565,0.08678568665774726,0.0,-0.002021567191226979,0.0,0.0],[0.0,0.0010971044743065279,-0.06052635702283956,-0.11060776899299773,0.0,0.003782049926861138,0.0,0.0],[0.0,0.0,0.0,-0.43221668978493816,0.0025993696373725755,0.0,0.0032868056265347857,0.0],[0.0,0.0,0.0,0.009807308499434468,-0.0025927929535872205,0.017984106917621392,-0.0025917668367121016,0.0],[0.0,0.0,0.0,0.0,0.0025995359024582037,-0.017884888309151515,0.0030666471063668954,0.0],[0.0,0.0,0.0,0.0,0.0,0.0,-0.0020229819467648276,0.0030149800324453546],[0.0,0.0,0.0,0.0,0.0,0.0,0.0016875851538997965,-0.0030058991246085924]]}