{"din_name":"flux_level09732.json","din_kind":"RELATIVE","din_start":600.0000068671083,"din_end":660.0000080155418,"din_rules":["Interventions","r1","r1_rev","r2","r3","r4","r5","r6"],"din_hits":[0,375126,375080,29754,922663,892873,727866,727916],"din_fluxs":[[0.0,0.0,0.0,0.0,0.0,0.0,0.0,0.0],[0.0,-0.0011466466132103318,0.01640504773708654,0.027264370493110205,0.0,-0.0021310823700486548,0.0,0.0],[0.0,0.0011479684473179692,-0.01587157165473599,-0.03126188116159354,0.0,0.002604223670613421,0.0,0.0],[0.0,0.0,0.0,-0.10949435621388566,0.0036946335838721803,0.0,0.006362456028496121,0.0],[0.0,0.0,0.0,0.00632112627527674,-0.003680005997851107,0.009033163501339635,-0.003691053624194116,0.0],[0.0,0.0,0.0,0.0,0.0036935853095587017,-0.009440005567966769,0.006049129912445378,0.0],[0.0,0.0,0.0,0.0,0.0,0.0,-0.007363835881524296,0.0014779204923181487],[0.0,0.0,0.0,0.0,0.0,0.0,0.004468055442507672,-0.0014757351281236338]]}