{"din_name":"flux_level13895.json","din_kind":"RELATIVE","din_start":600.0000183727869,"din_end":660.0000022813971,"din_rules":["Interventions","r1","r1_rev","r2","r3","r4","r5","r6"],"din_hits":[0,65853,65809,38292,1386441,1348129,1285552,1285581],"din_fluxs":[[0.0,0.0,0.0,0.0,0.0,0.0,0.0,0.0],[0.0,-0.0011278348091812416,0.022491627868307978,0.029659171404976543,0.0,-0.0021025178693331124,0.0,0.0],[0.0,0.0011291261134545713,-0.021592860425005956,-0.04219252993965479,0.0,0.0032629392326264917,0.0,0.0],[0.0,0.0,0.0,-0.14344778220597984,0.003184055589881333,0.0,0.005302030649002342,0.0],[0.0,0.0,0.0,0.005353056780861845,-0.0031735706423563987,0.011329721299076735,-0.0031720022263461906,0.0],[0.0,0.0,0.0,0.0,0.0031836731352149184,-0.011572495744844903,0.004419360708306715,0.0],[0.0,0.0,0.0,0.0,0.0,0.0,-0.004330282187108532,0.0017308335375577958],[0.0,0.0,0.0,0.0,0.0,0.0,0.003000664581478597,-0.0017278390062425103]]}