{"din_name":"flux_level07646.json","din_kind":"RELATIVE","din_start":600.0000058395096,"din_end":660.0000043181875,"din_rules":["Interventions","r1","r1_rev","r2","r3","r4","r5","r6"],"din_hits":[0,19687,19674,15126,2538052,2522932,1591412,1591411],"din_fluxs":[[0.0,0.0,0.0,0.0,0.0,0.0,0.0,0.0],[0.0,-0.0010970273056384776,0.06148150997738501,0.06663632224290182,0.0,-0.002055680774609198,0.0,0.0],[0.0,0.001098240027928767,-0.05674776112050008,-0.10909154540942825,0.0,0.0039980107704237966,0.0,0.0],[0.0,0.0,0.0,-0.26228527511035715,0.003286575941631437,0.0,0.004460429681588789,0.0],[0.0,0.0,0.0,0.002635788828966783,-0.003275524669385155,0.010615535850445942,-0.003275926287959648,0.0],[0.0,0.0,0.0,0.0,0.0032862955240642727,-0.010580976671130912,0.0037831211822246602,0.0],[0.0,0.0,0.0,0.0,0.0,0.0,-0.0025295727452578675,0.0032061619102713374],[0.0,0.0,0.0,0.0,0.0,0.0,0.001743971305782858,-0.0031958926740870684]]}