{"din_name":"flux_level02005.json","din_kind":"RELATIVE","din_start":600.0000130526981,"din_end":660.0000170287898,"din_rules":["Interventions","r1","r1_rev","r2","r3","r4","r5","r6"],"din_hits":[0,131571,131527,29573,1481303,1451738,682921,682926],"din_fluxs":[[0.0,0.0,0.0,0.0,0.0,0.0,0.0,0.0],[0.0,-0.0011300751213183036,0.0215216532605853,0.03416288734120937,0.0,-0.0020963067264873313,0.0,0.0],[0.0,0.001131363352793014,-0.020701981243965623,-0.041024158142872656,0.0,0.0026646210158153866,0.0,0.0],[0.0,0.0,0.0,-0.09929555315648572,0.005557445027915467,0.0,0.006477655412469098,0.0],[0.0,0.0,0.0,0.0030025405821820974,-0.005530497511602114,0.006509964720095006,-0.005528539975949679,0.0],[0.0,0.0,0.0,0.0,0.005561412579033422,-0.0066491548834838946,0.0062841613158119355,0.0],[0.0,0.0,0.0,0.0,0.0,0.0,-0.0034493003275028046,0.007675621585189593],[0.0,0.0,0.0,0.0,0.0,0.0,0.0018938736030984422,-0.007616762609486537]]}