{"din_name":"flux_level07911.json","din_kind":"RELATIVE","din_start":600.0000435571053,"din_end":660.0000049520477,"din_rules":["Interventions","r1","r1_rev","r2","r3","r4","r5","r6"],"din_hits":[0,68534,68526,1291,794423,793147,898751,898735],"din_fluxs":[[0.0,0.0,0.0,0.0,0.0,0.0,0.0,0.0],[0.0,-0.001091788784207114,0.08879890305713839,0.14744704347732304,0.0,-0.0020244026750685104,0.0,0.0],[0.0,0.0010929831863981819,-0.07969650214836253,-0.14593805250116604,0.0,0.0028969847351561777,0.0,0.0],[0.0,0.0,0.0,-0.4137366258012283,0.003393481005355793,0.0,0.0059283877937914824,0.0],[0.0,0.0,0.0,0.006607442927427401,-0.0033827074581967947,0.009928714673721814,-0.00337557334397053,0.0],[0.0,0.0,0.0,0.0,0.0033942002301148924,-0.009920207964808058,0.005332503516945877,0.0],[0.0,0.0,0.0,0.0,0.0,0.0,-0.005108856820043941,0.001692261138746922],[0.0,0.0,0.0,0.0,0.0,0.0,0.0034288404053876426,-0.0016894005123289323]]}