{"din_name":"flux_level11161.json","din_kind":"RELATIVE","din_start":600.0000185677357,"din_end":660.0000227144143,"din_rules":["Interventions","r1","r1_rev","r2","r3","r4","r5","r6"],"din_hits":[0,18109,18095,1770,1427869,1426092,1223901,1223884],"din_fluxs":[[0.0,0.0,0.0,0.0,0.0,0.0,0.0,0.0],[0.0,-0.0010901751287825151,0.10467340386548482,0.1542095353133259,0.0,-0.0020171776219541386,0.0,0.0],[0.0,0.0010913684744792125,-0.09113052700928283,-0.17179229689149833,0.0,0.00286726206158345,0.0,0.0],[0.0,0.0,0.0,-0.32602227966854314,0.005631200395719406,0.0,0.008000621570284631,0.0],[0.0,0.0,0.0,0.0014575818750128021,-0.005604425242394841,0.006323397613125282,-0.005602564440797018,0.0],[0.0,0.0,0.0,0.0,0.005636103618780455,-0.006301997050778911,0.007245340202685358,0.0],[0.0,0.0,0.0,0.0,0.0,0.0,-0.00422093004747916,0.00468714129832754],[0.0,0.0,0.0,0.0,0.0,0.0,0.002373874552173078,-0.004665194300295865]]}