{"din_name":"flux_level11537.json","din_kind":"RELATIVE","din_start":600.0000230834047,"din_end":660.0000579664624,"din_rules":["Interventions","r1","r1_rev","r2","r3","r4","r5","r6"],"din_hits":[0,104747,104572,195096,1218738,1023640,380224,380224],"din_fluxs":[[0.0,0.0,0.0,0.0,0.0,0.0,0.0,0.0],[0.0,-0.001272462865060997,0.006381917504462182,0.012598836988606652,0.0,-0.002367537352785989,0.0,0.0],[0.0,0.0012742425426577725,-0.006195618742363281,-0.01223437126028686,0.0,0.0024350571075305435,0.0,0.0],[0.0,0.0,0.0,-0.08791279817852547,0.0027331842640070008,0.0,0.002825644581868568,0.0],[0.0,0.0,0.0,0.01539057036756487,-0.0027254549454401194,0.015229938396577181,-0.002726094126352596,0.0],[0.0,0.0,0.0,0.0,0.0027328535942911627,-0.01781694515646467,0.0028262253427599896,0.0],[0.0,0.0,0.0,0.0,0.0,0.0,-0.0015024855609115958,0.011933760276322668],[0.0,0.0,0.0,0.0,0.0,0.0,0.0012096485410119985,-0.011791466006079741]]}