{"din_name":"flux_level02582.json","din_kind":"RELATIVE","din_start":600.000008334413,"din_end":660.000005734499,"din_rules":["Interventions","r1","r1_rev","r2","r3","r4","r5","r6"],"din_hits":[0,376288,376149,446229,3272765,2826532,181027,181032],"din_fluxs":[[0.0,0.0,0.0,0.0,0.0,0.0,0.0,0.0],[0.0,-0.0012443810803227505,0.007259812296229299,0.013601411543527356,0.0,-0.002330695311620982,0.0,0.0],[0.0,0.001245964640218883,-0.007079294422044951,-0.013945093619486952,0.0,0.002521281155474656,0.0,0.0],[0.0,0.0,0.0,-0.09070966269559405,0.0027841283184465077,0.0,0.002807978973337121,0.0],[0.0,0.0,0.0,0.013637902629906112,-0.002776397261977355,0.014657050346904399,-0.0027765775415418263,0.0],[0.0,0.0,0.0,0.0,0.00278413088891946,-0.016712742771162598,0.0028044593680379955,0.0],[0.0,0.0,0.0,0.0,0.0,0.0,-0.0014653315818295885,0.02016687751253599],[0.0,0.0,0.0,0.0,0.0,0.0,0.001099015693551225,-0.019760544439837657]]}