{"din_name":"flux_level03389.json","din_kind":"RELATIVE","din_start":600.0000188964574,"din_end":660.0000250951423,"din_rules":["Interventions","r1","r1_rev","r2","r3","r4","r5","r6"],"din_hits":[0,15018,15007,39,46835,46789,982420,982435],"din_fluxs":[[0.0,0.0,0.0,0.0,0.0,0.0,0.0,0.0],[0.0,-0.001090040989138421,0.10499701507874955,0.24243862996216223,0.0,-0.0019905150573377465,0.0,0.0],[0.0,0.0010912348823893603,-0.09234334262640274,-0.16211736428964738,0.0,0.002259558537338297,0.0,0.0],[0.0,0.0,0.0,-0.47446460612766533,0.003649433210367905,0.0,0.01032721408328983,0.0],[0.0,0.0,0.0,0.011132449982198027,-0.0036378159358473865,0.008947474206827132,-0.003607905873686918,0.0],[0.0,0.0,0.0,0.0,0.003651125103603134,-0.008957718814171336,0.009843835751665909,0.0],[0.0,0.0,0.0,0.0,0.0,0.0,-0.005142166303757367,0.002659854635429156],[0.0,0.0,0.0,0.0,0.0,0.0,0.004873771343550213,-0.0026527848045958665]]}