{"din_name":"flux_level04977.json","din_kind":"RELATIVE","din_start":600.0000070457573,"din_end":660.0000026742224,"din_rules":["Interventions","r1","r1_rev","r2","r3","r4","r5","r6"],"din_hits":[0,114418,114395,6225,1191566,1185328,684339,684339],"din_fluxs":[[0.0,0.0,0.0,0.0,0.0,0.0,0.0,0.0],[0.0,-0.0011003556594378686,0.05136667000293903,0.07292635248027267,0.0,-0.002046857937630946,0.0,0.0],[0.0,0.001101569838360498,-0.04799147053270196,-0.09149689283217874,0.0,0.0031369934913513175,0.0,0.0],[0.0,0.0,0.0,-0.28821057613548373,0.003200264453885136,0.0,0.0036905519228790447,0.0],[0.0,0.0,0.0,0.00577490084139151,-0.00319049643574867,0.010974135107742308,-0.003188896285892509,0.0],[0.0,0.0,0.0,0.0,0.003200719643738428,-0.011013658106159873,0.0035613255057014375,0.0],[0.0,0.0,0.0,0.0,0.0,0.0,-0.002161952410227154,0.004346953894620276],[0.0,0.0,0.0,0.0,0.0,0.0,0.0015389832402356019,-0.004328074970272694]]}