{"din_name":"flux_level07246.json","din_kind":"RELATIVE","din_start":600.0000045127276,"din_end":660.0000325050485,"din_rules":["Interventions","r1","r1_rev","r2","r3","r4","r5","r6"],"din_hits":[0,68342,68330,2933,1589982,1587041,929429,929437],"din_fluxs":[[0.0,0.0,0.0,0.0,0.0,0.0,0.0,0.0],[0.0,-0.0010909335136199529,0.09544204182410897,0.13724184178546367,0.0,-0.0020179311699781927,0.0,0.0],[0.0,0.0010921260817495575,-0.08506724827718336,-0.15675728252953408,0.0,0.003282855607921446,0.0,0.0],[0.0,0.0,0.0,-0.40517879399618395,0.0033276061152203162,0.0,0.003971419674271018,0.0],[0.0,0.0,0.0,0.0050027187439502805,-0.003316150678330996,0.010258100558099264,-0.0033167360132242626,0.0],[0.0,0.0,0.0,0.0,0.0033271931538649204,-0.010225542320840999,0.003765182800322628,0.0],[0.0,0.0,0.0,0.0,0.0,0.0,-0.0023644608192990345,0.0038317867070445538],[0.0,0.0,0.0,0.0,0.0,0.0,0.001626535912155875,-0.0038171174540785704]]}