{"din_name":"flux_level05587.json","din_kind":"RELATIVE","din_start":600.0000101331963,"din_end":660.000001212709,"din_rules":["Interventions","r1","r1_rev","r2","r3","r4","r5","r6"],"din_hits":[0,252939,252891,126851,3985149,3858271,1734486,1734494],"din_fluxs":[[0.0,0.0,0.0,0.0,0.0,0.0,0.0,0.0],[0.0,-0.0011283797451562378,0.022202495388168764,0.02796989866031225,0.0,-0.0021038894886818652,0.0,0.0],[0.0,0.0011296592285847265,-0.021357624305389965,-0.04143135738841988,0.0,0.003484812807497105,0.0,0.0],[0.0,0.0,0.0,-0.18647807932441307,0.0027040884517312244,0.0,0.0031117589500137817,0.0],[0.0,0.0,0.0,0.008347720941899792,-0.002697265507773311,0.016258381399779236,-0.002696675285603008,0.0],[0.0,0.0,0.0,0.0,0.0027045786032360384,-0.016602819849889403,0.0029231125943078484,0.0],[0.0,0.0,0.0,0.0,0.0,0.0,-0.0022023118631246115,0.002680416563972554],[0.0,0.0,0.0,0.0,0.0,0.0,0.0016959627097245047,-0.0026732392673896287]]}