{"din_name":"flux_level02268.json","din_kind":"RELATIVE","din_start":600.000003499119,"din_end":660.0000013448604,"din_rules":["Interventions","r1","r1_rev","r2","r3","r4","r5","r6"],"din_hits":[0,665997,665854,380001,3074726,2694714,1239204,1239220],"din_fluxs":[[0.0,0.0,0.0,0.0,0.0,0.0,0.0,0.0],[0.0,-0.0012299087565530845,0.007856721518657961,0.014334622466517446,0.0,-0.002301725948268954,0.0,0.0],[0.0,0.0012314389838600154,-0.007662943268320014,-0.015079809752215477,0.0,0.0025922772824471187,0.0,0.0],[0.0,0.0,0.0,-0.11279495815759447,0.002614123948620027,0.0,0.002782600006681415,0.0],[0.0,0.0,0.0,0.015890421980675144,-0.002607376748806206,0.017704845690240716,-0.002607893536394845,0.0],[0.0,0.0,0.0,0.0,0.0026142054876082494,-0.019870963515048863,0.0027626471658288086,0.0],[0.0,0.0,0.0,0.0,0.0,0.0,-0.0017986730065384197,0.0037818257025578486],[0.0,0.0,0.0,0.0,0.0,0.0,0.0014324620599474999,-0.00376753956834052]]}