{"din_name":"flux_level01861.json","din_kind":"RELATIVE","din_start":600.0000042999286,"din_end":660.0000012293086,"din_rules":["Interventions","r1","r1_rev","r2","r3","r4","r5","r6"],"din_hits":[0,21672,21642,29541,1347183,1317621,285180,285228],"din_fluxs":[[0.0,0.0,0.0,0.0,0.0,0.0,0.0,0.0],[0.0,-0.0011127250655352352,0.03242822805481504,0.03456988585361209,0.0,-0.0020616540984920474,0.0,0.0],[0.0,0.0011139908281028847,-0.030765879881909833,-0.058087092706766,0.0,0.004075174838541451,0.0,0.0],[0.0,0.0,0.0,-0.24965329495103764,0.0025779625674166393,0.0,0.0027863033841530175,0.0],[0.0,0.0,0.0,0.007856089386800588,-0.0025715922403781784,0.01894065248447834,-0.0025715112163987365,0.0],[0.0,0.0,0.0,0.0,0.002578230796665287,-0.019028226037846867,0.0026484507498306374,0.0],[0.0,0.0,0.0,0.0,0.0,0.0,-0.0016704193343593347,0.004464253175792199],[0.0,0.0,0.0,0.0,0.0,0.0,0.0013319600788649138,-0.004444372610363499]]}