{"din_name":"flux_level01772.json","din_kind":"RELATIVE","din_start":600.0000136606408,"din_end":660.0000062145583,"din_rules":["Interventions","r1","r1_rev","r2","r3","r4","r5","r6"],"din_hits":[0,15424,15409,29155,3956552,3927390,1140698,1140693],"din_fluxs":[[0.0,0.0,0.0,0.0,0.0,0.0,0.0,0.0],[0.0,-0.0010939688077916464,0.07486669609938601,0.06497031446706716,0.0,-0.002026755432519451,0.0,0.0],[0.0,0.001095174575699196,-0.0681443384012997,-0.1274813853193741,0.0,0.005317935098643004,0.0,0.0],[0.0,0.0,0.0,-0.3767250542479162,0.002589787318186515,0.0,0.003215821800269427,0.0],[0.0,0.0,0.0,0.005225460242601354,-0.0025835300598936084,0.018426126720995067,-0.002583126510048434,0.0],[0.0,0.0,0.0,0.0,0.0025902274641988626,-0.0182358353504285,0.00271286465662623,0.0],[0.0,0.0,0.0,0.0,0.0,0.0,-0.00205730396407218,0.002751689384914371],[0.0,0.0,0.0,0.0,0.0,0.0,0.0016294203965565989,-0.002744125039207332]]}