{"din_name":"flux_level08035.json","din_kind":"RELATIVE","din_start":600.0000018170468,"din_end":660.0000088565987,"din_rules":["Interventions","r1","r1_rev","r2","r3","r4","r5","r6"],"din_hits":[0,75182,75164,8882,1701541,1692669,97107,97133],"din_fluxs":[[0.0,0.0,0.0,0.0,0.0,0.0,0.0,0.0],[0.0,-0.001097302980486905,0.06035710373532273,0.0738937881630692,0.0,-0.0020258987504571,0.0,0.0],[0.0,0.0010985107138154631,-0.055861047585248326,-0.10661851927661914,0.0,0.0036538407790304103,0.0,0.0],[0.0,0.0,0.0,-0.31233180926413434,0.00303125148281585,0.0,0.0035213475233318585,0.0],[0.0,0.0,0.0,0.004972614093561408,-0.0030218181580312434,0.0121587846983434,-0.0030223423721960473,0.0],[0.0,0.0,0.0,0.0,0.0030309817650258507,-0.012145200796439217,0.003263685378120652,0.0],[0.0,0.0,0.0,0.0,0.0,0.0,-0.010570301720806715,0.0011726508153246285],[0.0,0.0,0.0,0.0,0.0,0.0,0.007091249703152506,-0.0011712783258647573]]}