{"din_name":"flux_level13312.json","din_kind":"RELATIVE","din_start":600.0000025059701,"din_end":660.0000025802334,"din_rules":["Interventions","r1","r1_rev","r2","r3","r4","r5","r6"],"din_hits":[0,4272,4264,5633,2977645,2972006,1357317,1357308],"din_fluxs":[[0.0,0.0,0.0,0.0,0.0,0.0,0.0,0.0],[0.0,-0.0010886930307866347,0.12122398522726224,0.12760113372699092,0.0,-0.002034509537782587,0.0,0.0],[0.0,0.0010898911721674738,-0.103904363871974,-0.1916339792150199,0.0,0.004074489582915932,0.0,0.0],[0.0,0.0,0.0,-0.37783077842098123,0.003542099811210151,0.0,0.005165438322021723,0.0],[0.0,0.0,0.0,0.0014247177510013597,-0.0035295106659189884,0.009441397099086923,-0.0035303351806960253,0.0],[0.0,0.0,0.0,0.0,0.003542024563613999,-0.0093733794341091,0.0040203096118212375,0.0],[0.0,0.0,0.0,0.0,0.0,0.0,-0.002815617752647498,0.0029920991214752246],[0.0,0.0,0.0,0.0,0.0,0.0,0.0017816168349199671,-0.0029831560544312623]]}