{"din_name":"flux_level10577.json","din_kind":"RELATIVE","din_start":600.0000190760472,"din_end":660.0000310682556,"din_rules":["Interventions","r1","r1_rev","r2","r3","r4","r5","r6"],"din_hits":[0,134367,134356,15641,1999606,1983990,465468,465501],"din_fluxs":[[0.0,0.0,0.0,0.0,0.0,0.0,0.0,0.0],[0.0,-0.001102409891319426,0.046771673684910066,0.05833759832388242,0.0,-0.002034498220754689,0.0,0.0],[0.0,0.001103628070300667,-0.04390126476121705,-0.08376015725834546,0.0,0.003502997733167863,0.0,0.0],[0.0,0.0,0.0,-0.27480570960397427,0.002971909056288087,0.0,0.0031685182597731947,0.0],[0.0,0.0,0.0,0.005750292086603561,-0.002962426360545168,0.012693308845089731,-0.002963624483716014,0.0],[0.0,0.0,0.0,0.0,0.002971227916804966,-0.012728241579108367,0.003085595578462446,0.0],[0.0,0.0,0.0,0.0,0.0,0.0,-0.001755015114552366,0.006927487590690429],[0.0,0.0,0.0,0.0,0.0,0.0,0.0012734289513234877,-0.0068795275572884895]]}