{"din_name":"flux_level10262.json","din_kind":"RELATIVE","din_start":600.0000187020293,"din_end":660.0000082521459,"din_rules":["Interventions","r1","r1_rev","r2","r3","r4","r5","r6"],"din_hits":[0,49204,49187,2683,811975,809287,1526746,1526745],"din_fluxs":[[0.0,0.0,0.0,0.0,0.0,0.0,0.0,0.0],[0.0,-0.0010931004602791395,0.07933334718065869,0.10601260537351917,0.0,-0.0020113523146631108,0.0,0.0],[0.0,0.0010942987186238666,-0.07198566385124239,-0.13057130993842503,0.0,0.00376074901215682,0.0,0.0],[0.0,0.0,0.0,-0.44949846659670883,0.0026990999698736414,0.0,0.0035822374345644502,0.0],[0.0,0.0,0.0,0.008402836110353544,-0.0026909641436098654,0.01596192479987167,-0.00269191704828287,0.0],[0.0,0.0,0.0,0.0,0.0026982248400834554,-0.015864564962489676,0.0033359161109220038,0.0],[0.0,0.0,0.0,0.0,0.0,0.0,-0.0020737013200584366,0.0032180698643246687],[0.0,0.0,0.0,0.0,0.0,0.0,0.0017405265104932916,-0.003207724263040585]]}