{"din_name":"flux_level07049.json","din_kind":"RELATIVE","din_start":600.0000187368832,"din_end":660.000007291429,"din_rules":["Interventions","r1","r1_rev","r2","r3","r4","r5","r6"],"din_hits":[0,633589,633435,113596,699547,585929,2094937,2094987],"din_fluxs":[[0.0,0.0,0.0,0.0,0.0,0.0,0.0,0.0],[0.0,-0.001276100775621383,0.006245214039486636,0.012564189569764442,0.0,-0.0023902993527084924,0.0,0.0],[0.0,0.0012777586891461374,-0.006098572678906241,-0.012094397012792068,0.0,0.002431616928874758,0.0,0.0],[0.0,0.0,0.0,-0.09050752592673152,0.002697091849783177,0.0,0.003955549870773352,0.0],[0.0,0.0,0.0,0.016058551789711318,-0.002689789650757975,0.01577506001984595,-0.0026866772772027193,0.0],[0.0,0.0,0.0,0.0,0.002697036833223846,-0.018515087140497998,0.003953305313711596,0.0],[0.0,0.0,0.0,0.0,0.0,0.0,-0.0026857158586500976,0.0022801508317955997],[0.0,0.0,0.0,0.0,0.0,0.0,0.002274220482012243,-0.002274955809814553]]}