{"din_name":"flux_level01939.json","din_kind":"RELATIVE","din_start":600.0000020364876,"din_end":660.0000004169019,"din_rules":["Interventions","r1","r1_rev","r2","r3","r4","r5","r6"],"din_hits":[0,34467,34452,7143,2822575,2815427,1134477,1134488],"din_fluxs":[[0.0,0.0,0.0,0.0,0.0,0.0,0.0,0.0],[0.0,-0.0010911858331091207,0.09522627486500868,0.1101734603167963,0.0,-0.002020948253014978,0.0,0.0],[0.0,0.0010923800511541664,-0.08369946176685489,-0.15745913322119143,0.0,0.003794064970057311,0.0,0.0],[0.0,0.0,0.0,-0.34811770461829733,0.0034478607139321956,0.0,0.004444348456019322,0.0],[0.0,0.0,0.0,0.0025588838789209205,-0.0034344104181735567,0.009801207123642058,-0.003434178726697216,0.0],[0.0,0.0,0.0,0.0,0.0034462531455981475,-0.009751569726531654,0.0038499611078680867,0.0],[0.0,0.0,0.0,0.0,0.0,0.0,-0.0027335710304772598,0.0029452551615251634],[0.0,0.0,0.0,0.0,0.0,0.0,0.0017430197635816547,-0.002936589159778205]]}