{"din_name":"flux_level01601.json","din_kind":"RELATIVE","din_start":600.0000243167242,"din_end":660.000071308689,"din_rules":["Interventions","r1","r1_rev","r2","r3","r4","r5","r6"],"din_hits":[0,27536,27527,270,228180,227912,653426,653460],"din_fluxs":[[0.0,0.0,0.0,0.0,0.0,0.0,0.0,0.0],[0.0,-0.0010897783317704087,0.10683948488666015,0.20318197455758222,0.0,-0.0019747118037624924,0.0,0.0],[0.0,0.0010909694634874969,-0.09398298593378129,-0.1590824533366974,0.0,0.0028750540080478303,0.0,0.0],[0.0,0.0,0.0,-0.5550304789640391,0.0028510990111571756,0.0,0.003355238597202686,0.0],[0.0,0.0,0.0,0.012974332679942031,-0.0028451510031692307,0.013653993086811604,-0.0028464889967645068,0.0],[0.0,0.0,0.0,0.0,0.0028532759549158436,-0.013590202947639636,0.003336279524929317,0.0],[0.0,0.0,0.0,0.0,0.0,0.0,-0.0017440304645047352,0.007024939971920323],[0.0,0.0,0.0,0.0,0.0,0.0,0.0015794686276418821,-0.006975626001917936]]}