{"din_name":"flux_level09729.json","din_kind":"RELATIVE","din_start":600.0000142771228,"din_end":660.0000052195087,"din_rules":["Interventions","r1","r1_rev","r2","r3","r4","r5","r6"],"din_hits":[0,26144,26134,11971,2210905,2198944,418622,418629],"din_fluxs":[[0.0,0.0,0.0,0.0,0.0,0.0,0.0,0.0],[0.0,-0.0010943859318892871,0.07247443486565155,0.07403107691554477,0.0,-0.0020435645353841193,0.0,0.0],[0.0,0.001095589096534639,-0.06619309520410351,-0.12553209846908883,0.0,0.004404132634227054,0.0,0.0],[0.0,0.0,0.0,-0.33089010931815493,0.002907135725342807,0.0,0.00311422774585069,0.0],[0.0,0.0,0.0,0.0037657097730249556,-0.0028995219152671468,0.013316165177063811,-0.0028991436710543504,0.0],[0.0,0.0,0.0,0.0,0.002907962236271215,-0.013238717709899593,0.0029876329517988967,0.0],[0.0,0.0,0.0,0.0,0.0,0.0,-0.0016302025658646803,0.00982709179072719],[0.0,0.0,0.0,0.0,0.0,0.0,0.0012098284263736194,-0.009730645025114623]]}