{"din_name":"flux_level12447.json","din_kind":"RELATIVE","din_start":600.0000014790581,"din_end":660.0000114696351,"din_rules":["Interventions","r1","r1_rev","r2","r3","r4","r5","r6"],"din_hits":[0,107602,107568,942,306272,305337,672477,672436],"din_fluxs":[[0.0,0.0,0.0,0.0,0.0,0.0,0.0,0.0],[0.0,-0.0010975377440784976,0.05949929154046433,0.12238995569588736,0.0,-0.0020313553183166086,0.0,0.0],[0.0,0.0010987441717039562,-0.055124303157066755,-0.09712804905557676,0.0,0.002745247670324432,0.0,0.0],[0.0,0.0,0.0,-0.501796858354121,0.002590146992714904,0.0,0.0033389281778614774,0.0],[0.0,0.0,0.0,0.017862753389195185,-0.0025802108799848297,0.01810275172262942,-0.0025820744502028977,0.0],[0.0,0.0,0.0,0.0,0.002586877515294455,-0.018072099138206597,0.0033003754579604273,0.0],[0.0,0.0,0.0,0.0,0.0,0.0,-0.002177473744863155,0.0027029886742805814],[0.0,0.0,0.0,0.0,0.0,0.0,0.001859575179608617,-0.0026956953936042535]]}