{"din_name":"flux_level02031.json","din_kind":"RELATIVE","din_start":600.0000013582491,"din_end":660.0000323363761,"din_rules":["Interventions","r1","r1_rev","r2","r3","r4","r5","r6"],"din_hits":[0,84867,84857,4016,1518151,1514130,693694,693723],"din_fluxs":[[0.0,0.0,0.0,0.0,0.0,0.0,0.0,0.0],[0.0,-0.0010947217887945333,0.07097942673057289,0.1044101704254653,0.0,-0.00202697878878607,0.0,0.0],[0.0,0.0010959228539350139,-0.06495213392651364,-0.12244232556330285,0.0,0.002956355773654737,0.0,0.0],[0.0,0.0,0.0,-0.3043127227008918,0.003930536642485045,0.0,0.004636007562016829,0.0],[0.0,0.0,0.0,0.0038236398616464896,-0.0039147795314380725,0.008331328227943994,-0.003914251826471204,0.0],[0.0,0.0,0.0,0.0,0.003930183872933965,-0.008335124259531189,0.0044612634249515965,0.0],[0.0,0.0,0.0,0.0,0.0,0.0,-0.0028522719228322962,0.003738055474318259],[0.0,0.0,0.0,0.0,0.0,0.0,0.0017062065647850337,-0.0037240922262650935]]}