{"din_name":"flux_level03912.json","din_kind":"RELATIVE","din_start":600.0000064864615,"din_end":660.0000013495429,"din_rules":["Interventions","r1","r1_rev","r2","r3","r4","r5","r6"],"din_hits":[0,2384235,2383594,3306310,4449872,1143581,691943,691937],"din_fluxs":[[0.0,0.0,0.0,0.0,0.0,0.0,0.0,0.0],[0.0,-0.0028469501122368886,0.0015979844967641526,0.007382833386404796,0.0,-0.005499435702794765,0.0,0.0],[0.0,0.002855408216988735,-0.0015668815457133784,-0.0031175841094855943,0.0,0.0024111817111328,0.0,0.0],[0.0,0.0,0.0,-0.043161096108883065,0.002538486315601085,0.0,0.0027367432054978885,0.0],[0.0,0.0,0.0,0.031188865708757237,-0.0025319688054240377,0.010451115268950185,-0.002531001332487856,0.0],[0.0,0.0,0.0,0.0,0.0025381424417375807,-0.03300374271981015,0.003059257189643023,0.0],[0.0,0.0,0.0,0.0,0.0,0.0,-0.008171756614150896,0.001191310668878051],[0.0,0.0,0.0,0.0,0.0,0.0,0.006541822766443707,-0.0011898928721071577]]}