{"din_name":"flux_level04503.json","din_kind":"RELATIVE","din_start":600.0000444528288,"din_end":660.0000354392588,"din_rules":["Interventions","r1","r1_rev","r2","r3","r4","r5","r6"],"din_hits":[0,88271,88240,4673,525029,520363,1474584,1474586],"din_fluxs":[[0.0,0.0,0.0,0.0,0.0,0.0,0.0,0.0],[0.0,-0.0011067596555610095,0.03936727175815133,0.05595268020518289,0.0,-0.0020337472511181036,0.0,0.0],[0.0,0.0011079903121365637,-0.03721610292291268,-0.07005135124346004,0.0,0.0031234932803035544,0.0,0.0],[0.0,0.0,0.0,-0.29047960529998146,0.0028108951988230933,0.0,0.005358638078305089,0.0],[0.0,0.0,0.0,0.008526602892277906,-0.002803628901140188,0.014346922134636399,-0.002803526455254199,0.0],[0.0,0.0,0.0,0.0,0.002811520526073824,-0.014447301856876892,0.004877162197343059,0.0],[0.0,0.0,0.0,0.0,0.0,0.0,-0.003858958618765977,0.001788772401472698],[0.0,0.0,0.0,0.0,0.0,0.0,0.0031408453159042734,-0.0017855758948255556]]}