{"din_name":"flux_level02920.json","din_kind":"RELATIVE","din_start":600.0000277587241,"din_end":660.0000008172907,"din_rules":["Interventions","r1","r1_rev","r2","r3","r4","r5","r6"],"din_hits":[0,64304,64236,11212,270548,259328,1759367,1759357],"din_fluxs":[[0.0,0.0,0.0,0.0,0.0,0.0,0.0,0.0],[0.0,-0.0011435385975970226,0.017183637484059676,0.024830597292134878,0.0,-0.0021469448107183367,0.0,0.0],[0.0,0.0011448788824014052,-0.016567334379450006,-0.03215563734704175,0.0,0.003118392940918207,0.0,0.0],[0.0,0.0,0.0,-0.18669616881533257,0.00259412984487763,0.0,0.003943394577009267,0.0],[0.0,0.0,0.0,0.011913733182505493,-0.0025868855493312885,0.018442100695318514,-0.00258823639927865,0.0],[0.0,0.0,0.0,0.0,0.0025935748838440773,-0.019106552512553054,0.003796199072848569,0.0],[0.0,0.0,0.0,0.0,0.0,0.0,-0.0021766629108806897,0.002926760560417641],[0.0,0.0,0.0,0.0,0.0,0.0,0.0019964188014928805,-0.0029182022125465467]]}