{"din_name":"flux_level05732.json","din_kind":"RELATIVE","din_start":600.0000037954155,"din_end":660.0000050052906,"din_rules":["Interventions","r1","r1_rev","r2","r3","r4","r5","r6"],"din_hits":[0,90821,90796,5144,1419346,1414211,1166680,1166664],"din_fluxs":[[0.0,0.0,0.0,0.0,0.0,0.0,0.0,0.0],[0.0,-0.0010985550859883297,0.057226166394285384,0.08463189330536956,0.0,-0.002031057169708991,0.0,0.0],[0.0,0.0010997652682409873,-0.0523825125968306,-0.10074898438894028,0.0,0.002827421099929612,0.0,0.0],[0.0,0.0,0.0,-0.24088859392754933,0.004456134035352208,0.0,0.005662151021624462,0.0],[0.0,0.0,0.0,0.003255066036674212,-0.004436021111414103,0.007435951097250702,-0.004434985698530927,0.0],[0.0,0.0,0.0,0.0,0.0044558192165976,-0.00745775984249502,0.005413488591860795,0.0],[0.0,0.0,0.0,0.0,0.0,0.0,-0.003134061710543788,0.004815207305592683],[0.0,0.0,0.0,0.0,0.0,0.0,0.0019844156275629497,-0.00479204854662048]]}