{"din_name":"flux_level09855.json","din_kind":"RELATIVE","din_start":600.0000001670186,"din_end":660.000011891458,"din_rules":["Interventions","r1","r1_rev","r2","r3","r4","r5","r6"],"din_hits":[0,228951,228833,251116,2123300,1872181,873870,873902],"din_fluxs":[[0.0,0.0,0.0,0.0,0.0,0.0,0.0,0.0],[0.0,-0.0012236365338937837,0.008165383839237093,0.01451371475691809,0.0,-0.0022860205386925044,0.0,0.0],[0.0,0.0012251775864229367,-0.00794948378256889,-0.01570967021341634,0.0,0.0026255672958577793,0.0,0.0],[0.0,0.0,0.0,-0.09908719349086575,0.0027582419001663736,0.0,0.0030229070122835366,0.0],[0.0,0.0,0.0,0.013142694687908824,-0.002750801930284139,0.015141328496530658,-0.0027500611475714024,0.0],[0.0,0.0,0.0,0.0,0.0027584134311069933,-0.01692286470637303,0.002973041259540976,0.0],[0.0,0.0,0.0,0.0,0.0,0.0,-0.0021707151230919795,0.002843879118293001],[0.0,0.0,0.0,0.0,0.0,0.0,0.0016438641663734876,-0.0028357969751887585]]}