{"din_name":"flux_level10359.json","din_kind":"RELATIVE","din_start":600.0000062237319,"din_end":660.0000064776759,"din_rules":["Interventions","r1","r1_rev","r2","r3","r4","r5","r6"],"din_hits":[0,112313,112287,34730,2858623,2823887,1446766,1446756],"din_fluxs":[[0.0,0.0,0.0,0.0,0.0,0.0,0.0,0.0],[0.0,-0.0011036371940697641,0.04438867411360953,0.04745233382492831,0.0,-0.002039521097832742,0.0,0.0],[0.0,0.0011048593306572506,-0.04176332809239329,-0.0797957421594139,0.0,0.004203268206574836,0.0,0.0],[0.0,0.0,0.0,-0.30480478589817966,0.002610763928470149,0.0,0.0031857609980548694,0.0],[0.0,0.0,0.0,0.007277125772068416,-0.002603875982091578,0.017975425780015812,-0.002604601647026248,0.0],[0.0,0.0,0.0,0.0,0.0026106752041558557,-0.017953591237908,0.002870558758454095,0.0],[0.0,0.0,0.0,0.0,0.0,0.0,-0.002445448803151207,0.002204093736576485],[0.0,0.0,0.0,0.0,0.0,0.0,0.001938506609667987,-0.0021992405274633706]]}