{"din_name":"flux_level06050.json","din_kind":"RELATIVE","din_start":600.0000070435595,"din_end":660.0000060596856,"din_rules":["Interventions","r1","r1_rev","r2","r3","r4","r5","r6"],"din_hits":[0,82512,82476,39451,2603805,2564356,1022800,1022779],"din_fluxs":[[0.0,0.0,0.0,0.0,0.0,0.0,0.0,0.0],[0.0,-0.001116241936496475,0.029342893044822994,0.03988573488025056,0.0,-0.0020770483258855683,0.0,0.0],[0.0,0.001117497772166318,-0.028004979823001815,-0.055123527755423105,0.0,0.003114186351118037,0.0,0.0],[0.0,0.0,0.0,-0.14175925140541049,0.004015809958433486,0.0,0.004785394300799478,0.0],[0.0,0.0,0.0,0.003120880808380217,-0.003999769787804601,0.008323308411077481,-0.0040013756678530365,0.0],[0.0,0.0,0.0,0.0,0.0040158549596032225,-0.008413172934603625,0.0044489883906712584,0.0],[0.0,0.0,0.0,0.0,0.0,0.0,-0.002706521947865755,0.004569737531800744],[0.0,0.0,0.0,0.0,0.0,0.0,0.0016120333340583015,-0.004548878091381166]]}