{"din_name":"flux_level01395.json","din_kind":"RELATIVE","din_start":600.0000058490208,"din_end":660.0000026413658,"din_rules":["Interventions","r1","r1_rev","r2","r3","r4","r5","r6"],"din_hits":[0,211359,211286,134974,2943372,2808402,1643454,1643498],"din_fluxs":[[0.0,0.0,0.0,0.0,0.0,0.0,0.0,0.0],[0.0,-0.0011430533085192197,0.017280711106715745,0.023107882373907686,0.0,-0.002115211665743688,0.0,0.0],[0.0,0.0011443704501049945,-0.016697028514286727,-0.03251251777532398,0.0,0.0032934924186236135,0.0,0.0],[0.0,0.0,0.0,-0.1683675098988183,0.002650156990532426,0.0,0.0032925514826518997,0.0],[0.0,0.0,0.0,0.010074859640215051,-0.0026434658104822475,0.01730129813800036,-0.0026424166169514525,0.0],[0.0,0.0,0.0,0.0,0.00265049012750403,-0.017895225105776236,0.003009523597063145,0.0],[0.0,0.0,0.0,0.0,0.0,0.0,-0.0029671266546954225,0.001858509025164096],[0.0,0.0,0.0,0.0,0.0,0.0,0.0023166052725918295,-0.0018550569255648536]]}