{"din_name":"flux_level05086.json","din_kind":"RELATIVE","din_start":600.0000038284979,"din_end":660.0000084851679,"din_rules":["Interventions","r1","r1_rev","r2","r3","r4","r5","r6"],"din_hits":[0,118277,118256,27118,2310322,2283172,212348,212332],"din_fluxs":[[0.0,0.0,0.0,0.0,0.0,0.0,0.0,0.0],[0.0,-0.00110570855140692,0.0409786044799441,0.047360366849195014,0.0,-0.002052245038948382,0.0,0.0],[0.0,0.0011069354650893345,-0.03868705545655206,-0.07414867391886774,0.0,0.003806019461769281,0.0,0.0],[0.0,0.0,0.0,-0.2610799170666322,0.0027931309093946837,0.0,0.004497020325767152,0.0],[0.0,0.0,0.0,0.0061555268139679795,-0.00278544313242743,0.014735297048308619,-0.002780211787846876,0.0],[0.0,0.0,0.0,0.0,0.0027932282436346385,-0.014778986507295663,0.0035156808520979926,0.0],[0.0,0.0,0.0,0.0,0.0,0.0,-0.025359774979379635,0.0010634671807225066],[0.0,0.0,0.0,0.0,0.0,0.0,0.018775233087780323,-0.0010623377027762003]]}