{"din_name":"flux_level06521.json","din_kind":"RELATIVE","din_start":600.0000096556067,"din_end":660.0000088092374,"din_rules":["Interventions","r1","r1_rev","r2","r3","r4","r5","r6"],"din_hits":[0,1225104,1224868,509711,2142426,1632724,696210,696195],"din_fluxs":[[0.0,0.0,0.0,0.0,0.0,0.0,0.0,0.0],[0.0,-0.0013481500004255144,0.004838581505159081,0.01031654582554843,0.0,-0.002535668170157341,0.0,0.0],[0.0,0.0013499952125565248,-0.004733253391471741,-0.009444291675057566,0.0,0.002372491466793447,0.0,0.0],[0.0,0.0,0.0,-0.03492719604753203,0.004614751573711042,0.0,0.005037949014062821,0.0],[0.0,0.0,0.0,0.008179897904818351,-0.004593155993020935,0.006878548748087239,-0.004595292940157411,0.0],[0.0,0.0,0.0,0.0,0.004614274256042498,-0.008818774807126986,0.005073067321367416,0.0],[0.0,0.0,0.0,0.0,0.0,0.0,-0.002954236427548051,0.00559087675641813],[0.0,0.0,0.0,0.0,0.0,0.0,0.0015967323227419814,-0.0055596597475990606]]}