{"din_name":"flux_level01902.json","din_kind":"RELATIVE","din_start":600.0000262093469,"din_end":660.0000660505474,"din_rules":["Interventions","r1","r1_rev","r2","r3","r4","r5","r6"],"din_hits":[0,38874,38851,600,174118,173525,417589,417591],"din_fluxs":[[0.0,0.0,0.0,0.0,0.0,0.0,0.0,0.0],[0.0,-0.0010975184851728297,0.06070931369615714,0.10539125477151988,0.0,-0.0020326816776597783,0.0,0.0],[0.0,0.0010987287009584087,-0.055329165593153824,-0.09855214104215987,0.0,0.0029187347898182395,0.0,0.0],[0.0,0.0,0.0,-0.4494857457771245,0.002683148637953542,0.0,0.008939420378697304,0.0],[0.0,0.0,0.0,0.012819144594952545,-0.0026718658924164886,0.016224043968692696,-0.0026677105285450673,0.0],[0.0,0.0,0.0,0.0,0.002679010838063674,-0.01620869646237851,0.007742291522260724,0.0],[0.0,0.0,0.0,0.0,0.0,0.0,-0.010587208155870345,0.001229607564274324],[0.0,0.0,0.0,0.0,0.0,0.0,0.008603662682003754,-0.0012280971448765065]]}