{"din_name":"flux_level11274.json","din_kind":"RELATIVE","din_start":600.0000042793504,"din_end":660.0000001029526,"din_rules":["Interventions","r1","r1_rev","r2","r3","r4","r5","r6"],"din_hits":[0,67942,67933,2418,1811556,1809144,515433,515424],"din_fluxs":[[0.0,0.0,0.0,0.0,0.0,0.0,0.0,0.0],[0.0,-0.0010912866554345303,0.09257942329920046,0.15016064535092175,0.0,-0.002031181877254832,0.0,0.0],[0.0,0.0010924799707377885,-0.08276176634692853,-0.1560130186063691,0.0,0.0026691442634800317,0.0,0.0],[0.0,0.0,0.0,-0.3214142181667603,0.005714463947413143,0.0,0.006419636075701084,0.0],[0.0,0.0,0.0,0.0024120716251076813,-0.005676600719315129,0.006268059545326149,-0.005676975297248145,0.0],[0.0,0.0,0.0,0.0,0.005709090827075794,-0.006260756539823924,0.0062320385648645706,0.0],[0.0,0.0,0.0,0.0,0.0,0.0,-0.0034746570130273447,0.007470935300495476],[0.0,0.0,0.0,0.0,0.0,0.0,0.0016678122003988415,-0.007415168539235491]]}