{"din_name":"flux_level04570.json","din_kind":"RELATIVE","din_start":600.0000016602671,"din_end":660.0000001708177,"din_rules":["Interventions","r1","r1_rev","r2","r3","r4","r5","r6"],"din_hits":[0,16373,16359,11685,1802264,1790564,996829,996815],"din_fluxs":[[0.0,0.0,0.0,0.0,0.0,0.0,0.0,0.0],[0.0,-0.0010950941627359343,0.06917212138926618,0.06770545041584315,0.0,-0.00209054124678314,0.0,0.0],[0.0,0.0010963028761631875,-0.06334864773188835,-0.12148064282311531,0.0,0.00473012484872563,0.0,0.0],[0.0,0.0,0.0,-0.3291132186389393,0.002796245649349098,0.0,0.0034410236039566842,0.0],[0.0,0.0,0.0,0.004038806904385282,-0.0027878482172481113,0.014669925582059653,-0.0027898321311314836,0.0],[0.0,0.0,0.0,0.0,0.002795641953300447,-0.014573708606462187,0.0030471312327154886,0.0],[0.0,0.0,0.0,0.0,0.0,0.0,-0.0019500377602397231,0.0037709146001377353],[0.0,0.0,0.0,0.0,0.0,0.0,0.0015016238361978494,-0.003756709398330513]]}