{"din_name":"flux_level02431.json","din_kind":"RELATIVE","din_start":600.0000162038393,"din_end":660.0000026939204,"din_rules":["Interventions","r1","r1_rev","r2","r3","r4","r5","r6"],"din_hits":[0,74904,74887,15429,2041203,2025769,382077,382076],"din_fluxs":[[0.0,0.0,0.0,0.0,0.0,0.0,0.0,0.0],[0.0,-0.0010979065202405887,0.05856802675285741,0.06323036794551898,0.0,-0.002030283513550479,0.0,0.0],[0.0,0.0010991157163311681,-0.054293601324552444,-0.10198920042314748,0.0,0.0042762012445329125,0.0,0.0],[0.0,0.0,0.0,-0.3527112320032369,0.002646357899320615,0.0,0.0027426976622720862,0.0],[0.0,0.0,0.0,0.006687134879372445,-0.002639312869119591,0.01710450069929808,-0.00263931798917658,0.0],[0.0,0.0,0.0,0.0,0.0026462993957786785,-0.017022314849797677,0.002698711439141201,0.0],[0.0,0.0,0.0,0.0,0.0,0.0,-0.001430885675730391,0.013852114973643758],[0.0,0.0,0.0,0.0,0.0,0.0,0.001153128732265434,-0.013660392183798026]]}