{"din_name":"flux_level04974.json","din_kind":"RELATIVE","din_start":600.0000221819816,"din_end":660.0000059979326,"din_rules":["Interventions","r1","r1_rev","r2","r3","r4","r5","r6"],"din_hits":[0,113815,113798,12433,1500772,1488330,883301,883274],"din_fluxs":[[0.0,0.0,0.0,0.0,0.0,0.0,0.0,0.0],[0.0,-0.0011002841490567392,0.05173658197583004,0.06134545515291099,0.0,-0.002011273509658806,0.0,0.0],[0.0,0.0011014981002182734,-0.04830936990804859,-0.0901424246049527,0.0,0.003997078673784153,0.0,0.0],[0.0,0.0,0.0,-0.37950319855207687,0.0025392406536768673,0.0,0.0028202007301781845,0.0],[0.0,0.0,0.0,0.009641873366653786,-0.0025323413943540243,0.019701157577795923,-0.002532240712557203,0.0],[0.0,0.0,0.0,0.0,0.0025387685844936187,-0.019623548918991054,0.002710084262386195,0.0],[0.0,0.0,0.0,0.0,0.0,0.0,-0.0016752800663087507,0.004305443692310002],[0.0,0.0,0.0,0.0,0.0,0.0,0.0013874615101256214,-0.004286924393327062]]}