{"din_name":"flux_level12737.json","din_kind":"RELATIVE","din_start":600.0000010018369,"din_end":660.0000001987553,"din_rules":["Interventions","r1","r1_rev","r2","r3","r4","r5","r6"],"din_hits":[0,1759,1754,7039,1599746,1592720,1605416,1605432],"din_fluxs":[[0.0,0.0,0.0,0.0,0.0,0.0,0.0,0.0],[0.0,-0.0010895662156131761,0.10976516168846442,0.09291872925854457,0.0,-0.0020615520780547796,0.0,0.0],[0.0,0.0010907791201958685,-0.09545579414505735,-0.178296625292644,0.0,0.005974188595424859,0.0,0.0],[0.0,0.0,0.0,-0.4391454573914476,0.002610249363413056,0.0,0.004346686480807039,0.0],[0.0,0.0,0.0,0.004162708748134469,-0.0026040416441417713,0.017851882194894614,-0.002604794792156749,0.0],[0.0,0.0,0.0,0.0,0.0026108452177013093,-0.017617875105294705,0.003118109822130861,0.0],[0.0,0.0,0.0,0.0,0.0,0.0,-0.002606278824705939,0.0021031580765587285],[0.0,0.0,0.0,0.0,0.0,0.0,0.0021071456302252465,-0.002098738711259781]]}