{"din_name":"flux_level10336.json","din_kind":"RELATIVE","din_start":600.000019670027,"din_end":660.0000228815184,"din_rules":["Interventions","r1","r1_rev","r2","r3","r4","r5","r6"],"din_hits":[0,760,747,3508,1319129,1315609,173220,173224],"din_fluxs":[[0.0,0.0,0.0,0.0,0.0,0.0,0.0,0.0],[0.0,-0.0010889860533838216,0.12169180351613981,0.11892089906154903,0.0,-0.002135989531798429,0.0,0.0],[0.0,0.0010902413989625408,-0.10319892885760132,-0.1942980403876388,0.0,0.004892272046051299,0.0,0.0],[0.0,0.0,0.0,-0.38966525120436457,0.003083084086613565,0.0,0.016967733746411733,0.0],[0.0,0.0,0.0,0.002002118024691182,-0.003071850671196201,0.01177023106794585,-0.003057821542312503,0.0],[0.0,0.0,0.0,0.0,0.0030813174974490855,-0.011665187284706714,0.004619809380473015,0.0],[0.0,0.0,0.0,0.0,0.0,0.0,-0.03180169071482838,0.001061996533000553],[0.0,0.0,0.0,0.0,0.0,0.0,0.0215924286499071,-0.0010608696759797935]]}