{"din_name":"flux_level10158.json","din_kind":"RELATIVE","din_start":600.0000013952917,"din_end":660.000001211725,"din_rules":["Interventions","r1","r1_rev","r2","r3","r4","r5","r6"],"din_hits":[0,49543,49532,18930,3603736,3584791,869596,869585],"din_fluxs":[[0.0,0.0,0.0,0.0,0.0,0.0,0.0,0.0],[0.0,-0.0010918952116582468,0.0876328307545297,0.08470219128751699,0.0,-0.002052998691603885,0.0,0.0],[0.0,0.00109309050760171,-0.07878189057384047,-0.14433749068125926,0.0,0.00516527345716438,0.0,0.0],[0.0,0.0,0.0,-0.4351927777628696,0.0025666380637727835,0.0,0.002781870731754186,0.0],[0.0,0.0,0.0,0.0061461343440498755,-0.0025607580157821085,0.018907938817393156,-0.002560737159347618,0.0],[0.0,0.0,0.0,0.0,0.0025673380162293453,-0.018693483704205344,0.0026388968134465132,0.0],[0.0,0.0,0.0,0.0,0.0,0.0,-0.001535766464392642,0.0062546352105903895],[0.0,0.0,0.0,0.0,0.0,0.0,0.0012414622182037184,-0.0062155642172824835]]}