{"din_name":"flux_level08647.json","din_kind":"RELATIVE","din_start":600.0000190821258,"din_end":660.0000024201912,"din_rules":["Interventions","r1","r1_rev","r2","r3","r4","r5","r6"],"din_hits":[0,2155451,2154946,2460705,4336729,1876051,943454,943450],"din_fluxs":[[0.0,0.0,0.0,0.0,0.0,0.0,0.0,0.0],[0.0,-0.0020146308093962235,0.0021136816533172753,0.007684614459810094,0.0,-0.00385227388725859,0.0,0.0],[0.0,0.0020188289243271733,-0.002072248099310374,-0.004122762199718611,0.0,0.0021387746813811338,0.0,0.0],[0.0,0.0,0.0,-0.045738231431348725,0.0026841306874733325,0.0,0.002738633768673736,0.0],[0.0,0.0,0.0,0.02538624180766173,-0.002676770576468979,0.01133975994800246,-0.0026763218863594435,0.0],[0.0,0.0,0.0,0.0,0.0026837301465880282,-0.023653324519434086,0.0027967505048725133,0.0],[0.0,0.0,0.0,0.0,0.0,0.0,-0.0016399246811547646,0.005690657254463176],[0.0,0.0,0.0,0.0,0.0,0.0,0.0012778965530333523,-0.005658304744754919]]}