{"din_name":"flux_level09614.json","din_kind":"RELATIVE","din_start":600.0000028972636,"din_end":660.0000016166368,"din_rules":["Interventions","r1","r1_rev","r2","r3","r4","r5","r6"],"din_hits":[0,51823,51811,10843,3433606,3422772,982952,982956],"din_fluxs":[[0.0,0.0,0.0,0.0,0.0,0.0,0.0,0.0],[0.0,-0.0010910690611067655,0.09594694081076337,0.10206134661303494,0.0,-0.00202542467918553,0.0,0.0],[0.0,0.0010922623147060415,-0.08433705230412612,-0.1561315005782825,0.0,0.004248169462626801,0.0,0.0],[0.0,0.0,0.0,-0.3896556801231018,0.0029708329014271144,0.0,0.0040795819216239565,0.0],[0.0,0.0,0.0,0.003814287695375729,-0.0029634836009532666,0.012625651731796772,-0.0029599278984921563,0.0],[0.0,0.0,0.0,0.0,0.0029723017165325595,-0.012539704412701004,0.0033400915153699324,0.0],[0.0,0.0,0.0,0.0,0.0,0.0,-0.004118380001544746,0.0016015980971210572],[0.0,0.0,0.0,0.0,0.0,0.0,0.0028597093053992725,-0.001599035684118641]]}