{"din_name":"flux_level04806.json","din_kind":"RELATIVE","din_start":600.0000075519692,"din_end":660.0000005268839,"din_rules":["Interventions","r1","r1_rev","r2","r3","r4","r5","r6"],"din_hits":[0,1480920,1480608,352300,914692,562381,1362160,1362175],"din_fluxs":[[0.0,0.0,0.0,0.0,0.0,0.0,0.0,0.0],[0.0,-0.0015058933251992958,0.003423315939820938,0.008177186602454372,0.0,-0.0028506226731925726,0.0,0.0],[0.0,0.0015082135222735387,-0.003352563609306947,-0.0066810465767695995,0.0,0.002385312333120211,0.0,0.0],[0.0,0.0,0.0,-0.03591492188977883,0.003453739086141945,0.0,0.004343475643195361,0.0],[0.0,0.0,0.0,0.01206256942604756,-0.0034421052072460766,0.008783327314030842,-0.003443752850201313,0.0],[0.0,0.0,0.0,0.0,0.0034541724163621866,-0.012851351705526825,0.0044106078622081265,0.0],[0.0,0.0,0.0,0.0,0.0,0.0,-0.0025597118657860306,0.003997988930003122],[0.0,0.0,0.0,0.0,0.0,0.0,0.001945590476202064,-0.003982018961602657]]}