{"din_name":"flux_level09464.json","din_kind":"RELATIVE","din_start":600.0000217371635,"din_end":660.0000387667128,"din_rules":["Interventions","r1","r1_rev","r2","r3","r4","r5","r6"],"din_hits":[0,69863,69852,6601,2166482,2159887,1253712,1253691],"din_fluxs":[[0.0,0.0,0.0,0.0,0.0,0.0,0.0,0.0],[0.0,-0.0010915674767698277,0.09195481031032371,0.10869449367692376,0.0,-0.002027673365972231,0.0,0.0],[0.0,0.0010927614971535107,-0.08116409201565554,-0.14838071293725794,0.0,0.0040875777121806385,0.0,0.0],[0.0,0.0,0.0,-0.43072431988051557,0.002793097301531221,0.0,0.0032428373810198248,0.0],[0.0,0.0,0.0,0.006024373296026498,-0.002784569060610265,0.014556424117303873,-0.0027846606977420677,0.0],[0.0,0.0,0.0,0.0,0.0027923457651345515,-0.014454955788316216,0.0030420275142878555,0.0],[0.0,0.0,0.0,0.0,0.0,0.0,-0.001889144761188969,0.004112181853952284],[0.0,0.0,0.0,0.0,0.0,0.0,0.0014634010924874212,-0.004095293559011866]]}