{"din_name":"flux_level01258.json","din_kind":"RELATIVE","din_start":600.0000009585697,"din_end":660.000005727569,"din_rules":["Interventions","r1","r1_rev","r2","r3","r4","r5","r6"],"din_hits":[0,73349,73241,76950,911549,834592,1101592,1101581],"din_fluxs":[[0.0,0.0,0.0,0.0,0.0,0.0,0.0,0.0],[0.0,-0.001186271291290083,0.010703675747073017,0.016993872035109533,0.0,-0.0021956073889962875,0.0,0.0],[0.0,0.0011877531641912415,-0.01036526296361659,-0.020450352442350838,0.0,0.002833704592633484,0.0,0.0],[0.0,0.0,0.0,-0.11334411321164294,0.002781505369613785,0.0,0.004079280662218942,0.0],[0.0,0.0,0.0,0.011101855429248752,-0.0027739048279455682,0.01498751024872997,-0.0027733704123207286,0.0],[0.0,0.0,0.0,0.0,0.0027816355517542124,-0.016160095951580168,0.0037626750947388774,0.0],[0.0,0.0,0.0,0.0,0.0,0.0,-0.003588387772722755,0.0017447685876892723],[0.0,0.0,0.0,0.0,0.0,0.0,0.0027734862761539733,-0.0017417278207618248]]}