{"din_name":"flux_level11489.json","din_kind":"RELATIVE","din_start":600.0000121656467,"din_end":660.0000130284907,"din_rules":["Interventions","r1","r1_rev","r2","r3","r4","r5","r6"],"din_hits":[0,13641,13616,72035,4450024,4377985,351007,351014],"din_fluxs":[[0.0,0.0,0.0,0.0,0.0,0.0,0.0,0.0],[0.0,-0.0011044781280449404,0.04310688021125629,0.04013322983652105,0.0,-0.0020027359047521927,0.0,0.0],[0.0,0.0011057236904335906,-0.04044597228113458,-0.07894468475088207,0.0,0.004775566379074309,0.0,0.0],[0.0,0.0,0.0,-0.2904918165114356,0.002549798651657034,0.0,0.002633979758006442,0.0],[0.0,0.0,0.0,0.007015015824048503,-0.0025433784508687926,0.019676530753208847,-0.002543368908745914,0.0],[0.0,0.0,0.0,0.0,0.0025498668489335164,-0.019614803021745526,0.002570081114943733,0.0],[0.0,0.0,0.0,0.0,0.0,0.0,-0.0013723717730132659,0.014163570649256604],[0.0,0.0,0.0,0.0,0.0,0.0,0.0011083502729775116,-0.013963346016056635]]}