{"din_name":"flux_level05576.json","din_kind":"RELATIVE","din_start":600.000016016037,"din_end":660.0000189490518,"din_rules":["Interventions","r1","r1_rev","r2","r3","r4","r5","r6"],"din_hits":[0,33440,33425,10998,1856948,1845954,458094,458130],"din_fluxs":[[0.0,0.0,0.0,0.0,0.0,0.0,0.0,0.0],[0.0,-0.0010933339630008366,0.07841310074266605,0.07419438800563999,0.0,-0.0019992139562549525,0.0,0.0],[0.0,0.0010945339177471922,-0.0711509794532045,-0.12994630103052823,0.0,0.004930709547329632,0.0,0.0],[0.0,0.0,0.0,-0.4171949877261471,0.0025613094611944454,0.0,0.0028328173080897443,0.0],[0.0,0.0,0.0,0.006472529293474728,-0.002555759599726821,0.01906104824614608,-0.0025561294898421116,0.0],[0.0,0.0,0.0,0.0,0.002562316153824674,-0.01886383765531565,0.0026518781001232386,0.0],[0.0,0.0,0.0,0.0,0.0,0.0,-0.0017937870109822603,0.003560254670707673],[0.0,0.0,0.0,0.0,0.0,0.0,0.001436937565550815,-0.003547581162045488]]}