{"din_name":"flux_level04735.json","din_kind":"RELATIVE","din_start":600.0000040741646,"din_end":660.0000222226687,"din_rules":["Interventions","r1","r1_rev","r2","r3","r4","r5","r6"],"din_hits":[0,35810,35799,1252,619944,618698,892253,892250],"din_fluxs":[[0.0,0.0,0.0,0.0,0.0,0.0,0.0,0.0],[0.0,-0.0010902483728722284,0.10197542259813817,0.1499180403648024,0.0,-0.0019902177211987737,0.0,0.0],[0.0,0.0010914402295118212,-0.09015716101950709,-0.15786034086597925,0.0,0.0037341074113834407,0.0,0.0],[0.0,0.0,0.0,-0.5303510642208311,0.002666782813309977,0.0,0.00387953401963561,0.0],[0.0,0.0,0.0,0.009892606570810049,-0.0026589790748497186,0.01648146448287154,-0.0026629447813198664,0.0],[0.0,0.0,0.0,0.0,0.0026660694877531903,-0.016343198274803062,0.003548110961262094,0.0],[0.0,0.0,0.0,0.0,0.0,0.0,-0.0030726751808107687,0.0018845432835772546],[0.0,0.0,0.0,0.0,0.0,0.0,0.0024758658347045627,-0.0018809953982201447]]}