{"din_name":"flux_level13463.json","din_kind":"RELATIVE","din_start":600.0001626662604,"din_end":660.0000111096073,"din_rules":["Interventions","r1","r1_rev","r2","r3","r4","r5","r6"],"din_hits":[0,308617,308541,13528,295758,282208,258575,258614],"din_fluxs":[[0.0,0.0,0.0,0.0,0.0,0.0,0.0,0.0],[0.0,-0.0011698753894676113,0.012427015736178762,0.02301468817956027,0.0,-0.002179538242641004,0.0,0.0],[0.0,0.0011712583385272582,-0.012064285616383737,-0.02393903506346535,0.0,0.002357792496604735,0.0,0.0],[0.0,0.0,0.0,-0.06687986974198744,0.005782832969199286,0.0,0.014412874077762679,0.0],[0.0,0.0,0.0,0.00513757174506213,-0.005744807163895482,0.006272805192983785,-0.005764087143040975,0.0],[0.0,0.0,0.0,0.0,0.00577789642023556,-0.0067159614949938145,0.014160883478324686,0.0],[0.0,0.0,0.0,0.0,0.0,0.0,-0.01642290740286121,0.0015097502340148362],[0.0,0.0,0.0,0.0,0.0,0.0,0.007267657640588131,-0.0015074628281210765]]}