{"din_name":"flux_level03716.json","din_kind":"RELATIVE","din_start":600.0000018450814,"din_end":660.000003906997,"din_rules":["Interventions","r1","r1_rev","r2","r3","r4","r5","r6"],"din_hits":[0,97411,97399,5510,1123389,1117872,1117958,1117929],"din_fluxs":[[0.0,0.0,0.0,0.0,0.0,0.0,0.0,0.0],[0.0,-0.0010969229326419359,0.06198676405068284,0.08331695691215145,0.0,-0.002035063144071286,0.0,0.0],[0.0,0.0010981290390793671,-0.05725777805666188,-0.10618030869959463,0.0,0.0036654349550171344,0.0,0.0],[0.0,0.0,0.0,-0.40230708871512866,0.002663352132578523,0.0,0.003258662857722753,0.0],[0.0,0.0,0.0,0.009171781083269269,-0.00265608472256202,0.016633327807998952,-0.0026564066794021912,0.0],[0.0,0.0,0.0,0.0,0.0026631601349037643,-0.016576825467691212,0.0030545080114439804,0.0],[0.0,0.0,0.0,0.0,0.0,0.0,-0.0020386360126596753,0.003088998881899963],[0.0,0.0,0.0,0.0,0.0,0.0,0.0016513487128630366,-0.003079468081483426]]}