{"din_name":"flux_level12987.json","din_kind":"RELATIVE","din_start":600.0000024781439,"din_end":660.0000225120452,"din_rules":["Interventions","r1","r1_rev","r2","r3","r4","r5","r6"],"din_hits":[0,78433,78415,879,300191,299302,516904,516945],"din_fluxs":[[0.0,0.0,0.0,0.0,0.0,0.0,0.0,0.0],[0.0,-0.0010990506315459502,0.05496995744590201,0.09886746950014232,0.0,-0.002047849536170522,0.0,0.0],[0.0,0.001100262518023133,-0.05115329808457688,-0.09686970580649852,0.0,0.002488536939727207,0.0,0.0],[0.0,0.0,0.0,-0.29748165230487533,0.0037903179869099813,0.0,0.005241639534923247,0.0],[0.0,0.0,0.0,0.006651975881834186,-0.003778164785252231,0.008609676466307939,-0.0037788179272041688,0.0],[0.0,0.0,0.0,0.0,0.003792513577988311,-0.008672656503697099,0.005124144916997469,0.0],[0.0,0.0,0.0,0.0,0.0,0.0,-0.0029763832285120465,0.0038511510816846965],[0.0,0.0,0.0,0.0,0.0,0.0,0.0022162812755828014,-0.0038363518088585405]]}