{"din_name":"flux_level07335.json","din_kind":"RELATIVE","din_start":600.0000047337649,"din_end":660.0000068947554,"din_rules":["Interventions","r1","r1_rev","r2","r3","r4","r5","r6"],"din_hits":[0,96469,96446,10035,1821608,1811575,1145324,1145285],"din_fluxs":[[0.0,0.0,0.0,0.0,0.0,0.0,0.0,0.0],[0.0,-0.0010964593563704851,0.06344501473997183,0.07495871233341019,0.0,-0.0020357595464586993,0.0,0.0],[0.0,0.0010976644067457876,-0.05853594291937262,-0.10825023263235328,0.0,0.003958373823527812,0.0,0.0],[0.0,0.0,0.0,-0.375413082517568,0.0026944542381327104,0.0,0.0039623567232264355,0.0],[0.0,0.0,0.0,0.007098191599725928,-0.0026872608405134947,0.01611954457522213,-0.002685223898515896,0.0],[0.0,0.0,0.0,0.0,0.002694504803195948,-0.01604869374108785,0.0033456060307088817,0.0],[0.0,0.0,0.0,0.0,0.0,0.0,-0.004364575471310438,0.0014885809187840306],[0.0,0.0,0.0,0.0,0.0,0.0,0.0033542611292731463,-0.0014863669633061198]]}