{"din_name":"flux_level08267.json","din_kind":"RELATIVE","din_start":600.0000414298977,"din_end":660.000013213873,"din_rules":["Interventions","r1","r1_rev","r2","r3","r4","r5","r6"],"din_hits":[0,19646,19627,195,95743,95544,182826,182815],"din_fluxs":[[0.0,0.0,0.0,0.0,0.0,0.0,0.0,0.0],[0.0,-0.0010929356346615362,0.08113075040975855,0.1624313699628004,0.0,-0.001967983637597912,0.0,0.0],[0.0,0.0010941360987652415,-0.07337248241853785,-0.12351695891506909,0.0,0.002790418850097327,0.0,0.0],[0.0,0.0,0.0,-0.5541405709356653,0.0026521845460053704,0.0,0.0059409280197122135,0.0],[0.0,0.0,0.0,0.016247893591091793,-0.002643776419629369,0.016687115709943447,-0.0026275217257184227,0.0],[0.0,0.0,0.0,0.0,0.0026507833976222384,-0.016607026064353974,0.005406462155239442,0.0],[0.0,0.0,0.0,0.0,0.0,0.0,-0.007188792488821004,0.0012998331047381977],[0.0,0.0,0.0,0.0,0.0,0.0,0.005800539140376051,-0.0012981462832191354]]}