{"din_name":"flux_level01927.json","din_kind":"RELATIVE","din_start":600.0000080925198,"din_end":660.0000095831805,"din_rules":["Interventions","r1","r1_rev","r2","r3","r4","r5","r6"],"din_hits":[0,129484,129449,648,126272,125623,810291,810312],"din_fluxs":[[0.0,0.0,0.0,0.0,0.0,0.0,0.0,0.0],[0.0,-0.0011098643732667338,0.03537553932701355,0.06833729771388816,0.0,-0.00205544507480029,0.0,0.0],[0.0,0.0011111011957918625,-0.03357902905523704,-0.06557576708960883,0.0,0.0021834297451245803,0.0,0.0],[0.0,0.0,0.0,-0.166297833007422,0.006689903054629178,0.0,0.012547667540831897,0.0],[0.0,0.0,0.0,0.0051760256773534345,-0.006633956663572975,0.005778597146070257,-0.006637812800979843,0.0],[0.0,0.0,0.0,0.0,0.006678366890723895,-0.005899501774577227,0.012448044056852278,0.0],[0.0,0.0,0.0,0.0,0.0,0.0,-0.006375128774446015,0.005988375538957618],[0.0,0.0,0.0,0.0,0.0,0.0,0.0055253652722241356,-0.005952524076140149]]}