{"din_name":"flux_level07731.json","din_kind":"RELATIVE","din_start":600.0000102990556,"din_end":660.0000208165491,"din_rules":["Interventions","r1","r1_rev","r2","r3","r4","r5","r6"],"din_hits":[0,365458,365372,57435,760931,703488,1769730,1769681],"din_fluxs":[[0.0,0.0,0.0,0.0,0.0,0.0,0.0,0.0],[0.0,-0.0011825772233145277,0.011014726453474722,0.018299911835774906,0.0,-0.0021953315459863096,0.0,0.0],[0.0,0.0011839912354606038,-0.010708297631007757,-0.021005553387717122,0.0,0.0027621440109728613,0.0,0.0],[0.0,0.0,0.0,-0.15177310677882308,0.0025556731385998183,0.0,0.003479436640132225,0.0],[0.0,0.0,0.0,0.015400251125189385,-0.0025492668399319223,0.019302935180940856,-0.002549154122316738,0.0],[0.0,0.0,0.0,0.0,0.002555793899905957,-0.02073000638744813,0.00336908666052346,0.0],[0.0,0.0,0.0,0.0,0.0,0.0,-0.002380625999042321,0.002344917898663076],[0.0,0.0,0.0,0.0,0.0,0.0,0.002034749055180567,-0.0023394258264836216]]}