{"din_name":"flux_level13513.json","din_kind":"RELATIVE","din_start":600.0000443359423,"din_end":660.0000002565349,"din_rules":["Interventions","r1","r1_rev","r2","r3","r4","r5","r6"],"din_hits":[0,10200,10189,444,507789,507347,512948,512946],"din_fluxs":[[0.0,0.0,0.0,0.0,0.0,0.0,0.0,0.0],[0.0,-0.0010905142363999503,0.10005291514305328,0.17479739654953286,0.0,-0.0020369633877973213,0.0,0.0],[0.0,0.00109171175520499,-0.08859462214301458,-0.16732251108837579,0.0,0.0024448628288735886,0.0,0.0],[0.0,0.0,0.0,-0.3083421544279618,0.009682756395046385,0.0,0.013155576627038316,0.0],[0.0,0.0,0.0,0.0010976238508384765,-0.009600411810100531,0.005126898317340042,-0.009583235021742078,0.0],[0.0,0.0,0.0,0.0,0.009694083972299344,-0.005113213425551494,0.012541329800320336,0.0],[0.0,0.0,0.0,0.0,0.0,0.0,-0.006542126021911981,0.010446627221567554],[0.0,0.0,0.0,0.0,0.0,0.0,0.003782350012820421,-0.01033750216116955]]}