{"din_name":"flux_level03671.json","din_kind":"RELATIVE","din_start":600.0000021426856,"din_end":660.0000009088423,"din_rules":["Interventions","r1","r1_rev","r2","r3","r4","r5","r6"],"din_hits":[0,87371,87354,15031,3105745,3090719,1281749,1281781],"din_fluxs":[[0.0,0.0,0.0,0.0,0.0,0.0,0.0,0.0],[0.0,-0.001095561816529458,0.06724834975275544,0.07676316797256164,0.0,-0.0020291276957432247,0.0,0.0],[0.0,0.001096765050868912,-0.06178975282346287,-0.11664990637178921,0.0,0.0038783111534711418,0.0,0.0],[0.0,0.0,0.0,-0.32137273489929175,0.0030240826613650434,0.0,0.004247537307513748,0.0],[0.0,0.0,0.0,0.004268037953943221,-0.0030149229026473017,0.012225822273048973,-0.003015254933742192,0.0],[0.0,0.0,0.0,0.0,0.0030240455185343634,-0.012186885963392402,0.0035471910068655714,0.0],[0.0,0.0,0.0,0.0,0.0,0.0,-0.004005015236147128,0.0016662465360580865],[0.0,0.0,0.0,0.0,0.0,0.0,0.0027667831087166504,-0.0016634734395356153]]}