{"din_name":"flux_level04790.json","din_kind":"RELATIVE","din_start":600.000048095481,"din_end":660.0000082217592,"din_rules":["Interventions","r1","r1_rev","r2","r3","r4","r5","r6"],"din_hits":[0,42467,42443,2339,745434,743100,75998,75982],"din_fluxs":[[0.0,0.0,0.0,0.0,0.0,0.0,0.0,0.0],[0.0,-0.0011010263144002304,0.04998255551388651,0.08885242601845172,0.0,-0.002039421711998542,0.0,0.0],[0.0,0.0011022457597789925,-0.04672146691900866,-0.09099211044370711,0.0,0.0023317075414035974,0.0,0.0],[0.0,0.0,0.0,-0.17856052337575332,0.012447534174883156,0.0,0.013051417568561905,0.0],[0.0,0.0,0.0,0.0013969681257456669,-0.012271985057616395,0.004882557028789744,-0.012270248430933427,0.0],[0.0,0.0,0.0,0.0,0.012425839979085399,-0.004890345631397942,0.012890663841280733,0.0],[0.0,0.0,0.0,0.0,0.0,0.0,-0.0065335016538672465,0.03308137642474205],[0.0,0.0,0.0,0.0,0.0,0.0,0.0020748391968381068,-0.03198738463694937]]}