{"din_name":"flux_level09521.json","din_kind":"RELATIVE","din_start":600.0000418200599,"din_end":660.0000174056867,"din_rules":["Interventions","r1","r1_rev","r2","r3","r4","r5","r6"],"din_hits":[0,25971,25890,31165,428894,397719,461694,461691],"din_fluxs":[[0.0,0.0,0.0,0.0,0.0,0.0,0.0,0.0],[0.0,-0.0011713054777706855,0.012374286428623987,0.018241535847625744,0.0,-0.0021626932556938826,0.0,0.0],[0.0,0.0011728352664494997,-0.011878520756786304,-0.022690291094260857,0.0,0.002923822362667812,0.0,0.0],[0.0,0.0,0.0,-0.13469968357081522,0.0026701606594996706,0.0,0.004117433091511718,0.0],[0.0,0.0,0.0,0.01162122175093172,-0.002663103228839497,0.0168790670197585,-0.0026629371018273423,0.0],[0.0,0.0,0.0,0.0,0.002670222767165933,-0.017924363365276558,0.0036479126412275304,0.0],[0.0,0.0,0.0,0.0,0.0,0.0,-0.004298704923959943,0.0015155371575018494],[0.0,0.0,0.0,0.0,0.0,0.0,0.0033861498075335532,-0.0015132425272057451]]}