{"din_name":"flux_level05383.json","din_kind":"RELATIVE","din_start":600.0000449704295,"din_end":660.0000026096016,"din_rules":["Interventions","r1","r1_rev","r2","r3","r4","r5","r6"],"din_hits":[0,105045,105006,7391,441665,434254,1001591,1001608],"din_fluxs":[[0.0,0.0,0.0,0.0,0.0,0.0,0.0,0.0],[0.0,-0.001121816656187055,0.02558591046883462,0.038425646313366424,0.0,-0.0020748434922262873,0.0,0.0],[0.0,0.0011230852293326935,-0.02451308792850793,-0.047840556573513875,0.0,0.0028978031324313246,0.0,0.0],[0.0,0.0,0.0,-0.18413171125024588,0.003103729499382516,0.0,0.003946093787224652,0.0],[0.0,0.0,0.0,0.007262483374036834,-0.00309215890886034,0.01167415849375193,-0.0030885647506198413,0.0],[0.0,0.0,0.0,0.0,0.003101724640725462,-0.011926275685302036,0.0038661520941949863,0.0],[0.0,0.0,0.0,0.0,0.0,0.0,-0.002131174086152187,0.00476196507084749],[0.0,0.0,0.0,0.0,0.0,0.0,0.0017978754980453515,-0.004739305541938456]]}