{"din_name":"flux_level04278.json","din_kind":"RELATIVE","din_start":600.0000170373562,"din_end":660.0000018152232,"din_rules":["Interventions","r1","r1_rev","r2","r3","r4","r5","r6"],"din_hits":[0,35257,35243,6205,1098605,1092374,1746688,1746678],"din_fluxs":[[0.0,0.0,0.0,0.0,0.0,0.0,0.0,0.0],[0.0,-0.0010939905316674908,0.07469125067207684,0.08024222667053477,0.0,-0.0020525628304811834,0.0,0.0],[0.0,0.0010951920180931423,-0.06807691530676963,-0.12551385445255545,0.0,0.004672972210962539,0.0,0.0],[0.0,0.0,0.0,-0.4358270669198209,0.0025376190073925476,0.0,0.0033161854644915027,0.0],[0.0,0.0,0.0,0.007904608279528623,-0.0025310759818246644,0.01971797874580952,-0.0025314023199496235,0.0],[0.0,0.0,0.0,0.0,0.002537500015668921,-0.019524560820730317,0.0029866811436771263,0.0],[0.0,0.0,0.0,0.0,0.0,0.0,-0.0019179253058500066,0.0031835665941791547],[0.0,0.0,0.0,0.0,0.0,0.0,0.0016395662563695567,-0.003173442206592686]]}