{"din_name":"flux_level12823.json","din_kind":"RELATIVE","din_start":600.0001297888971,"din_end":660.0001849357863,"din_rules":["Interventions","r1","r1_rev","r2","r3","r4","r5","r6"],"din_hits":[0,77903,77886,41,31248,31215,191823,191801],"din_fluxs":[[0.0,0.0,0.0,0.0,0.0,0.0,0.0,0.0],[0.0,-0.001094654776944544,0.07123857437226824,0.15778893638821959,0.0,-0.002033162339317469,0.0,0.0],[0.0,0.001095856021359724,-0.06518637611009977,-0.12177921268348908,0.0,0.0020802879872635917,0.0,0.0],[0.0,0.0,0.0,-0.36986278612435997,0.004659666616295003,0.0,0.008173122844190771,0.0],[0.0,0.0,0.0,0.008529764090823363,-0.004711618402746628,0.00698191921890743,-0.004703285039153832,0.0],[0.0,0.0,0.0,0.0,0.004734175058609632,-0.007040937927234026,0.008149985100101372,0.0],[0.0,0.0,0.0,0.0,0.0,0.0,-0.00425846088556169,0.004606297118121457],[0.0,0.0,0.0,0.0,0.0,0.0,0.0037223566925027205,-0.004585060315958851]]}