{"din_name":"flux_level05562.json","din_kind":"RELATIVE","din_start":600.0000266054241,"din_end":660.000002931058,"din_rules":["Interventions","r1","r1_rev","r2","r3","r4","r5","r6"],"din_hits":[0,40430,40417,9070,2906375,2897297,121578,121559],"din_fluxs":[[0.0,0.0,0.0,0.0,0.0,0.0,0.0,0.0],[0.0,-0.001089501410653446,0.12372237054677218,0.11229747987666978,0.0,-0.0020283402128285126,0.0,0.0],[0.0,0.0010906911555869383,-0.09717319683017826,-0.1736126585276508,0.0,0.004910946271142268,0.0,0.0],[0.0,0.0,0.0,-0.4674222050735851,0.0026710529566754994,0.0,0.003481703253763082,0.0],[0.0,0.0,0.0,0.005258706232281339,-0.0026652506056570875,0.01648540400929972,-0.002673953217578934,0.0],[0.0,0.0,0.0,0.0,0.0026723801176300977,-0.016306120942411986,0.002931471304477047,0.0],[0.0,0.0,0.0,0.0,0.0,0.0,-0.019089869721702978,0.0010778474123278071],[0.0,0.0,0.0,0.0,0.0,0.0,0.014635145331198073,-0.0010766873960657058]]}