{"din_name":"flux_level02215.json","din_kind":"RELATIVE","din_start":600.0000040684286,"din_end":660.0000059634502,"din_rules":["Interventions","r1","r1_rev","r2","r3","r4","r5","r6"],"din_hits":[0,49718,49696,31890,4337258,4305339,1770622,1770643],"din_fluxs":[[0.0,0.0,0.0,0.0,0.0,0.0,0.0,0.0],[0.0,-0.0010947817473249033,0.07066240188488986,0.06466324027631938,0.0,-0.0020441626555317773,0.0,0.0],[0.0,0.0010959838750541305,-0.06468359856688827,-0.12090125296021433,0.0,0.005084671360708503,0.0,0.0],[0.0,0.0,0.0,-0.3801192536132751,0.0025750228936943158,0.0,0.0034216349826501485,0.0],[0.0,0.0,0.0,0.0058340057737368105,-0.0025693848505635346,0.01876537498190302,-0.002569069356736512,0.0],[0.0,0.0,0.0,0.0,0.0025760128768541634,-0.018586305829166056,0.0027996611828210376,0.0],[0.0,0.0,0.0,0.0,0.0,0.0,-0.002662122046451284,0.00197498672079477],[0.0,0.0,0.0,0.0,0.0,0.0,0.002118894131880333,-0.001971090218060139]]}