{"din_name":"flux_level00907.json","din_kind":"RELATIVE","din_start":600.0000014208065,"din_end":660.0000113683527,"din_rules":["Interventions","r1","r1_rev","r2","r3","r4","r5","r6"],"din_hits":[0,92337,92321,18808,2304942,2286130,86783,86801],"din_fluxs":[[0.0,0.0,0.0,0.0,0.0,0.0,0.0,0.0],[0.0,-0.0010987238965174152,0.05595346144024858,0.060236090390572934,0.0,-0.0020296550754666195,0.0,0.0],[0.0,0.001099934542570431,-0.052024828646183886,-0.09779705078353973,0.0,0.004264759835646246,0.0,0.0],[0.0,0.0,0.0,-0.35152149097896773,0.0026216728104390026,0.0,0.0026638442742121034,0.0],[0.0,0.0,0.0,0.007110828244704727,-0.0026149252168747557,0.017634085280824482,-0.0026161061529536974,0.0],[0.0,0.0,0.0,0.0,0.0026217843466340724,-0.0175549319837157,0.002638702680054069,0.0],[0.0,0.0,0.0,0.0,0.0,0.0,-0.0017109526657285085,0.004281788786293091],[0.0,0.0,0.0,0.0,0.0,0.0,0.0013191908422872387,-0.004263457104950291]]}