{"din_name":"flux_level07226.json","din_kind":"RELATIVE","din_start":600.0000042487372,"din_end":660.0000037964671,"din_rules":["Interventions","r1","r1_rev","r2","r3","r4","r5","r6"],"din_hits":[0,25978,25958,17641,3588902,3571254,1667294,1667272],"din_fluxs":[[0.0,0.0,0.0,0.0,0.0,0.0,0.0,0.0],[0.0,-0.0010916678948166923,0.08973805196814491,0.07988343423950747,0.0,-0.0020051287168665983,0.0,0.0],[0.0,0.0010928632600981333,-0.08042349612560101,-0.14885168097208729,0.0,0.005122029429659361,0.0,0.0],[0.0,0.0,0.0,-0.401723474064757,0.0026750782510012506,0.0,0.003992986119534791,0.0],[0.0,0.0,0.0,0.004459218047341621,-0.002668946999729021,0.0165068935709752,-0.0026696468795713276,0.0],[0.0,0.0,0.0,0.0,0.002676097090242644,-0.016338860744717472,0.0030099314936912524,0.0],[0.0,0.0,0.0,0.0,0.0,0.0,-0.0030913628097404876,0.0018090882180463353],[0.0,0.0,0.0,0.0,0.0,0.0,0.002384730654162718,-0.0018058181088267712]]}