{"din_name":"flux_level00425.json","din_kind":"RELATIVE","din_start":600.0000023973799,"din_end":660.0000235688095,"din_rules":["Interventions","r1","r1_rev","r2","r3","r4","r5","r6"],"din_hits":[0,23750,23738,25232,3524205,3498985,496739,496769],"din_fluxs":[[0.0,0.0,0.0,0.0,0.0,0.0,0.0,0.0],[0.0,-0.0010951741392601748,0.06873487558402427,0.06276784098803664,0.0,-0.0020179877924547435,0.0,0.0],[0.0,0.001096380250553064,-0.0630037254754089,-0.11874201565385109,0.0,0.004874391160615008,0.0,0.0],[0.0,0.0,0.0,-0.3370432090429935,0.0027195881512204097,0.0,0.003147381832742895,0.0],[0.0,0.0,0.0,0.004365169656908095,-0.0027129407219048884,0.01580787643346974,-0.002712496065603366,0.0],[0.0,0.0,0.0,0.0,0.0027203291029371003,-0.015690412647561637,0.002798026970928401,0.0],[0.0,0.0,0.0,0.0,0.0,0.0,-0.0021986438597180516,0.002654074268508293],[0.0,0.0,0.0,0.0,0.0,0.0,0.0016484080533506606,-0.00264703743751144]]}