{"din_name":"flux_level11607.json","din_kind":"RELATIVE","din_start":600.0000004782826,"din_end":660.0000089905189,"din_rules":["Interventions","r1","r1_rev","r2","r3","r4","r5","r6"],"din_hits":[0,62833,62823,1124,700640,699510,617022,617075],"din_fluxs":[[0.0,0.0,0.0,0.0,0.0,0.0,0.0,0.0],[0.0,-0.0010898073948848203,0.10754142023908385,0.18216180539717142,0.0,-0.0020330509246697572,0.0,0.0],[0.0,0.001090997381348143,-0.09448680075216179,-0.15620424852156994,0.0,0.003436148782181763,0.0,0.0],[0.0,0.0,0.0,-0.5855630670402724,0.002607984527229534,0.0,0.005226048076184866,0.0],[0.0,0.0,0.0,0.013633906911517705,-0.0026006349991412755,0.017645038601234734,-0.0025959606361208583,0.0],[0.0,0.0,0.0,0.0,0.0026074173352598133,-0.01748652885073091,0.004403388477431728,0.0],[0.0,0.0,0.0,0.0,0.0,0.0,-0.009441803130358839,0.0011909280721990646],[0.0,0.0,0.0,0.0,0.0,0.0,0.007514417597129553,-0.0011895115483120194]]}