{"din_name":"flux_level03420.json","din_kind":"RELATIVE","din_start":600.0000005485246,"din_end":660.0000124323794,"din_rules":["Interventions","r1","r1_rev","r2","r3","r4","r5","r6"],"din_hits":[0,20750,20713,56419,2752405,2695977,1235238,1235240],"din_fluxs":[[0.0,0.0,0.0,0.0,0.0,0.0,0.0,0.0],[0.0,-0.0011130603785669537,0.03223799623193465,0.035075043592835545,0.0,-0.0020810863816106175,0.0,0.0],[0.0,0.001114328465419935,-0.03057502139805405,-0.05950546076870619,0.0,0.004003992785026319,0.0,0.0],[0.0,0.0,0.0,-0.20704913533203842,0.0027974513125427467,0.0,0.0035248001981782605,0.0],[0.0,0.0,0.0,0.0056343374645211,-0.0027899022500827084,0.014842083529610691,-0.0027894500190421803,0.0],[0.0,0.0,0.0,0.0,0.0027977169023615986,-0.01494028876524967,0.003045535107150207,0.0],[0.0,0.0,0.0,0.0,0.0,0.0,-0.0022690677804958043,0.0027238233780478485],[0.0,0.0,0.0,0.0,0.0,0.0,0.0017054298939123422,-0.002716411399152515]]}