{"din_name":"flux_level10843.json","din_kind":"RELATIVE","din_start":600.000016779229,"din_end":660.0000079687077,"din_rules":["Interventions","r1","r1_rev","r2","r3","r4","r5","r6"],"din_hits":[0,14978,14963,7798,1044687,1036869,1953191,1953214],"din_fluxs":[[0.0,0.0,0.0,0.0,0.0,0.0,0.0,0.0],[0.0,-0.0010955427105940596,0.06764230976135462,0.06346340862616813,0.0,-0.0020130973344592443,0.0,0.0],[0.0,0.001096753742840779,-0.06198400880707711,-0.11349000675726141,0.0,0.004722757773108749,0.0,0.0],[0.0,0.0,0.0,-0.3608967878793644,0.0026253195391101576,0.0,0.0037479819902994558,0.0],[0.0,0.0,0.0,0.005581313959935907,-0.0026189655324426898,0.01757734964306235,-0.0026179670204070807,0.0],[0.0,0.0,0.0,0.0,0.0026258500230233127,-0.017438275972918162,0.0032401194075542426,0.0],[0.0,0.0,0.0,0.0,0.0,0.0,-0.002097243768552979,0.0029471054476500128],[0.0,0.0,0.0,0.0,0.0,0.0,0.0017721373740638157,-0.0029384291506857683]]}