{"din_name":"flux_level11485.json","din_kind":"RELATIVE","din_start":600.0000011110565,"din_end":660.0000398578456,"din_rules":["Interventions","r1","r1_rev","r2","r3","r4","r5","r6"],"din_hits":[0,18630,18598,7617,957807,950191,422437,422431],"din_fluxs":[[0.0,0.0,0.0,0.0,0.0,0.0,0.0,0.0],[0.0,-0.0011138848112944722,0.031275820184277894,0.05440190247329225,0.0,-0.0020701379259661055,0.0,0.0],[0.0,0.0011151596721684896,-0.0296843125598413,-0.05833099689262483,0.0,0.002387270194945723,0.0,0.0],[0.0,0.0,0.0,-0.11774192807200033,0.011960554993255138,0.0,0.014573287420491977,0.0],[0.0,0.0,0.0,0.0012226800762577782,-0.011808927628946404,0.004979569104437873,-0.01181092604634744,0.0],[0.0,0.0,0.0,0.0,0.011951212861778422,-0.005000482012280117,0.013937928313344757,0.0],[0.0,0.0,0.0,0.0,0.0,0.0,-0.007322124285447379,0.012314470145380667],[0.0,0.0,0.0,0.0,0.0,0.0,0.0029350794597545467,-0.012162855998364289]]}