{"din_name":"flux_level03601.json","din_kind":"RELATIVE","din_start":600.0000007768629,"din_end":660.0000031949471,"din_rules":["Interventions","r1","r1_rev","r2","r3","r4","r5","r6"],"din_hits":[0,21785,21767,11907,3210145,3198235,965440,965462],"din_fluxs":[[0.0,0.0,0.0,0.0,0.0,0.0,0.0,0.0],[0.0,-0.001093202026351307,0.07960789889080512,0.08675373219030787,0.0,-0.002035176777267825,0.0,0.0],[0.0,0.0010944030463156786,-0.07207284321475313,-0.1381358069313505,0.0,0.004001929518808467,0.0,0.0],[0.0,0.0,0.0,-0.30408507794048517,0.0033969038829156986,0.0,0.006413969411625664,0.0],[0.0,0.0,0.0,0.0022385338218891765,-0.003384642527713006,0.010052200314068288,-0.0033869454389590685,0.0],[0.0,0.0,0.0,0.0,0.0033961445385016897,-0.010001786911046697,0.004122728138128966,0.0],[0.0,0.0,0.0,0.0,0.0,0.0,-0.0060945460352719505,0.0014373709401351794],[0.0,0.0,0.0,0.0,0.0,0.0,0.003750866369329722,-0.0014353072380906423]]}