{"din_name":"flux_level06933.json","din_kind":"RELATIVE","din_start":600.0000136289412,"din_end":660.0000102619369,"din_rules":["Interventions","r1","r1_rev","r2","r3","r4","r5","r6"],"din_hits":[0,178386,178350,28460,1403883,1375421,994396,994412],"din_fluxs":[[0.0,0.0,0.0,0.0,0.0,0.0,0.0,0.0],[0.0,-0.0011212508892403333,0.025851090689840633,0.035049452955864216,0.0,-0.002083920500849342,0.0,0.0],[0.0,0.0011225144491306366,-0.02477399983129639,-0.04816014395615137,0.0,0.0032054297451623737,0.0,0.0],[0.0,0.0,0.0,-0.18651577263121,0.002952081442708175,0.0,0.003523057356142206,0.0],[0.0,0.0,0.0,0.006930184270354179,-0.002943404080384502,0.012967730812108065,-0.0029420144929342903,0.0],[0.0,0.0,0.0,0.0,0.0029520986321612042,-0.013204056645907467,0.0033647389058946704,0.0],[0.0,0.0,0.0,0.0,0.0,0.0,-0.002263661545665638,0.003133521621808508],[0.0,0.0,0.0,0.0,0.0,0.0,0.001684006527976441,-0.0031237124612329683]]}