{"din_name":"flux_level01104.json","din_kind":"RELATIVE","din_start":600.0000043384138,"din_end":660.0000108548724,"din_rules":["Interventions","r1","r1_rev","r2","r3","r4","r5","r6"],"din_hits":[0,126321,126302,21854,2616965,2595099,615671,615684],"din_fluxs":[[0.0,0.0,0.0,0.0,0.0,0.0,0.0,0.0],[0.0,-0.0011075994626004,0.038215115109246675,0.05368342928998653,0.0,-0.0020463028713979202,0.0,0.0],[0.0,0.0011088305615431693,-0.0361772471673503,-0.07049811133639736,0.0,0.0029759636592129666,0.0,0.0],[0.0,0.0,0.0,-0.17276588754424224,0.004319016565859213,0.0,0.004711976388177085,0.0],[0.0,0.0,0.0,0.002905518632419139,-0.0043020612268954385,0.007708066576406672,-0.004302317748669408,0.0],[0.0,0.0,0.0,0.0,0.0043206921396455366,-0.007757342405813656,0.004578036040440023,0.0],[0.0,0.0,0.0,0.0,0.0,0.0,-0.0025285645039229416,0.008282149187849154],[0.0,0.0,0.0,0.0,0.0,0.0,0.0014468737343045156,-0.008213636514428644]]}