{"din_name":"flux_level08543.json","din_kind":"RELATIVE","din_start":600.0000117420299,"din_end":660.0000719189933,"din_rules":["Interventions","r1","r1_rev","r2","r3","r4","r5","r6"],"din_hits":[0,29117,29107,6699,1904925,1898224,238895,238905],"din_fluxs":[[0.0,0.0,0.0,0.0,0.0,0.0,0.0,0.0],[0.0,-0.0010894385873875842,0.11294335421531528,0.11116443194644397,0.0,-0.0020107904717821,0.0,0.0],[0.0,0.0010906287976645242,-0.09738778843118091,-0.17196505411360163,0.0,0.005173205114768942,0.0,0.0],[0.0,0.0,0.0,-0.5000382272646998,0.002554137067079573,0.0,0.002633493139198071,0.0],[0.0,0.0,0.0,0.006659757386419315,-0.0025480267150940032,0.019171303658324826,-0.0025476627735075996,0.0],[0.0,0.0,0.0,0.0,0.002554539152209125,-0.018921266469633914,0.0025852603745718733,0.0],[0.0,0.0,0.0,0.0,0.0,0.0,-0.0013584743727024526,0.017051430531217673],[0.0,0.0,0.0,0.0,0.0,0.0,0.0011130939286675293,-0.01676085622360325]]}