{"din_name":"flux_level10356.json","din_kind":"RELATIVE","din_start":600.0000009159594,"din_end":660.0000058140114,"din_rules":["Interventions","r1","r1_rev","r2","r3","r4","r5","r6"],"din_hits":[0,112607,112579,16707,2191049,2174348,1429770,1429748],"din_fluxs":[[0.0,0.0,0.0,0.0,0.0,0.0,0.0,0.0],[0.0,-0.001103603488849311,0.04451914043915873,0.0576019294766896,0.0,-0.0020524800838998786,0.0,0.0],[0.0,0.0011048254875425031,-0.04188153873599956,-0.08071120482730691,0.0,0.0033184434332722812,0.0,0.0],[0.0,0.0,0.0,-0.2250859985411345,0.00340759575778156,0.0,0.004212539469185324,0.0],[0.0,0.0,0.0,0.003998391073450551,-0.003396479207813785,0.010029245072056239,-0.003395412165275243,0.0],[0.0,0.0,0.0,0.0,0.003408068354439547,-0.010069139210577569,0.0039224596703606816,0.0],[0.0,0.0,0.0,0.0,0.0,0.0,-0.002475840619404288,0.003705207993053019],[0.0,0.0,0.0,0.0,0.0,0.0,0.001694278809938603,-0.0036914936834922794]]}