{"din_name":"flux_level03944.json","din_kind":"RELATIVE","din_start":600.0000574932581,"din_end":660.0000003286102,"din_rules":["Interventions","r1","r1_rev","r2","r3","r4","r5","r6"],"din_hits":[0,20539,20531,3024,1087892,1084881,522193,522198],"din_fluxs":[[0.0,0.0,0.0,0.0,0.0,0.0,0.0,0.0],[0.0,-0.0010904933357961286,0.10219795594747343,0.1135864831232126,0.0,-0.002046611606517882,0.0,0.0],[0.0,0.0010916869315377243,-0.0889804279764454,-0.16324654534226296,0.0,0.00422260746222284,0.0,0.0],[0.0,0.0,0.0,-0.41532749609528574,0.002911843149120969,0.0,0.003261958452319856,0.0],[0.0,0.0,0.0,0.0043998105562504134,-0.0029048986910777245,0.01316222327860625,-0.0029048841016807445,0.0],[0.0,0.0,0.0,0.0,0.0029133694384716677,-0.013066732057114987,0.003107310517714615,0.0],[0.0,0.0,0.0,0.0,0.0,0.0,-0.0017454387602562256,0.006697545615076497],[0.0,0.0,0.0,0.0,0.0,0.0,0.0013459098304531608,-0.006652733418654991]]}