{"din_name":"flux_level01429.json","din_kind":"RELATIVE","din_start":600.0000052253432,"din_end":660.0000121527488,"din_rules":["Interventions","r1","r1_rev","r2","r3","r4","r5","r6"],"din_hits":[0,46920,46906,15813,2177508,2161693,253642,253623],"din_fluxs":[[0.0,0.0,0.0,0.0,0.0,0.0,0.0,0.0],[0.0,-0.0010962353678949232,0.0644572389929227,0.06495717027864645,0.0,-0.0020423483387234918,0.0,0.0],[0.0,0.001097441621060314,-0.05937528746686978,-0.11143905630344597,0.0,0.004569951065250139,0.0,0.0],[0.0,0.0,0.0,-0.3592929888628571,0.0026460723455762076,0.0,0.002851096630868199,0.0],[0.0,0.0,0.0,0.005878315245334062,-0.002640063944926052,0.017108361106701955,-0.002638223870274641,0.0],[0.0,0.0,0.0,0.0,0.0026470621326263187,-0.01699377117995938,0.002708822680887612,0.0],[0.0,0.0,0.0,0.0,0.0,0.0,-0.002270130639919104,0.00241549785756088],[0.0,0.0,0.0,0.0,0.0,0.0,0.0017425998100657326,-0.002409667822806018]]}