{"din_name":"flux_level09798.json","din_kind":"RELATIVE","din_start":600.0000064567096,"din_end":660.0000038433934,"din_rules":["Interventions","r1","r1_rev","r2","r3","r4","r5","r6"],"din_hits":[0,90197,90176,36705,3678267,3641569,842283,842270],"din_fluxs":[[0.0,0.0,0.0,0.0,0.0,0.0,0.0,0.0],[0.0,-0.0011017400267626983,0.04832925173724104,0.051722293758590804,0.0,-0.0020508109806823484,0.0,0.0],[0.0,0.0011029581502382704,-0.04527984516456886,-0.08673042545036298,0.0,0.004115680821807704,0.0,0.0],[0.0,0.0,0.0,-0.2736764832030572,0.002822176993406642,0.0,0.0034536239755018666,0.0],[0.0,0.0,0.0,0.005021804898509485,-0.002814847899347184,0.014359617127168047,-0.002814563694392809,0.0],[0.0,0.0,0.0,0.0,0.0028228036315652203,-0.014346248831307628,0.003037296957485843,0.0],[0.0,0.0,0.0,0.0,0.0,0.0,-0.0033506381240120814,0.0017567968849664089],[0.0,0.0,0.0,0.0,0.0,0.0,0.002431362712949156,-0.0017537138077563966]]}