{"din_name":"flux_level07848.json","din_kind":"RELATIVE","din_start":600.0000042754752,"din_end":660.0000025371576,"din_rules":["Interventions","r1","r1_rev","r2","r3","r4","r5","r6"],"din_hits":[0,120357,120292,35255,906176,870914,917507,917558],"din_fluxs":[[0.0,0.0,0.0,0.0,0.0,0.0,0.0,0.0],[0.0,-0.0011423571976318938,0.01746856731715991,0.024980122313130244,0.0,-0.002124192799363369,0.0,0.0],[0.0,0.0011436798376020546,-0.01686281694062024,-0.03297548578499515,0.0,0.003043937964394617,0.0,0.0],[0.0,0.0,0.0,-0.1370429604163171,0.002989774543819182,0.0,0.004240906172903119,0.0],[0.0,0.0,0.0,0.007500840971355051,-0.002980895042126096,0.012707032981545198,-0.0029808203601117797,0.0],[0.0,0.0,0.0,0.0,0.0029898150254984495,-0.013172070656715391,0.003876215177676115,0.0],[0.0,0.0,0.0,0.0,0.0,0.0,-0.003279337002168996,0.0020032029748740035],[0.0,0.0,0.0,0.0,0.0,0.0,0.002407414298773623,-0.001999193316984429]]}