{"din_name":"flux_level01566.json","din_kind":"RELATIVE","din_start":600.0000091706506,"din_end":660.0000074771435,"din_rules":["Interventions","r1","r1_rev","r2","r3","r4","r5","r6"],"din_hits":[0,66909,66898,10379,2294191,2283798,878330,878334],"din_fluxs":[[0.0,0.0,0.0,0.0,0.0,0.0,0.0,0.0],[0.0,-0.0010924119268646982,0.08397847187688122,0.09136687697381667,0.0,-0.002040603874902048,0.0,0.0],[0.0,0.0010936079860977492,-0.07580242543733973,-0.13800009961003987,0.0,0.004652098956585941,0.0,0.0],[0.0,0.0,0.0,-0.4476836163778124,0.0025792756479510416,0.0,0.00287513540585623,0.0],[0.0,0.0,0.0,0.0073157529176848275,-0.0025732030215443397,0.018525915357741292,-0.002573318527846479,0.0],[0.0,0.0,0.0,0.0,0.002579846197940842,-0.018342797200199202,0.002709412502501164,0.0],[0.0,0.0,0.0,0.0,0.0,0.0,-0.0017210217660117702,0.004117229248767254],[0.0,0.0,0.0,0.0,0.0,0.0,0.0013872742411164985,-0.004100297069361444]]}