{"din_name":"flux_level04550.json","din_kind":"RELATIVE","din_start":600.0000224060776,"din_end":660.0000373513145,"din_rules":["Interventions","r1","r1_rev","r2","r3","r4","r5","r6"],"din_hits":[0,35544,35536,1295,717048,715750,983250,983234],"din_fluxs":[[0.0,0.0,0.0,0.0,0.0,0.0,0.0,0.0],[0.0,-0.001092517998549285,0.08341089049154607,0.12724555623035938,0.0,-0.002021699606923066,0.0,0.0],[0.0,0.0010937151667763491,-0.07530782376311382,-0.14203499995630484,0.0,0.002904120788032878,0.0,0.0],[0.0,0.0,0.0,-0.3292928686098441,0.004172237271845261,0.0,0.006143840160394075,0.0],[0.0,0.0,0.0,0.0036151571216688355,-0.004150860780084874,0.007845886133511094,-0.004153466160069797,0.0],[0.0,0.0,0.0,0.0,0.004168180565116837,-0.00784163168455774,0.005745669850374571,0.0],[0.0,0.0,0.0,0.0,0.0,0.0,-0.0034976219904012443,0.0034572475202401974],[0.0,0.0,0.0,0.0,0.0,0.0,0.0023682014493156007,-0.003445308227337825]]}