{"din_name":"flux_level02300.json","din_kind":"RELATIVE","din_start":600.0000033848552,"din_end":660.0000007467229,"din_rules":["Interventions","r1","r1_rev","r2","r3","r4","r5","r6"],"din_hits":[0,3740,3703,78557,3943517,3864939,114467,114477],"din_fluxs":[[0.0,0.0,0.0,0.0,0.0,0.0,0.0,0.0],[0.0,-0.0011098155980534046,0.03594758329568322,0.036600344695637464,0.0,-0.00199405658180658,0.0,0.0],[0.0,0.001111171490014705,-0.03341559163314806,-0.06451061521036615,0.0,0.004319933506883054,0.0,0.0],[0.0,0.0,0.0,-0.24123907992599253,0.0026430067522638097,0.0,0.004544116432576344,0.0],[0.0,0.0,0.0,0.0065348790129525405,-0.002636116506961668,0.017444629307939632,-0.002633170008649378,0.0],[0.0,0.0,0.0,0.0,0.0026430879456849537,-0.01748889995399974,0.0029198677157452817,0.0],[0.0,0.0,0.0,0.0,0.0,0.0,-0.031316371134305035,0.0010461761471087766],[0.0,0.0,0.0,0.0,0.0,0.0,0.02454271693549183,-0.0010450827950989343]]}