{"din_name":"flux_level13960.json","din_kind":"RELATIVE","din_start":600.000016422583,"din_end":660.0000555450459,"din_rules":["Interventions","r1","r1_rev","r2","r3","r4","r5","r6"],"din_hits":[0,457445,457356,63378,984556,921175,195705,195713],"din_fluxs":[[0.0,0.0,0.0,0.0,0.0,0.0,0.0,0.0],[0.0,-0.0011762634776674964,0.011665718542765527,0.019534401365372937,0.0,-0.0021892578244112446,0.0,0.0],[0.0,0.0011776586154978804,-0.011337062625588491,-0.0223154348437551,0.0,0.002668418015924578,0.0,0.0],[0.0,0.0,0.0,-0.11213744081432594,0.002955976980582263,0.0,0.0030423005312144942,0.0],[0.0,0.0,0.0,0.009943641465559429,-0.0029476312301034407,0.012885620539483018,-0.002947811654829236,0.0],[0.0,0.0,0.0,0.0,0.002956376114605814,-0.01381247994976557,0.003033352033227458,0.0],[0.0,0.0,0.0,0.0,0.0,0.0,-0.0015936019918766032,0.015072068327058537],[0.0,0.0,0.0,0.0,0.0,0.0,0.00120916682306906,-0.014845173706708289]]}