{"din_name":"flux_level00067.json","din_kind":"RELATIVE","din_start":600.0000345363411,"din_end":660.0000054640791,"din_rules":["Interventions","r1","r1_rev","r2","r3","r4","r5","r6"],"din_hits":[0,3471,3447,15155,1241549,1226399,632807,632811],"din_fluxs":[[0.0,0.0,0.0,0.0,0.0,0.0,0.0,0.0],[0.0,-0.0011032514652616148,0.04618015455691093,0.046637440655463755,0.0,-0.0020732435699878414,0.0,0.0],[0.0,0.0011045572629287204,-0.04236061028274923,-0.0805355765460376,0.0,0.004166150680154824,0.0,0.0],[0.0,0.0,0.0,-0.23541433608358478,0.002928022838806688,0.0,0.007884601550715407,0.0],[0.0,0.0,0.0,0.00395257532405801,-0.0029208827605570068,0.013246739368494827,-0.002919929216204433,0.0],[0.0,0.0,0.0,0.0,0.002929461495931523,-0.013238316182984168,0.0042805052316362835,0.0],[0.0,0.0,0.0,0.0,0.0,0.0,-0.009070892167699436,0.0012311825620093155],[0.0,0.0,0.0,0.0,0.0,0.0,0.006465364885466433,-0.0012296682675414612]]}