{"din_name":"flux_level04269.json","din_kind":"RELATIVE","din_start":600.0000002262177,"din_end":660.0000084997847,"din_rules":["Interventions","r1","r1_rev","r2","r3","r4","r5","r6"],"din_hits":[0,89695,89678,17945,3125093,3107125,224671,224699],"din_fluxs":[[0.0,0.0,0.0,0.0,0.0,0.0,0.0,0.0],[0.0,-0.001095960232738796,0.0655568822280945,0.07165662210391339,0.0,-0.0020211860330886706,0.0,0.0],[0.0,0.001097164374919361,-0.06033752705384818,-0.11350183235377694,0.0,0.004131920540181707,0.0,0.0],[0.0,0.0,0.0,-0.34146330482761067,0.002822234920184928,0.0,0.002892711720557206,0.0],[0.0,0.0,0.0,0.0051408044016915235,-0.002814022117035747,0.014266977931847977,-0.0028138148991257664,0.0],[0.0,0.0,0.0,0.0,0.0028219660429842663,-0.014205139249927562,0.0028516921367286066,0.0],[0.0,0.0,0.0,0.0,0.0,0.0,-0.0015502619435354245,0.011300950871073889],[0.0,0.0,0.0,0.0,0.0,0.0,0.001139231705818187,-0.011173374112645892]]}