{"din_name":"flux_level05876.json","din_kind":"RELATIVE","din_start":600.0000028112029,"din_end":660.0000101492572,"din_rules":["Interventions","r1","r1_rev","r2","r3","r4","r5","r6"],"din_hits":[0,249224,249062,6206,41049,34825,2111884,2111851],"din_fluxs":[[0.0,0.0,0.0,0.0,0.0,0.0,0.0,0.0],[0.0,-0.0012683029393952135,0.006473496349978398,0.012995450671903877,0.0,-0.0023672132638094703,0.0,0.0],[0.0,0.0012699780342854694,-0.006309727638583809,-0.012458671997530143,0.0,0.0024057612162055567,0.0,0.0],[0.0,0.0,0.0,-0.09094492867869571,0.0027219288793743595,0.0,0.005120290623059578,0.0],[0.0,0.0,0.0,0.015647818178570735,-0.0027151978923731744,0.015368212179757009,-0.00271848881412735,0.0],[0.0,0.0,0.0,0.0,0.0027227459111727457,-0.017912675286928914,0.005127216742924322,0.0],[0.0,0.0,0.0,0.0,0.0,0.0,-0.00261723462150879,0.0027787791923944583],[0.0,0.0,0.0,0.0,0.0,0.0,0.002577634078558594,-0.0027710654018494357]]}