{"din_name":"flux_level10332.json","din_kind":"RELATIVE","din_start":600.0000729147658,"din_end":660.0000285739319,"din_rules":["Interventions","r1","r1_rev","r2","r3","r4","r5","r6"],"din_hits":[0,10810,10743,17631,613854,596236,289673,289641],"din_fluxs":[[0.0,0.0,0.0,0.0,0.0,0.0,0.0,0.0],[0.0,-0.0011431364048341106,0.01757199594219874,0.028701193929439605,0.0,-0.0020949304676833856,0.0,0.0],[0.0,0.0011446285244537794,-0.01667146610890774,-0.0331430893648347,0.0,0.00258323827777554,0.0,0.0],[0.0,0.0,0.0,-0.07421459974312419,0.007289347030375735,0.0,0.0111825615874121,0.0],[0.0,0.0,0.0,0.0024185358912401094,-0.007236286820175632,0.005795700848488958,-0.00724613341164114,0.0],[0.0,0.0,0.0,0.0,0.007289243439350906,-0.005940312705814039,0.009418979080698931,0.0],[0.0,0.0,0.0,0.0,0.0,0.0,-0.00702491223253801,0.002698682856232318],[0.0,0.0,0.0,0.0,0.0,0.0,0.0025498111459624612,-0.0026914139109288984]]}