{"din_name":"flux_level13693.json","din_kind":"RELATIVE","din_start":600.0000182392248,"din_end":660.0000017047317,"din_rules":["Interventions","r1","r1_rev","r2","r3","r4","r5","r6"],"din_hits":[0,9889,9872,5760,2872601,2866829,1335554,1335538],"din_fluxs":[[0.0,0.0,0.0,0.0,0.0,0.0,0.0,0.0],[0.0,-0.0010900230724454772,0.104019995136815,0.12404175581792967,0.0,-0.0020280245814057953,0.0,0.0],[0.0,0.00109121752352452,-0.0917015858182318,-0.17190639456729087,0.0,0.0036419736451452265,0.0,0.0],[0.0,0.0,0.0,-0.34187887939380623,0.003929604654709032,0.0,0.006645643200454856,0.0],[0.0,0.0,0.0,0.0014343198569518945,-0.003917458577257877,0.008352234585167604,-0.003919968163877292,0.0],[0.0,0.0,0.0,0.0,0.00393289191198202,-0.008304929416908059,0.004762197117843434,0.0],[0.0,0.0,0.0,0.0,0.0,0.0,-0.004057387827355397,0.002150947381415848],[0.0,0.0,0.0,0.0,0.0,0.0,0.0023095142550824065,-0.0021463258669435874]]}