{"din_name":"flux_level06824.json","din_kind":"RELATIVE","din_start":600.0000014610198,"din_end":660.0000142191207,"din_rules":["Interventions","r1","r1_rev","r2","r3","r4","r5","r6"],"din_hits":[0,563470,563369,222524,2303149,2080618,838834,838874],"din_fluxs":[[0.0,0.0,0.0,0.0,0.0,0.0,0.0,0.0],[0.0,-0.001201260241034315,0.009467360744079514,0.01606479867847986,0.0,-0.002235505215642514,0.0,0.0],[0.0,0.0012027174328369944,-0.009220188490294391,-0.018124669728423585,0.0,0.002719441304499377,0.0,0.0],[0.0,0.0,0.0,-0.12594893015616815,0.002616223273049601,0.0,0.003329568910307728,0.0],[0.0,0.0,0.0,0.014527866358669882,-0.002609539745754438,0.01780320151919289,-0.0026118208781308887,0.0],[0.0,0.0,0.0,0.0,0.0026163852947649366,-0.01945208042308688,0.003195289849652068,0.0],[0.0,0.0,0.0,0.0,0.0,0.0,-0.0069610778881679285,0.001246971541863705],[0.0,0.0,0.0,0.0,0.0,0.0,0.005435033128621877,-0.0012454183600901017]]}