{"din_name":"flux_level13006.json","din_kind":"RELATIVE","din_start":600.000000809648,"din_end":660.0000023546324,"din_rules":["Interventions","r1","r1_rev","r2","r3","r4","r5","r6"],"din_hits":[0,169159,169128,41964,2772905,2730937,844144,844149],"din_fluxs":[[0.0,0.0,0.0,0.0,0.0,0.0,0.0,0.0],[0.0,-0.001111075325205296,0.03406301153153676,0.04096451770983838,0.0,-0.0020616140363531885,0.0,0.0],[0.0,0.001112314286372233,-0.032381064916042486,-0.062347434388149235,0.0,0.003612172827675882,0.0,0.0],[0.0,0.0,0.0,-0.2254950431747196,0.0028524805967482026,0.0,0.0031938841605719565,0.0],[0.0,0.0,0.0,0.0061987380312444815,-0.0028452148198684383,0.014013085855262182,-0.0028450504985243646,0.0],[0.0,0.0,0.0,0.0,0.002853350392144095,-0.014121777261407228,0.003041246599196401,0.0],[0.0,0.0,0.0,0.0,0.0,0.0,-0.0022626870705520323,0.0027956565465910334],[0.0,0.0,0.0,0.0,0.0,0.0,0.0016512495351301934,-0.002787848343398743]]}