{"din_name":"flux_level13545.json","din_kind":"RELATIVE","din_start":600.0000615041597,"din_end":660.0000048341656,"din_rules":["Interventions","r1","r1_rev","r2","r3","r4","r5","r6"],"din_hits":[0,349259,349189,28684,589567,560893,863630,863658],"din_fluxs":[[0.0,0.0,0.0,0.0,0.0,0.0,0.0,0.0],[0.0,-0.001164061365403141,0.013217010965736364,0.02246514393751379,0.0,-0.002169392927572713,0.0,0.0],[0.0,0.0011654278648091224,-0.012823864037947032,-0.02531880455493231,0.0,0.0026094749166179374,0.0,0.0],[0.0,0.0,0.0,-0.1112723351705142,0.0031816596909372747,0.0,0.003867736851114403,0.0],[0.0,0.0,0.0,0.008633866533516542,-0.0031709097688801618,0.011168388228987969,-0.00316803008473117,0.0],[0.0,0.0,0.0,0.0,0.0031809698044358904,-0.011865628172361758,0.003821066528810366,0.0],[0.0,0.0,0.0,0.0,0.0,0.0,-0.0021525420541746556,0.004815979528010621],[0.0,0.0,0.0,0.0,0.0,0.0,0.0017187033670253951,-0.004792805209050534]]}