{"din_name":"flux_level03691.json","din_kind":"RELATIVE","din_start":600.0000045820734,"din_end":660.0000030013017,"din_rules":["Interventions","r1","r1_rev","r2","r3","r4","r5","r6"],"din_hits":[0,155687,155658,62572,3867063,3804486,1999652,1999636],"din_fluxs":[[0.0,0.0,0.0,0.0,0.0,0.0,0.0,0.0],[0.0,-0.0011087353780107514,0.03670479948074875,0.04011338224368266,0.0,-0.002048618905929806,0.0,0.0],[0.0,0.0011099689408749227,-0.03480195344371943,-0.06692719684477903,0.0,0.004052832308267714,0.0,0.0],[0.0,0.0,0.0,-0.26424899467718777,0.002635725803237472,0.0,0.003351468543937663,0.0],[0.0,0.0,0.0,0.007317495093132684,-0.002629161529504866,0.017477422045232047,-0.0026294753956325793,0.0],[0.0,0.0,0.0,0.0,0.002636100833320035,-0.017533361852089726,0.0029430977544916,0.0],[0.0,0.0,0.0,0.0,0.0,0.0,-0.0027331492092199775,0.0019849869918152816],[0.0,0.0,0.0,0.0,0.0,0.0,0.0021429145526984084,-0.0019810509447049]]}