{"din_name":"flux_level13170.json","din_kind":"RELATIVE","din_start":600.0000113804446,"din_end":660.0000131885636,"din_rules":["Interventions","r1","r1_rev","r2","r3","r4","r5","r6"],"din_hits":[0,10081,10070,11051,2004426,1993371,392701,392717],"din_fluxs":[[0.0,0.0,0.0,0.0,0.0,0.0,0.0,0.0],[0.0,-0.0010917938627747366,0.08891415742180274,0.07395874367207673,0.0,-0.0019390650840746954,0.0,0.0],[0.0,0.0010929956626890515,-0.07962765923960534,-0.14599797630762434,0.0,0.005296185941930674,0.0,0.0],[0.0,0.0,0.0,-0.40393074935582685,0.0026284660052802796,0.0,0.0028612715660234255,0.0],[0.0,0.0,0.0,0.004706024634136983,-0.0026226687382397513,0.017460550134807337,-0.002622102938397665,0.0],[0.0,0.0,0.0,0.0,0.002629573775383918,-0.017269769368342652,0.0026910482102525325,0.0],[0.0,0.0,0.0,0.0,0.0,0.0,-0.0015241947502350848,0.007491870289540187],[0.0,0.0,0.0,0.0,0.0,0.0,0.0012083390725090577,-0.007435793322120007]]}