{"din_name":"flux_level05164.json","din_kind":"RELATIVE","din_start":600.0000127973638,"din_end":660.0000119041923,"din_rules":["Interventions","r1","r1_rev","r2","r3","r4","r5","r6"],"din_hits":[0,239752,239700,99364,2976955,2877576,659077,659100],"din_fluxs":[[0.0,0.0,0.0,0.0,0.0,0.0,0.0,0.0],[0.0,-0.0011298547697407163,0.021571646396791287,0.027297261048164826,0.0,-0.0020928510338926822,0.0,0.0],[0.0,0.001131138123081471,-0.020762677903674833,-0.04028540505959716,0.0,0.0034927494135147804,0.0,0.0],[0.0,0.0,0.0,-0.2004815309760433,0.0026139221262455547,0.0,0.0028019549087954718,0.0],[0.0,0.0,0.0,0.009673239347715246,-0.0026075669480516953,0.018046217396752315,-0.0026060616105123484,0.0],[0.0,0.0,0.0,0.0,0.002614402871950881,-0.018439205598295746,0.0027068414206148222,0.0],[0.0,0.0,0.0,0.0,0.0,0.0,-0.0019520811725620196,0.003074355276044532],[0.0,0.0,0.0,0.0,0.0,0.0,0.001525364587889313,-0.003064911959687941]]}