{"din_name":"flux_level05009.json","din_kind":"RELATIVE","din_start":600.0000007062422,"din_end":660.0000072648764,"din_rules":["Interventions","r1","r1_rev","r2","r3","r4","r5","r6"],"din_hits":[0,69338,69312,76184,4373740,4297562,1628799,1628778],"din_fluxs":[[0.0,0.0,0.0,0.0,0.0,0.0,0.0,0.0],[0.0,-0.0011076548793051242,0.03812051444174827,0.03923921012063268,0.0,-0.002062013452959102,0.0,0.0],[0.0,0.0011088891353590014,-0.03606685075336833,-0.06893678520716823,0.0,0.004328389454812606,0.0,0.0],[0.0,0.0,0.0,-0.26960634142292833,0.002590906110140394,0.0,0.0030009597584064692,0.0],[0.0,0.0,0.0,0.007132550237452881,-0.0025849044558503413,0.018556241736158042,-0.002584157933853687,0.0],[0.0,0.0,0.0,0.0,0.0025916181183388443,-0.018569395767537994,0.0027328097527658654,0.0],[0.0,0.0,0.0,0.0,0.0,0.0,-0.0019078494669672909,0.0032019053246489437],[0.0,0.0,0.0,0.0,0.0,0.0,0.0015226131250534233,-0.0031916629423689126]]}