{"din_name":"flux_level08814.json","din_kind":"RELATIVE","din_start":600.0000044721652,"din_end":660.0001047696544,"din_rules":["Interventions","r1","r1_rev","r2","r3","r4","r5","r6"],"din_hits":[0,167,156,651,129821,129151,276580,276572],"din_fluxs":[[0.0,0.0,0.0,0.0,0.0,0.0,0.0,0.0],[0.0,-0.0010910310518919396,0.10034815065343937,0.10334836513607219,0.0,-0.0024221659276258078,0.0,0.0],[0.0,0.0010927155306002432,-0.07925267421203944,-0.1442998115805367,0.0,0.005144061108242855,0.0,0.0],[0.0,0.0,0.0,-0.37424236938079763,0.0027543427889026896,0.0,0.0030386309745060167,0.0],[0.0,0.0,0.0,0.0034809521688416987,-0.0027505247985487465,0.015179411620082824,-0.002748949166416024,0.0],[0.0,0.0,0.0,0.0,0.0027581303557943234,-0.015029546794583463,0.003001555188135858,0.0],[0.0,0.0,0.0,0.0,0.0,0.0,-0.001530974672946217,0.012674814168339266],[0.0,0.0,0.0,0.0,0.0,0.0,0.0014185807894255326,-0.012514305930222708]]}