{"din_name":"flux_level06621.json","din_kind":"RELATIVE","din_start":600.000034543728,"din_end":660.0000440993783,"din_rules":["Interventions","r1","r1_rev","r2","r3","r4","r5","r6"],"din_hits":[0,452097,452013,12512,195605,183082,510425,510447],"din_fluxs":[[0.0,0.0,0.0,0.0,0.0,0.0,0.0,0.0],[0.0,-0.0011882009289366088,0.010490411433283862,0.019755338953740372,0.0,-0.0022087614589688157,0.0,0.0],[0.0,0.0011896266685474965,-0.010204935115493932,-0.020105514617699487,0.0,0.002403816810797105,0.0,0.0],[0.0,0.0,0.0,-0.11048002552545104,0.002975841855650223,0.0,0.00980691822869344,0.0],[0.0,0.0,0.0,0.011568419960426112,-0.0029668647105044374,0.012513407957015077,-0.0029348269916875886,0.0],[0.0,0.0,0.0,0.0,0.0029756917785490077,-0.013629459943078157,0.009701655583363103,0.0],[0.0,0.0,0.0,0.0,0.0,0.0,-0.010747892091983837,0.001315349020168573],[0.0,0.0,0.0,0.0,0.0,0.0,0.008292192807594082,-0.0013136197906963947]]}