{"din_name":"flux_level04429.json","din_kind":"RELATIVE","din_start":600.0000187317547,"din_end":660.0000588550828,"din_rules":["Interventions","r1","r1_rev","r2","r3","r4","r5","r6"],"din_hits":[0,32076,32058,25830,2013265,1987440,143095,143050],"din_fluxs":[[0.0,0.0,0.0,0.0,0.0,0.0,0.0,0.0],[0.0,-0.001102348723638691,0.04691887734196917,0.04638257366792482,0.0,-0.0020461808286825096,0.0,0.0],[0.0,0.001103573535863475,-0.043982839121184336,-0.08404318011371621,0.0,0.0045394159059843975,0.0,0.0],[0.0,0.0,0.0,-0.2995723723009047,0.002604746438277666,0.0,0.002786481584063996,0.0],[0.0,0.0,0.0,0.006425239662070963,-0.0025984904558271943,0.018160282453544153,-0.0025961725670025993,0.0],[0.0,0.0,0.0,0.0,0.0026052692472441647,-0.01810185390673843,0.002637771369600358,0.0],[0.0,0.0,0.0,0.0,0.0,0.0,-0.0021391803749366725,0.002567381666328657],[0.0,0.0,0.0,0.0,0.0,0.0,0.0016582564583001427,-0.002560793752492121]]}