{"din_name":"flux_level05952.json","din_kind":"RELATIVE","din_start":600.0000134006601,"din_end":660.0000009867334,"din_rules":["Interventions","r1","r1_rev","r2","r3","r4","r5","r6"],"din_hits":[0,58584,58574,2073,761940,759870,394904,394889],"din_fluxs":[[0.0,0.0,0.0,0.0,0.0,0.0,0.0,0.0],[0.0,-0.0010932197128036547,0.07904225470637184,0.1161086665626144,0.0,-0.0020196254954083083,0.0,0.0],[0.0,0.001094417819531324,-0.07168620583233137,-0.13062267265611088,0.0,0.0033912979388859795,0.0,0.0],[0.0,0.0,0.0,-0.4318958159480048,0.0028524800134492475,0.0,0.004143251227064219,0.0],[0.0,0.0,0.0,0.008182724738761334,-0.0028394196646448987,0.01381130183594262,-0.002849449000708397,0.0],[0.0,0.0,0.0,0.0,0.002847495445109682,-0.01376188093071217,0.003736653307130762,0.0],[0.0,0.0,0.0,0.0,0.0,0.0,-0.006040064309912658,0.0013470390752843048],[0.0,0.0,0.0,0.0,0.0,0.0,0.004407638056512635,-0.001345226953046551]]}