{"din_name":"flux_level07937.json","din_kind":"RELATIVE","din_start":600.0000606837402,"din_end":660.0000136726986,"din_rules":["Interventions","r1","r1_rev","r2","r3","r4","r5","r6"],"din_hits":[0,57665,57636,12290,1505246,1492963,20234,20228],"din_fluxs":[[0.0,0.0,0.0,0.0,0.0,0.0,0.0,0.0],[0.0,-0.0011001020596243867,0.052172543903284435,0.05803358342638636,0.0,-0.0020335134728767606,0.0,0.0],[0.0,0.00110131704490435,-0.048682159665494204,-0.09237815586413801,0.0,0.003977056927093898,0.0,0.0],[0.0,0.0,0.0,-0.30016236279051334,0.002800543839954461,0.0,0.005854587957924013,0.0],[0.0,0.0,0.0,0.005601540202478376,-0.0027918137638391284,0.014600929028321058,-0.0027648173431789567,0.0],[0.0,0.0,0.0,0.0,0.0027996257182501785,-0.014580011349514407,0.009455220339607953,0.0],[0.0,0.0,0.0,0.0,0.0,0.0,-0.1840906325086988,0.0010091809872746224],[0.0,0.0,0.0,0.0,0.0,0.0,0.377347598005381,-0.0010081628325301112]]}