{"din_name":"flux_level01446.json","din_kind":"RELATIVE","din_start":600.0000022409989,"din_end":660.0000052214964,"din_rules":["Interventions","r1","r1_rev","r2","r3","r4","r5","r6"],"din_hits":[0,588523,588424,342106,3929719,3587595,1410200,1410243],"din_fluxs":[[0.0,0.0,0.0,0.0,0.0,0.0,0.0,0.0],[0.0,-0.001193072603626451,0.01008279249377253,0.016711012719016583,0.0,-0.0022230248046534503,0.0,0.0],[0.0,0.0011945082065669954,-0.009813974767688732,-0.019359212263128988,0.0,0.002720421125583673,0.0,0.0],[0.0,0.0,0.0,-0.09498320972248964,0.0030003374120620195,0.0,0.003358964742877873,0.0],[0.0,0.0,0.0,0.009601177360066363,-0.0029916041460146987,0.012558812725865214,-0.0029916013178883875,0.0],[0.0,0.0,0.0,0.0,0.00300061031567716,-0.013648698060402961,0.00327073959383918,0.0],[0.0,0.0,0.0,0.0,0.0,0.0,-0.0025303011252869856,0.0025659463716438454],[0.0,0.0,0.0,0.0,0.0,0.0,0.001772422335055196,-0.0025593664113634546]]}