{"din_name":"flux_level10024.json","din_kind":"RELATIVE","din_start":600.0000013150349,"din_end":660.0000060539846,"din_rules":["Interventions","r1","r1_rev","r2","r3","r4","r5","r6"],"din_hits":[0,27919,27914,2497,2223543,2221022,820286,820259],"din_fluxs":[[0.0,0.0,0.0,0.0,0.0,0.0,0.0,0.0],[0.0,-0.001089199068631183,0.11537005621934697,0.1673653644005321,0.0,-0.002007244404482757,0.0,0.0],[0.0,0.0010903881970215456,-0.09925658068606524,-0.18614552125336453,0.0,0.0029555545385513307,0.0,0.0],[0.0,0.0,0.0,-0.3579014085185117,0.005190649614012353,0.0,0.00728266410280925,0.0],[0.0,0.0,0.0,0.0016541588340781969,-0.005164940483903378,0.006632113320475445,-0.005164258700486614,0.0],[0.0,0.0,0.0,0.0,0.005191820979487846,-0.006607456072099745,0.006192255155076978,0.0],[0.0,0.0,0.0,0.0,0.0,0.0,-0.004827773009858573,0.00249571190198994],[0.0,0.0,0.0,0.0,0.0,0.0,0.0021743552386505743,-0.0024894843294403263]]}