{"din_name":"flux_level12008.json","din_kind":"RELATIVE","din_start":600.0000031621223,"din_end":660.0000008719344,"din_rules":["Interventions","r1","r1_rev","r2","r3","r4","r5","r6"],"din_hits":[0,40636,40618,11249,3085626,3074373,603288,603266],"din_fluxs":[[0.0,0.0,0.0,0.0,0.0,0.0,0.0,0.0],[0.0,-0.00109101614873626,0.09463293801350742,0.0949274497628559,0.0,-0.0020153397724121903,0.0,0.0],[0.0,0.001092209274737328,-0.08440993059737475,-0.15502957347677387,0.0,0.0046214785625947625,0.0,0.0],[0.0,0.0,0.0,-0.40759258423004585,0.002793553678868646,0.0,0.0030704641710378685,0.0],[0.0,0.0,0.0,0.004269103489915187,-0.002787115662420519,0.014578395354424574,-0.002787130065013545,0.0],[0.0,0.0,0.0,0.0,0.0027949140816791724,-0.014453671924145569,0.0028873570663049348,0.0],[0.0,0.0,0.0,0.0,0.0,0.0,-0.0018110848248879547,0.0045021968041644425],[0.0,0.0,0.0,0.0,0.0,0.0,0.0013448706533311452,-0.004481953585129248]]}