{"din_name":"flux_level05563.json","din_kind":"RELATIVE","din_start":600.0000147606828,"din_end":660.0000017403343,"din_rules":["Interventions","r1","r1_rev","r2","r3","r4","r5","r6"],"din_hits":[0,40362,40351,15390,3991081,3975689,122557,122559],"din_fluxs":[[0.0,0.0,0.0,0.0,0.0,0.0,0.0,0.0],[0.0,-0.0010894809136900317,0.11724174428624104,0.10500886667591727,0.0,-0.002024492003170337,0.0,0.0],[0.0,0.0010906706694706137,-0.097025297412502,-0.17375637529630858,0.0,0.0054423973517970506,0.0,0.0],[0.0,0.0,0.0,-0.4834841086364001,0.0025593589333437073,0.0,0.0032481740185680763,0.0],[0.0,0.0,0.0,0.00601586631488328,-0.002552982566205516,0.019067526110976955,-0.0025510800609540025,0.0],[0.0,0.0,0.0,0.0,0.0025595196534424357,-0.018813957951263064,0.0027304826894931746,0.0],[0.0,0.0,0.0,0.0,0.0,0.0,-0.018859379880209037,0.0010746658989617657],[0.0,0.0,0.0,0.0,0.0,0.0,0.015063288470065913,-0.0010735122247203194]]}