{"din_name":"flux_level09975.json","din_kind":"RELATIVE","din_start":600.0000157990585,"din_end":660.0000389677292,"din_rules":["Interventions","r1","r1_rev","r2","r3","r4","r5","r6"],"din_hits":[0,166153,166053,20655,353506,332851,150446,150475],"din_fluxs":[[0.0,0.0,0.0,0.0,0.0,0.0,0.0,0.0],[0.0,-0.0011868616193285145,0.010624101695256138,0.020261804191994883,0.0,-0.0022158955267614078,0.0,0.0],[0.0,0.0011883049724801852,-0.01031862487907121,-0.020478067581597866,0.0,0.0023023195165094703,0.0,0.0],[0.0,0.0,0.0,-0.04347673332059325,0.020022085885710705,0.0,0.027323063780423137,0.0],[0.0,0.0,0.0,0.0029962344892312865,-0.019638111805772997,0.004638992602207595,-0.019667667543046025,0.0],[0.0,0.0,0.0,0.0,0.02003945979145093,-0.004942891102108321,0.026654870779234823,0.0],[0.0,0.0,0.0,0.0,0.0,0.0,-0.01753831928938352,0.00360187363788071],[0.0,0.0,0.0,0.0,0.0,0.0,0.0028752769685268863,-0.00358887108051121]]}