{"din_name":"flux_level05296.json","din_kind":"RELATIVE","din_start":600.000003480662,"din_end":660.0000254762618,"din_rules":["Interventions","r1","r1_rev","r2","r3","r4","r5","r6"],"din_hits":[0,36694,36684,2068,761038,758976,176361,176362],"din_fluxs":[[0.0,0.0,0.0,0.0,0.0,0.0,0.0,0.0],[0.0,-0.0010915939569202276,0.09035446518186951,0.12116383417262955,0.0,-0.0020569779663143412,0.0,0.0],[0.0,0.0010927890480472622,-0.0809191170698218,-0.1476122939012129,0.0,0.003822383674262803,0.0,0.0],[0.0,0.0,0.0,-0.45381310171252626,0.0027900137212907333,0.0,0.0028940876399053887,0.0],[0.0,0.0,0.0,0.007454698105563588,-0.0027817127824103,0.014557019604525085,-0.002781727510314866,0.0],[0.0,0.0,0.0,0.0,0.002789474413859358,-0.014468919261847268,0.0028538734656724765,0.0],[0.0,0.0,0.0,0.0,0.0,0.0,-0.001470282410626659,0.02137707470228607],[0.0,0.0,0.0,0.0,0.0,0.0,0.0011955054850338752,-0.020920281764919495]]}