{"din_name":"flux_level03358.json","din_kind":"RELATIVE","din_start":600.0000028684484,"din_end":660.000000023522,"din_rules":["Interventions","r1","r1_rev","r2","r3","r4","r5","r6"],"din_hits":[0,137180,137152,41303,3132747,3091433,668020,668010],"din_fluxs":[[0.0,0.0,0.0,0.0,0.0,0.0,0.0,0.0],[0.0,-0.0011049346815243835,0.042154148920719905,0.045777972487593625,0.0,-0.0020480924034733264,0.0,0.0],[0.0,0.0011061594171486912,-0.039753920666067435,-0.07542786530721342,0.0,0.004136867534512341,0.0,0.0],[0.0,0.0,0.0,-0.29878831282744894,0.0025985510528272293,0.0,0.0032948877534573176,0.0],[0.0,0.0,0.0,0.007585312649259203,-0.0025920250955506824,0.018266851426392804,-0.0025937249685514647,0.0],[0.0,0.0,0.0,0.0,0.002598766142294383,-0.018263036952706667,0.002889023293467725,0.0],[0.0,0.0,0.0,0.0,0.0,0.0,-0.005866657106766047,0.0012948260809067884],[0.0,0.0,0.0,0.0,0.0,0.0,0.004581561630887148,-0.0012931511167931706]]}