{"din_name":"flux_level09295.json","din_kind":"RELATIVE","din_start":600.000004728116,"din_end":660.0000028609925,"din_rules":["Interventions","r1","r1_rev","r2","r3","r4","r5","r6"],"din_hits":[0,40681,40665,27081,3637540,3610449,588481,588472],"din_fluxs":[[0.0,0.0,0.0,0.0,0.0,0.0,0.0,0.0],[0.0,-0.001095344215527248,0.06917212142322247,0.06340665214134562,0.0,-0.002037691323897159,0.0,0.0],[0.0,0.001096548768873826,-0.06253032814131003,-0.11651584265891611,0.0,0.004898517476584021,0.0,0.0],[0.0,0.0,0.0,-0.35885599857881695,0.0026315545295944494,0.0,0.003981510563684989,0.0],[0.0,0.0,0.0,0.005306195065672367,-0.002625177996915129,0.01745212077864372,-0.0026219714426390125,0.0],[0.0,0.0,0.0,0.0,0.002632094264763331,-0.01730941866026757,0.0029118812757340396,0.0],[0.0,0.0,0.0,0.0,0.0,0.0,-0.0072403636008034206,0.001230430327310101],[0.0,0.0,0.0,0.0,0.0,0.0,0.0055953597469793805,-0.0012289175902247922]]}