{"din_name":"flux_level02408.json","din_kind":"RELATIVE","din_start":600.000031421205,"din_end":660.0000031975425,"din_rules":["Interventions","r1","r1_rev","r2","r3","r4","r5","r6"],"din_hits":[0,17305,17297,1333,326972,325635,695520,695520],"din_fluxs":[[0.0,0.0,0.0,0.0,0.0,0.0,0.0,0.0],[0.0,-0.0010942870882556654,0.07325683649932274,0.09088639053031687,0.0,-0.0020464743890085926,0.0,0.0],[0.0,0.0010954913297747107,-0.06678833122173625,-0.1219165069221062,0.0,0.00387840458324865,0.0,0.0],[0.0,0.0,0.0,-0.41260034889898994,0.002718317303448977,0.0,0.0034782657526346615,0.0],[0.0,0.0,0.0,0.007305036009225386,-0.0027113042708579427,0.015662473095424095,-0.0027139238277256277,0.0],[0.0,0.0,0.0,0.0,0.002718679804793827,-0.015576683268242362,0.0032734827617858495,0.0],[0.0,0.0,0.0,0.0,0.0,0.0,-0.0018636189923481516,0.004303582390179869],[0.0,0.0,0.0,0.0,0.0,0.0,0.0016081719475230483,-0.004285079611625864]]}