{"din_name":"flux_level11028.json","din_kind":"RELATIVE","din_start":600.0000074682989,"din_end":660.0000046330175,"din_rules":["Interventions","r1","r1_rev","r2","r3","r4","r5","r6"],"din_hits":[0,280562,280506,182666,3393111,3210427,1716537,1716527],"din_fluxs":[[0.0,0.0,0.0,0.0,0.0,0.0,0.0,0.0],[0.0,-0.0011509912218777773,0.015463744496436269,0.021331687652640745,0.0,-0.002126533130627807,0.0,0.0],[0.0,0.0011523262717721382,-0.014969425072555323,-0.029118287034924282,0.0,0.003211772303224644,0.0,0.0],[0.0,0.0,0.0,-0.16864604678965858,0.0025870566722166893,0.0,0.003151380345880749,0.0],[0.0,0.0,0.0,0.011659997509564526,-0.0025805893155858,0.01872663549121585,-0.0025782077129920624,0.0],[0.0,0.0,0.0,0.0,0.0025872801721159183,-0.019499135016971647,0.0029170771670065884,0.0],[0.0,0.0,0.0,0.0,0.0,0.0,-0.0032058190102383236,0.0017111915496180181],[0.0,0.0,0.0,0.0,0.0,0.0,0.0025453912268172305,-0.0017082666404737736]]}