{"din_name":"flux_level06287.json","din_kind":"RELATIVE","din_start":600.000007886909,"din_end":660.0000081804824,"din_rules":["Interventions","r1","r1_rev","r2","r3","r4","r5","r6"],"din_hits":[0,69755,69738,5850,1907099,1901240,1041940,1041947],"din_fluxs":[[0.0,0.0,0.0,0.0,0.0,0.0,0.0,0.0],[0.0,-0.001092626777621514,0.08424780753805464,0.10383030189796512,0.0,-0.002018038953835651,0.0,0.0],[0.0,0.0010938232743228642,-0.07496918328664785,-0.13807752596483355,0.0,0.003692017031622136,0.0,0.0],[0.0,0.0,0.0,-0.3843257810434146,0.003012619899770602,0.0,0.004085138165534956,0.0],[0.0,0.0,0.0,0.00509935446853361,-0.0030033280934447814,0.012252858273146844,-0.003000955720417217,0.0],[0.0,0.0,0.0,0.0,0.0030123800292099984,-0.01220088019066795,0.003584806225667233,0.0],[0.0,0.0,0.0,0.0,0.0,0.0,-0.0034612927978928372,0.0018606522954695128],[0.0,0.0,0.0,0.0,0.0,0.0,0.002431241214080979,-0.0018571939469521044]]}