{"din_name":"flux_level12621.json","din_kind":"RELATIVE","din_start":600.0000000442612,"din_end":660.0000176146085,"din_rules":["Interventions","r1","r1_rev","r2","r3","r4","r5","r6"],"din_hits":[0,55941,55927,7488,2257855,2250340,2170912,2170949],"din_fluxs":[[0.0,0.0,0.0,0.0,0.0,0.0,0.0,0.0],[0.0,-0.0010908586011358606,0.09677097071065081,0.1084649395140537,0.0,-0.0020183240928140045,0.0,0.0],[0.0,0.0010920512073234767,-0.08601501417725285,-0.15527811523193502,0.0,0.004478801017008628,0.0,0.0],[0.0,0.0,0.0,-0.45575685257771625,0.002683079095130335,0.0,0.0035386230947958694,0.0],[0.0,0.0,0.0,0.006212461253516347,-0.0026761260412551304,0.016271448028135658,-0.00267640958825408,0.0],[0.0,0.0,0.0,0.0,0.0026833101648290965,-0.016121825315554783,0.003118735755461195,0.0],[0.0,0.0,0.0,0.0,0.0,0.0,-0.002226314592868085,0.0026819626544794094],[0.0,0.0,0.0,0.0,0.0,0.0,0.0017804444144686072,-0.0026747782825938754]]}