{"din_name":"flux_level11564.json","din_kind":"RELATIVE","din_start":600.0000236579059,"din_end":660.0000047131327,"din_rules":["Interventions","r1","r1_rev","r2","r3","r4","r5","r6"],"din_hits":[0,3027,3012,21548,3038932,3017395,1896351,1896318],"din_fluxs":[[0.0,0.0,0.0,0.0,0.0,0.0,0.0,0.0],[0.0,-0.0010927449088941113,0.08199550202398954,0.06867528413309096,0.0,-0.0020356915885663294,0.0,0.0],[0.0,0.001093973472361953,-0.07373937847582436,-0.1379554179498871,0.0,0.005740222858148449,0.0,0.0],[0.0,0.0,0.0,-0.39161754970370977,0.0025560487869952173,0.0,0.0036317695462946852,0.0],[0.0,0.0,0.0,0.005175960101887713,-0.0025507163418796008,0.019291746257244564,-0.0025494195596775936,0.0],[0.0,0.0,0.0,0.0,0.0025572495618831604,-0.01906119827876275,0.002824435274363702,0.0],[0.0,0.0,0.0,0.0,0.0,0.0,-0.002279221299630294,0.002350723855571629],[0.0,0.0,0.0,0.0,0.0,0.0,0.0018497287942848392,-0.002345203726169166]]}