{"din_name":"flux_level13293.json","din_kind":"RELATIVE","din_start":600.0000121479587,"din_end":660.0000003240179,"din_rules":["Interventions","r1","r1_rev","r2","r3","r4","r5","r6"],"din_hits":[0,56604,56594,4053,1228743,1224679,2280417,2280460],"din_fluxs":[[0.0,0.0,0.0,0.0,0.0,0.0,0.0,0.0],[0.0,-0.001091626942436057,0.09165939536076222,0.11440777451804232,0.0,-0.002042311403688043,0.0,0.0],[0.0,0.0010928213384305506,-0.08090435840671269,-0.1439265496275938,0.0,0.004209667644476004,0.0,0.0],[0.0,0.0,0.0,-0.48324905457335504,0.0025950726373629262,0.0,0.0036923017031833478,0.0],[0.0,0.0,0.0,0.00884371562602917,-0.002589410021856355,0.01804213861445157,-0.0025901818761665755,0.0],[0.0,0.0,0.0,0.0,0.0025961382110531593,-0.017875563423017354,0.003303397907650151,0.0],[0.0,0.0,0.0,0.0,0.0,0.0,-0.0023365693374145856,0.0024388749459714337],[0.0,0.0,0.0,0.0,0.0,0.0,0.001962733041151519,-0.0024329313852680797]]}