{"din_name":"flux_level07869.json","din_kind":"RELATIVE","din_start":600.000027748712,"din_end":660.000000129129,"din_rules":["Interventions","r1","r1_rev","r2","r3","r4","r5","r6"],"din_hits":[0,18341,18332,705,395179,394472,589378,589403],"din_fluxs":[[0.0,0.0,0.0,0.0,0.0,0.0,0.0,0.0],[0.0,-0.0010901131289382513,0.10330149275834569,0.15063696248948089,0.0,-0.0020334229264740307,0.0,0.0],[0.0,0.00109130626440135,-0.09121621416067582,-0.16520208060430983,0.0,0.0034857047294712556,0.0,0.0],[0.0,0.0,0.0,-0.4640894540664607,0.0030135129881441692,0.0,0.008591059525548549,0.0],[0.0,0.0,0.0,0.006549766416364139,-0.0030047552032889963,0.012181347766254218,-0.002999952688085617,0.0],[0.0,0.0,0.0,0.0,0.0030138170839824857,-0.012121391161662663,0.006796614107231719,0.0],[0.0,0.0,0.0,0.0,0.0,0.0,-0.009077945976024876,0.001308027699724243],[0.0,0.0,0.0,0.0,0.0,0.0,0.006642290292107158,-0.0013063188846833664]]}