{"din_name":"flux_level07691.json","din_kind":"RELATIVE","din_start":600.0000146731051,"din_end":660.0000001193639,"din_rules":["Interventions","r1","r1_rev","r2","r3","r4","r5","r6"],"din_hits":[0,41084,41070,1708,789178,787477,1383258,1383280],"din_fluxs":[[0.0,0.0,0.0,0.0,0.0,0.0,0.0,0.0],[0.0,-0.0010914458474158666,0.09562642788728722,0.13016802635333555,0.0,-0.002048143847574236,0.0,0.0],[0.0,0.0010926404164993114,-0.08193987716449765,-0.1484567990068616,0.0,0.003492279013614839,0.0,0.0],[0.0,0.0,0.0,-0.4358933062247268,0.002962132683840067,0.0,0.004052845807151538,0.0],[0.0,0.0,0.0,0.006580984570870872,-0.002953667715183936,0.012638906780842563,-0.0029517375730041488,0.0],[0.0,0.0,0.0,0.0,0.0029624238354694615,-0.012580813187889717,0.003801740865385498,0.0],[0.0,0.0,0.0,0.0,0.0,0.0,-0.0023678558871667713,0.00314454040669012],[0.0,0.0,0.0,0.0,0.0,0.0,0.0018955689889019998,-0.0031346603554236424]]}