{"din_name":"flux_level08233.json","din_kind":"RELATIVE","din_start":600.0000089104086,"din_end":660.0000018320444,"din_rules":["Interventions","r1","r1_rev","r2","r3","r4","r5","r6"],"din_hits":[0,62455,62435,12739,1276127,1263387,1733668,1733677],"din_fluxs":[[0.0,0.0,0.0,0.0,0.0,0.0,0.0,0.0],[0.0,-0.001100950517159932,0.05002135328048579,0.05543360805267754,0.0,-0.0020615715502510113,0.0,0.0],[0.0,0.001102167908486641,-0.04677629819257957,-0.08851509188541867,0.0,0.004275404730247636,0.0,0.0],[0.0,0.0,0.0,-0.3480122822385816,0.0025546085416247124,0.0,0.004144866595247663,0.0],[0.0,0.0,0.0,0.00817177567957774,-0.0025483440946204488,0.019323227442718985,-0.0025472073153582106,0.0],[0.0,0.0,0.0,0.0,0.0025548592841741855,-0.019248709008643478,0.0033729881052939276,0.0],[0.0,0.0,0.0,0.0,0.0,0.0,-0.003352495322299455,0.001689174157096494],[0.0,0.0,0.0,0.0,0.0,0.0,0.0027599363580434705,-0.0016863236898285233]]}