{"din_name":"flux_level08333.json","din_kind":"RELATIVE","din_start":600.0000171776846,"din_end":660.0000151404321,"din_rules":["Interventions","r1","r1_rev","r2","r3","r4","r5","r6"],"din_hits":[0,108319,108291,2123,360534,358390,686957,686937],"din_fluxs":[[0.0,0.0,0.0,0.0,0.0,0.0,0.0,0.0],[0.0,-0.0011044266117275527,0.04298659942555331,0.0722065453345565,0.0,-0.002050162795052597,0.0,0.0],[0.0,0.0011056507505337967,-0.040500438397226154,-0.07610100597973883,0.0,0.002821380841098878,0.0,0.0],[0.0,0.0,0.0,-0.3393521444826155,0.0027972871522534,0.0,0.003753967297524326,0.0],[0.0,0.0,0.0,0.010964991323372662,-0.002787430155132655,0.014453985401011756,-0.0027818604946382684,0.0],[0.0,0.0,0.0,0.0,0.002795214511474813,-0.014554371105278631,0.0036723268044858122,0.0],[0.0,0.0,0.0,0.0,0.0,0.0,-0.0024512886975211067,0.0026321798049790466],[0.0,0.0,0.0,0.0,0.0,0.0,0.001996107208930907,-0.0026252606495921183]]}