{"din_name":"flux_level08907.json","din_kind":"RELATIVE","din_start":600.0000329523155,"din_end":660.0000134826309,"din_rules":["Interventions","r1","r1_rev","r2","r3","r4","r5","r6"],"din_hits":[0,2501,2480,9491,881648,872148,353843,353857],"din_fluxs":[[0.0,0.0,0.0,0.0,0.0,0.0,0.0,0.0],[0.0,-0.0011032482094987552,0.046354629680224954,0.04880720334106864,0.0,-0.0020636759873417948,0.0,0.0],[0.0,0.0011045860296462818,-0.04254860459198811,-0.08097916907494079,0.0,0.003904763681057204,0.0,0.0],[0.0,0.0,0.0,-0.21673418625715393,0.003173425305804815,0.0,0.0033953963429098717,0.0],[0.0,0.0,0.0,0.0031597744330188852,-0.003164135446427974,0.011319893894086814,-0.003163876020829793,0.0],[0.0,0.0,0.0,0.0,0.003174194473867918,-0.011318522955219198,0.003317273594379405,0.0],[0.0,0.0,0.0,0.0,0.0,0.0,-0.001713790206684404,0.016598445935460723],[0.0,0.0,0.0,0.0,0.0,0.0,0.0013590913114321784,-0.016323046692370786]]}