{"din_name":"flux_level10688.json","din_kind":"RELATIVE","din_start":600.0000177647594,"din_end":660.000008955148,"din_rules":["Interventions","r1","r1_rev","r2","r3","r4","r5","r6"],"din_hits":[0,119401,119364,9440,694151,684696,595847,595902],"din_fluxs":[[0.0,0.0,0.0,0.0,0.0,0.0,0.0,0.0],[0.0,-0.0011140558107523716,0.03117207334680449,0.04380503648601621,0.0,-0.0020594551195558712,0.0,0.0],[0.0,0.0011153034808068889,-0.029710912956849193,-0.057546006172261174,0.0,0.003137815448263083,0.0,0.0],[0.0,0.0,0.0,-0.2329225657437116,0.002871163875743896,0.0,0.003602032565343908,0.0],[0.0,0.0,0.0,0.007971119391279469,-0.002862624274587638,0.013700615568726043,-0.0028612901096717663,0.0],[0.0,0.0,0.0,0.0,0.0028708444685725154,-0.013880874783963585,0.0034358836033463276,0.0],[0.0,0.0,0.0,0.0,0.0,0.0,-0.0026384193091716474,0.0023582320942380666],[0.0,0.0,0.0,0.0,0.0,0.0,0.001988094945761743,-0.0023526713780673315]]}