{"din_name":"flux_level12807.json","din_kind":"RELATIVE","din_start":600.000006152537,"din_end":660.0000036890444,"din_rules":["Interventions","r1","r1_rev","r2","r3","r4","r5","r6"],"din_hits":[0,138267,138202,5654,151517,145869,1553486,1553489],"din_fluxs":[[0.0,0.0,0.0,0.0,0.0,0.0,0.0,0.0],[0.0,-0.0011522156853950372,0.015220836165866156,0.026171754728281885,0.0,-0.002141630431623815,0.0,0.0],[0.0,0.0011535635581145368,-0.014724231370701925,-0.02886515080260425,0.0,0.0026226961535388456,0.0,0.0],[0.0,0.0,0.0,-0.16695230481611043,0.0027506282832378847,0.0,0.004558945364133812,0.0],[0.0,0.0,0.0,0.012468160142918737,-0.002742730168514121,0.015183034094253135,-0.002736766943896586,0.0],[0.0,0.0,0.0,0.0,0.0027502626067745723,-0.01595703825114059,0.004494496317174328,0.0],[0.0,0.0,0.0,0.0,0.0,0.0,-0.0024559802732891343,0.0028990464159371443],[0.0,0.0,0.0,0.0,0.0,0.0,0.0022916974786917287,-0.0028906504966204885]]}