{"din_name":"flux_level01956.json","din_kind":"RELATIVE","din_start":600.0000046965964,"din_end":660.0000021329454,"din_rules":["Interventions","r1","r1_rev","r2","r3","r4","r5","r6"],"din_hits":[0,394378,394258,380607,3661068,3280449,196060,196065],"din_fluxs":[[0.0,0.0,0.0,0.0,0.0,0.0,0.0,0.0],[0.0,-0.001207360699360718,0.009070106492055554,0.01548459298567408,0.0,-0.0022523407945803696,0.0,0.0],[0.0,0.0012088396574674624,-0.008832842122411765,-0.01741658881324431,0.0,0.00271172104400707,0.0,0.0],[0.0,0.0,0.0,-0.11147099212256761,0.002697850508290207,0.0,0.0027683741498305673,0.0],[0.0,0.0,0.0,0.013258793209890405,-0.0026905194821200806,0.0161996697440367,-0.0026907726083118502,0.0],[0.0,0.0,0.0,0.0,0.0026977728038376403,-0.017811813817510205,0.002747474555261677,0.0],[0.0,0.0,0.0,0.0,0.0,0.0,-0.0034031973673930363,0.0016610943943267862],[0.0,0.0,0.0,0.0,0.0,0.0,0.002556620839154618,-0.0016583373390351484]]}