{"din_name":"flux_level00144.json","din_kind":"RELATIVE","din_start":600.0000049216737,"din_end":660.0000029741824,"din_rules":["Interventions","r1","r1_rev","r2","r3","r4","r5","r6"],"din_hits":[0,32081,32064,3388,965351,961964,1073677,1073679],"din_fluxs":[[0.0,0.0,0.0,0.0,0.0,0.0,0.0,0.0],[0.0,-0.0010913656171719604,0.09212902720081044,0.10480747746947325,0.0,-0.0020083493526394714,0.0,0.0],[0.0,0.001092560260950675,-0.08233723452526955,-0.1482709432004556,0.0,0.004461111006030783,0.0,0.0],[0.0,0.0,0.0,-0.4722082573674552,0.0025980346549406425,0.0,0.003352151458293412,0.0],[0.0,0.0,0.0,0.007684342043626658,-0.0025907600467076635,0.01804198021858908,-0.0025899445578303564,0.0],[0.0,0.0,0.0,0.0,0.002597489897664599,-0.017861493100936317,0.003012725160418872,0.0],[0.0,0.0,0.0,0.0,0.0,0.0,-0.0020910136111638744,0.0028062529681572583],[0.0,0.0,0.0,0.0,0.0,0.0,0.0017226296314156225,-0.0027983864367330455]]}