{"din_name":"flux_level13378.json","din_kind":"RELATIVE","din_start":600.0000012474929,"din_end":660.0000230595795,"din_rules":["Interventions","r1","r1_rev","r2","r3","r4","r5","r6"],"din_hits":[0,183199,183173,34960,2618616,2583660,1686144,1686134],"din_fluxs":[[0.0,0.0,0.0,0.0,0.0,0.0,0.0,0.0],[0.0,-0.001111973149560364,0.03310373933614907,0.043122092923273035,0.0,-0.002062734669984774,0.0,0.0],[0.0,0.0011132139176975296,-0.031501863121163855,-0.06131134595237596,0.0,0.0032933219820461086,0.0,0.0],[0.0,0.0,0.0,-0.1921704641589509,0.0032350063215782934,0.0,0.00410701890656692,0.0],[0.0,0.0,0.0,0.004917322869478904,-0.0032253142375739123,0.01091027511114397,-0.003225181237454931,0.0],[0.0,0.0,0.0,0.0,0.0032357684991564874,-0.011021948255872131,0.003793653187402916,0.0],[0.0,0.0,0.0,0.0,0.0,0.0,-0.002744690809934651,0.0026876276905817794],[0.0,0.0,0.0,0.0,0.0,0.0,0.001886434221676283,-0.0026804114684809855]]}