{"din_name":"flux_level03554.json","din_kind":"RELATIVE","din_start":600.0000673584987,"din_end":660.000006116553,"din_rules":["Interventions","r1","r1_rev","r2","r3","r4","r5","r6"],"din_hits":[0,47419,47388,14580,1247146,1232545,184587,184601],"din_fluxs":[[0.0,0.0,0.0,0.0,0.0,0.0,0.0,0.0],[0.0,-0.0011042223974250117,0.04340862767442058,0.04809249427852628,0.0,-0.0020472843767829494,0.0,0.0],[0.0,0.0011054495210865236,-0.04084166314023117,-0.07807692799037624,0.0,0.003982201106106026,0.0,0.0],[0.0,0.0,0.0,-0.27416782039740334,0.002746842037968236,0.0,0.0028363309249155064,0.0],[0.0,0.0,0.0,0.006098460211786017,-0.002739740610377558,0.01540755877946181,-0.0027398062621231795,0.0],[0.0,0.0,0.0,0.0,0.0027472759240831065,-0.015422196964613714,0.0027952323213391098,0.0],[0.0,0.0,0.0,0.0,0.0,0.0,-0.0014724911317354561,0.01559573351966208],[0.0,0.0,0.0,0.0,0.0,0.0,0.0011501617868473174,-0.015352722023146942]]}