{"din_name":"flux_level13199.json","din_kind":"RELATIVE","din_start":600.000003125044,"din_end":660.0000061107031,"din_rules":["Interventions","r1","r1_rev","r2","r3","r4","r5","r6"],"din_hits":[0,98006,97992,39474,4444991,4405517,2066883,2066871],"din_fluxs":[[0.0,0.0,0.0,0.0,0.0,0.0,0.0,0.0],[0.0,-0.001097909570034503,0.058526943173894314,0.05774747735856527,0.0,-0.0020265434331914215,0.0,0.0],[0.0,0.0010991180849080075,-0.054269023214412876,-0.1017001144186352,0.0,0.004647136732797903,0.0,0.0],[0.0,0.0,0.0,-0.3533785988318056,0.002579641858923333,0.0,0.003256699317824632,0.0],[0.0,0.0,0.0,0.006586991828123401,-0.0025737331197272927,0.018670369396638666,-0.00257366379330194,0.0],[0.0,0.0,0.0,0.0,0.0025803830368643435,-0.018544542654126046,0.002814359458850238,0.0],[0.0,0.0,0.0,0.0,0.0,0.0,-0.002464693698216204,0.0021473841975030656],[0.0,0.0,0.0,0.0,0.0,0.0,0.0019662747523701758,-0.002142777667353139]]}