{"din_name":"flux_level10437.json","din_kind":"RELATIVE","din_start":600.0000055700207,"din_end":660.0000178832335,"din_rules":["Interventions","r1","r1_rev","r2","r3","r4","r5","r6"],"din_hits":[0,87692,87674,7320,1443802,1436482,1035102,1035120],"din_fluxs":[[0.0,0.0,0.0,0.0,0.0,0.0,0.0,0.0],[0.0,-0.0010951800993773788,0.06889622627950101,0.08442542062989544,0.0,-0.0020007340303873126,0.0,0.0],[0.0,0.0010963824017042921,-0.06319733053511754,-0.11605527512309549,0.0,0.004132317213526062,0.0,0.0],[0.0,0.0,0.0,-0.44301867993199334,0.0025523608507105797,0.0,0.003216498359369815,0.0],[0.0,0.0,0.0,0.0095882543060047,-0.002546339604269706,0.01921205869359312,-0.002547121707959509,0.0],[0.0,0.0,0.0,0.0,0.002552844448576303,-0.019068227772155513,0.002910913156064156,0.0],[0.0,0.0,0.0,0.0,0.0,0.0,-0.0025995685736342664,0.002023108750532457],[0.0,0.0,0.0,0.0,0.0,0.0,0.002111290521243826,-0.002019020554459236]]}