{"din_name":"flux_level12894.json","din_kind":"RELATIVE","din_start":600.0000013888372,"din_end":660.0000048360752,"din_rules":["Interventions","r1","r1_rev","r2","r3","r4","r5","r6"],"din_hits":[0,45032,44940,253011,4141284,3888259,1558532,1558531],"din_fluxs":[[0.0,0.0,0.0,0.0,0.0,0.0,0.0,0.0],[0.0,-0.0011587830578929626,0.014072840640370886,0.01983174867006567,0.0,-0.002147802373044836,0.0,0.0],[0.0,0.0011601911419698086,-0.013571902830780325,-0.026846068140363718,0.0,0.0031370966927969403,0.0,0.0],[0.0,0.0,0.0,-0.1267802459927926,0.0028178570275542605,0.0,0.003533146450697581,0.0],[0.0,0.0,0.0,0.008982659925469299,-0.002810055343154171,0.014629257547284561,-0.002810894869556046,0.0],[0.0,0.0,0.0,0.0,0.002817985589182603,-0.015352704041098272,0.0031457908186705978,0.0],[0.0,0.0,0.0,0.0,0.0,0.0,-0.0033895913811004858,0.0017569823421427883],[0.0,0.0,0.0,0.0,0.0,0.0,0.0024858594734165655,-0.0017538984305401752]]}