{"din_name":"flux_level00594.json","din_kind":"RELATIVE","din_start":600.0000284296667,"din_end":660.0000063268735,"din_rules":["Interventions","r1","r1_rev","r2","r3","r4","r5","r6"],"din_hits":[0,24176,24165,6969,2288422,2281431,154166,154163],"din_fluxs":[[0.0,0.0,0.0,0.0,0.0,0.0,0.0,0.0],[0.0,-0.0010908222314060583,0.09640850575088229,0.10168560113733675,0.0,-0.0020123959206616976,0.0,0.0],[0.0,0.001092016521921131,-0.08579903911525627,-0.15860536940545375,0.0,0.004256747763983385,0.0,0.0],[0.0,0.0,0.0,-0.37995506408388974,0.0030550445891795947,0.0,0.003121595646727905,0.0],[0.0,0.0,0.0,0.0031405652340869314,-0.0030472236416703774,0.011947000400599726,-0.003047297647217979,0.0],[0.0,0.0,0.0,0.0,0.003056548688826144,-0.011864516185447264,0.0030856648204328134,0.0],[0.0,0.0,0.0,0.0,0.0,0.0,-0.0015752137777170013,0.035183929457879286],[0.0,0.0,0.0,0.0,0.0,0.0,0.0011479996583383693,-0.03394589493947013]]}