{"din_name":"flux_level10559.json","din_kind":"RELATIVE","din_start":600.0000016816768,"din_end":660.0000099836179,"din_rules":["Interventions","r1","r1_rev","r2","r3","r4","r5","r6"],"din_hits":[0,40120,40108,19062,4648180,4629109,1967440,1967434],"din_fluxs":[[0.0,0.0,0.0,0.0,0.0,0.0,0.0,0.0],[0.0,-0.0010898327365161022,0.10642333872105292,0.0957001649938897,0.0,-0.0019964700022703412,0.0,0.0],[0.0,0.0010910233574455471,-0.09363473117753139,-0.16888410285836863,0.0,0.005483709136334019,0.0,0.0],[0.0,0.0,0.0,-0.4658537416354249,0.0025737263841315314,0.0,0.00313116023452637,0.0],[0.0,0.0,0.0,0.0055630078143085486,-0.0025674052243344378,0.018704464316921285,-0.0025673993646846385,0.0],[0.0,0.0,0.0,0.0,0.002574017170223408,-0.018463164338295934,0.002736903189143564,0.0],[0.0,0.0,0.0,0.0,0.0,0.0,-0.001938742708159431,0.0030572107212844535],[0.0,0.0,0.0,0.0,0.0,0.0,0.0015583593195853554,-0.003047873892626147]]}