{"din_name":"flux_level02486.json","din_kind":"RELATIVE","din_start":600.0000007597613,"din_end":660.0000266460247,"din_rules":["Interventions","r1","r1_rev","r2","r3","r4","r5","r6"],"din_hits":[0,505,485,18416,2296514,2278090,946072,946057],"din_fluxs":[[0.0,0.0,0.0,0.0,0.0,0.0,0.0,0.0],[0.0,-0.0010950565277141938,0.07201620765747381,0.07208094647114015,0.0,-0.0023042214545956467,0.0,0.0],[0.0,0.0010965207357536437,-0.06209626274240728,-0.11521754700172857,0.0,0.0050689179473386034,0.0,0.0],[0.0,0.0,0.0,-0.3311241098255645,0.0026823636784257475,0.0,0.0032218464842916883,0.0],[0.0,0.0,0.0,0.004217967055836921,-0.0026758770707050504,0.016490253919344985,-0.0026761398926372112,0.0],[0.0,0.0,0.0,0.0,0.0026830651324881685,-0.0163513437739709,0.0028376772380433483,0.0],[0.0,0.0,0.0,0.0,0.0,0.0,-0.001767434123284399,0.004347894292241274],[0.0,0.0,0.0,0.0,0.0,0.0,0.0013917361647202283,-0.004329011965999351]]}