{"din_name":"flux_level08003.json","din_kind":"RELATIVE","din_start":600.0000081236716,"din_end":660.0000174736068,"din_rules":["Interventions","r1","r1_rev","r2","r3","r4","r5","r6"],"din_hits":[0,56310,56296,407,226685,226283,185469,185466],"din_fluxs":[[0.0,0.0,0.0,0.0,0.0,0.0,0.0,0.0],[0.0,-0.0010938325037663761,0.0753869112810753,0.15652138478542116,0.0,-0.002001834064508365,0.0,0.0],[0.0,0.0010950323528890026,-0.06867778749025909,-0.12127369191525002,0.0,0.002634938874599774,0.0,0.0],[0.0,0.0,0.0,-0.49592126596470715,0.002837428591833362,0.0,0.0030224228168413024,0.0],[0.0,0.0,0.0,0.013942290430982496,-0.00282524438308665,0.013884360170167722,-0.002823888446516671,0.0],[0.0,0.0,0.0,0.0,0.0028332436637635203,-0.013868904174014117,0.0029865006156796466,0.0],[0.0,0.0,0.0,0.0,0.0,0.0,-0.0015277139542550684,0.016739072485377714],[0.0,0.0,0.0,0.0,0.0,0.0,0.0013416392133546087,-0.016459070739609366]]}