{"din_name":"flux_level08072.json","din_kind":"RELATIVE","din_start":600.0000087159746,"din_end":660.0000112383692,"din_rules":["Interventions","r1","r1_rev","r2","r3","r4","r5","r6"],"din_hits":[0,32994,32953,14652,538171,523501,2234578,2234608],"din_fluxs":[[0.0,0.0,0.0,0.0,0.0,0.0,0.0,0.0],[0.0,-0.0011214573320930553,0.02581574744754198,0.03059948183214185,0.0,-0.002073085887316479,0.0,0.0],[0.0,0.001122743622840006,-0.024667049860336226,-0.047117133758753996,0.0,0.0036733214512104833,0.0,0.0],[0.0,0.0,0.0,-0.22727499951376454,0.0025834669450869223,0.0,0.0044386636178495665,0.0],[0.0,0.0,0.0,0.009322189467663802,-0.0025776379203218186,0.018751686657943065,-0.002576059832650864,0.0],[0.0,0.0,0.0,0.0,0.0025843253768080164,-0.01900852274672016,0.003937724112420174,0.0],[0.0,0.0,0.0,0.0,0.0,0.0,-0.0026426908051717488,0.0022081538268610497],[0.0,0.0,0.0,0.0,0.0,0.0,0.002321460681757589,-0.0022032828543000487]]}