{"din_name":"flux_level06978.json","din_kind":"RELATIVE","din_start":600.0000434151077,"din_end":660.0000165621475,"din_rules":["Interventions","r1","r1_rev","r2","r3","r4","r5","r6"],"din_hits":[0,16947,16935,3707,1245999,1242298,1195535,1195526],"din_fluxs":[[0.0,0.0,0.0,0.0,0.0,0.0,0.0,0.0],[0.0,-0.0010894589015909728,0.10992314139328688,0.11203754432682017,0.0,-0.0020206581406569902,0.0,0.0],[0.0,0.0010906506007172954,-0.09649768477056254,-0.17613840257551713,0.0,0.004820261590771733,0.0,0.0],[0.0,0.0,0.0,-0.46080263140482525,0.002721728535152066,0.0,0.003962131566964263,0.0],[0.0,0.0,0.0,0.0048787347521205586,-0.002716171944102491,0.01558793022220509,-0.0027174197511246265,0.0],[0.0,0.0,0.0,0.0,0.0027235782052118787,-0.015430167164400908,0.003255884429321714,0.0],[0.0,0.0,0.0,0.0,0.0,0.0,-0.002542736204939822,0.0022898456733460616],[0.0,0.0,0.0,0.0,0.0,0.0,0.001997784652965342,-0.002284608438262595]]}