{"din_name":"flux_level07754.json","din_kind":"RELATIVE","din_start":600.0000223193125,"din_end":660.0000001388668,"din_rules":["Interventions","r1","r1_rev","r2","r3","r4","r5","r6"],"din_hits":[0,13692,13677,13259,3141713,3128436,604938,604905],"din_fluxs":[[0.0,0.0,0.0,0.0,0.0,0.0,0.0,0.0],[0.0,-0.0010943066729619112,0.07319569272955664,0.08023694561536594,0.0,-0.00203830830686897,0.0,0.0],[0.0,0.001095514525778233,-0.06672368400432133,-0.1280831259968925,0.0,0.003916454653680273,0.0,0.0],[0.0,0.0,0.0,-0.28130600323318744,0.0035009292502514782,0.0,0.0038684408775907053,0.0],[0.0,0.0,0.0,0.0020211219077005058,-0.003488615044411411,0.009651155941213034,-0.0034886206047399374,0.0],[0.0,0.0,0.0,0.0,0.00350083992986457,-0.009606921863775318,0.0036376402095699718,0.0],[0.0,0.0,0.0,0.0,0.0,0.0,-0.00200857729105735,0.008660545445072715],[0.0,0.0,0.0,0.0,0.0,0.0,0.0013032574002708964,-0.0085855644614277]]}