{"din_name":"flux_level03668.json","din_kind":"RELATIVE","din_start":600.0000232279666,"din_end":660.0000272239275,"din_rules":["Interventions","r1","r1_rev","r2","r3","r4","r5","r6"],"din_hits":[0,383422,383331,30789,411268,380482,516788,516781],"din_fluxs":[[0.0,0.0,0.0,0.0,0.0,0.0,0.0,0.0],[0.0,-0.0011907822110692194,0.01026656318089215,0.018212593242233698,0.0,-0.0022231870042142637,0.0,0.0],[0.0,0.0011922171280367134,-0.009987606126021804,-0.019657009622749976,0.0,0.002568368569170732,0.0,0.0],[0.0,0.0,0.0,-0.11325347164798118,0.0028419881915300615,0.0,0.0032918139791056735,0.0],[0.0,0.0,0.0,0.011916557170152666,-0.0028330322852738034,0.014001608450304275,-0.002835250764084134,0.0],[0.0,0.0,0.0,0.0,0.002841011386632125,-0.015234956991956998,0.003271103022208683,0.0],[0.0,0.0,0.0,0.0,0.0,0.0,-0.0018734227613838711,0.0047788576240988465],[0.0,0.0,0.0,0.0,0.0,0.0,0.0015368086584464193,-0.004756033789633025]]}