{"din_name":"flux_level09961.json","din_kind":"RELATIVE","din_start":600.0000040791641,"din_end":660.0000029636044,"din_rules":["Interventions","r1","r1_rev","r2","r3","r4","r5","r6"],"din_hits":[0,337021,336943,117015,1974084,1857067,1049478,1049436],"din_fluxs":[[0.0,0.0,0.0,0.0,0.0,0.0,0.0,0.0],[0.0,-0.0011598409677092674,0.013864551502469546,0.020555390554702596,0.0,-0.0021640116806505233,0.0,0.0],[0.0,0.0011611971381561045,-0.01344335556752025,-0.026232726545847726,0.0,0.003042098409958533,0.0,0.0],[0.0,0.0,0.0,-0.163476539729255,0.0025794668616626656,0.0,0.0030584069504517065,0.0],[0.0,0.0,0.0,0.012763222297788873,-0.002573052529437046,0.018845572532685914,-0.0025742192800042732,0.0],[0.0,0.0,0.0,0.0,0.002579706556016294,-0.01979239848378743,0.002912911228332356,0.0],[0.0,0.0,0.0,0.0,0.0,0.0,-0.003055173026641382,0.0017684161768464297],[0.0,0.0,0.0,0.0,0.0,0.0,0.0024332636158537107,-0.001765292512740271]]}