{"din_name":"flux_level12518.json","din_kind":"RELATIVE","din_start":600.0000094024509,"din_end":660.0000606733716,"din_rules":["Interventions","r1","r1_rev","r2","r3","r4","r5","r6"],"din_hits":[0,29714,29702,3675,867401,863731,352854,352884],"din_fluxs":[[0.0,0.0,0.0,0.0,0.0,0.0,0.0,0.0],[0.0,-0.00109279011643388,0.08172763091248278,0.09307976297651975,0.0,-0.0019993519952392126,0.0,0.0],[0.0,0.001093988956474182,-0.0738949612801557,-0.1357342506751183,0.0,0.004315279113164685,0.0,0.0],[0.0,0.0,0.0,-0.4354995059253895,0.0026490958393824296,0.0,0.0030116011351037737,0.0],[0.0,0.0,0.0,0.007121435389098211,-0.0026415998802776586,0.016947177429959652,-0.0026409257880037696,0.0],[0.0,0.0,0.0,0.0,0.0026485966315059127,-0.016810740828147038,0.0028265691911794773,0.0],[0.0,0.0,0.0,0.0,0.0,0.0,-0.002008133883859451,0.0030253294015516754],[0.0,0.0,0.0,0.0,0.0,0.0,0.0015761853621370854,-0.003016179817298483]]}