{"din_name":"flux_level06747.json","din_kind":"RELATIVE","din_start":600.0000088665463,"din_end":660.0000094633619,"din_rules":["Interventions","r1","r1_rev","r2","r3","r4","r5","r6"],"din_hits":[0,46428,46419,6280,3054542,3048280,1772666,1772680],"din_fluxs":[[0.0,0.0,0.0,0.0,0.0,0.0,0.0,0.0],[0.0,-0.0010900866900709428,0.10396907115628885,0.12600997630206354,0.0,-0.0020342662756827096,0.0,0.0],[0.0,0.0010912776567040916,-0.09171370260994265,-0.16987058544954206,0.0,0.0037365287015123628,0.0,0.0],[0.0,0.0,0.0,-0.38039537719232847,0.003398330374763645,0.0,0.004589297887201421,0.0],[0.0,0.0,0.0,0.0029504650172079757,-0.003387902461605998,0.009972568371078521,-0.003389026763855791,0.0],[0.0,0.0,0.0,0.0,0.0033994315939917725,-0.009919467474458476,0.0039793965502963055,0.0],[0.0,0.0,0.0,0.0,0.0,0.0,-0.0028779349130296705,0.0027114667904423106],[0.0,0.0,0.0,0.0,0.0,0.0,0.0018955536722674096,-0.0027041216596894618]]}