{"din_name":"flux_level12507.json","din_kind":"RELATIVE","din_start":600.0000013138892,"din_end":660.0000461658252,"din_rules":["Interventions","r1","r1_rev","r2","r3","r4","r5","r6"],"din_hits":[0,39822,39812,629,450125,449506,919248,919256],"din_fluxs":[[0.0,0.0,0.0,0.0,0.0,0.0,0.0,0.0],[0.0,-0.0010899066543655369,0.1090184601310214,0.18642171011319766,0.0,-0.0020102996019680163,0.0,0.0],[0.0,0.001091097459021302,-0.09326981277860429,-0.15969777086359904,0.0,0.0031232309322612507,0.0,0.0],[0.0,0.0,0.0,-0.5316833983085356,0.002838226830079363,0.0,0.0038275229102422074,0.0],[0.0,0.0,0.0,0.010596536192125269,-0.002826667100388581,0.013894876087222662,-0.002828293436827065,0.0],[0.0,0.0,0.0,0.0,0.002834678652588656,-0.013818205975540945,0.003746704504489959,0.0],[0.0,0.0,0.0,0.0,0.0,0.0,-0.0024083976343523645,0.0028012975224449093],[0.0,0.0,0.0,0.0,0.0,0.0,0.00197053862801466,-0.002793459291211218]]}