{"din_name":"flux_level03726.json","din_kind":"RELATIVE","din_start":600.0000006452512,"din_end":660.0000026245473,"din_rules":["Interventions","r1","r1_rev","r2","r3","r4","r5","r6"],"din_hits":[0,34799,34769,77564,4149056,4071482,1200692,1200725],"din_fluxs":[[0.0,0.0,0.0,0.0,0.0,0.0,0.0,0.0],[0.0,-0.00111165869095579,0.03352965615077111,0.03752452616869617,0.0,-0.0021071361905279033,0.0,0.0],[0.0,0.0011129112690042005,-0.03182661315253529,-0.061437903876556864,0.0,0.003912244330641499,0.0,0.0],[0.0,0.0,0.0,-0.20104283949712784,0.002897390772844297,0.0,0.003325825672352966,0.0],[0.0,0.0,0.0,0.004995664315815509,-0.002889583006939059,0.0136219439215888,-0.0028893954097689925,0.0],[0.0,0.0,0.0,0.0,0.0028979723840211026,-0.013705967860653786,0.0030471213481545207,0.0],[0.0,0.0,0.0,0.0,0.0,0.0,-0.0019417919674318315,0.0041340389830307024],[0.0,0.0,0.0,0.0,0.0,0.0,0.0014173033577995339,-0.004116964324401188]]}