{"din_name":"flux_level11585.json","din_kind":"RELATIVE","din_start":600.0000078835728,"din_end":660.0000168040028,"din_rules":["Interventions","r1","r1_rev","r2","r3","r4","r5","r6"],"din_hits":[0,164262,164233,31766,2159713,2127948,934939,934986],"din_fluxs":[[0.0,0.0,0.0,0.0,0.0,0.0,0.0,0.0],[0.0,-0.0011121194578903161,0.032926965313193855,0.04140058685738287,0.0,-0.002064281595082905,0.0,0.0],[0.0,0.0011133610010890355,-0.03133823427023427,-0.06073160834485019,0.0,0.00345294901156153,0.0,0.0],[0.0,0.0,0.0,-0.21574135207958692,0.002937727047114653,0.0,0.003365910044497684,0.0],[0.0,0.0,0.0,0.006088986535299459,-0.002929315630655279,0.013093722089594757,-0.0029276992266621966,0.0],[0.0,0.0,0.0,0.0,0.00293792943934656,-0.013218849328980741,0.0032004588002480577,0.0],[0.0,0.0,0.0,0.0,0.0,0.0,-0.0022084635367396292,0.0031589525931913463],[0.0,0.0,0.0,0.0,0.0,0.0,0.0016035453935465775,-0.0031489905891220527]]}