{"din_name":"flux_level05926.json","din_kind":"RELATIVE","din_start":600.0000049109528,"din_end":660.0000501481604,"din_rules":["Interventions","r1","r1_rev","r2","r3","r4","r5","r6"],"din_hits":[0,519230,519120,160316,1508023,1347694,422230,422220],"din_fluxs":[[0.0,0.0,0.0,0.0,0.0,0.0,0.0,0.0],[0.0,-0.0012135564707593765,0.008695893619812427,0.015337124237516054,0.0,-0.002258705180191289,0.0,0.0],[0.0,0.001215047174794871,-0.008473952444733325,-0.01663780735788257,0.0,0.0026152095473315593,0.0,0.0],[0.0,0.0,0.0,-0.11176606685846123,0.0026877162079586943,0.0,0.002802902010826378,0.0],[0.0,0.0,0.0,0.013984421131192236,-0.0026807150983682642,0.01628174134187301,-0.002681281059619088,0.0],[0.0,0.0,0.0,0.0,0.002687947966777588,-0.01802315227959684,0.0027924157155457007,0.0],[0.0,0.0,0.0,0.0,0.0,0.0,-0.001671338580838594,0.0052868895352993096],[0.0,0.0,0.0,0.0,0.0,0.0,0.0013026857016483725,-0.00525897373867305]]}