{"din_name":"flux_level09280.json","din_kind":"RELATIVE","din_start":600.000029866286,"din_end":660.0000549056053,"din_rules":["Interventions","r1","r1_rev","r2","r3","r4","r5","r6"],"din_hits":[0,426481,426399,52342,1066696,1014333,25509,25513],"din_fluxs":[[0.0,0.0,0.0,0.0,0.0,0.0,0.0,0.0],[0.0,-0.0011625019532302012,0.01343977788761082,0.022135183396407913,0.0,-0.002155067237407119,0.0,0.0],[0.0,0.0011638628242761366,-0.013039457147854823,-0.025723448433665804,0.0,0.0026595308222461312,0.0,0.0],[0.0,0.0,0.0,-0.103921935144779,0.003326630846706924,0.0,0.003342574932329458,0.0],[0.0,0.0,0.0,0.007641745390785562,-0.003314576706662713,0.010431341842288855,-0.003314480906326304,0.0],[0.0,0.0,0.0,0.0,0.0033255557100829673,-0.011055046421115697,0.0033406610297129005,0.0],[0.0,0.0,0.0,0.0,0.0,0.0,-0.0017192389130767551,0.030089386151436512],[0.0,0.0,0.0,0.0,0.0,0.0,0.0010949440674744597,-0.029183915263021314]]}