{"din_name":"flux_level10970.json","din_kind":"RELATIVE","din_start":600.0000133289859,"din_end":660.0000090655839,"din_rules":["Interventions","r1","r1_rev","r2","r3","r4","r5","r6"],"din_hits":[0,187949,187895,31086,1159462,1128377,273737,273726],"din_fluxs":[[0.0,0.0,0.0,0.0,0.0,0.0,0.0,0.0],[0.0,-0.0011308510729324385,0.021201488744270483,0.03018383740199531,0.0,-0.0020968948427737785,0.0,0.0],[0.0,0.0011321383787041305,-0.020408346357146976,-0.04004204363183805,0.0,0.003050275696124599,0.0,0.0],[0.0,0.0,0.0,-0.15762011830913963,0.0030291807594876037,0.0,0.004904949222819641,0.0],[0.0,0.0,0.0,0.007135898869988341,-0.0030202991684301307,0.012311422837601943,-0.0030183490778075734,0.0],[0.0,0.0,0.0,0.0,0.0030294622435384022,-0.012646496800318685,0.00431751025809598,0.0],[0.0,0.0,0.0,0.0,0.0,0.0,-0.01596156531426838,0.0011222723868812496],[0.0,0.0,0.0,0.0,0.0,0.0,0.010896096861049335,-0.0011210149467442319]]}