{"din_name":"flux_level07066.json","din_kind":"RELATIVE","din_start":600.0000149028951,"din_end":660.0000704662017,"din_rules":["Interventions","r1","r1_rev","r2","r3","r4","r5","r6"],"din_hits":[0,28259,28250,4,6966,6958,1113312,1113316],"din_fluxs":[[0.0,0.0,0.0,0.0,0.0,0.0,0.0,0.0],[0.0,-0.0010907538677303796,0.09729256312421529,0.25312867979246095,0.0,-0.0020389272225577295,0.0,0.0],[0.0,0.0010919473862759225,-0.08643568346978314,-0.11933326180895618,0.0,0.0021113264736407184,0.0,0.0],[0.0,0.0,0.0,-0.673888888888889,0.002522396443765232,0.0,0.006002823406901934,0.0],[0.0,0.0,0.0,0.029042938086377736,-0.0025242939393274886,0.019443865164636295,-0.0025152618348465057,0.0],[0.0,0.0,0.0,0.0,0.0025307077667906675,-0.01929021905297777,0.005903380062887453,0.0],[0.0,0.0,0.0,0.0,0.0,0.0,-0.0029861936108230504,0.002177058135335373],[0.0,0.0,0.0,0.0,0.0,0.0,0.002974075635310625,-0.0021723239146861843]]}