{"din_name":"flux_level11223.json","din_kind":"RELATIVE","din_start":600.0000006265354,"din_end":660.0000078936372,"din_rules":["Interventions","r1","r1_rev","r2","r3","r4","r5","r6"],"din_hits":[0,542059,541889,723751,4525339,3801580,1010348,1010354],"din_fluxs":[[0.0,0.0,0.0,0.0,0.0,0.0,0.0,0.0],[0.0,-0.001271327305837242,0.006377805928149272,0.012776065934976625,0.0,-0.002387777325967474,0.0,0.0],[0.0,0.001272976218997728,-0.006226482348432999,-0.012291223229397942,0.0,0.0024480150001671293,0.0,0.0],[0.0,0.0,0.0,-0.10323122163856718,0.0025887898159722878,0.0,0.0027245582852590718,0.0],[0.0,0.0,0.0,0.018316802221563296,-0.002582065994628736,0.01800787587554686,-0.0025821152286243446,0.0],[0.0,0.0,0.0,0.0,0.0025887454438512673,-0.020996131554017174,0.002712005077454292,0.0],[0.0,0.0,0.0,0.0,0.0,0.0,-0.002515174491244759,0.002082265606378057],[0.0,0.0,0.0,0.0,0.0,0.0,0.0019757491078952524,-0.0020779337127240977]]}