{"din_name":"flux_level01094.json","din_kind":"RELATIVE","din_start":600.0000030868013,"din_end":660.0000163852845,"din_rules":["Interventions","r1","r1_rev","r2","r3","r4","r5","r6"],"din_hits":[0,80615,80579,55937,3976497,3920552,519482,519465],"din_fluxs":[[0.0,0.0,0.0,0.0,0.0,0.0,0.0,0.0],[0.0,-0.0011075834108955109,0.03829000930194193,0.04223998160726254,0.0,-0.002055752373025603,0.0,0.0],[0.0,0.0011088162715545428,-0.03622959732520682,-0.07002537623061812,0.0,0.0038881157083505997,0.0,0.0],[0.0,0.0,0.0,-0.219566435371111,0.0029413343287626984,0.0,0.0033824977799012798,0.0],[0.0,0.0,0.0,0.004713093401420323,-0.0029324837725950943,0.01312429432554929,-0.002933570775000177,0.0],[0.0,0.0,0.0,0.0,0.0029411101778442283,-0.013173048230426788,0.003063393381588559,0.0],[0.0,0.0,0.0,0.0,0.0,0.0,-0.0029925770891277292,0.0019921858913588995],[0.0,0.0,0.0,0.0,0.0,0.0,0.0020756453738006255,-0.0019882203078797397]]}