{"din_name":"flux_level01501.json","din_kind":"RELATIVE","din_start":600.0000019016431,"din_end":660.0000025460025,"din_rules":["Interventions","r1","r1_rev","r2","r3","r4","r5","r6"],"din_hits":[0,34890,34867,19491,2195137,2175653,193979,193968],"din_fluxs":[[0.0,0.0,0.0,0.0,0.0,0.0,0.0,0.0],[0.0,-0.0011062789640600306,0.040005577161745784,0.052247694726809686,0.0,-0.0020524676240526716,0.0,0.0],[0.0,0.0011075148117824548,-0.03775318688557241,-0.07366793161064683,0.0,0.0032034032071232457,0.0,0.0],[0.0,0.0,0.0,-0.17356757060293165,0.004179686062265125,0.0,0.004834214000560666,0.0],[0.0,0.0,0.0,0.0023309021931651975,-0.004162451610090037,0.007972875337127237,-0.004160111154993002,0.0],[0.0,0.0,0.0,0.0,0.004179876660429052,-0.007998157080828973,0.004357505367094472,0.0],[0.0,0.0,0.0,0.0,0.0,0.0,-0.003932100340651056,0.0021896123166035937],[0.0,0.0,0.0,0.0,0.0,0.0,0.001955680556294553,-0.0021848260002630773]]}