{"din_name":"flux_level12189.json","din_kind":"RELATIVE","din_start":600.0000064596846,"din_end":660.0000229284731,"din_rules":["Interventions","r1","r1_rev","r2","r3","r4","r5","r6"],"din_hits":[0,449071,448828,41106,130469,89353,628311,628335],"din_fluxs":[[0.0,0.0,0.0,0.0,0.0,0.0,0.0,0.0],[0.0,-0.0014324479387431332,0.003932435061679753,0.009125557658870699,0.0,-0.002691709555823732,0.0,0.0],[0.0,0.0014346162253414763,-0.003842090726260188,-0.007689085453476198,0.0,0.0023869438319474774,0.0,0.0],[0.0,0.0,0.0,-0.07590860241145155,0.002561946507231446,0.0,0.0037433695496122965,0.0],[0.0,0.0,0.0,0.021756573173837623,-0.002555550233406185,0.017792077340590212,-0.002559700476947484,0.0],[0.0,0.0,0.0,0.0,0.0025621674907961712,-0.02372837476569894,0.003784732601797741,0.0],[0.0,0.0,0.0,0.0,0.0,0.0,-0.0023361559172849745,0.0025258117478284404],[0.0,0.0,0.0,0.0,0.0,0.0,0.0020923068839865675,-0.002519435841685118]]}