{"din_name":"flux_level01216.json","din_kind":"RELATIVE","din_start":600.0000028817246,"din_end":660.0000021814081,"din_rules":["Interventions","r1","r1_rev","r2","r3","r4","r5","r6"],"din_hits":[0,67691,67638,161741,3495935,3334190,2079267,2079283],"din_fluxs":[[0.0,0.0,0.0,0.0,0.0,0.0,0.0,0.0],[0.0,-0.0011398793817259949,0.018178018760891593,0.022862446566332476,0.0,-0.002080221690208984,0.0,0.0],[0.0,0.0011412067893179563,-0.01751619474987757,-0.03429387674032784,0.0,0.003488983466542559,0.0,0.0],[0.0,0.0,0.0,-0.18149068211300984,0.0025805781359406277,0.0,0.0031424002745576453,0.0],[0.0,0.0,0.0,0.010560750904487513,-0.0025742943819055666,0.018958634225081872,-0.0025731080774206057,0.0],[0.0,0.0,0.0,0.0,0.002580958273487004,-0.019517471598829328,0.0028515990690655955,0.0],[0.0,0.0,0.0,0.0,0.0,0.0,-0.002372385232737583,0.0022589599697102865],[0.0,0.0,0.0,0.0,0.0,0.0,0.0019037257403179905,-0.0022538616625154776]]}