{"din_name":"flux_level06535.json","din_kind":"RELATIVE","din_start":600.0000614132027,"din_end":660.000004986316,"din_rules":["Interventions","r1","r1_rev","r2","r3","r4","r5","r6"],"din_hits":[0,53320,53306,396,286741,286338,345174,345177],"din_fluxs":[[0.0,0.0,0.0,0.0,0.0,0.0,0.0,0.0],[0.0,-0.0010916275485384575,0.08980650453540955,0.18073878951621408,0.0,-0.002036927217193912,0.0,0.0],[0.0,0.0010928221033177704,-0.08052413460949175,-0.14048448567852376,0.0,0.0026806535553920846,0.0,0.0],[0.0,0.0,0.0,-0.5060046017560489,0.0029682786162241025,0.0,0.0031792283297121344,0.0],[0.0,0.0,0.0,0.01210656554693222,-0.002960866627658419,0.012480936942371594,-0.0029599500828346305,0.0],[0.0,0.0,0.0,0.0,0.002969667621143527,-0.012458804813352214,0.003177335439906403,0.0],[0.0,0.0,0.0,0.0,0.0,0.0,-0.0016183494564777237,0.015769014184719578],[0.0,0.0,0.0,0.0,0.0,0.0,0.0014483056285838794,-0.015520536235891306]]}