{"din_name":"flux_level03807.json","din_kind":"RELATIVE","din_start":600.0000070932806,"din_end":660.0000082690184,"din_rules":["Interventions","r1","r1_rev","r2","r3","r4","r5","r6"],"din_hits":[0,25669,25652,9112,2271988,2262845,671642,671611],"din_fluxs":[[0.0,0.0,0.0,0.0,0.0,0.0,0.0,0.0],[0.0,-0.0010940467360560447,0.07471852981116556,0.0833609823720332,0.0,-0.0020344622861542695,0.0,0.0],[0.0,0.0010952495956101694,-0.06802135034650024,-0.12925946593972298,0.0,0.003900018936342167,0.0,0.0],[0.0,0.0,0.0,-0.30041887452844657,0.0033317061537076397,0.0,0.003947753018428535,0.0],[0.0,0.0,0.0,0.002618048634164375,-0.003321433621818326,0.010339036858316138,-0.003320492662208123,0.0],[0.0,0.0,0.0,0.0,0.003332515605744336,-0.010294557246237394,0.003566545014520211,0.0],[0.0,0.0,0.0,0.0,0.0,0.0,-0.0022768631005660404,0.004022904931662432],[0.0,0.0,0.0,0.0,0.0,0.0,0.0014904052163430468,-0.004006729169460324]]}