{"din_name":"flux_level05802.json","din_kind":"RELATIVE","din_start":600.0000293050616,"din_end":660.0000203036295,"din_rules":["Interventions","r1","r1_rev","r2","r3","r4","r5","r6"],"din_hits":[0,38663,38655,15988,2775223,2759254,758613,758608],"din_fluxs":[[0.0,0.0,0.0,0.0,0.0,0.0,0.0,0.0],[0.0,-0.001094696473286879,0.07119790763517049,0.07096786207157453,0.0,-0.002025118365148842,0.0,0.0],[0.0,0.0010958986869182648,-0.06511856875359834,-0.12282406962242096,0.0,0.004478781996345513,0.0,0.0],[0.0,0.0,0.0,-0.3392038775147488,0.002822647587859198,0.0,0.003192332924741678,0.0],[0.0,0.0,0.0,0.004230295143936611,-0.002814136738539057,0.014294096154151678,-0.00281250754475737,0.0],[0.0,0.0,0.0,0.0,0.002822078943831861,-0.014206093089587321,0.0029502636123143297,0.0],[0.0,0.0,0.0,0.0,0.0,0.0,-0.0018470989770175972,0.004410774348422851],[0.0,0.0,0.0,0.0,0.0,0.0,0.0013757427621931765,-0.00439133984541563]]}