{"din_name":"flux_level04317.json","din_kind":"RELATIVE","din_start":600.0000209157063,"din_end":660.0000191801837,"din_rules":["Interventions","r1","r1_rev","r2","r3","r4","r5","r6"],"din_hits":[0,68924,68888,8596,505206,496606,1214829,1214808],"din_fluxs":[[0.0,0.0,0.0,0.0,0.0,0.0,0.0,0.0],[0.0,-0.0011136137965516008,0.03155735978540967,0.04067033049796987,0.0,-0.0020712251626650966,0.0,0.0],[0.0,0.001114864041496994,-0.03005355269819439,-0.05716675605254763,0.0,0.0035615277449996437,0.0,0.0],[0.0,0.0,0.0,-0.2863483428524381,0.002545120792974106,0.0,0.0052544301761621075,0.0],[0.0,0.0,0.0,0.01058078565350913,-0.002538442249570932,0.019637924473758492,-0.002536425343935181,0.0],[0.0,0.0,0.0,0.0,0.0025449003884991895,-0.019783917614613344,0.0043718867064683736,0.0],[0.0,0.0,0.0,0.0,0.0,0.0,-0.004652529049785258,0.001462568722592822],[0.0,0.0,0.0,0.0,0.0,0.0,0.003912380063266655,-0.0014604314629443882]]}