{"din_name":"flux_level11430.json","din_kind":"RELATIVE","din_start":600.0000125157416,"din_end":660.0000046819112,"din_rules":["Interventions","r1","r1_rev","r2","r3","r4","r5","r6"],"din_hits":[0,163550,163505,10806,329265,318452,2263169,2263157],"din_fluxs":[[0.0,0.0,0.0,0.0,0.0,0.0,0.0,0.0],[0.0,-0.0011415415021366775,0.01767270868840827,0.027976361779838317,0.0,-0.0021124186781283625,0.0,0.0],[0.0,0.0011428571380684472,-0.017063755281031816,-0.03308332361490491,0.0,0.002803636103120202,0.0,0.0],[0.0,0.0,0.0,-0.18627465625483386,0.0026986960504463246,0.0,0.004477598701564492,0.0],[0.0,0.0,0.0,0.011766302209822168,-0.0026914973323929154,0.01610235981318288,-0.0026937265631518993,0.0],[0.0,0.0,0.0,0.0,0.00269876618608354,-0.016714194856645374,0.004349879049118414,0.0],[0.0,0.0,0.0,0.0,0.0,0.0,-0.002531427588238194,0.0026080415089679656],[0.0,0.0,0.0,0.0,0.0,0.0,0.002298255147551341,-0.0026012467794021966]]}