{"din_name":"flux_level02875.json","din_kind":"RELATIVE","din_start":600.0000009200571,"din_end":660.000004309615,"din_rules":["Interventions","r1","r1_rev","r2","r3","r4","r5","r6"],"din_hits":[0,55922,55913,6739,2317315,2310573,2132952,2132952],"din_fluxs":[[0.0,0.0,0.0,0.0,0.0,0.0,0.0,0.0],[0.0,-0.001089383937839216,0.11709903017766835,0.12481898387756779,0.0,-0.0020404930769456755,0.0,0.0],[0.0,0.0010905730239443327,-0.09803933506590178,-0.1715480095328716,0.0,0.004773365495563054,0.0,0.0],[0.0,0.0,0.0,-0.5153510053624242,0.0025747950273163314,0.0,0.003514074445927878,0.0],[0.0,0.0,0.0,0.007684363132546742,-0.002568176115442053,0.018582960456641578,-0.002566020894112525,0.0],[0.0,0.0,0.0,0.0,0.00257479075852431,-0.018358804607207558,0.0030147018825352006,0.0],[0.0,0.0,0.0,0.0,0.0,0.0,-0.0025237280390733086,0.00212506991483621],[0.0,0.0,0.0,0.0,0.0,0.0,0.0020524284902750786,-0.002120558505038244]]}