{"din_name":"flux_level03949.json","din_kind":"RELATIVE","din_start":600.0000419575149,"din_end":660.0000009334277,"din_rules":["Interventions","r1","r1_rev","r2","r3","r4","r5","r6"],"din_hits":[0,29409,29395,10050,2089489,2079418,81688,81702],"din_fluxs":[[0.0,0.0,0.0,0.0,0.0,0.0,0.0,0.0],[0.0,-0.001092287617445259,0.08516358217173153,0.08321807430865084,0.0,-0.002031205280786711,0.0,0.0],[0.0,0.0010934852250506276,-0.0767157774098212,-0.14326036050211896,0.0,0.004851177054825747,0.0,0.0],[0.0,0.0,0.0,-0.4041810219023466,0.0026826486877568035,0.0,0.004597855514995582,0.0],[0.0,0.0,0.0,0.005109605178722328,-0.0026753178425239056,0.01636431535175901,-0.0026731397278585154,0.0],[0.0,0.0,0.0,0.0,0.0026824958876020062,-0.016215287544293418,0.0031784800055196364,0.0],[0.0,0.0,0.0,0.0,0.0,0.0,-0.03873263454437835,0.0010383540163966668],[0.0,0.0,0.0,0.0,0.0,0.0,0.030259772766991475,-0.001037276286573339]]}