{"din_name":"flux_level09193.json","din_kind":"RELATIVE","din_start":600.0000046991182,"din_end":660.0000762240528,"din_rules":["Interventions","r1","r1_rev","r2","r3","r4","r5","r6"],"din_hits":[0,38653,38616,7618,489688,482050,220454,220442],"din_fluxs":[[0.0,0.0,0.0,0.0,0.0,0.0,0.0,0.0],[0.0,-0.0011196076435868911,0.026954248119638324,0.03948353650666698,0.0,-0.0020888708179340677,0.0,0.0],[0.0,0.0011208837934584878,-0.02574666389437181,-0.05029534999263656,0.0,0.0028827328044846302,0.0,0.0],[0.0,0.0,0.0,-0.1341776447750175,0.004207727957068762,0.0,0.004596992461634578,0.0],[0.0,0.0,0.0,0.0035632115131054736,-0.004189925643107297,0.0079311789740513,-0.004191842349650517,0.0],[0.0,0.0,0.0,0.0,0.004207575974901377,-0.008054375587320485,0.004521861014277811,0.0],[0.0,0.0,0.0,0.0,0.0,0.0,-0.0023496052021580787,0.013816767496934933],[0.0,0.0,0.0,0.0,0.0,0.0,0.0016628056556065702,-0.013626034154551527]]}