{"din_name":"flux_level09408.json","din_kind":"RELATIVE","din_start":600.0000008981649,"din_end":660.0000137184763,"din_rules":["Interventions","r1","r1_rev","r2","r3","r4","r5","r6"],"din_hits":[0,60419,60410,4556,1853847,1849296,705999,705983],"din_fluxs":[[0.0,0.0,0.0,0.0,0.0,0.0,0.0,0.0],[0.0,-0.0010905474278321866,0.10080555026722998,0.12395650675855159,0.0,-0.002018280368342313,0.0,0.0],[0.0,0.001091739153103502,-0.08813571061233774,-0.15912018315607446,0.0,0.003941510525893672,0.0,0.0],[0.0,0.0,0.0,-0.44953604720140583,0.002859127453657014,0.0,0.0031330043127573664,0.0],[0.0,0.0,0.0,0.005973373338058986,-0.0028496116507252672,0.013721207057331184,-0.0028495271279687213,0.0],[0.0,0.0,0.0,0.0,0.0028577556396009794,-0.013629031046580337,0.003021807697072591,0.0],[0.0,0.0,0.0,0.0,0.0,0.0,-0.0017604571552093326,0.0056924038802099956],[0.0,0.0,0.0,0.0,0.0,0.0,0.001335016383024821,-0.005660026306858587]]}