{"din_name":"flux_level12762.json","din_kind":"RELATIVE","din_start":600.0000451129094,"din_end":660.0000649559416,"din_rules":["Interventions","r1","r1_rev","r2","r3","r4","r5","r6"],"din_hits":[0,221804,221758,5247,396297,391063,145440,145430],"din_fluxs":[[0.0,0.0,0.0,0.0,0.0,0.0,0.0,0.0],[0.0,-0.001129224137154341,0.021851291911821457,0.0418405851109803,0.0,-0.0020984723083782965,0.0,0.0],[0.0,0.0011305063713678493,-0.021023561593303777,-0.041560911295977596,0.0,0.002186770482825983,0.0,0.0],[0.0,0.0,0.0,-0.08319793866208509,0.029797852111990274,0.0,0.03576570596439761,0.0],[0.0,0.0,0.0,0.002128395789839486,-0.02884039509719741,0.004428992919010766,-0.028831199898464187,0.0],[0.0,0.0,0.0,0.0,0.0297203913419828,-0.0045154360762715935,0.03549505124702906,0.0],[0.0,0.0,0.0,0.0,0.0,0.0,-0.018399301169093402,0.012991414132388995],[0.0,0.0,0.0,0.0,0.0,0.0,0.0036059349418369525,-0.01282261898037501]]}