{"din_name":"flux_level07073.json","din_kind":"RELATIVE","din_start":600.0000065515247,"din_end":660.0000018162104,"din_rules":["Interventions","r1","r1_rev","r2","r3","r4","r5","r6"],"din_hits":[0,100475,100454,25714,3659712,3633991,1349676,1349679],"din_fluxs":[[0.0,0.0,0.0,0.0,0.0,0.0,0.0,0.0],[0.0,-0.0010978890772961158,0.058508985557851535,0.06325572255627561,0.0,-0.0020304316889665696,0.0,0.0],[0.0,0.0010990976047978694,-0.05425295973700852,-0.10279243213280963,0.0,0.004121598764873267,0.0,0.0],[0.0,0.0,0.0,-0.3132206710077136,0.002831390532253552,0.0,0.003584274716606267,0.0],[0.0,0.0,0.0,0.0049796980436516945,-0.0028235534543985846,0.014184203924254516,-0.0028246165224907883,0.0],[0.0,0.0,0.0,0.0,0.002831553441243491,-0.014139158913462164,0.0031325066326786132,0.0],[0.0,0.0,0.0,0.0,0.0,0.0,-0.0029817262777688445,0.0019595783924802822],[0.0,0.0,0.0,0.0,0.0,0.0,0.002182274392301494,-0.001955742413424628]]}