{"din_name":"flux_level00151.json","din_kind":"RELATIVE","din_start":600.0000079144797,"din_end":660.0000021295932,"din_rules":["Interventions","r1","r1_rev","r2","r3","r4","r5","r6"],"din_hits":[0,4858,4846,6568,961284,954716,1587664,1587662],"din_fluxs":[[0.0,0.0,0.0,0.0,0.0,0.0,0.0,0.0],[0.0,-0.0010935649458844365,0.07716550100980687,0.06327593956636171,0.0,-0.0019227598135367664,0.0,0.0],[0.0,0.0010947844822637165,-0.06978669829852285,-0.12912845659825614,0.0,0.005284124431365709,0.0,0.0],[0.0,0.0,0.0,-0.3811755323386556,0.0026021499770657454,0.0,0.003473693779034098,0.0],[0.0,0.0,0.0,0.005006591230494833,-0.0025950783374193084,0.018134550925775116,-0.0025947105668493605,0.0],[0.0,0.0,0.0,0.0,0.0026018303982157133,-0.017947278870461405,0.0030546229339466465,0.0],[0.0,0.0,0.0,0.0,0.0,0.0,-0.0018556477375473587,0.003690783156685349],[0.0,0.0,0.0,0.0,0.0,0.0,0.0015842783596664038,-0.003677174731918384]]}