{"din_name":"flux_level07798.json","din_kind":"RELATIVE","din_start":600.0000234691388,"din_end":660.0000018755188,"din_rules":["Interventions","r1","r1_rev","r2","r3","r4","r5","r6"],"din_hits":[0,56354,56321,57017,3069721,3012693,976507,976469],"din_fluxs":[[0.0,0.0,0.0,0.0,0.0,0.0,0.0,0.0],[0.0,-0.0011143483855373332,0.030918754571285373,0.03600679411633379,0.0,-0.0020590591951243995,0.0,0.0],[0.0,0.0011156026819262282,-0.029450775770491863,-0.05756545420078269,0.0,0.0036587646671833152,0.0,0.0],[0.0,0.0,0.0,-0.1785172755570444,0.003092575554723622,0.0,0.004648734298643223,0.0],[0.0,0.0,0.0,0.0045394155337273295,-0.0030834499407862343,0.011911033884753675,-0.003082410907347577,0.0],[0.0,0.0,0.0,0.0,0.003093000996407871,-0.012019895542470052,0.0036137825386535934,0.0],[0.0,0.0,0.0,0.0,0.0,0.0,-0.004980267364694098,0.0014940777112991209],[0.0,0.0,0.0,0.0,0.0,0.0,0.0033412208491023104,-0.0014918489988297102]]}