{"din_name":"flux_level09496.json","din_kind":"RELATIVE","din_start":600.000013409693,"din_end":660.0000350885772,"din_rules":["Interventions","r1","r1_rev","r2","r3","r4","r5","r6"],"din_hits":[0,2067,2042,4994,1108529,1103537,394361,394320],"din_fluxs":[[0.0,0.0,0.0,0.0,0.0,0.0,0.0,0.0],[0.0,-0.0010965803093067761,0.06361709594950435,0.07833237015548454,0.0,-0.002090674812788382,0.0,0.0],[0.0,0.0010978493555574348,-0.05778152332206912,-0.1139923071480624,0.0,0.0035708214452257474,0.0,0.0],[0.0,0.0,0.0,-0.23458240192118243,0.004091630063323113,0.0,0.005067439218768674,0.0],[0.0,0.0,0.0,0.001513218553032144,-0.004075655829135214,0.008089277968604843,-0.004075482561165131,0.0],[0.0,0.0,0.0,0.0,0.004092361388276944,-0.008063023005921287,0.004483789070138604,0.0],[0.0,0.0,0.0,0.0,0.0,0.0,-0.0026600040936788096,0.00514809311343948],[0.0,0.0,0.0,0.0,0.0,0.0,0.0015684275697393686,-0.005121637908716895]]}