{"din_name":"flux_level07317.json","din_kind":"RELATIVE","din_start":600.0000065625377,"din_end":660.0000017948887,"din_rules":["Interventions","r1","r1_rev","r2","r3","r4","r5","r6"],"din_hits":[0,219785,219670,256548,2610764,2354188,776386,776384],"din_fluxs":[[0.0,0.0,0.0,0.0,0.0,0.0,0.0,0.0],[0.0,-0.0012102096209261662,0.008900074221302368,0.01572264433234911,0.0,-0.002261667714072135,0.0,0.0],[0.0,0.001211712435715244,-0.00866044564731823,-0.017162718060509077,0.0,0.0025580650073004853,0.0,0.0],[0.0,0.0,0.0,-0.05808477475434186,0.004194966582396326,0.0,0.004588806090700205,0.0],[0.0,0.0,0.0,0.006211221124778156,-0.004177936017721985,0.007955241650149309,-0.004178397125458616,0.0],[0.0,0.0,0.0,0.0,0.004195548406570121,-0.008771809859698903,0.004517588306169727,0.0],[0.0,0.0,0.0,0.0,0.0,0.0,-0.002587646587974634,0.006298552358053438],[0.0,0.0,0.0,0.0,0.0,0.0,0.001498766721077063,-0.00625892452531172]]}