{"din_name":"flux_level04264.json","din_kind":"RELATIVE","din_start":600.0000035895757,"din_end":660.0000098024457,"din_rules":["Interventions","r1","r1_rev","r2","r3","r4","r5","r6"],"din_hits":[0,309244,309188,121460,3087085,2965626,221787,221790],"din_fluxs":[[0.0,0.0,0.0,0.0,0.0,0.0,0.0,0.0],[0.0,-0.0011402393079257027,0.018032225866108073,0.024844712436371413,0.0,-0.0021229309779315178,0.0,0.0],[0.0,0.001141546908836142,-0.0174160580037002,-0.03414416686982944,0.0,0.0031823504863600417,0.0,0.0],[0.0,0.0,0.0,-0.14952663341459857,0.0028569190534921567,0.0,0.0029074102263531676,0.0],[0.0,0.0,0.0,0.00804730488697269,-0.002849043800732277,0.014071016600396913,-0.0028489035129182745,0.0],[0.0,0.0,0.0,0.0,0.0028571991317538205,-0.014542818271609623,0.002887641136180177,0.0],[0.0,0.0,0.0,0.0,0.0,0.0,-0.001566308273920098,0.011570772141836978],[0.0,0.0,0.0,0.0,0.0,0.0,0.0011384007993376138,-0.011436988708786367]]}