{"din_name":"flux_level07683.json","din_kind":"RELATIVE","din_start":600.0000124014268,"din_end":660.0000619797806,"din_rules":["Interventions","r1","r1_rev","r2","r3","r4","r5","r6"],"din_hits":[0,36734,36728,878,313684,312793,887059,887048],"din_fluxs":[[0.0,0.0,0.0,0.0,0.0,0.0,0.0,0.0],[0.0,-0.0010934169254954097,0.07765236615958838,0.12235349124617448,0.0,-0.001997202018618957,0.0,0.0],[0.0,0.001094615757835241,-0.07055866424740913,-0.12242703073345333,0.0,0.003357198728738445,0.0,0.0],[0.0,0.0,0.0,-0.5070311341743188,0.002605715671841586,0.0,0.004438646642331743,0.0],[0.0,0.0,0.0,0.012653833021716713,-0.0025975944924257863,0.017764838897294116,-0.002600806847230857,0.0],[0.0,0.0,0.0,0.0,0.0026043619068430407,-0.017655195919877367,0.004024695271674434,0.0],[0.0,0.0,0.0,0.0,0.0,0.0,-0.003174010251351599,0.0018572779617182424],[0.0,0.0,0.0,0.0,0.0,0.0,0.0026852220116220958,-0.00185383300329936]]}