{"din_name":"flux_level04120.json","din_kind":"RELATIVE","din_start":600.0000007344114,"din_end":660.000006349134,"din_rules":["Interventions","r1","r1_rev","r2","r3","r4","r5","r6"],"din_hits":[0,45333,45312,15375,3131084,3115700,992171,992174],"din_fluxs":[[0.0,0.0,0.0,0.0,0.0,0.0,0.0,0.0],[0.0,-0.0010964704973433798,0.06327868728956219,0.0737953338548555,0.0,-0.0020386919002713896,0.0,0.0],[0.0,0.0010976774629287993,-0.05838584698252038,-0.11158023897355157,0.0,0.0036763648601707334,0.0,0.0],[0.0,0.0,0.0,-0.26702943518889893,0.0034771038561534962,0.0,0.004375038663661577,0.0],[0.0,0.0,0.0,0.0026551468371751137,-0.0034643633914246833,0.009742248978176316,-0.0034640661482261514,0.0],[0.0,0.0,0.0,0.0,0.0034764148100793293,-0.009718603215955447,0.0038239383008007543,0.0],[0.0,0.0,0.0,0.0,0.0,0.0,-0.002856515535521869,0.0027321578284862954],[0.0,0.0,0.0,0.0,0.0,0.0,0.0017730483053233338,-0.0027247003434936095]]}