{"din_name":"flux_level02128.json","din_kind":"RELATIVE","din_start":600.0000593092284,"din_end":660.0000059330671,"din_rules":["Interventions","r1","r1_rev","r2","r3","r4","r5","r6"],"din_hits":[0,1209541,1209126,303933,619051,315121,920982,920977],"din_fluxs":[[0.0,0.0,0.0,0.0,0.0,0.0,0.0,0.0],[0.0,-0.00171964880579195,0.0026207243578913104,0.007628093827512916,0.0,-0.003266852852974258,0.0,0.0],[0.0,0.0017227327711836333,-0.00256677848107636,-0.005086321635573448,0.0,0.002269574245567899,0.0,0.0],[0.0,0.0,0.0,-0.05776406154090209,0.002573120465249786,0.0,0.0029786898958971257,0.0],[0.0,0.0,0.0,0.02521324731961477,-0.0025666054951156373,0.01546856975841792,-0.00256660745146226,0.0],[0.0,0.0,0.0,0.0,0.0025733002819063643,-0.02575305841759821,0.0030651763608160435,0.0],[0.0,0.0,0.0,0.0,0.0,0.0,-0.0019393256302218111,0.00321683952062778],[0.0,0.0,0.0,0.0,0.0,0.0,0.001642538922453935,-0.0032065018245017855]]}