{"din_name":"flux_level05466.json","din_kind":"RELATIVE","din_start":600.0000029336928,"din_end":660.0000045090444,"din_rules":["Interventions","r1","r1_rev","r2","r3","r4","r5","r6"],"din_hits":[0,29288,29271,24858,3339716,3314848,1850704,1850696],"din_fluxs":[[0.0,0.0,0.0,0.0,0.0,0.0,0.0,0.0],[0.0,-0.001095336194820685,0.06801609627619912,0.06322094660619226,0.0,-0.002037318727063581,0.0,0.0],[0.0,0.0010965420653750943,-0.06241887391014363,-0.11771541014403532,0.0,0.004921908119575502,0.0,0.0],[0.0,0.0,0.0,-0.3492280041229311,0.0026639870906377014,0.0,0.0033891174373668464,0.0],[0.0,0.0,0.0,0.0049088893860595095,-0.002657231459643909,0.016803230773547895,-0.0026563233860851954,0.0],[0.0,0.0,0.0,0.0,0.0026643163009743317,-0.016671219974082923,0.002902311206077142,0.0],[0.0,0.0,0.0,0.0,0.0,0.0,-0.0020368797664564037,0.003017542908397579],[0.0,0.0,0.0,0.0,0.0,0.0,0.0016074377801038203,-0.0030084472506694635]]}