{"din_name":"flux_level03047.json","din_kind":"RELATIVE","din_start":600.000020051164,"din_end":660.0000002040206,"din_rules":["Interventions","r1","r1_rev","r2","r3","r4","r5","r6"],"din_hits":[0,61827,61820,17007,3984152,3967141,465212,465229],"din_fluxs":[[0.0,0.0,0.0,0.0,0.0,0.0,0.0,0.0],[0.0,-0.001091663096864265,0.08937541193697224,0.08979160608284033,0.0,-0.0020547383662312436,0.0,0.0],[0.0,0.001092857234220757,-0.08019526619637468,-0.14782254530802613,0.0,0.004746629371595343,0.0,0.0],[0.0,0.0,0.0,-0.41398262409371456,0.0027005811741250235,0.0,0.002811004237593804,0.0],[0.0,0.0,0.0,0.005061332201066519,-0.002693696248819039,0.016016175970205267,-0.002693521125613328,0.0],[0.0,0.0,0.0,0.0,0.0027009764848138027,-0.01587015738380183,0.0027398347830244678,0.0],[0.0,0.0,0.0,0.0,0.0,0.0,-0.0014760074995392885,0.01205214168777529],[0.0,0.0,0.0,0.0,0.0,0.0,0.0011447439110892903,-0.011907076336234751]]}