{"din_name":"flux_level02238.json","din_kind":"RELATIVE","din_start":600.0000051162538,"din_end":660.0000030842733,"din_rules":["Interventions","r1","r1_rev","r2","r3","r4","r5","r6"],"din_hits":[0,8474,8445,15861,1141747,1125886,421500,421514],"din_fluxs":[[0.0,0.0,0.0,0.0,0.0,0.0,0.0,0.0],[0.0,-0.001119995460720715,0.027046926952163666,0.04178073229834639,0.0,-0.0020835458035399503,0.0,0.0],[0.0,0.00112134300956053,-0.02554591347177111,-0.050016501744122956,0.0,0.002703087192166752,0.0,0.0],[0.0,0.0,0.0,-0.10935797550946247,0.006403483566001663,0.0,0.0078102648175873545,0.0],[0.0,0.0,0.0,0.001800485142132203,-0.006359861737820355,0.006077656508267676,-0.006361740765591071,0.0],[0.0,0.0,0.0,0.0,0.006400666749762067,-0.006130072366330138,0.007219468320072366,0.0],[0.0,0.0,0.0,0.0,0.0,0.0,-0.0040854270406166645,0.0066614299494045254],[0.0,0.0,0.0,0.0,0.0,0.0,0.001891102507207802,-0.006617060830371366]]}