{"din_name":"flux_level13843.json","din_kind":"RELATIVE","din_start":600.0000051518671,"din_end":660.0000054546804,"din_rules":["Interventions","r1","r1_rev","r2","r3","r4","r5","r6"],"din_hits":[0,52126,52113,14546,3779761,3765195,872596,872614],"din_fluxs":[[0.0,0.0,0.0,0.0,0.0,0.0,0.0,0.0],[0.0,-0.001089968806071596,0.10490706453833373,0.10104292762126553,0.0,-0.0019967941197620597,0.0,0.0],[0.0,0.001091159368292662,-0.09251990832324074,-0.16581082535722072,0.0,0.005244722616477394,0.0,0.0],[0.0,0.0,0.0,-0.47728310070529495,0.0025650363524579844,0.0,0.0038322912789129087,0.0],[0.0,0.0,0.0,0.006256290246899628,-0.0025584475884957224,0.01891343498063109,-0.0025574268942601774,0.0],[0.0,0.0,0.0,0.0,0.002565011985423923,-0.01867485982155079,0.00289764677452931,0.0],[0.0,0.0,0.0,0.0,0.0,0.0,-0.006534931362110974,0.0012538031627064615],[0.0,0.0,0.0,0.0,0.0,0.0,0.005178479940802667,-0.0012522327870631792]]}