{"din_name":"flux_level05418.json","din_kind":"RELATIVE","din_start":600.0000209031105,"din_end":660.0000123534221,"din_rules":["Interventions","r1","r1_rev","r2","r3","r4","r5","r6"],"din_hits":[0,108849,108810,30134,1111480,1081336,197701,197705],"din_fluxs":[[0.0,0.0,0.0,0.0,0.0,0.0,0.0,0.0],[0.0,-0.0011260026223579328,0.0233168291561012,0.029953015469612095,0.0,-0.0020772134979900204,0.0,0.0],[0.0,0.0011272818248928074,-0.022388609321762194,-0.0434128644018834,0.0,0.0033710168569801753,0.0,0.0],[0.0,0.0,0.0,-0.1885945081591407,0.0027671310511434215,0.0,0.0034206014596459885,0.0],[0.0,0.0,0.0,0.007993019338759346,-0.002759802409900644,0.01519563345479727,-0.0027620285635695323,0.0],[0.0,0.0,0.0,0.0,0.0027674522500880728,-0.015504672502490192,0.0031514150440654057,0.0],[0.0,0.0,0.0,0.0,0.0,0.0,-0.007668460664426901,0.0012315334549028191],[0.0,0.0,0.0,0.0,0.0,0.0,0.005643887021464251,-0.0012300180594083034]]}