{"din_name":"flux_level01881.json","din_kind":"RELATIVE","din_start":600.0000351079944,"din_end":660.0000450175137,"din_rules":["Interventions","r1","r1_rev","r2","r3","r4","r5","r6"],"din_hits":[0,19157,19140,1363,693049,691696,268649,268653],"din_fluxs":[[0.0,0.0,0.0,0.0,0.0,0.0,0.0,0.0],[0.0,-0.0010955609984559871,0.06768438897694556,0.11486520901752428,0.0,-0.0020316480803756532,0.0,0.0],[0.0,0.0010967700924616672,-0.06203883926211827,-0.11985650498704382,0.0,0.002463142170317877,0.0,0.0],[0.0,0.0,0.0,-0.22609876006087262,0.009397293319125652,0.0,0.010526492406151703,0.0],[0.0,0.0,0.0,0.0012568636005157628,-0.009326477751601297,0.005188723461035398,-0.009323343383678401,0.0],[0.0,0.0,0.0,0.0,0.009414857319193934,-0.005183764314872319,0.010373343818227196,0.0],[0.0,0.0,0.0,0.0,0.0,0.0,-0.005281601863050628,0.02189659819415995],[0.0,0.0,0.0,0.0,0.0,0.0,0.002855754010488941,-0.021416811240514776]]}