{"din_name":"flux_level04069.json","din_kind":"RELATIVE","din_start":600.000030479217,"din_end":660.0000050897596,"din_rules":["Interventions","r1","r1_rev","r2","r3","r4","r5","r6"],"din_hits":[0,11294,11256,30567,1501933,1471357,2039200,2039189],"din_fluxs":[[0.0,0.0,0.0,0.0,0.0,0.0,0.0,0.0],[0.0,-0.0011104996535504068,0.03543489728303556,0.03642328728466044,0.0,-0.0020799516675881115,0.0,0.0],[0.0,0.0011117762823705695,-0.03295538945565151,-0.06325339337002998,0.0,0.004293358232352987,0.0,0.0],[0.0,0.0,0.0,-0.24780937111479132,0.0026093425874883242,0.0,0.003848543769643965,0.0],[0.0,0.0,0.0,0.007071493249577927,-0.0026025066164002486,0.018183053028575962,-0.002601026564506572,0.0],[0.0,0.0,0.0,0.0,0.002609299012554711,-0.018237844053414096,0.003203908926080335,0.0],[0.0,0.0,0.0,0.0,0.0,0.0,-0.002467376291759576,0.002261978490692074],[0.0,0.0,0.0,0.0,0.0,0.0,0.002027711344090322,-0.002256867933531201]]}