{"din_name":"flux_level04557.json","din_kind":"RELATIVE","din_start":600.0000035687189,"din_end":660.0000007460601,"din_rules":["Interventions","r1","r1_rev","r2","r3","r4","r5","r6"],"din_hits":[0,63227,63216,11226,3072083,3060853,219988,219999],"din_fluxs":[[0.0,0.0,0.0,0.0,0.0,0.0,0.0,0.0],[0.0,-0.0010906404287971848,0.09965646919710705,0.10339993613229918,0.0,-0.0020499617156729895,0.0,0.0],[0.0,0.0010918323840311492,-0.08726833814125885,-0.15757531834632238,0.0,0.00479153850494271,0.0,0.0],[0.0,0.0,0.0,-0.4646010386826964,0.002619781608338983,0.0,0.002803445491077038,0.0],[0.0,0.0,0.0,0.0063738750628338035,-0.0026135936283511615,0.017545823830331722,-0.0026113295098476076,0.0],[0.0,0.0,0.0,0.0,0.002620447246058298,-0.017359178067856907,0.002674098074145923,0.0],[0.0,0.0,0.0,0.0,0.0,0.0,-0.0030890048549267963,0.0017421784839501556],[0.0,0.0,0.0,0.0,0.0,0.0,0.0023777384733434837,-0.0017391443139201886]]}