{"din_name":"flux_level10814.json","din_kind":"RELATIVE","din_start":600.0000227934354,"din_end":660.0000123197121,"din_rules":["Interventions","r1","r1_rev","r2","r3","r4","r5","r6"],"din_hits":[0,67425,67404,38654,2268303,2229649,234552,234551],"din_fluxs":[[0.0,0.0,0.0,0.0,0.0,0.0,0.0,0.0],[0.0,-0.001107739414592938,0.0380020091361001,0.04001657560077517,0.0,-0.002054116346255031,0.0,0.0],[0.0,0.0011089736838254308,-0.035966887789830954,-0.06806322760878504,0.0,0.00424693797692871,0.0,0.0],[0.0,0.0,0.0,-0.28841504463094464,0.0025401139304330874,0.0,0.003144497747998271,0.0],[0.0,0.0,0.0,0.008128116016330674,-0.0025339652062575484,0.019908845885566767,-0.0025363760916393145,0.0],[0.0,0.0,0.0,0.0,0.0025404094623738323,-0.019914586384846753,0.002735569277632977,0.0],[0.0,0.0,0.0,0.0,0.0,0.0,-0.008279107049044785,0.001185497823985384],[0.0,0.0,0.0,0.0,0.0,0.0,0.006595633229745202,-0.001184093836624586]]}