{"din_name":"flux_level00615.json","din_kind":"RELATIVE","din_start":600.0000168411406,"din_end":660.000001129378,"din_rules":["Interventions","r1","r1_rev","r2","r3","r4","r5","r6"],"din_hits":[0,7290,7260,39007,3349851,3310858,1137085,1137067],"din_fluxs":[[0.0,0.0,0.0,0.0,0.0,0.0,0.0,0.0],[0.0,-0.0011009134990716538,0.04996776980670897,0.04932775840265269,0.0,-0.002102609688639612,0.0,0.0],[0.0,0.0011021560246519974,-0.04648009635841878,-0.08944871159458333,0.0,0.0046143263358820194,0.0,0.0],[0.0,0.0,0.0,-0.27202017659360894,0.0027512184534378547,0.0,0.0038859704133476893,0.0],[0.0,0.0,0.0,0.00458248226815122,-0.002744163994760007,0.015414347523501824,-0.002743340652888338,0.0],[0.0,0.0,0.0,0.0,0.002751724102794081,-0.01536105100674225,0.002989769545047116,0.0],[0.0,0.0,0.0,0.0,0.0,0.0,-0.0028489469306805914,0.001982736607135538],[0.0,0.0,0.0,0.0,0.0,0.0,0.0021357398251736913,-0.0019788094702250488]]}