{"din_name":"flux_level04412.json","din_kind":"RELATIVE","din_start":600.0000019608478,"din_end":660.0000014419114,"din_rules":["Interventions","r1","r1_rev","r2","r3","r4","r5","r6"],"din_hits":[0,84114,84089,23954,2174451,2150489,605085,605112],"din_fluxs":[[0.0,0.0,0.0,0.0,0.0,0.0,0.0,0.0],[0.0,-0.0011027555864438383,0.04617645242742734,0.04980980755332059,0.0,-0.0020380243810703613,0.0,0.0],[0.0,0.0011039764479670899,-0.043352591573451074,-0.08251160389248741,0.0,0.004148469336643275,0.0,0.0],[0.0,0.0,0.0,-0.29917598168233045,0.00266430330789839,0.0,0.002900744488094515,0.0],[0.0,0.0,0.0,0.006644403929050479,-0.0026573010043735015,0.016825179999864208,-0.0026578580374394586,0.0],[0.0,0.0,0.0,0.0,0.002664384753576927,-0.016807168210222705,0.002772686509456946,0.0],[0.0,0.0,0.0,0.0,0.0,0.0,-0.0017456739816258402,0.00434948199035301],[0.0,0.0,0.0,0.0,0.0,0.0,0.0013610163132216828,-0.004330565897203061]]}