{"din_name":"flux_level02368.json","din_kind":"RELATIVE","din_start":600.0000472499211,"din_end":660.000016798965,"din_rules":["Interventions","r1","r1_rev","r2","r3","r4","r5","r6"],"din_hits":[0,52838,52825,5418,1832727,1827296,276196,276205],"din_fluxs":[[0.0,0.0,0.0,0.0,0.0,0.0,0.0,0.0],[0.0,-0.0010900968508173782,0.10364360944964601,0.12123660662776291,0.0,-0.0020308861047183394,0.0,0.0],[0.0,0.0010912877078070816,-0.09150887148790601,-0.16235971544334646,0.0,0.004531833588219053,0.0,0.0],[0.0,0.0,0.0,-0.5018754839781485,0.0026067073433020615,0.0,0.0038292832818912497,0.0],[0.0,0.0,0.0,0.00762137958282336,-0.002600131192732899,0.01779971425861533,-0.002598608629517728,0.0],[0.0,0.0,0.0,0.0,0.0026069126046097133,-0.017608202371531892,0.0031140484317624104,0.0],[0.0,0.0,0.0,0.0,0.0,0.0,-0.013663756249560687,0.001111286759917928],[0.0,0.0,0.0,0.0,0.0,0.0,0.010691413681872132,-0.0011100529918764883]]}