{"din_name":"flux_level11809.json","din_kind":"RELATIVE","din_start":600.0000096224501,"din_end":660.0000798275537,"din_rules":["Interventions","r1","r1_rev","r2","r3","r4","r5","r6"],"din_hits":[0,111631,111594,4816,613828,609016,147034,147037],"din_fluxs":[[0.0,0.0,0.0,0.0,0.0,0.0,0.0,0.0],[0.0,-0.0011088370623541467,0.036594643414153825,0.05694287553903044,0.0,-0.0020526882125233388,0.0,0.0],[0.0,0.001110071728280953,-0.034699713137660924,-0.06733799055448396,0.0,0.0027742595257530707,0.0,0.0],[0.0,0.0,0.0,-0.21142805246517635,0.0035964205013241904,0.0,0.0038681531926212953,0.0],[0.0,0.0,0.0,0.005657369899786153,-0.003582992940039367,0.009260311906775925,-0.0035818517772503006,0.0],[0.0,0.0,0.0,0.0,0.0035958867119407862,-0.009375834035480504,0.003848664927679087,0.0],[0.0,0.0,0.0,0.0,0.0,0.0,-0.0026041568465492134,0.003448767258444719],[0.0,0.0,0.0,0.0,0.0,0.0,0.001564539103318238,-0.00343689326640714]]}