{"din_name":"flux_level11471.json","din_kind":"RELATIVE","din_start":600.0000081172475,"din_end":660.0000155394845,"din_rules":["Interventions","r1","r1_rev","r2","r3","r4","r5","r6"],"din_hits":[0,102049,102034,1322,278811,277467,1502252,1502238],"din_fluxs":[[0.0,0.0,0.0,0.0,0.0,0.0,0.0,0.0],[0.0,-0.0011032986617118055,0.045735188188211935,0.07996791022838974,0.0,-0.0020306163384925966,0.0,0.0],[0.0,0.0011045198328660693,-0.04235023845824449,-0.07897216047891724,0.0,0.002629558081133944,0.0,0.0],[0.0,0.0,0.0,-0.34551348047331787,0.0028984563660177706,0.0,0.004599436272766709,0.0],[0.0,0.0,0.0,0.010968996704041226,-0.002889449016405472,0.013216014637326901,-0.0028966555615954266,0.0],[0.0,0.0,0.0,0.0,0.002897825681251016,-0.013315727068950012,0.004493151514897151,0.0],[0.0,0.0,0.0,0.0,0.0,0.0,-0.0025649249879876423,0.002937135309040179],[0.0,0.0,0.0,0.0,0.0,0.0,0.00227787325146009,-0.002928516658547703]]}