{"din_name":"flux_level12426.json","din_kind":"RELATIVE","din_start":600.000006830979,"din_end":660.0000211001047,"din_rules":["Interventions","r1","r1_rev","r2","r3","r4","r5","r6"],"din_hits":[0,520717,520591,190234,1458485,1268234,925227,925242],"din_fluxs":[[0.0,0.0,0.0,0.0,0.0,0.0,0.0,0.0],[0.0,-0.0012467298958962455,0.007168899965893108,0.013692923011239653,0.0,-0.0023300726791624766,0.0,0.0],[0.0,0.0012483104480306858,-0.006994259798938265,-0.013910618486035968,0.0,0.0024266834861190146,0.0,0.0],[0.0,0.0,0.0,-0.04122125210603738,0.00566285485448139,0.0,0.007025373950957351,0.0],[0.0,0.0,0.0,0.005775883080180951,-0.0056306113867032725,0.006324084686414173,-0.005634190922139967,0.0],[0.0,0.0,0.0,0.0,0.005662542691031243,-0.007256736545839086,0.006983669448272282,0.0],[0.0,0.0,0.0,0.0,0.0,0.0,-0.00420616581191073,0.004362413873249685],[0.0,0.0,0.0,0.0,0.0,0.0,0.0021579680839410465,-0.004343397880354872]]}