{"din_name":"flux_level03976.json","din_kind":"RELATIVE","din_start":600.0000029572019,"din_end":660.0000043532691,"din_rules":["Interventions","r1","r1_rev","r2","r3","r4","r5","r6"],"din_hits":[0,52087,52068,15112,2356786,2341664,1316222,1316260],"din_fluxs":[[0.0,0.0,0.0,0.0,0.0,0.0,0.0,0.0],[0.0,-0.0010949975832027891,0.06963636528192332,0.07126824125265563,0.0,-0.00205481489721341,0.0,0.0],[0.0,0.0010962004344012598,-0.06380366424581461,-0.11971298691875538,0.0,0.004694900025864105,0.0,0.0],[0.0,0.0,0.0,-0.38230379508013984,0.0026243376006628836,0.0,0.004027720458160906,0.0],[0.0,0.0,0.0,0.006054305723109093,-0.0026180963789182088,0.01755048735485785,-0.002618724798443755,0.0],[0.0,0.0,0.0,0.0,0.0026249749480386536,-0.017413029022960307,0.00313067223670518,0.0],[0.0,0.0,0.0,0.0,0.0,0.0,-0.004105510974638458,0.0015036477416821106],[0.0,0.0,0.0,0.0,0.0,0.0,0.0032224224260050988,-0.0015013898376097772]]}