{"din_name":"flux_level07009.json","din_kind":"RELATIVE","din_start":600.0000085827234,"din_end":660.0000014652356,"din_rules":["Interventions","r1","r1_rev","r2","r3","r4","r5","r6"],"din_hits":[0,41046,41029,16632,3042865,3026209,1314737,1314726],"din_fluxs":[[0.0,0.0,0.0,0.0,0.0,0.0,0.0,0.0],[0.0,-0.0010966716882877035,0.06358065681565668,0.06885221879771322,0.0,-0.002008265378034837,0.0,0.0],[0.0,0.001097879678023654,-0.05782808763713873,-0.1115238820588165,0.0,0.00388230544166169,0.0,0.0],[0.0,0.0,0.0,-0.27301090937489686,0.0032860978956353567,0.0,0.004422233673873409,0.0],[0.0,0.0,0.0,0.0029382973769725533,-0.0032757113147211295,0.010592048676859247,-0.0032753201244210455,0.0],[0.0,0.0,0.0,0.0,0.0032864877212504767,-0.01056271977647136,0.0037175799094423924,0.0],[0.0,0.0,0.0,0.0,0.0,0.0,-0.0028857494762299595,0.002491468715178894],[0.0,0.0,0.0,0.0,0.0,0.0,0.0018979457573550355,-0.002485268436869718]]}