{"din_name":"flux_level08743.json","din_kind":"RELATIVE","din_start":600.0000011908439,"din_end":660.0000037330723,"din_rules":["Interventions","r1","r1_rev","r2","r3","r4","r5","r6"],"din_hits":[0,133926,133875,101559,2599860,2498297,1266522,1266511],"din_fluxs":[[0.0,0.0,0.0,0.0,0.0,0.0,0.0,0.0],[0.0,-0.0011339090744878196,0.020065007179901898,0.02543423845042228,0.0,-0.0021034919095974064,0.0,0.0],[0.0,0.001135207377274122,-0.019325368232265428,-0.03732059494768285,0.0,0.0034811131623474476,0.0,0.0],[0.0,0.0,0.0,-0.19293851946630972,0.002591990488309101,0.0,0.003092309954983038,0.0],[0.0,0.0,0.0,0.010076026219196055,-0.0025853581469838537,0.018627015350296275,-0.0025850307001402924,0.0],[0.0,0.0,0.0,0.0,0.002592064733155423,-0.019086266190727435,0.00283520866861619,0.0],[0.0,0.0,0.0,0.0,0.0,0.0,-0.002476201054870404,0.002150423785261933],[0.0,0.0,0.0,0.0,0.0,0.0,0.0019689853027220526,-0.002145804392685042]]}