{"din_name":"flux_level12445.json","din_kind":"RELATIVE","din_start":600.0000034131733,"din_end":660.0000151165914,"din_rules":["Interventions","r1","r1_rev","r2","r3","r4","r5","r6"],"din_hits":[0,72397,72390,5510,1080124,1074628,2023023,2023077],"din_fluxs":[[0.0,0.0,0.0,0.0,0.0,0.0,0.0,0.0],[0.0,-0.0010955201871189102,0.06725612217036936,0.08515926379276735,0.0,-0.0020248154907607247,0.0,0.0],[0.0,0.001096722992948155,-0.0618005990656664,-0.11239964481539866,0.0,0.003965847130450721,0.0,0.0],[0.0,0.0,0.0,-0.4347946576307579,0.0025742642104910007,0.0,0.003652064606578474,0.0],[0.0,0.0,0.0,0.009426086192207054,-0.00256683054551952,0.018653902196998563,-0.002566152075579312,0.0],[0.0,0.0,0.0,0.0,0.0025734338459553253,-0.018529304853387173,0.003276503036896319,0.0],[0.0,0.0,0.0,0.0,0.0,0.0,-0.0023480280511591783,0.0023860559690659414],[0.0,0.0,0.0,0.0,0.0,0.0,0.001978796348085732,-0.0023803661008162166]]}