{"din_name":"flux_level08877.json","din_kind":"RELATIVE","din_start":600.0000019431179,"din_end":660.0000093199981,"din_rules":["Interventions","r1","r1_rev","r2","r3","r4","r5","r6"],"din_hits":[0,19263,19251,13644,2729369,2715707,456179,456178],"din_fluxs":[[0.0,0.0,0.0,0.0,0.0,0.0,0.0,0.0],[0.0,-0.0010916947375836132,0.08941916025218602,0.08066558918287002,0.0,-0.0020384135817282474,0.0,0.0],[0.0,0.001092892302957572,-0.08013933502214249,-0.14887748626290648,0.0,0.0051800428179645626,0.0,0.0],[0.0,0.0,0.0,-0.39793754046032376,0.0026790579826772897,0.0,0.004837689936231626,0.0],[0.0,0.0,0.0,0.0044176622978643245,-0.0026722585038514513,0.016449577984606233,-0.0026789389465176677,0.0],[0.0,0.0,0.0,0.0,0.0026794229227838783,-0.016284104379849604,0.0030985468671674487,0.0],[0.0,0.0,0.0,0.0,0.0,0.0,-0.009552855255437075,0.0011718131542973673],[0.0,0.0,0.0,0.0,0.0,0.0,0.007264830044373466,-0.0011704413997263665]]}