{"din_name":"flux_level04010.json","din_kind":"RELATIVE","din_start":600.0000003944219,"din_end":660.0000167624598,"din_rules":["Interventions","r1","r1_rev","r2","r3","r4","r5","r6"],"din_hits":[0,23543,23528,10965,2237729,2226748,576403,576423],"din_fluxs":[[0.0,0.0,0.0,0.0,0.0,0.0,0.0,0.0],[0.0,-0.0010948830456831552,0.06983189948800522,0.07361858784394563,0.0,-0.0020038715041530097,0.0,0.0],[0.0,0.001096088753989162,-0.06396725483763768,-0.12107070675022243,0.0,0.004044301797653982,0.0,0.0],[0.0,0.0,0.0,-0.29926819900370843,0.0031780131518440364,0.0,0.0051733369592438655,0.0],[0.0,0.0,0.0,0.0029069443661639666,-0.00316802974161656,0.011185147283441558,-0.003165157996006331,0.0],[0.0,0.0,0.0,0.0,0.0031781053741854084,-0.011136153905183611,0.003681391866283164,0.0],[0.0,0.0,0.0,0.0,0.0,0.0,-0.005468407804338466,0.001446013065103932],[0.0,0.0,0.0,0.0,0.0,0.0,0.003557185038727355,-0.0014439245267149035]]}