{"din_name":"flux_level12371.json","din_kind":"RELATIVE","din_start":600.0000553626732,"din_end":660.0000028589576,"din_rules":["Interventions","r1","r1_rev","r2","r3","r4","r5","r6"],"din_hits":[0,110917,110894,1443,279661,278232,991885,991884],"din_fluxs":[[0.0,0.0,0.0,0.0,0.0,0.0,0.0,0.0],[0.0,-0.0011022528982020602,0.047156700712006686,0.08877009633619221,0.0,-0.002051509301632747,0.0,0.0],[0.0,0.0011034717246643604,-0.0442386796353821,-0.07958180973183614,0.0,0.002812133988130084,0.0,0.0],[0.0,0.0,0.0,-0.4485935467712552,0.002544065046913735,0.0,0.0031102382515861447,0.0],[0.0,0.0,0.0,0.016875710912032413,-0.0025398877352623673,0.019221754720626035,-0.002541661384003206,0.0],[0.0,0.0,0.0,0.0,0.0025463695344279617,-0.019240660182664807,0.0030674069700717577,0.0],[0.0,0.0,0.0,0.0,0.0,0.0,-0.0016720493809426968,0.004841951201313959],[0.0,0.0,0.0,0.0,0.0,0.0,0.0015288899056299591,-0.004818529130128146]]}