{"din_name":"flux_level13541.json","din_kind":"RELATIVE","din_start":600.0000546350321,"din_end":660.0000508296895,"din_rules":["Interventions","r1","r1_rev","r2","r3","r4","r5","r6"],"din_hits":[0,419841,419771,27739,590389,562627,455241,455259],"din_fluxs":[[0.0,0.0,0.0,0.0,0.0,0.0,0.0,0.0],[0.0,-0.0011636541633949344,0.013273403342567876,0.022819330247563618,0.0,-0.002164317830760168,0.0,0.0],[0.0,0.0011650179995891926,-0.012879674077030234,-0.025399648718748134,0.0,0.002575751329171484,0.0,0.0],[0.0,0.0,0.0,-0.11302862788929245,0.003181043417943558,0.0,0.00425539823515383,0.0],[0.0,0.0,0.0,0.008885028238238073,-0.003170797191980406,0.011139851196253351,-0.003162126363528564,0.0],[0.0,0.0,0.0,0.0,0.0031808873810157995,-0.011847092364005335,0.00418449191406502,0.0],[0.0,0.0,0.0,0.0,0.0,0.0,-0.004077881703093329,0.0017705228999992735],[0.0,0.0,0.0,0.0,0.0,0.0,0.0027903555502530194,-0.001767392260985846]]}