{"din_name":"flux_level12103.json","din_kind":"RELATIVE","din_start":600.0000424018158,"din_end":660.0000281185711,"din_rules":["Interventions","r1","r1_rev","r2","r3","r4","r5","r6"],"din_hits":[0,109374,109324,12475,801056,788556,73880,73888],"din_fluxs":[[0.0,0.0,0.0,0.0,0.0,0.0,0.0,0.0],[0.0,-0.0011255312006484151,0.023576850754165476,0.039047166025765745,0.0,-0.00208342656004465,0.0,0.0],[0.0,0.0011268091505311911,-0.022632051157615546,-0.04475185392147173,0.0,0.0025370294734016413,0.0,0.0],[0.0,0.0,0.0,-0.10459139244342025,0.006419727645653612,0.0,0.006553413622566553,0.0],[0.0,0.0,0.0,0.002951705166924714,-0.0063780655249790685,0.006018440357656357,-0.006378114659390838,0.0],[0.0,0.0,0.0,0.0,0.006419150010305446,-0.00613798639964968,0.006542120901356865,0.0],[0.0,0.0,0.0,0.0,0.0,0.0,-0.0032776352199413343,0.07778433456271941],[0.0,0.0,0.0,0.0,0.0,0.0,0.0019642073197944127,-0.07167496047041753]]}