{"din_name":"flux_level08468.json","din_kind":"RELATIVE","din_start":600.0000063098095,"din_end":660.0000052434982,"din_rules":["Interventions","r1","r1_rev","r2","r3","r4","r5","r6"],"din_hits":[0,92392,92372,51995,4382579,4330583,741123,741152],"din_fluxs":[[0.0,0.0,0.0,0.0,0.0,0.0,0.0,0.0],[0.0,-0.0011030472029609736,0.04548244893848733,0.047247495612849924,0.0,-0.0020475904736573076,0.0,0.0],[0.0,0.001104268402670533,-0.04273887873345982,-0.08191642836175632,0.0,0.004217706200120336,0.0,0.0],[0.0,0.0,0.0,-0.2723940830744882,0.0027435075394597217,0.0,0.002998480047073542,0.0],[0.0,0.0,0.0,0.005497453434909528,-0.0027365507065702337,0.015490490138307727,-0.0027365976233112324,0.0],[0.0,0.0,0.0,0.0,0.0027440698593536113,-0.015478865379893634,0.002827710873323645,0.0],[0.0,0.0,0.0,0.0,0.0,0.0,-0.0019523634104828564,0.0034253185102379948],[0.0,0.0,0.0,0.0,0.0,0.0,0.0014600721790013142,-0.003413592102715439]]}