{"din_name":"flux_level05982.json","din_kind":"RELATIVE","din_start":600.0000045608654,"din_end":660.0000037188048,"din_rules":["Interventions","r1","r1_rev","r2","r3","r4","r5","r6"],"din_hits":[0,155229,155201,26810,2004455,1977650,1853830,1853824],"din_fluxs":[[0.0,0.0,0.0,0.0,0.0,0.0,0.0,0.0],[0.0,-0.0011071288960141038,0.03883712195287826,0.045465214641846885,0.0,-0.0020559222298982306,0.0,0.0],[0.0,0.0011083586047404125,-0.036746767274669266,-0.06971100556611684,0.0,0.0038771683174090403,0.0,0.0],[0.0,0.0,0.0,-0.30033505071963335,0.0025834966895988565,0.0,0.0031910655130028796,0.0],[0.0,0.0,0.0,0.008735316130483155,-0.00257686683816021,0.018602130985492526,-0.002577537499470028,0.0],[0.0,0.0,0.0,0.0,0.002583526818225793,-0.018642213069932127,0.002940192872904082,0.0],[0.0,0.0,0.0,0.0,0.0,0.0,-0.0021030074976528504,0.002725715979732362],[0.0,0.0,0.0,0.0,0.0,0.0,0.0017217163121038162,-0.002718294223163302]]}