{"din_name":"flux_level08916.json","din_kind":"RELATIVE","din_start":600.0000053738904,"din_end":660.0000017137841,"din_rules":["Interventions","r1","r1_rev","r2","r3","r4","r5","r6"],"din_hits":[0,1614,1600,25253,4042985,4017736,379544,379507],"din_fluxs":[[0.0,0.0,0.0,0.0,0.0,0.0,0.0,0.0],[0.0,-0.0010938196835406195,0.07550153031846495,0.06583917405717631,0.0,-0.001986705788967221,0.0,0.0],[0.0,0.0010950896136825332,-0.06775956772608782,-0.13095150942467707,0.0,0.004998910679968334,0.0,0.0],[0.0,0.0,0.0,-0.32832087618061134,0.0028359998455756794,0.0,0.003056864728668216,0.0],[0.0,0.0,0.0,0.003260887768832794,-0.002829117497644936,0.014153666505641314,-0.0028301708809464103,0.0],[0.0,0.0,0.0,0.0,0.0028371552205969904,-0.01404319571102766,0.002877319486990794,0.0],[0.0,0.0,0.0,0.0,0.0,0.0,-0.0015913481934987281,0.009458616793964965],[0.0,0.0,0.0,0.0,0.0,0.0,0.0011713011655619726,-0.009369200844603073]]}