{"din_name":"flux_level04113.json","din_kind":"RELATIVE","din_start":600.0000123085589,"din_end":660.0000005165106,"din_rules":["Interventions","r1","r1_rev","r2","r3","r4","r5","r6"],"din_hits":[0,22912,22898,1247,646840,645587,1365250,1365267],"din_fluxs":[[0.0,0.0,0.0,0.0,0.0,0.0,0.0,0.0],[0.0,-0.0010896069999941096,0.1112660897257301,0.14525835564421702,0.0,-0.0020216653752969382,0.0,0.0],[0.0,0.0010907980109666475,-0.09608967158479378,-0.17311603654202978,0.0,0.0038974635641813764,0.0,0.0],[0.0,0.0,0.0,-0.4854383876378117,0.0028475850534602494,0.0,0.0037662147951296786,0.0],[0.0,0.0,0.0,0.006827795318092472,-0.00283651918346722,0.013846290908159732,-0.0028386512418940185,0.0],[0.0,0.0,0.0,0.0,0.00284458629393043,-0.013747453492512059,0.0035306744185228493,0.0],[0.0,0.0,0.0,0.0,0.0,0.0,-0.002039943252526659,0.003935607130542776],[0.0,0.0,0.0,0.0,0.0,0.0,0.0017212240857260436,-0.003920134122077043]]}