{"din_name":"flux_level08171.json","din_kind":"RELATIVE","din_start":600.0000046043421,"din_end":660.0000017711201,"din_rules":["Interventions","r1","r1_rev","r2","r3","r4","r5","r6"],"din_hits":[0,46122,46108,20566,4296211,4275634,1209181,1209198],"din_fluxs":[[0.0,0.0,0.0,0.0,0.0,0.0,0.0,0.0],[0.0,-0.0010924745298282316,0.08355067171013179,0.07943742921845406,0.0,-0.0019974284094644978,0.0,0.0],[0.0,0.001093671444104493,-0.07542730422341627,-0.13995438176848066,0.0,0.004689116135971477,0.0,0.0],[0.0,0.0,0.0,-0.376614856208977,0.0027782654361759645,0.0,0.003143751097016283,0.0],[0.0,0.0,0.0,0.00419166722786225,-0.0027708529502661343,0.014843797273967828,-0.0027706266952650846,0.0],[0.0,0.0,0.0,0.0,0.0027785567847546963,-0.014723639424906393,0.002901143944228947,0.0],[0.0,0.0,0.0,0.0,0.0,0.0,-0.0017841224064292023,0.004707254520359123],[0.0,0.0,0.0,0.0,0.0,0.0,0.0013514080582553542,-0.004685122235276012]]}