{"din_name":"flux_level06742.json","din_kind":"RELATIVE","din_start":600.0000014718652,"din_end":660.0000003192736,"din_rules":["Interventions","r1","r1_rev","r2","r3","r4","r5","r6"],"din_hits":[0,59013,58992,9753,3041966,3032191,76725,76714],"din_fluxs":[[0.0,0.0,0.0,0.0,0.0,0.0,0.0,0.0],[0.0,-0.0010931781164357933,0.08053374766686784,0.09543782703159898,0.0,-0.002030104067493751,0.0,0.0],[0.0,0.0010943758997193304,-0.0719643417374537,-0.13561521254663597,0.0,0.003650939180144309,0.0,0.0],[0.0,0.0,0.0,-0.32190365569267926,0.003405021156607719,0.0,0.005749984999340028,0.0],[0.0,0.0,0.0,0.0030142147081853154,-0.0033935455576277096,0.009980459128207244,-0.0033966814867513427,0.0],[0.0,0.0,0.0,0.0,0.003405112135491147,-0.009944017998178001,0.0044011113645928196,0.0],[0.0,0.0,0.0,0.0,0.0,0.0,-0.06627826238892248,0.0010296554851700198],[0.0,0.0,0.0,0.0,0.0,0.0,0.04222819284014903,-0.001028596171557635]]}