{"din_name":"flux_level10667.json","din_kind":"RELATIVE","din_start":600.0000507157456,"din_end":660.0001328050261,"din_rules":["Interventions","r1","r1_rev","r2","r3","r4","r5","r6"],"din_hits":[0,34529,34520,33,22089,22073,737722,737714],"din_fluxs":[[0.0,0.0,0.0,0.0,0.0,0.0,0.0,0.0],[0.0,-0.0010953831259068046,0.06777972518775273,0.1445969591787353,0.0,-0.0020455609480698462,0.0,0.0],[0.0,0.0010965875476064708,-0.062216261628588794,-0.11821103513645273,0.0,0.002109278224802334,0.0,0.0],[0.0,0.0,0.0,-0.30003328180518407,0.005570618797595456,0.0,0.008409904778062291,0.0],[0.0,0.0,0.0,0.006979228139677493,-0.00552432068625346,0.006301873976857227,-0.005559904878940605,0.0],[0.0,0.0,0.0,0.0,0.0055549561527762185,-0.006359785068110244,0.008372118672051615,0.0],[0.0,0.0,0.0,0.0,0.0,0.0,-0.004173951463114368,0.008073317900944265],[0.0,0.0,0.0,0.0,0.0,0.0,0.004108776089939798,-0.008008154131164184]]}