{"din_name":"flux_level07386.json","din_kind":"RELATIVE","din_start":600.0000001261326,"din_end":660.0000030458514,"din_rules":["Interventions","r1","r1_rev","r2","r3","r4","r5","r6"],"din_hits":[0,19584,19538,122028,3337714,3215692,491493,491509],"din_fluxs":[[0.0,0.0,0.0,0.0,0.0,0.0,0.0,0.0],[0.0,-0.00113150885815043,0.021048130993520108,0.026113473895172462,0.0,-0.0021040478252758606,0.0,0.0],[0.0,0.001132859516342889,-0.02011428725246061,-0.03902568556263689,0.0,0.0035137929755868547,0.0,0.0],[0.0,0.0,0.0,-0.15807587050859695,0.002826364632664789,0.0,0.0032655311869962005,0.0],[0.0,0.0,0.0,0.006994325778741248,-0.0028188350316488493,0.014532430351506555,-0.002819059742055877,0.0],[0.0,0.0,0.0,0.0,0.0028268237931608374,-0.014867503814889214,0.0029237686642566004,0.0],[0.0,0.0,0.0,0.0,0.0,0.0,-0.0025611886144723734,0.0022634774892664675],[0.0,0.0,0.0,0.0,0.0,0.0,0.0018492007064291936,-0.002258360884894062]]}