{"din_name":"flux_level11966.json","din_kind":"RELATIVE","din_start":600.0000101171477,"din_end":660.000001183687,"din_rules":["Interventions","r1","r1_rev","r2","r3","r4","r5","r6"],"din_hits":[0,32813,32801,3695,1136137,1132434,1983155,1983170],"din_fluxs":[[0.0,0.0,0.0,0.0,0.0,0.0,0.0,0.0],[0.0,-0.0010901203668397068,0.1052504341312439,0.11672882214360834,0.0,-0.002026883971916252,0.0,0.0],[0.0,0.0010913120740307517,-0.09157696329715483,-0.15920223327031932,0.0,0.00470851472799895,0.0,0.0],[0.0,0.0,0.0,-0.5177830094829735,0.002530443645644476,0.0,0.0034867496171921003,0.0],[0.0,0.0,0.0,0.008406886069190567,-0.0025238143617376183,0.019830652144860957,-0.0025230019466731127,0.0],[0.0,0.0,0.0,0.0,0.0025302012111054163,-0.019580670248254144,0.0030741232468349676,0.0],[0.0,0.0,0.0,0.0,0.0,0.0,-0.0020884635178663666,0.002722232000645267],[0.0,0.0,0.0,0.0,0.0,0.0,0.0017816472594908179,-0.0027148285823628284]]}