{"din_name":"flux_level06844.json","din_kind":"RELATIVE","din_start":600.0001104166896,"din_end":660.0000350080714,"din_rules":["Interventions","r1","r1_rev","r2","r3","r4","r5","r6"],"din_hits":[0,10691,10677,1676,477225,475538,694059,694068],"din_fluxs":[[0.0,0.0,0.0,0.0,0.0,0.0,0.0,0.0],[0.0,-0.0010947589151007215,0.07059441792390547,0.08690783943157614,0.0,-0.0020237754500049927,0.0,0.0],[0.0,0.0010959707892724412,-0.06451489342418619,-0.12156899332098464,0.0,0.003480893128707535,0.0,0.0],[0.0,0.0,0.0,-0.2886414033311953,0.003582796854673032,0.0,0.004266709127262779,0.0],[0.0,0.0,0.0,0.002799078297162705,-0.0035726418445241248,0.009318670772603208,-0.003571804254835073,0.0],[0.0,0.0,0.0,0.0,0.0035854778349022082,-0.009296847378707064,0.004135385868769155,0.0],[0.0,0.0,0.0,0.0,0.0,0.0,-0.0021617848637276943,0.008576621366436395],[0.0,0.0,0.0,0.0,0.0,0.0,0.0017891223374820464,-0.008503125055836384]]}