{"din_name":"flux_level08635.json","din_kind":"RELATIVE","din_start":600.0000041091888,"din_end":660.0000096701252,"din_rules":["Interventions","r1","r1_rev","r2","r3","r4","r5","r6"],"din_hits":[0,65244,65223,12059,2717909,2705837,1040369,1040326],"din_fluxs":[[0.0,0.0,0.0,0.0,0.0,0.0,0.0,0.0],[0.0,-0.001098781548695677,0.05567931479064839,0.07550528184906873,0.0,-0.002027117920128804,0.0,0.0],[0.0,0.0010999933125912433,-0.05177052564783221,-0.09998325521028079,0.0,0.0030892702843405857,0.0,0.0],[0.0,0.0,0.0,-0.2234771044155222,0.004424318297663423,0.0,0.006107541223687616,0.0],[0.0,0.0,0.0,0.0022222124650645744,-0.004405097378702918,0.007518793070704332,-0.004409274212277564,0.0],[0.0,0.0,0.0,0.0,0.004424622553438276,-0.007520787466479246,0.005263585856131542,0.0],[0.0,0.0,0.0,0.0,0.0,0.0,-0.00437285866750082,0.002260763832538324],[0.0,0.0,0.0,0.0,0.0,0.0,0.0022325698123631223,-0.0022556585742733136]]}