{"din_name":"flux_level04461.json","din_kind":"RELATIVE","din_start":600.0000046022604,"din_end":660.0000251651744,"din_rules":["Interventions","r1","r1_rev","r2","r3","r4","r5","r6"],"din_hits":[0,52083,52056,11251,2313285,2302023,963416,963402],"din_fluxs":[[0.0,0.0,0.0,0.0,0.0,0.0,0.0,0.0],[0.0,-0.0010972540953724053,0.060614204085244094,0.07428848474808601,0.0,-0.002043341984982746,0.0,0.0],[0.0,0.0010984619758384053,-0.056072141303670754,-0.10704657312214387,0.0,0.003485453596346899,0.0,0.0],[0.0,0.0,0.0,-0.2598640081665042,0.0035677508884185065,0.0,0.005711573950564829,0.0],[0.0,0.0,0.0,0.0028933205183105954,-0.003556848392997707,0.009394673999343187,-0.0035606066019836687,0.0],[0.0,0.0,0.0,0.0,0.003569566690657363,-0.00938412815561874,0.00451237882588319,0.0],[0.0,0.0,0.0,0.0,0.0,0.0,-0.005507748145866286,0.001567469395837037],[0.0,0.0,0.0,0.0,0.0,0.0,0.0033068049585068633,-0.0015650153805192703]]}