{"din_name":"flux_level00368.json","din_kind":"RELATIVE","din_start":600.0000520466903,"din_end":660.0000031806752,"din_rules":["Interventions","r1","r1_rev","r2","r3","r4","r5","r6"],"din_hits":[0,9926,9914,4625,1008764,1004138,388454,388456],"din_fluxs":[[0.0,0.0,0.0,0.0,0.0,0.0,0.0,0.0],[0.0,-0.0010923591895585503,0.08513241155377932,0.08259622144865639,0.0,-0.0020414579266137783,0.0,0.0],[0.0,0.0010935632095083558,-0.07654142645767063,-0.1436666000224901,0.0,0.004662599864495941,0.0,0.0],[0.0,0.0,0.0,-0.3689398660760761,0.002823958782741226,0.0,0.0047514048977059815,0.0],[0.0,0.0,0.0,0.0038907524615825364,-0.0028166746961485302,0.014231793412552282,-0.002817464428397062,0.0],[0.0,0.0,0.0,0.0,0.002824637685912099,-0.01412049497519701,0.0033311960021122516,0.0],[0.0,0.0,0.0,0.0,0.0,0.0,-0.004742397421587297,0.0014583053905995855],[0.0,0.0,0.0,0.0,0.0,0.0,0.0034616003410524784,-0.0014561808759819838]]}