{"din_name":"flux_level02211.json","din_kind":"RELATIVE","din_start":600.0000046950079,"din_end":660.000006701621,"din_rules":["Interventions","r1","r1_rev","r2","r3","r4","r5","r6"],"din_hits":[0,3471624,3470871,1590083,1765386,175351,281138,281155],"din_fluxs":[[0.0,0.0,0.0,0.0,0.0,0.0,0.0,0.0],[0.0,-0.003825136915159115,0.0013910107245053962,0.005636278080246788,0.0,-0.007425975734853521,0.0,0.0],[0.0,0.003840276140176642,-0.0013647086481205302,-0.002712509311949786,0.0,0.0037451012948596578,0.0,0.0],[0.0,0.0,0.0,-0.0402320452699994,0.0024151500437980056,0.0,0.0024425113468612256,0.0],[0.0,0.0,0.0,0.0320077027957483,-0.002409373439096918,0.013279363333608568,-0.002409564594570442,0.0],[0.0,0.0,0.0,0.0,0.002415624873406106,-0.053779048977852656,0.002455727214633761,0.0],[0.0,0.0,0.0,0.0,0.0,0.0,-0.001279427727295796,0.01809451560793931],[0.0,0.0,0.0,0.0,0.0,0.0,0.0011038591710713158,-0.01776724986938827]]}