{"din_name":"flux_level05212.json","din_kind":"RELATIVE","din_start":600.0000202942064,"din_end":660.0000094236543,"din_rules":["Interventions","r1","r1_rev","r2","r3","r4","r5","r6"],"din_hits":[0,36095,36065,41974,2951341,2909364,616769,616778],"din_fluxs":[[0.0,0.0,0.0,0.0,0.0,0.0,0.0,0.0],[0.0,-0.0011109313346887727,0.03419829926208069,0.04090132367144425,0.0,-0.0020472240786678273,0.0,0.0],[0.0,0.0011121811305583498,-0.03244943391815545,-0.06310340450540267,0.0,0.003494832245384589,0.0,0.0],[0.0,0.0,0.0,-0.17022936139840827,0.0034655709273689645,0.0,0.004431054842031326,0.0],[0.0,0.0,0.0,0.0032730878000905078,-0.003454965838695314,0.009906062016807774,-0.003455509617225283,0.0],[0.0,0.0,0.0,0.0,0.003466975346371828,-0.009966447334768296,0.0037380285813268066,0.0],[0.0,0.0,0.0,0.0,0.0,0.0,-0.0033025955414675437,0.00218891539964516],[0.0,0.0,0.0,0.0,0.0,0.0,0.0020006657750160127,-0.002184128975801657]]}