{"din_name":"flux_level12777.json","din_kind":"RELATIVE","din_start":600.0000447425386,"din_end":660.0000308067861,"din_rules":["Interventions","r1","r1_rev","r2","r3","r4","r5","r6"],"din_hits":[0,50618,50602,10403,1045001,1034582,971366,971357],"din_fluxs":[[0.0,0.0,0.0,0.0,0.0,0.0,0.0,0.0],[0.0,-0.0011049633566409258,0.04226734398064848,0.05024091007960801,0.0,-0.0020305413616761845,0.0,0.0],[0.0,0.0011061914943292183,-0.03981954829819561,-0.07668116861991052,0.0,0.0036083124556184733,0.0,0.0],[0.0,0.0,0.0,-0.2390430458046233,0.003025754081151152,0.0,0.003912594919297753,0.0],[0.0,0.0,0.0,0.00498060624974312,-0.0030160465149479147,0.012295739632125989,-0.0030139048154537314,0.0],[0.0,0.0,0.0,0.0,0.0030251712268898334,-0.01234200084196334,0.003586054695690155,0.0],[0.0,0.0,0.0,0.0,0.0,0.0,-0.0023755614503790964,0.0030885945988692915],[0.0,0.0,0.0,0.0,0.0,0.0,0.0017758946634929985,-0.0030790650154533085]]}