{"din_name":"flux_level08068.json","din_kind":"RELATIVE","din_start":600.0000081845089,"din_end":660.0000010223957,"din_rules":["Interventions","r1","r1_rev","r2","r3","r4","r5","r6"],"din_hits":[0,49331,49284,65807,2279537,2213709,1145541,1145552],"din_fluxs":[[0.0,0.0,0.0,0.0,0.0,0.0,0.0,0.0],[0.0,-0.0011210477820259126,0.026042678262421723,0.02946550289245914,0.0,-0.0020735168086127857,0.0,0.0],[0.0,0.0011223233571007111,-0.024902385071927845,-0.04824511429076156,0.0,0.0039038271099522143,0.0,0.0],[0.0,0.0,0.0,-0.21994212471030508,0.00258482100011587,0.0,0.002886336318002012,0.0],[0.0,0.0,0.0,0.008682392489658889,-0.0025785452087857975,0.01880882136592371,-0.002579006322668096,0.0],[0.0,0.0,0.0,0.0,0.0025852249415448145,-0.01903835119511992,0.002732464350110336,0.0],[0.0,0.0,0.0,0.0,0.0,0.0,-0.001633066284378085,0.005031841224842559],[0.0,0.0,0.0,0.0,0.0,0.0,0.0013369761001218272,-0.005006548005144034]]}