{"din_name":"flux_level05667.json","din_kind":"RELATIVE","din_start":600.0000184855239,"din_end":660.0000046384765,"din_rules":["Interventions","r1","r1_rev","r2","r3","r4","r5","r6"],"din_hits":[0,59838,59822,9173,1547346,1538168,1453294,1453333],"din_fluxs":[[0.0,0.0,0.0,0.0,0.0,0.0,0.0,0.0],[0.0,-0.0010952939531027482,0.06835989637163056,0.0747530766569373,0.0,-0.002017568414168445,0.0,0.0],[0.0,0.0010964972807425632,-0.06272560892511114,-0.11564198670465364,0.0,0.004370742850880034,0.0,0.0],[0.0,0.0,0.0,-0.4083663427937735,0.002585668383640092,0.0,0.0032048172908354902,0.0],[0.0,0.0,0.0,0.007595594186679611,-0.0025788042312948284,0.018419988766421258,-0.0025794895463080655,0.0],[0.0,0.0,0.0,0.0,0.002585472785553629,-0.018280004947081478,0.002912814858262695,0.0],[0.0,0.0,0.0,0.0,0.0,0.0,-0.001950299435696827,0.00313921524189641],[0.0,0.0,0.0,0.0,0.0,0.0,0.001606782513162353,-0.003129371165667486]]}