{"din_name":"flux_level04552.json","din_kind":"RELATIVE","din_start":600.0000121177536,"din_end":660.0000064940377,"din_rules":["Interventions","r1","r1_rev","r2","r3","r4","r5","r6"],"din_hits":[0,223641,223601,77197,3045995,2968796,467449,467414],"din_fluxs":[[0.0,0.0,0.0,0.0,0.0,0.0,0.0,0.0],[0.0,-0.0011211497171881458,0.02591323804703974,0.0315201602848176,0.0,-0.002071598859642062,0.0,0.0],[0.0,0.0011224120952863885,-0.024837879143762658,-0.04797061634581672,0.0,0.0036112704316120627,0.0,0.0],[0.0,0.0,0.0,-0.21850068126998293,0.0026433264995378643,0.0,0.0027274032470783645,0.0],[0.0,0.0,0.0,0.00865428607952363,-0.0026364640484220813,0.017370658530848036,-0.0026360899399432117,0.0],[0.0,0.0,0.0,0.0,0.0026434387500336547,-0.017621689836651876,0.002688916937125456,0.0],[0.0,0.0,0.0,0.0,0.0,0.0,-0.0014534009567020775,0.01135740899603629],[0.0,0.0,0.0,0.0,0.0,0.0,0.0011531080644461508,-0.011228585051143804]]}