{"din_name":"flux_level01669.json","din_kind":"RELATIVE","din_start":600.000050631086,"din_end":660.0000217792881,"din_rules":["Interventions","r1","r1_rev","r2","r3","r4","r5","r6"],"din_hits":[0,141343,141192,176985,1227412,1050428,1244466,1244508],"din_fluxs":[[0.0,0.0,0.0,0.0,0.0,0.0,0.0,0.0],[0.0,-0.0012548895294706912,0.006902379023624687,0.013212545521840646,0.0,-0.002353200851429558,0.0,0.0],[0.0,0.0012565650726920892,-0.0067127836068435354,-0.013289692602529003,0.0,0.0024731018946584867,0.0,0.0],[0.0,0.0,0.0,-0.0681197350307523,0.003165817409085077,0.0,0.004442433441138374,0.0],[0.0,0.0,0.0,0.01056607742156782,-0.003155877759963243,0.011128228343970311,-0.0031531758345460484,0.0],[0.0,0.0,0.0,0.0,0.003165885752965106,-0.012851759771430653,0.004364087155889454,0.0],[0.0,0.0,0.0,0.0,0.0,0.0,-0.003923728044402139,0.0018489329913165067],[0.0,0.0,0.0,0.0,0.0,0.0,0.002753283414273157,-0.0018455176373139075]]}