{"din_name":"flux_level03307.json","din_kind":"RELATIVE","din_start":600.0000109427809,"din_end":660.0000110219499,"din_rules":["Interventions","r1","r1_rev","r2","r3","r4","r5","r6"],"din_hits":[0,77625,77604,18702,2983561,2964854,1922814,1922817],"din_fluxs":[[0.0,0.0,0.0,0.0,0.0,0.0,0.0,0.0],[0.0,-0.0010992552386567453,0.054389201279588115,0.06430188404203142,0.0,-0.0020284358325261386,0.0,0.0],[0.0,0.0011004676810218669,-0.050632445074255156,-0.09745760181779314,0.0,0.0036202515662629707,0.0,0.0],[0.0,0.0,0.0,-0.2526452061218348,0.003339177154248173,0.0,0.00447182624509762,0.0],[0.0,0.0,0.0,0.003423380579317329,-0.0033274840932567334,0.010337194357325113,-0.0033286166362115474,0.0],[0.0,0.0,0.0,0.0,0.0033385988198890728,-0.010335925076721382,0.003939686602167702,0.0],[0.0,0.0,0.0,0.0,0.0,0.0,-0.0028219116590564902,0.002730733706372908],[0.0,0.0,0.0,0.0,0.0,0.0,0.0019016344666410278,-0.0027232841256253316]]}