{"din_name":"flux_level07959.json","din_kind":"RELATIVE","din_start":600.0000211563959,"din_end":660.000005747253,"din_rules":["Interventions","r1","r1_rev","r2","r3","r4","r5","r6"],"din_hits":[0,390808,390632,30247,181689,151434,1499806,1499841],"din_fluxs":[[0.0,0.0,0.0,0.0,0.0,0.0,0.0,0.0],[0.0,-0.0012799968722567155,0.00614949911369519,0.01225824286382711,0.0,-0.002397854725311637,0.0,0.0],[0.0,0.0012816833548526076,-0.006000981265621205,-0.011928396965059688,0.0,0.0024166385124910175,0.0,0.0],[0.0,0.0,0.0,-0.055713522601430594,0.0034513458753577006,0.0,0.006446209179836926,0.0],[0.0,0.0,0.0,0.009825749577026512,-0.0034402739937481656,0.009605333108961674,-0.003438610252485892,0.0],[0.0,0.0,0.0,0.0,0.0034523292985029,-0.011409473829279565,0.006458478748451754,0.0],[0.0,0.0,0.0,0.0,0.0,0.0,-0.003495801333835555,0.0030443235866982926],[0.0,0.0,0.0,0.0,0.0,0.0,0.003145596673260225,-0.0030350626650406057]]}