{"din_name":"flux_level07475.json","din_kind":"RELATIVE","din_start":600.000001240712,"din_end":660.0000122772963,"din_rules":["Interventions","r1","r1_rev","r2","r3","r4","r5","r6"],"din_hits":[0,9947,9935,5373,1359641,1354283,882744,882754],"din_fluxs":[[0.0,0.0,0.0,0.0,0.0,0.0,0.0,0.0],[0.0,-0.0010920513502932065,0.08628463717649118,0.08884750514329154,0.0,-0.00204061706705564,0.0,0.0],[0.0,0.0010932543018933479,-0.07754946353236758,-0.14652640540827763,0.0,0.004404074555412928,0.0,0.0],[0.0,0.0,0.0,-0.3457120079142306,0.0030583999302651347,0.0,0.0035925139733494083,0.0],[0.0,0.0,0.0,0.0029063993019087637,-0.0030486393577044807,0.011970023411700201,-0.003048460431522041,0.0],[0.0,0.0,0.0,0.0,0.0030579672550531912,-0.011891439800393061,0.003336046160131735,0.0],[0.0,0.0,0.0,0.0,0.0,0.0,-0.0018538050300775863,0.006646306916382736],[0.0,0.0,0.0,0.0,0.0,0.0,0.0014293469593986243,-0.006602172237716135]]}