{"din_name":"flux_level01804.json","din_kind":"RELATIVE","din_start":600.00011586494,"din_end":660.0000156537595,"din_rules":["Interventions","r1","r1_rev","r2","r3","r4","r5","r6"],"din_hits":[0,325173,325117,2390,137967,135573,67734,67753],"din_fluxs":[[0.0,0.0,0.0,0.0,0.0,0.0,0.0,0.0],[0.0,-0.0011373337840893858,0.01889455152477493,0.037121921880847335,0.0,-0.002115774627325003,0.0,0.0],[0.0,0.0011386339620929333,-0.018235387487820456,-0.03611492100865182,0.0,0.002144203089112106,0.0,0.0],[0.0,0.0,0.0,-0.07185187325508438,0.08773532769020287,0.0,0.11577265133852267,0.0],[0.0,0.0,0.0,0.0023202684986404014,-0.07961460940666169,0.004225908520847756,-0.07970386484590486,0.0],[0.0,0.0,0.0,0.0,0.08862258498648928,-0.004338777129783218,0.11592801562299196,0.0],[0.0,0.0,0.0,0.0,0.0,0.0,-0.05413296898062841,0.018864327743631545],[0.0,0.0,0.0,0.0,0.0,0.0,0.007169998276786047,-0.018507073722918762]]}