{"din_name":"flux_level11940.json","din_kind":"RELATIVE","din_start":600.0000002842983,"din_end":660.0000430516469,"din_rules":["Interventions","r1","r1_rev","r2","r3","r4","r5","r6"],"din_hits":[0,22928,22908,6260,2391959,2385682,534369,534362],"din_fluxs":[[0.0,0.0,0.0,0.0,0.0,0.0,0.0,0.0],[0.0,-0.0010943129703097866,0.07329353498303737,0.10126406019213652,0.0,-0.0020339145811786637,0.0,0.0],[0.0,0.0010955167525641552,-0.06684255513260312,-0.1277726879023838,0.0,0.0030501234839809383,0.0,0.0],[0.0,0.0,0.0,-0.25611402335141736,0.004990793261184293,0.0,0.008017475830424987,0.0],[0.0,0.0,0.0,0.0014006885072503229,-0.004966078266126483,0.006851106838491343,-0.004966319297570272,0.0],[0.0,0.0,0.0,0.0,0.00499091636292424,-0.006831780790578585,0.00591014958024453,0.0],[0.0,0.0,0.0,0.0,0.0,0.0,-0.00701157464184325,0.0016522273184880537],[0.0,0.0,0.0,0.0,0.0,0.0,0.0030372703103792795,-0.001649500674277542]]}