{"din_name":"flux_level08559.json","din_kind":"RELATIVE","din_start":600.0000074116208,"din_end":660.0000213919631,"din_rules":["Interventions","r1","r1_rev","r2","r3","r4","r5","r6"],"din_hits":[0,105750,105728,8252,1294003,1285721,683355,683369],"din_fluxs":[[0.0,0.0,0.0,0.0,0.0,0.0,0.0,0.0],[0.0,-0.001100609656820295,0.050890398035233084,0.06601481651495636,0.0,-0.0020255235741655398,0.0,0.0],[0.0,0.0011018246290945913,-0.047554369461306506,-0.09012531876524732,0.0,0.003458211414831541,0.0,0.0],[0.0,0.0,0.0,-0.3102649267983763,0.002892497253332628,0.0,0.004122418749061979,0.0],[0.0,0.0,0.0,0.0066058752897774995,-0.0028836914356670145,0.013421751292457564,-0.0028803214745804734,0.0],[0.0,0.0,0.0,0.0,0.0028920334338638537,-0.013441920949977976,0.0036277475664524884,0.0],[0.0,0.0,0.0,0.0,0.0,0.0,-0.004870181807698914,0.0014711692462498287],[0.0,0.0,0.0,0.0,0.0,0.0,0.0035099088841318376,-0.0014690068250855556]]}