{"din_name":"flux_level09179.json","din_kind":"RELATIVE","din_start":600.0000257350844,"din_end":660.0000011074139,"din_rules":["Interventions","r1","r1_rev","r2","r3","r4","r5","r6"],"din_hits":[0,54863,54848,5107,2386165,2381060,91441,91446],"din_fluxs":[[0.0,0.0,0.0,0.0,0.0,0.0,0.0,0.0],[0.0,-0.0010898892546675975,0.1063937140509736,0.13288644534815142,0.0,-0.002040866733656566,0.0,0.0],[0.0,0.001091079458708286,-0.09357686424978426,-0.1713367561611263,0.0,0.0038688638640095824,0.0,0.0],[0.0,0.0,0.0,-0.4273943378959044,0.003070041130275236,0.0,0.0031038960102513606,0.0],[0.0,0.0,0.0,0.004450403628115725,-0.003059295058466582,0.011798956806366265,-0.0030590687611112425,0.0],[0.0,0.0,0.0,0.0,0.0030686862295011474,-0.011726890784711404,0.0030860674795123015,0.0],[0.0,0.0,0.0,0.0,0.0,0.0,-0.001567395179644082,0.04726385271239724],[0.0,0.0,0.0,0.0,0.0,0.0,0.0011132057635860483,-0.04502048539225138]]}