{"din_name":"flux_level11841.json","din_kind":"RELATIVE","din_start":600.0000019058273,"din_end":660.0000285281741,"din_rules":["Interventions","r1","r1_rev","r2","r3","r4","r5","r6"],"din_hits":[0,32144,32120,37987,2406337,2368350,853561,853558],"din_fluxs":[[0.0,0.0,0.0,0.0,0.0,0.0,0.0,0.0],[0.0,-0.001107867853464641,0.037978786700361596,0.04060926220288715,0.0,-0.0020680123357119163,0.0,0.0],[0.0,0.0011091094404809814,-0.035892712786863096,-0.06882184106213747,0.0,0.004073176651838331,0.0,0.0],[0.0,0.0,0.0,-0.23198585868894903,0.002794002801592938,0.0,0.0031606103742811364,0.0],[0.0,0.0,0.0,0.005300262957038224,-0.00278634015644705,0.01483435077994229,-0.002785896785473253,0.0],[0.0,0.0,0.0,0.0,0.0027941311110371322,-0.014874392937433357,0.0029403622626294076,0.0],[0.0,0.0,0.0,0.0,0.0,0.0,-0.001769900050403488,0.005015637452465558],[0.0,0.0,0.0,0.0,0.0,0.0,0.0013533094138039783,-0.004990505441127498]]}