{"din_name":"flux_level00406.json","din_kind":"RELATIVE","din_start":600.0000114908503,"din_end":660.0000054506992,"din_rules":["Interventions","r1","r1_rev","r2","r3","r4","r5","r6"],"din_hits":[0,73346,73323,1065,186011,184961,596951,596965],"din_fluxs":[[0.0,0.0,0.0,0.0,0.0,0.0,0.0,0.0],[0.0,-0.001106213058821013,0.040228357658839003,0.07020577665604427,0.0,-0.0020314331218871068,0.0,0.0],[0.0,0.0011074431763817526,-0.03799067541025922,-0.07182534426722861,0.0,0.0025977121996937987,0.0,0.0],[0.0,0.0,0.0,-0.30424723476781473,0.003004900582308999,0.0,0.0037576077515915256,0.0],[0.0,0.0,0.0,0.009952379087875536,-0.0029950290117188782,0.012244750353366578,-0.002987308919514671,0.0],[0.0,0.0,0.0,0.0,0.0030040179324917387,-0.01238085228713361,0.0037181078355822965,0.0],[0.0,0.0,0.0,0.0,0.0,0.0,-0.001976084779232534,0.005513609591320222],[0.0,0.0,0.0,0.0,0.0,0.0,0.0017558364543874532,-0.005483246447609481]]}