{"din_name":"flux_level06244.json","din_kind":"RELATIVE","din_start":600.0000042518517,"din_end":660.0000421663484,"din_rules":["Interventions","r1","r1_rev","r2","r3","r4","r5","r6"],"din_hits":[0,25286,25272,6735,1052671,1045943,472704,472705],"din_fluxs":[[0.0,0.0,0.0,0.0,0.0,0.0,0.0,0.0],[0.0,-0.0010964090059031766,0.0638851418856808,0.06832805592256445,0.0,-0.002062440403818089,0.0,0.0],[0.0,0.0010976184629660165,-0.05884318135785806,-0.11111434941089847,0.0,0.004288424775979818,0.0,0.0],[0.0,0.0,0.0,-0.3321749752722227,0.002788631272176865,0.0,0.003033807261649724,0.0],[0.0,0.0,0.0,0.004985087450669767,-0.0027814079280458356,0.014723905343578193,-0.0027815378623758033,0.0],[0.0,0.0,0.0,0.0,0.0027891724531344106,-0.014654095373262432,0.0029279451113567415,0.0],[0.0,0.0,0.0,0.0,0.0,0.0,-0.001579434116902459,0.009454965866922026],[0.0,0.0,0.0,0.0,0.0,0.0,0.0012732822848434717,-0.009365646343616037]]}