{"din_name":"flux_level03098.json","din_kind":"RELATIVE","din_start":600.000006820542,"din_end":660.0000214746331,"din_rules":["Interventions","r1","r1_rev","r2","r3","r4","r5","r6"],"din_hits":[0,46360,46349,14017,4226212,4212187,658330,658355],"din_fluxs":[[0.0,0.0,0.0,0.0,0.0,0.0,0.0,0.0],[0.0,-0.0010902156413270542,0.1028472499153009,0.10276543886792823,0.0,-0.0020029639318030258,0.0,0.0],[0.0,0.0010914069853752983,-0.09083664129950014,-0.1673475395610404,0.0,0.004725596354698376,0.0,0.0],[0.0,0.0,0.0,-0.42139148764106965,0.002800266749641817,0.0,0.0030052995855180983,0.0],[0.0,0.0,0.0,0.004147211251281164,-0.002793337846582262,0.014483141360825973,-0.0027929637452707525,0.0],[0.0,0.0,0.0,0.0,0.0028011691358073754,-0.014351795165469387,0.002869590905719593,0.0],[0.0,0.0,0.0,0.0,0.0,0.0,-0.001692291392624398,0.005964161964832696],[0.0,0.0,0.0,0.0,0.0,0.0,0.0012565557238106517,-0.005928635550526864]]}