{"din_name":"flux_level06837.json","din_kind":"RELATIVE","din_start":600.0000048829436,"din_end":660.0000159756268,"din_rules":["Interventions","r1","r1_rev","r2","r3","r4","r5","r6"],"din_hits":[0,161115,161032,29711,525226,495517,751893,751891],"din_fluxs":[[0.0,0.0,0.0,0.0,0.0,0.0,0.0,0.0],[0.0,-0.0011677928339196596,0.012918147500191662,0.020676882150904463,0.0,-0.002172047067629964,0.0,0.0],[0.0,0.0011691815997889941,-0.012332467490186783,-0.024321238575150585,0.0,0.0027056082404586564,0.0,0.0],[0.0,0.0,0.0,-0.1004262383232444,0.0032559280259627735,0.0,0.0038005466840157964,0.0],[0.0,0.0,0.0,0.007777375857708538,-0.0032443964352562027,0.010825354870772026,-0.0032442829392305994,0.0],[0.0,0.0,0.0,0.0,0.003254907575154473,-0.011511673740028868,0.0037516562764917855,0.0],[0.0,0.0,0.0,0.0,0.0,0.0,-0.0019987106561171314,0.007166193097185355],[0.0,0.0,0.0,0.0,0.0,0.0,0.0016552182520761934,-0.007114874503171883]]}