{"din_name":"flux_level07890.json","din_kind":"RELATIVE","din_start":600.0000100923826,"din_end":660.0000493433928,"din_rules":["Interventions","r1","r1_rev","r2","r3","r4","r5","r6"],"din_hits":[0,12776,12742,11139,1410608,1399493,279821,279838],"din_fluxs":[[0.0,0.0,0.0,0.0,0.0,0.0,0.0,0.0],[0.0,-0.0011037954909529333,0.04422336023277706,0.055781297181267495,0.0,-0.0020475356543062074,0.0,0.0],[0.0,0.0011050361516322673,-0.04144987098899264,-0.08062869515699492,0.0,0.0033215721628419674,0.0,0.0],[0.0,0.0,0.0,-0.18621794134481703,0.0040610477932303875,0.0,0.01022044577258716,0.0],[0.0,0.0,0.0,0.0021279011104199065,-0.004045304379276337,0.008190866320287872,-0.004043467964338073,0.0],[0.0,0.0,0.0,0.0,0.004061761950547753,-0.008199811861933984,0.005675572334787344,0.0],[0.0,0.0,0.0,0.0,0.0,0.0,-0.0160620965512905,0.00118152726181944],[0.0,0.0,0.0,0.0,0.0,0.0,0.008321656353388954,-0.0011801328641085978]]}