{"din_name":"flux_level01885.json","din_kind":"RELATIVE","din_start":600.00000907955,"din_end":660.0000192543275,"din_rules":["Interventions","r1","r1_rev","r2","r3","r4","r5","r6"],"din_hits":[0,207415,207236,292233,1645081,1352845,1354673,1354680],"din_fluxs":[[0.0,0.0,0.0,0.0,0.0,0.0,0.0,0.0],[0.0,-0.0012917645833996263,0.005872960607231473,0.011903603994608804,0.0,-0.0024246640003053395,0.0,0.0],[0.0,0.001293531803611304,-0.00572214408199979,-0.011394931213525483,0.0,0.0023928729059565744,0.0,0.0],[0.0,0.0,0.0,-0.046208475611838294,0.003950612456599742,0.0,0.005111880311956057,0.0],[0.0,0.0,0.0,0.008561345352722679,-0.003935463618725654,0.008130208932968654,-0.003935533821590354,0.0],[0.0,0.0,0.0,0.0,0.003951124050242182,-0.009784167994628591,0.005143960383177538,0.0],[0.0,0.0,0.0,0.0,0.0,0.0,-0.0036737198372736356,0.0025984997190432475],[0.0,0.0,0.0,0.0,0.0,0.0,0.0022572864128921804,-0.0025917545792415596]]}