{"din_name":"flux_level00531.json","din_kind":"RELATIVE","din_start":600.0000094697793,"din_end":660.0000033895591,"din_rules":["Interventions","r1","r1_rev","r2","r3","r4","r5","r6"],"din_hits":[0,2082,2072,9177,2783293,2774103,29169,29167],"din_fluxs":[[0.0,0.0,0.0,0.0,0.0,0.0,0.0,0.0],[0.0,-0.0010926309925035954,0.08389384544491608,0.09433526962945404,0.0,-0.0020266790817809396,0.0,0.0],[0.0,0.0010938700908012667,-0.0748609941865741,-0.1450645869768241,0.0,0.0039308409645181265,0.0,0.0],[0.0,0.0,0.0,-0.29133651240330516,0.0037112309609462686,0.0,0.003795590085570291,0.0],[0.0,0.0,0.0,0.0014797010341511818,-0.0036989523986736264,0.008947367822079506,-0.003698808853465221,0.0],[0.0,0.0,0.0,0.0,0.0037127057773573757,-0.008898363651668984,0.0037213031959619025,0.0],[0.0,0.0,0.0,0.0,0.0,0.0,-0.0019113835816752212,0.033469589727332084],[0.0,0.0,0.0,0.0,0.0,0.0,0.0010804796217723472,-0.03235160988596897]]}