{"din_name":"flux_level04609.json","din_kind":"RELATIVE","din_start":600.0000047624516,"din_end":660.000008921876,"din_rules":["Interventions","r1","r1_rev","r2","r3","r4","r5","r6"],"din_hits":[0,23015,23000,19782,2544262,2524484,1175260,1175265],"din_fluxs":[[0.0,0.0,0.0,0.0,0.0,0.0,0.0,0.0],[0.0,-0.0010963482959546252,0.06407095791120493,0.06012533655484298,0.0,-0.002024203980068508,0.0,0.0],[0.0,0.001097558309901741,-0.05900173786848811,-0.11134726295074926,0.0,0.004736448399529034,0.0,0.0],[0.0,0.0,0.0,-0.325455426478706,0.0027188691578963727,0.0,0.004065340342377002,0.0],[0.0,0.0,0.0,0.004581604899294479,-0.002712052851425957,0.015834179509239873,-0.002714139333106214,0.0],[0.0,0.0,0.0,0.0,0.0027194355395086093,-0.01573084592928466,0.003088792858291574,0.0],[0.0,0.0,0.0,0.0,0.0,0.0,-0.00328966095066561,0.0017518524516420134],[0.0,0.0,0.0,0.0,0.0,0.0,0.0025017198680104547,-0.0017487868806600878]]}