{"din_name":"flux_level08503.json","din_kind":"RELATIVE","din_start":600.0000005160034,"din_end":660.0000071504712,"din_rules":["Interventions","r1","r1_rev","r2","r3","r4","r5","r6"],"din_hits":[0,334569,334505,103510,2670000,2566465,933987,934031],"din_fluxs":[[0.0,0.0,0.0,0.0,0.0,0.0,0.0,0.0],[0.0,-0.0011452866345642778,0.0167241639238689,0.02480101131212381,0.0,-0.0021291116176633904,0.0,0.0],[0.0,0.0011466062637271908,-0.016174149982118392,-0.031745671137260845,0.0,0.002907815991559695,0.0,0.0],[0.0,0.0,0.0,-0.11302595400064855,0.003377597080318025,0.0,0.003977362258442259,0.0],[0.0,0.0,0.0,0.006007634439880948,-0.0033663115653856644,0.010289543513739301,-0.0033652772100709054,0.0],[0.0,0.0,0.0,0.0,0.003377696585698002,-0.010689938864818359,0.003783294290726221,0.0],[0.0,0.0,0.0,0.0,0.0,0.0,-0.0031496852798263493,0.0022845606380010185],[0.0,0.0,0.0,0.0,0.0,0.0,0.001992154245964214,-0.002279345143041255]]}