{"din_name":"flux_level12879.json","din_kind":"RELATIVE","din_start":600.0000055820947,"din_end":660.0000097191562,"din_rules":["Interventions","r1","r1_rev","r2","r3","r4","r5","r6"],"din_hits":[0,16777,16765,19125,3014881,2995744,121431,121434],"din_fluxs":[[0.0,0.0,0.0,0.0,0.0,0.0,0.0,0.0],[0.0,-0.0010923490042356878,0.08484959595117307,0.07540464128340817,0.0,-0.002078501806039076,0.0,0.0],[0.0,0.0010935491315462646,-0.07638929748153662,-0.14039480883517755,0.0,0.0055174007258891825,0.0,0.0],[0.0,0.0,0.0,-0.4159836077041107,0.0025420584266032656,0.0,0.004980322795253087,0.0],[0.0,0.0,0.0,0.005666591843597514,-0.002535963472017009,0.01966689416574919,-0.002542649830253326,0.0],[0.0,0.0,0.0,0.0,0.0025424153180816206,-0.019425334818479186,0.00296626919947467,0.0],[0.0,0.0,0.0,0.0,0.0,0.0,-0.03725945181303506,0.001037481355213641],[0.0,0.0,0.0,0.0,0.0,0.0,0.030583851028174274,-0.001036405848429697]]}