{"din_name":"flux_level04643.json","din_kind":"RELATIVE","din_start":600.0000041993756,"din_end":660.0000345148248,"din_rules":["Interventions","r1","r1_rev","r2","r3","r4","r5","r6"],"din_hits":[0,59144,59127,5236,2494721,2489470,1493511,1493501],"din_fluxs":[[0.0,0.0,0.0,0.0,0.0,0.0,0.0,0.0],[0.0,-0.0010902800259949704,0.10308057033430905,0.12618334797502503,0.0,-0.002028945495182773,0.0,0.0],[0.0,0.001091470952996888,-0.08989879168892399,-0.1657967859681047,0.0,0.0037768725831655485,0.0,0.0],[0.0,0.0,0.0,-0.40917635616698717,0.0031564756717359687,0.0,0.003957388665036341,0.0],[0.0,0.0,0.0,0.004132404493715746,-0.0031467652333325943,0.011210175663706315,-0.003147252318673465,0.0],[0.0,0.0,0.0,0.0,0.003156706489022088,-0.011149274175899247,0.0035942451221382165,0.0],[0.0,0.0,0.0,0.0,0.0,0.0,-0.002425319076419476,0.003151179386533545],[0.0,0.0,0.0,0.0,0.0,0.0,0.0017056954105350692,-0.0031412584096790507]]}