{"din_name":"flux_level04888.json","din_kind":"RELATIVE","din_start":600.0000579643854,"din_end":660.000025219552,"din_rules":["Interventions","r1","r1_rev","r2","r3","r4","r5","r6"],"din_hits":[0,205198,205136,57440,1728751,1671293,134012,133980],"din_fluxs":[[0.0,0.0,0.0,0.0,0.0,0.0,0.0,0.0],[0.0,-0.0011395893553022198,0.01822423171857708,0.026907142998042515,0.0,-0.0021226359953437843,0.0,0.0],[0.0,0.0011408982323379152,-0.017593087402895717,-0.03459669432453702,0.0,0.0029162163455887192,0.0,0.0],[0.0,0.0,0.0,-0.11535376613467495,0.0035134598434928906,0.0,0.0036560640276335206,0.0],[0.0,0.0,0.0,0.005465611309139321,-0.0035013409969956387,0.009725888840984489,-0.003502346361103142,0.0],[0.0,0.0,0.0,0.0,0.003513661841661729,-0.010054895577642366,0.0036013104849305683,0.0],[0.0,0.0,0.0,0.0,0.0,0.0,-0.002632193061120291,0.003059821399002871],[0.0,0.0,0.0,0.0,0.0,0.0,0.0015398311806531452,-0.003050457821028773]]}