{"din_name":"flux_level09173.json","din_kind":"RELATIVE","din_start":600.0000255745767,"din_end":660.0000138925989,"din_rules":["Interventions","r1","r1_rev","r2","r3","r4","r5","r6"],"din_hits":[0,176317,176266,50245,1537863,1487606,277002,276994],"din_fluxs":[[0.0,0.0,0.0,0.0,0.0,0.0,0.0,0.0],[0.0,-0.0011297650783584764,0.021613062905999566,0.028032376194534102,0.0,-0.002106790938910306,0.0,0.0],[0.0,0.0011310501211400613,-0.020794756395260825,-0.04031610897702595,0.0,0.003463846951154261,0.0,0.0],[0.0,0.0,0.0,-0.21751994125884339,0.0025520874983779225,0.0,0.0026412744172545207,0.0],[0.0,0.0,0.0,0.010927515898199234,-0.0025457318292538126,0.0195946538032442,-0.0025458717489580686,0.0],[0.0,0.0,0.0,0.0,0.0025522360420786837,-0.020008136010012677,0.002604476857667297,0.0],[0.0,0.0,0.0,0.0,0.0,0.0,-0.001504400459780889,0.00671059566727247],[0.0,0.0,0.0,0.0,0.0,0.0,0.0012144287497628133,-0.006665619185695829]]}