{"din_name":"flux_level02132.json","din_kind":"RELATIVE","din_start":600.0000225386008,"din_end":660.0000185123131,"din_rules":["Interventions","r1","r1_rev","r2","r3","r4","r5","r6"],"din_hits":[0,529146,528703,666868,1372636,705752,1085714,1085711],"din_fluxs":[[0.0,0.0,0.0,0.0,0.0,0.0,0.0,0.0],[0.0,-0.0018168603106546955,0.0024160969389092706,0.008126752120517224,0.0,-0.0034558258156342416,0.0,0.0],[0.0,0.001820519869621609,-0.002360459865925449,-0.0046955460262258514,0.0,0.002073272051191295,0.0,0.0],[0.0,0.0,0.0,-0.05229400837583921,0.0026595107634833173,0.0,0.0029212053168338322,0.0],[0.0,0.0,0.0,0.02544292412235806,-0.002652295910504444,0.012688303186658138,-0.002652127660339767,0.0],[0.0,0.0,0.0,0.0,0.0026592026159389256,-0.0230913525277356,0.0031343308412585605,0.0],[0.0,0.0,0.0,0.0,0.0,0.0,-0.0022780325964949695,0.0025320728718765044],[0.0,0.0,0.0,0.0,0.0,0.0,0.0018173552510423476,-0.0025256675713320052]]}