{"din_name":"flux_level10728.json","din_kind":"RELATIVE","din_start":600.000004468601,"din_end":660.0000077735302,"din_rules":["Interventions","r1","r1_rev","r2","r3","r4","r5","r6"],"din_hits":[0,41532,41518,6713,1317363,1310657,840276,840276],"din_fluxs":[[0.0,0.0,0.0,0.0,0.0,0.0,0.0,0.0],[0.0,-0.001094107495100853,0.07489472737190674,0.07944652240742953,0.0,-0.002018236022057649,0.0,0.0],[0.0,0.001095308770970645,-0.06734478835603604,-0.12334079142518246,0.0,0.0043657495702066704,0.0,0.0],[0.0,0.0,0.0,-0.40411957697658984,0.002654043172631346,0.0,0.003090906058087537,0.0],[0.0,0.0,0.0,0.006479543698454054,-0.0026477623113050543,0.016873883250629922,-0.0026501308772904726,0.0],[0.0,0.0,0.0,0.0,0.002654798185112243,-0.016748600575873913,0.0028741911594021992,0.0],[0.0,0.0,0.0,0.0,0.0,0.0,-0.0017552130712128063,0.004363330994756708],[0.0,0.0,0.0,0.0,0.0,0.0,0.001418605771515173,-0.004344312642856252]]}