{"din_name":"flux_level07059.json","din_kind":"RELATIVE","din_start":600.0000014995795,"din_end":660.0000278826275,"din_rules":["Interventions","r1","r1_rev","r2","r3","r4","r5","r6"],"din_hits":[0,541405,541195,390543,1680751,1290191,696744,696768],"din_fluxs":[[0.0,0.0,0.0,0.0,0.0,0.0,0.0,0.0],[0.0,-0.0013638925454187362,0.004631754007964523,0.010786908837281487,0.0,-0.002560471393657395,0.0,0.0],[0.0,0.0013658189397553013,-0.0045262486689076975,-0.008965991068133467,0.0,0.002250011036709913,0.0,0.0],[0.0,0.0,0.0,-0.08743462261699884,0.0025770325344471063,0.0,0.0026730308710899943,0.0],[0.0,0.0,0.0,0.02162304535271367,-0.0025702934347462056,0.01755103531332123,-0.002570560585971552,0.0],[0.0,0.0,0.0,0.0,0.0025768852215926033,-0.022229706251369948,0.0026867167357070253,0.0],[0.0,0.0,0.0,0.0,0.0,0.0,-0.0014797255902336897,0.0081596311637909],[0.0,0.0,0.0,0.0,0.0,0.0,0.0012269179342048653,-0.008093152239625602]]}