{"din_name":"flux_level04106.json","din_kind":"RELATIVE","din_start":600.0000019569063,"din_end":660.0000030288601,"din_rules":["Interventions","r1","r1_rev","r2","r3","r4","r5","r6"],"din_hits":[0,49871,49858,1265,646936,645670,515657,515629],"din_fluxs":[[0.0,0.0,0.0,0.0,0.0,0.0,0.0,0.0],[0.0,-0.0010913064355227114,0.09241646830196995,0.1466357498904482,0.0,-0.002019032109358449,0.0,0.0],[0.0,0.0010925003264116078,-0.08261615400233027,-0.1473603527991991,0.0,0.0033154268776006703,0.0,0.0],[0.0,0.0,0.0,-0.48152799340738744,0.0028470430669331444,0.0,0.0036400223633577156,0.0],[0.0,0.0,0.0,0.009136759255705396,-0.002836007161638715,0.013817731791290392,-0.0028364534395053844,0.0],[0.0,0.0,0.0,0.0,0.0028440712931142808,-0.013752252554670084,0.0033600467103004927,0.0],[0.0,0.0,0.0,0.0,0.0,0.0,-0.002599026053870513,0.0023567750056097455],[0.0,0.0,0.0,0.0,0.0,0.0,0.001963561463760236,-0.0023512310544275446]]}