{"din_name":"flux_level03405.json","din_kind":"RELATIVE","din_start":600.0000171420463,"din_end":660.0000052953666,"din_rules":["Interventions","r1","r1_rev","r2","r3","r4","r5","r6"],"din_hits":[0,132315,132295,22659,2310519,2287826,1190016,1190015],"din_fluxs":[[0.0,0.0,0.0,0.0,0.0,0.0,0.0,0.0],[0.0,-0.0011025336946342808,0.04654662924571517,0.05379953998667274,0.0,-0.002046742807200043,0.0,0.0],[0.0,0.001103752741192273,-0.0436976112966468,-0.08302558996258488,0.0,0.003922371612710712,0.0,0.0],[0.0,0.0,0.0,-0.3104019723139005,0.0026795522583151314,0.0,0.0029930477523233277,0.0],[0.0,0.0,0.0,0.007162398674424596,-0.002672889482881181,0.016472290487276067,-0.002673221624836825,0.0],[0.0,0.0,0.0,0.0,0.0026800609059724604,-0.016467532425472817,0.0028620068741169262,0.0],[0.0,0.0,0.0,0.0,0.0,0.0,-0.001726402214007061,0.0047326968840090584],[0.0,0.0,0.0,0.0,0.0,0.0,0.0013768174853120057,-0.004710320723181715]]}