{"din_name":"flux_level05115.json","din_kind":"RELATIVE","din_start":600.0000013709288,"din_end":660.0000075370044,"din_rules":["Interventions","r1","r1_rev","r2","r3","r4","r5","r6"],"din_hits":[0,52827,52816,7390,3379656,3372287,919579,919540],"din_fluxs":[[0.0,0.0,0.0,0.0,0.0,0.0,0.0,0.0],[0.0,-0.0010891005641988079,0.1208681209982447,0.13120987480073004,0.0,-0.0020120103897681902,0.0,0.0],[0.0,0.001090289061051138,-0.10085386325410156,-0.18235382290060473,0.0,0.004210904194025671,0.0,0.0],[0.0,0.0,0.0,-0.44150008845614136,0.00297386182433149,0.0,0.0032789578276527518,0.0],[0.0,0.0,0.0,0.004109790217024782,-0.0029644449467838034,0.012575448335074174,-0.0029647551393701408,0.0],[0.0,0.0,0.0,0.0,0.0029732630239588395,-0.012479383334041519,0.0031102595103758342,0.0],[0.0,0.0,0.0,0.0,0.0,0.0,-0.0018092321543142923,0.00598133874445783],[0.0,0.0,0.0,0.0,0.0,0.0,0.001313154470752714,-0.00594559599403418]]}