{"din_name":"flux_level02604.json","din_kind":"RELATIVE","din_start":600.0000007771631,"din_end":660.0000076251592,"din_rules":["Interventions","r1","r1_rev","r2","r3","r4","r5","r6"],"din_hits":[0,45248,45236,29870,4500468,4470580,614304,614292],"din_fluxs":[[0.0,0.0,0.0,0.0,0.0,0.0,0.0,0.0],[0.0,-0.001093699283404391,0.07620997410373297,0.06876526130635045,0.0,-0.002000192735554543,0.0,0.0],[0.0,0.001094899213959229,-0.06933564348024887,-0.12768453392071377,0.0,0.0051128337570826,0.0,0.0],[0.0,0.0,0.0,-0.3937602055121114,0.002580903895182599,0.0,0.0034057305168228524,0.0],[0.0,0.0,0.0,0.005640133511155156,-0.0025749984959582226,0.01860260993129025,-0.0025750817312889516,0.0],[0.0,0.0,0.0,0.0,0.0025816536927435645,-0.018411857712347365,0.0027478643797653165,0.0],[0.0,0.0,0.0,0.0,0.0,0.0,-0.005296675755830487,0.0013294867052506204],[0.0,0.0,0.0,0.0,0.0,0.0,0.004154334142093988,-0.001327720100642467]]}