{"din_name":"flux_level06358.json","din_kind":"RELATIVE","din_start":600.0000118078565,"din_end":660.0000323365225,"din_rules":["Interventions","r1","r1_rev","r2","r3","r4","r5","r6"],"din_hits":[0,210852,210780,56944,1222654,1165730,766283,766293],"din_fluxs":[[0.0,0.0,0.0,0.0,0.0,0.0,0.0,0.0],[0.0,-0.0011557438940105367,0.014570948625657533,0.022708898283628955,0.0,-0.00215043468696416,0.0,0.0],[0.0,0.0011570947121905565,-0.014110553732214336,-0.027863192126268657,0.0,0.0027985593777993954,0.0,0.0],[0.0,0.0,0.0,-0.10051139505440534,0.0034658355578959226,0.0,0.005221331893688784,0.0],[0.0,0.0,0.0,0.0063101061498673314,-0.003454223349337732,0.009900838416180139,-0.0034537154389543867,0.0],[0.0,0.0,0.0,0.0,0.0034662228919947174,-0.010391670558331829,0.0048102170696385955,0.0],[0.0,0.0,0.0,0.0,0.0,0.0,-0.005686126463372896,0.0015504392397938708],[0.0,0.0,0.0,0.0,0.0,0.0,0.003569841721484168,-0.0015480368720549493]]}