{"din_name":"flux_level01066.json","din_kind":"RELATIVE","din_start":600.0000026924471,"din_end":660.0000043947241,"din_rules":["Interventions","r1","r1_rev","r2","r3","r4","r5","r6"],"din_hits":[0,126187,126097,149148,2179570,2030415,1142875,1142871],"din_fluxs":[[0.0,0.0,0.0,0.0,0.0,0.0,0.0,0.0],[0.0,-0.0011782277103169125,0.01147826866813279,0.018577233315037685,0.0,-0.0021881449464642294,0.0,0.0],[0.0,0.0011796546137506254,-0.011132105826923725,-0.022080659728263383,0.0,0.002714716289570213,0.0,0.0],[0.0,0.0,0.0,-0.0718290605515798,0.003992378882612586,0.0,0.004674714532673702,0.0],[0.0,0.0,0.0,0.005535109137603147,-0.003976708124254954,0.008419102399081869,-0.0039763721933332745,0.0],[0.0,0.0,0.0,0.0,0.00399262371467339,-0.008988466366360821,0.004515298108329469,0.0],[0.0,0.0,0.0,0.0,0.0,0.0,-0.0026734296394697256,0.004861878749163211],[0.0,0.0,0.0,0.0,0.0,0.0,0.0016697974130657726,-0.004838265545683021]]}