{"din_name":"flux_level13148.json","din_kind":"RELATIVE","din_start":600.0000101923264,"din_end":660.0000041742222,"din_rules":["Interventions","r1","r1_rev","r2","r3","r4","r5","r6"],"din_hits":[0,100514,100500,33887,2690223,2656343,1140399,1140383],"din_fluxs":[[0.0,0.0,0.0,0.0,0.0,0.0,0.0,0.0],[0.0,-0.0011037223582405263,0.04433493869287197,0.04687749197947411,0.0,-0.0020192585046895604,0.0,0.0],[0.0,0.0011049444654891766,-0.04170887274838992,-0.07941431988724285,0.0,0.004247372316427019,0.0,0.0],[0.0,0.0,0.0,-0.3098081247475769,0.002583289303405592,0.0,0.0036099518008609515,0.0],[0.0,0.0,0.0,0.007542083174843849,-0.0025768786996142093,0.018638000429305857,-0.002577049575185351,0.0],[0.0,0.0,0.0,0.0,0.0025835413496382268,-0.018606463395621255,0.0029753068851877244,0.0],[0.0,0.0,0.0,0.0,0.0,0.0,-0.004333374112434002,0.0014471103193229862],[0.0,0.0,0.0,0.0,0.0,0.0,0.003429722167287935,-0.0014450178613717066]]}