{"din_name":"flux_level10600.json","din_kind":"RELATIVE","din_start":600.0000074434233,"din_end":660.0000031398721,"din_rules":["Interventions","r1","r1_rev","r2","r3","r4","r5","r6"],"din_hits":[0,62690,62674,17505,3982130,3964638,1423825,1423814],"din_fluxs":[[0.0,0.0,0.0,0.0,0.0,0.0,0.0,0.0],[0.0,-0.0010914374643861949,0.09158363561107456,0.08931497568798373,0.0,-0.0020192515622165473,0.0,0.0],[0.0,0.0010926312484101737,-0.0819445456565769,-0.1502267196355405,0.0,0.0049650857701372475,0.0,0.0],[0.0,0.0,0.0,-0.4331195723858097,0.0026281089742762193,0.0,0.003147225451485314,0.0],[0.0,0.0,0.0,0.005695037984014714,-0.00262176765582517,0.01741126323100833,-0.00262198806888369,0.0],[0.0,0.0,0.0,0.0,0.0026286642895045273,-0.01723167667882487,0.002797004393496213,0.0],[0.0,0.0,0.0,0.0,0.0,0.0,-0.002146428759720893,0.0026416610563495197],[0.0,0.0,0.0,0.0,0.0,0.0,0.0016833712163063696,-0.002634689934494543]]}