{"din_name":"flux_level09517.json","din_kind":"RELATIVE","din_start":600.0000053349681,"din_end":660.0000119310673,"din_rules":["Interventions","r1","r1_rev","r2","r3","r4","r5","r6"],"din_hits":[0,5920,5907,25562,3907468,3881907,1494620,1494611],"din_fluxs":[[0.0,0.0,0.0,0.0,0.0,0.0,0.0,0.0],[0.0,-0.0010933873730809968,0.07859226373094672,0.06807480803525655,0.0,-0.0020382925213314387,0.0,0.0],[0.0,0.001094602519142652,-0.07106269606020302,-0.13209725324451008,0.0,0.005140897629643713,0.0,0.0],[0.0,0.0,0.0,-0.3562178119672987,0.0026991149914148654,0.0,0.0034952700095613985,0.0],[0.0,0.0,0.0,0.004055939791835087,-0.0026919581263808584,0.01615348027162754,-0.002691908511992064,0.0],[0.0,0.0,0.0,0.0,0.0026992279558164145,-0.016003417932788488,0.002880449641062951,0.0],[0.0,0.0,0.0,0.0,0.0,0.0,-0.002081324511426668,0.002941802238922922],[0.0,0.0,0.0,0.0,0.0,0.0,0.0016071469266409064,-0.002933156055956389]]}