{"din_name":"flux_level08866.json","din_kind":"RELATIVE","din_start":600.0000000285661,"din_end":660.0000142570617,"din_rules":["Interventions","r1","r1_rev","r2","r3","r4","r5","r6"],"din_hits":[0,54799,54780,2763,896515,893753,954153,954179],"din_fluxs":[[0.0,0.0,0.0,0.0,0.0,0.0,0.0,0.0],[0.0,-0.0010974777005132734,0.05994495765832383,0.09231543831982415,0.0,-0.0020312427977443744,0.0,0.0],[0.0,0.0010986867400034682,-0.05547733970692148,-0.10626083024598106,0.0,0.002756942778322971,0.0,0.0],[0.0,0.0,0.0,-0.24587270253597998,0.004795716388841814,0.0,0.008690955098641937,0.0],[0.0,0.0,0.0,0.002983162056360889,-0.004776437662885564,0.007016283499236003,-0.004776117937089936,0.0],[0.0,0.0,0.0,0.0,0.0047994177813455744,-0.0070323479534102305,0.007805862091215076,0.0],[0.0,0.0,0.0,0.0,0.0,0.0,-0.006128892349413421,0.0021381074703693674],[0.0,0.0,0.0,0.0,0.0,0.0,0.003365662842204006,-0.0021335394734844446]]}