{"din_name":"flux_level12876.json","din_kind":"RELATIVE","din_start":600.0000012738758,"din_end":660.0000029572158,"din_rules":["Interventions","r1","r1_rev","r2","r3","r4","r5","r6"],"din_hits":[0,16576,16559,15438,2873489,2858049,1334318,1334352],"din_fluxs":[[0.0,0.0,0.0,0.0,0.0,0.0,0.0,0.0],[0.0,-0.0010921192480434175,0.08758456931720873,0.07673699941519414,0.0,-0.0020392867232744494,0.0,0.0],[0.0,0.0010933184236098402,-0.07765093998951667,-0.14359530860584935,0.0,0.005176980120494152,0.0,0.0],[0.0,0.0,0.0,-0.3898094529474713,0.0026681837648105224,0.0,0.004207340381598337,0.0],[0.0,0.0,0.0,0.0043429326545576,-0.0026623924131152004,0.01665325540357363,-0.0026598909348033704,0.0],[0.0,0.0,0.0,0.0,0.0026695095334334155,-0.01648420511942202,0.0030331989815021586,0.0],[0.0,0.0,0.0,0.0,0.0,0.0,-0.0034139953563782177,0.0016815875480530628],[0.0,0.0,0.0,0.0,0.0,0.0,0.002636732392466849,-0.001678762177973008]]}