{"din_name":"flux_level11517.json","din_kind":"RELATIVE","din_start":600.0000432493911,"din_end":660.0000837566874,"din_rules":["Interventions","r1","r1_rev","r2","r3","r4","r5","r6"],"din_hits":[0,131680,131617,26465,679012,652540,347008,347037],"din_fluxs":[[0.0,0.0,0.0,0.0,0.0,0.0,0.0,0.0],[0.0,-0.001147762753622788,0.016163711041338222,0.024935925758908985,0.0,-0.002137824161138383,0.0,0.0],[0.0,0.001149099086098744,-0.015623689501082269,-0.030783340366394293,0.0,0.0028153900820124295,0.0,0.0],[0.0,0.0,0.0,-0.11166845925119633,0.0034064901566176558,0.0,0.0071447022123662645,0.0],[0.0,0.0,0.0,0.0063520057510813915,-0.0033941859424552177,0.01012830408893001,-0.003378942408235555,0.0],[0.0,0.0,0.0,0.0,0.003405726444531916,-0.010561877316135653,0.0062348181661461164,0.0],[0.0,0.0,0.0,0.0,0.0,0.0,-0.014290268193623501,0.0011911456280763765],[0.0,0.0,0.0,0.0,0.0,0.0,0.008965104746990697,-0.0011897265415298948]]}