{"din_name":"flux_level05846.json","din_kind":"RELATIVE","din_start":600.0000029913283,"din_end":660.0000071361706,"din_rules":["Interventions","r1","r1_rev","r2","r3","r4","r5","r6"],"din_hits":[0,43333,43315,18403,3361004,3342596,480434,480441],"din_fluxs":[[0.0,0.0,0.0,0.0,0.0,0.0,0.0,0.0],[0.0,-0.0010934208550984123,0.07789319675188236,0.07634256004686611,0.0,-0.0020462528620920285,0.0,0.0],[0.0,0.0010946201539188917,-0.07074372846152799,-0.133103980394304,0.0,0.004765181781737778,0.0,0.0],[0.0,0.0,0.0,-0.37504086371835765,0.0027211106517858927,0.0,0.0030395268241623294,0.0],[0.0,0.0,0.0,0.004721489424026673,-0.002713789996979743,0.015723561182602652,-0.002712956622604972,0.0],[0.0,0.0,0.0,0.0,0.0027211780933073196,-0.015597577407564492,0.0027985442480159993,0.0],[0.0,0.0,0.0,0.0,0.0,0.0,-0.002132029471073504,0.0027973424757181883],[0.0,0.0,0.0,0.0,0.0,0.0,0.0015958883620473272,-0.0027895228619484428]]}