{"din_name":"flux_level10797.json","din_kind":"RELATIVE","din_start":600.000035893229,"din_end":660.0000014745884,"din_rules":["Interventions","r1","r1_rev","r2","r3","r4","r5","r6"],"din_hits":[0,52122,52102,14437,1576280,1561839,875521,875532],"din_fluxs":[[0.0,0.0,0.0,0.0,0.0,0.0,0.0,0.0],[0.0,-0.0011002372810821274,0.05183550797906134,0.05493642366904013,0.0,-0.0020257763466156684,0.0,0.0],[0.0,0.0011014536072416438,-0.04837401082307726,-0.09151812031304576,0.0,0.00419001949105528,0.0,0.0],[0.0,0.0,0.0,-0.3127694647824577,0.002698408880453736,0.0,0.003256674871118118,0.0],[0.0,0.0,0.0,0.0060961396282364615,-0.0026915276577063247,0.01616145159225691,-0.0026898179782064917,0.0],[0.0,0.0,0.0,0.0,0.0026987980013097193,-0.016118421574831315,0.0029566663884563853,0.0],[0.0,0.0,0.0,0.0,0.0,0.0,-0.0021088339635606003,0.0029025073082787505],[0.0,0.0,0.0,0.0,0.0,0.0,0.0016453744741324041,-0.002894090178841929]]}