{"din_name":"flux_level02092.json","din_kind":"RELATIVE","din_start":600.0000018843245,"din_end":660.0000173387421,"din_rules":["Interventions","r1","r1_rev","r2","r3","r4","r5","r6"],"din_hits":[0,42286,42269,14379,2845843,2831466,1048478,1048503],"din_fluxs":[[0.0,0.0,0.0,0.0,0.0,0.0,0.0,0.0],[0.0,-0.001092265483372704,0.08496996598683193,0.08130566038943779,0.0,-0.0020104209667862025,0.0,0.0],[0.0,0.001093461915184946,-0.07659650693909296,-0.1407684270955829,0.0,0.0049506056412643995,0.0,0.0],[0.0,0.0,0.0,-0.41768969642074055,0.002619471977175843,0.0,0.0034794691515867035,0.0],[0.0,0.0,0.0,0.005637982841844629,-0.0026133382526968463,0.01762307874401232,-0.002612089429424102,0.0],[0.0,0.0,0.0,0.0,0.002620191736501003,-0.01744577998539274,0.0028767193667235754,0.0],[0.0,0.0,0.0,0.0,0.0,0.0,-0.0031312598328663913,0.0017493290163456533],[0.0,0.0,0.0,0.0,0.0,0.0,0.0024472146439471934,-0.001746271495634485]]}