{"din_name":"flux_level08033.json","din_kind":"RELATIVE","din_start":600.0000174547787,"din_end":660.0000147964229,"din_rules":["Interventions","r1","r1_rev","r2","r3","r4","r5","r6"],"din_hits":[0,74673,74658,8679,1696529,1687862,364040,364015],"din_fluxs":[[0.0,0.0,0.0,0.0,0.0,0.0,0.0,0.0],[0.0,-0.0010970799902651842,0.06120059644100173,0.07488299177060831,0.0,-0.0020265745266829257,0.0,0.0],[0.0,0.0010982871259353115,-0.05659288562013263,-0.10677503300801058,0.0,0.0036302677943953776,0.0,0.0],[0.0,0.0,0.0,-0.31634743928587494,0.003031522471434996,0.0,0.0034398896915490158,0.0],[0.0,0.0,0.0,0.004934963929712898,-0.00302224911495179,0.012154022629247885,-0.0030224086119647795,0.0],[0.0,0.0,0.0,0.0,0.003031415650579251,-0.01213795063480816,0.003230876145134831,0.0],[0.0,0.0,0.0,0.0,0.0,0.0,-0.0028355399446432267,0.0022022115251782303],[0.0,0.0,0.0,0.0,0.0,0.0,0.001930135472386525,-0.0021973704197008883]]}