{"din_name":"flux_level10378.json","din_kind":"RELATIVE","din_start":600.0000024461162,"din_end":660.0000020915915,"din_rules":["Interventions","r1","r1_rev","r2","r3","r4","r5","r6"],"din_hits":[0,45108,45095,8909,2180267,2171357,1453813,1453788],"din_fluxs":[[0.0,0.0,0.0,0.0,0.0,0.0,0.0,0.0],[0.0,-0.001090992300548089,0.09497219934612078,0.0981658762790714,0.0,-0.0020609898163089766,0.0,0.0],[0.0,0.0010921855852716403,-0.08466261142322636,-0.15198012906780767,0.0,0.005004812229904444,0.0,0.0],[0.0,0.0,0.0,-0.4711626248139299,0.002551540104367273,0.0,0.0037484659408613527,0.0],[0.0,0.0,0.0,0.006883576836536126,-0.002544953180997595,0.019287250507799655,-0.00254300749048738,0.0],[0.0,0.0,0.0,0.0,0.0025514480978174156,-0.01905610311541199,0.00297890696310791,0.0],[0.0,0.0,0.0,0.0,0.0,0.0,-0.003271354619668806,0.001679133453456161],[0.0,0.0,0.0,0.0,0.0,0.0,0.0026420272932062916,-0.0016763171193054178]]}