{"din_name":"flux_level07140.json","din_kind":"RELATIVE","din_start":600.0000020352624,"din_end":660.0000124314139,"din_rules":["Interventions","r1","r1_rev","r2","r3","r4","r5","r6"],"din_hits":[0,8484,8444,17524,577916,560384,1713980,1713961],"din_fluxs":[[0.0,0.0,0.0,0.0,0.0,0.0,0.0,0.0],[0.0,-0.0011226138257140468,0.02542440892926069,0.02950551747150355,0.0,-0.0021293351171929125,0.0,0.0],[0.0,0.0011239869964643893,-0.024016213131368456,-0.04597977233860708,0.0,0.003816989152433259,0.0,0.0],[0.0,0.0,0.0,-0.20440937229198317,0.0026305697771787447,0.0,0.005032804641433406,0.0],[0.0,0.0,0.0,0.008139914782685592,-0.002624373174685944,0.01774636221286086,-0.0026210348593899537,0.0],[0.0,0.0,0.0,0.0,0.002631303536935867,-0.01799617220191802,0.0041305754665234675,0.0],[0.0,0.0,0.0,0.0,0.0,0.0,-0.0032513498033237913,0.001857012866136836],[0.0,0.0,0.0,0.0,0.0,0.0,0.0027487325901588344,-0.0018535671474270434]]}