{"din_name":"flux_level07885.json","din_kind":"RELATIVE","din_start":600.00000905643,"din_end":660.0000113900522,"din_rules":["Interventions","r1","r1_rev","r2","r3","r4","r5","r6"],"din_hits":[0,12694,12663,40333,2773435,2733092,1204922,1204888],"din_fluxs":[[0.0,0.0,0.0,0.0,0.0,0.0,0.0,0.0],[0.0,-0.0011033260964763887,0.04525393904560291,0.04279534057545079,0.0,-0.0020379997290587465,0.0,0.0],[0.0,0.0011045667059359236,-0.04237419581593581,-0.07987806461509969,0.0,0.0045892460349580095,0.0,0.0],[0.0,0.0,0.0,-0.285778142361222,0.0026001769522699778,0.0,0.003166240202875743,0.0],[0.0,0.0,0.0,0.006205518856431957,-0.002593774117453517,0.018327577949831714,-0.0025950777276669075,0.0],[0.0,0.0,0.0,0.0,0.002600526723191829,-0.018268671685311096,0.002768443492475098,0.0],[0.0,0.0,0.0,0.0,0.0,0.0,-0.0019375390145500038,0.003138507440338183],[0.0,0.0,0.0,0.0,0.0,0.0,0.0015488750873736646,-0.0031286611014219408]]}