{"din_name":"flux_level12607.json","din_kind":"RELATIVE","din_start":600.0000054103826,"din_end":660.0000013346086,"din_rules":["Interventions","r1","r1_rev","r2","r3","r4","r5","r6"],"din_hits":[0,49370,49347,47,10434,10359,576056,576068],"din_fluxs":[[0.0,0.0,0.0,0.0,0.0,0.0,0.0,0.0],[0.0,-0.0011070329395882008,0.03903695512118183,0.08206617845684774,0.0,-0.002059353044348017,0.0,0.0],[0.0,0.001108267701075407,-0.036892428469371685,-0.07038823320775814,0.0,0.0021053105635005804,0.0,0.0],[0.0,0.0,0.0,-0.26918919391477336,0.0038698190852518386,0.0,0.006392898128855102,0.0],[0.0,0.0,0.0,0.008564306577599034,-0.0038765944743247563,0.008328338130366287,-0.003912434899985581,0.0],[0.0,0.0,0.0,0.0,0.0038915621708020547,-0.008472342991025377,0.006383409863578461,0.0],[0.0,0.0,0.0,0.0,0.0,0.0,-0.0031924445675923802,0.004885871750896952],[0.0,0.0,0.0,0.0,0.0,0.0,0.003158414167099549,-0.004862012127485775]]}