{"din_name":"flux_level06046.json","din_kind":"RELATIVE","din_start":600.0000023932706,"din_end":660.0000032860806,"din_rules":["Interventions","r1","r1_rev","r2","r3","r4","r5","r6"],"din_hits":[0,54808,54787,15967,3158292,3142329,1788031,1788023],"din_fluxs":[[0.0,0.0,0.0,0.0,0.0,0.0,0.0,0.0],[0.0,-0.0010960911619145519,0.06507397790762964,0.07403286092437177,0.0,-0.0020233396136954606,0.0,0.0],[0.0,0.0010972965646815446,-0.05991254858133174,-0.11449729020971987,0.0,0.0038207508279417307,0.0,0.0],[0.0,0.0,0.0,-0.28626743789636167,0.0032562778807450296,0.0,0.0042696648132388585,0.0],[0.0,0.0,0.0,0.003175527654716819,-0.0032461647513866852,0.010729369286818217,-0.003245389534709064,0.0],[0.0,0.0,0.0,0.0,0.003256747310463614,-0.010699304393643597,0.003726390462520432,0.0],[0.0,0.0,0.0,0.0,0.0,0.0,-0.002592184875603219,0.0029651678106274986],[0.0,0.0,0.0,0.0,0.0,0.0,0.0017702391049975695,-0.0029563844401227415]]}