{"din_name":"flux_level00200.json","din_kind":"RELATIVE","din_start":600.0000037404407,"din_end":660.0000051201177,"din_rules":["Interventions","r1","r1_rev","r2","r3","r4","r5","r6"],"din_hits":[0,5537,5525,10585,2824581,2813994,673952,673965],"din_fluxs":[[0.0,0.0,0.0,0.0,0.0,0.0,0.0,0.0],[0.0,-0.0010932169162085155,0.0798632674949015,0.08935355061577711,0.0,-0.0021095039560402435,0.0,0.0],[0.0,0.0010944321896583615,-0.07197377450322716,-0.13586409185829246,0.0,0.003928276031520717,0.0,0.0],[0.0,0.0,0.0,-0.2879099425337768,0.0035537294793476404,0.0,0.004204964085663101,0.0],[0.0,0.0,0.0,0.0017227308437414777,-0.0035410466227737618,0.00945650239195058,-0.0035410287339928312,0.0],[0.0,0.0,0.0,0.0,0.003553642437679384,-0.009406178962982929,0.003750177900483854,0.0],[0.0,0.0,0.0,0.0,0.0,0.0,-0.002212099144727014,0.0056051619857774],[0.0,0.0,0.0,0.0,0.0,0.0,0.001394290122436365,-0.005573779844510112]]}