{"din_name":"flux_level08746.json","din_kind":"RELATIVE","din_start":600.0000049272086,"din_end":660.0000000464476,"din_rules":["Interventions","r1","r1_rev","r2","r3","r4","r5","r6"],"din_hits":[0,23702,23690,2010,727413,725378,1148328,1148326],"din_fluxs":[[0.0,0.0,0.0,0.0,0.0,0.0,0.0,0.0],[0.0,-0.0010896261583566856,0.10809932609286962,0.12752818634515736,0.0,-0.001981815506623748,0.0,0.0],[0.0,0.0010908173168717042,-0.09497590701739862,-0.16346683434005657,0.0,0.004444717212698922,0.0,0.0],[0.0,0.0,0.0,-0.5339108945391108,0.002563867585959314,0.0,0.003674168011536067,0.0],[0.0,0.0,0.0,0.00857923666024283,-0.0025568568488676608,0.018854392783885683,-0.002558829708438871,0.0],[0.0,0.0,0.0,0.0,0.002563411217706668,-0.018632172199395735,0.003173067489531066,0.0],[0.0,0.0,0.0,0.0,0.0,0.0,-0.0023279807621559012,0.0023754996550717587],[0.0,0.0,0.0,0.0,0.0,0.0,0.0019498836547929103,-0.002369862267759825]]}