{"din_name":"flux_level10489.json","din_kind":"RELATIVE","din_start":600.0000048772545,"din_end":660.0000019538551,"din_rules":["Interventions","r1","r1_rev","r2","r3","r4","r5","r6"],"din_hits":[0,48598,48591,4988,2668540,2663531,270229,270246],"din_fluxs":[[0.0,0.0,0.0,0.0,0.0,0.0,0.0,0.0],[0.0,-0.0010889778422764102,0.1196595309558685,0.13830598475603917,0.0,-0.0020011005793640784,0.0,0.0],[0.0,0.0010901660218750142,-0.10133392384388634,-0.18449685374559668,0.0,0.003989802553763262,0.0,0.0],[0.0,0.0,0.0,-0.44472898465698013,0.0030757025046801952,0.0,0.003164600316457058,0.0],[0.0,0.0,0.0,0.004143898561474356,-0.003065462088500226,0.011751313018646022,-0.003065416387094548,0.0],[0.0,0.0,0.0,0.0,0.0030748931106218003,-0.011671463849051218,0.0031226018310083637,0.0],[0.0,0.0,0.0,0.0,0.0,0.0,-0.001632185448440765,0.01828405852157901],[0.0,0.0,0.0,0.0,0.0,0.0,0.0011662424461971591,-0.01794994955754084]]}