{"din_name":"flux_level03498.json","din_kind":"RELATIVE","din_start":600.0000075996879,"din_end":660.0000042674235,"din_rules":["Interventions","r1","r1_rev","r2","r3","r4","r5","r6"],"din_hits":[0,1122400,1122135,1113920,3768364,2654431,434140,434186],"din_fluxs":[[0.0,0.0,0.0,0.0,0.0,0.0,0.0,0.0],[0.0,-0.0014441301659348577,0.003831904626202294,0.009623579466991139,0.0,-0.002723035936791712,0.0,0.0],[0.0,0.0014462674790529585,-0.0037507200714608124,-0.007436648583641371,0.0,0.00218053023285091,0.0,0.0],[0.0,0.0,0.0,-0.05574117792424203,0.0029120932460824753,0.0,0.003070528489439766,0.0],[0.0,0.0,0.0,0.01678305315440178,-0.002903519500443587,0.011944784130296206,-0.0029048612689320536,0.0],[0.0,0.0,0.0,0.0,0.0029119311684133163,-0.016451259949806195,0.003158698528323521,0.0],[0.0,0.0,0.0,0.0,0.0,0.0,-0.005815909084631328,0.0013447199964738842],[0.0,0.0,0.0,0.0,0.0,0.0,0.004061224061265468,-0.0013429130383971542]]}