{"din_name":"flux_level01976.json","din_kind":"RELATIVE","din_start":600.000003417351,"din_end":660.000011946917,"din_rules":["Interventions","r1","r1_rev","r2","r3","r4","r5","r6"],"din_hits":[0,239692,239641,100675,3637809,3537131,544168,544147],"din_fluxs":[[0.0,0.0,0.0,0.0,0.0,0.0,0.0,0.0],[0.0,-0.0011281585083221142,0.022312503357070808,0.02945631487276033,0.0,-0.0020956492628003086,0.0,0.0],[0.0,0.0011294376775330445,-0.021461011141187612,-0.041988496182401205,0.0,0.0032573674262529845,0.0,0.0],[0.0,0.0,0.0,-0.15040874054523246,0.0030860292081268353,0.0,0.0038507726620701553,0.0],[0.0,0.0,0.0,0.005912172577452954,-0.0030769445992781318,0.01195685780434791,-0.0030771006211711533,0.0],[0.0,0.0,0.0,0.0,0.0030864595612599146,-0.012224323242102372,0.003459216218058296,0.0],[0.0,0.0,0.0,0.0,0.0,0.0,-0.007060041954152916,0.0012957608055848046],[0.0,0.0,0.0,0.0,0.0,0.0,0.004667253720155716,-0.0012940834903352745]]}