{"din_name":"flux_level06524.json","din_kind":"RELATIVE","din_start":600.0000061170002,"din_end":660.0000067894888,"din_rules":["Interventions","r1","r1_rev","r2","r3","r4","r5","r6"],"din_hits":[0,1222484,1222297,558129,2352167,1794030,696543,696558],"din_fluxs":[[0.0,0.0,0.0,0.0,0.0,0.0,0.0,0.0],[0.0,-0.0013479741689450611,0.004840789493004624,0.01033885377085625,0.0,-0.002534478466592654,0.0,0.0],[0.0,0.0013498189214576134,-0.004735267180971965,-0.009434089547605736,0.0,0.0023634364400614495,0.0,0.0],[0.0,0.0,0.0,-0.03499183540970835,0.004617126098224963,0.0,0.005009197576874979,0.0],[0.0,0.0,0.0,0.008194203766335995,-0.004595729104346952,0.006872959720405501,-0.004595658618796412,0.0],[0.0,0.0,0.0,0.0,0.004616943681311501,-0.008810751826636319,0.005039074082110957,0.0],[0.0,0.0,0.0,0.0,0.0,0.0,-0.0029437625983709504,0.005590277546850925],[0.0,0.0,0.0,0.0,0.0,0.0,0.0015643724161851502,-0.00555905143081485]]}