{"din_name":"flux_level00788.json","din_kind":"RELATIVE","din_start":600.0000022352834,"din_end":660.000003196154,"din_rules":["Interventions","r1","r1_rev","r2","r3","r4","r5","r6"],"din_hits":[0,144536,144378,620136,3638796,3018653,816611,816618],"din_fluxs":[[0.0,0.0,0.0,0.0,0.0,0.0,0.0,0.0],[0.0,-0.001284127461894,0.006063229206033434,0.012179659681731096,0.0,-0.0023889805386097408,0.0,0.0],[0.0,0.0012859069894193055,-0.0058971867298535955,-0.011664238995964318,0.0,0.0023953463917735923,0.0,0.0],[0.0,0.0,0.0,-0.06465375374684425,0.0031143893344819954,0.0,0.0035057576307184844,0.0],[0.0,0.0,0.0,0.011765746512264003,-0.0031046481294928147,0.01129878323872147,-0.0031024807424736224,0.0],[0.0,0.0,0.0,0.0,0.003114309906939696,-0.013437137851727737,0.0034986957129008343,0.0],[0.0,0.0,0.0,0.0,0.0,0.0,-0.0048807157643244075,0.0014984717647982975],[0.0,0.0,0.0,0.0,0.0,0.0,0.0032264756829375294,-0.0014962285079035335]]}