{"din_name":"flux_level12615.json","din_kind":"RELATIVE","din_start":600.0000039016711,"din_end":660.0000023466184,"din_rules":["Interventions","r1","r1_rev","r2","r3","r4","r5","r6"],"din_hits":[0,55682,55662,7381,2260019,2252615,1013403,1013396],"din_fluxs":[[0.0,0.0,0.0,0.0,0.0,0.0,0.0,0.0],[0.0,-0.0010907607405664958,0.09756917729988748,0.10902427279396226,0.0,-0.002038728852983056,0.0,0.0],[0.0,0.0010919525623605316,-0.08670080481941839,-0.15675554921710433,0.0,0.004470769126246943,0.0,0.0],[0.0,0.0,0.0,-0.45398507013815753,0.0026847565184077646,0.0,0.00402501733510619,0.0],[0.0,0.0,0.0,0.006219378007130986,-0.0026763850562735985,0.016263900684485504,-0.0026801586993014923,0.0],[0.0,0.0,0.0,0.0,0.0026835657236010113,-0.016112693194573754,0.0032053019765377728,0.0],[0.0,0.0,0.0,0.0,0.0,0.0,-0.004756154154400361,0.0014213178142901738],[0.0,0.0,0.0,0.0,0.0,0.0,0.0036403730698060465,-0.0014192999236254306]]}