{"din_name":"flux_level07552.json","din_kind":"RELATIVE","din_start":600.0000336702203,"din_end":660.0000316481056,"din_rules":["Interventions","r1","r1_rev","r2","r3","r4","r5","r6"],"din_hits":[0,200341,200307,15052,985867,970837,180627,180635],"din_fluxs":[[0.0,0.0,0.0,0.0,0.0,0.0,0.0,0.0],[0.0,-0.0011186803454034911,0.027527006582718002,0.04071766204140584,0.0,-0.002073296746672546,0.0,0.0],[0.0,0.0011199370994000634,-0.026341474078434377,-0.051270173047166905,0.0,0.002935387710886052,0.0,0.0],[0.0,0.0,0.0,-0.19173511902313076,0.0031218586836685366,0.0,0.004412494743536243,0.0],[0.0,0.0,0.0,0.006952207287487579,-0.00311196927027582,0.011536479218212565,-0.003111516579688244,0.0],[0.0,0.0,0.0,0.0,0.0031216852660091365,-0.011752065135466205,0.004033421482453509,0.0],[0.0,0.0,0.0,0.0,0.0,0.0,-0.013540680958615199,0.0011460701795043512],[0.0,0.0,0.0,0.0,0.0,0.0,0.008938431482582833,-0.0011447575658894249]]}