{"din_name":"flux_level11724.json","din_kind":"RELATIVE","din_start":600.0000053769663,"din_end":660.0000063832533,"din_rules":["Interventions","r1","r1_rev","r2","r3","r4","r5","r6"],"din_hits":[0,46221,46203,2976,1355436,1352460,1178394,1178389],"din_fluxs":[[0.0,0.0,0.0,0.0,0.0,0.0,0.0,0.0],[0.0,-0.0010906778957377598,0.09976444227413928,0.12949382945637988,0.0,-0.002022052839557052,0.0,0.0],[0.0,0.0010918699697794647,-0.08727949897920792,-0.15815768939552083,0.0,0.003685183307671978,0.0,0.0],[0.0,0.0,0.0,-0.4291392908480885,0.0030136769718123253,0.0,0.005179781933111232,0.0],[0.0,0.0,0.0,0.005280744060054427,-0.0030040283319225,0.012219627291083808,-0.003004689605726273,0.0],[0.0,0.0,0.0,0.0,0.003013083878764879,-0.012153435758703165,0.004195316674618222,0.0],[0.0,0.0,0.0,0.0,0.0,0.0,-0.004633541707315099,0.0015819477172615587],[0.0,0.0,0.0,0.0,0.0,0.0,0.0033071366895857865,-0.0015794478744471378]]}