{"din_name":"flux_level05186.json","din_kind":"RELATIVE","din_start":600.000004394541,"din_end":660.0000506854976,"din_rules":["Interventions","r1","r1_rev","r2","r3","r4","r5","r6"],"din_hits":[0,4515,4500,9765,2186545,2176782,894114,894099],"din_fluxs":[[0.0,0.0,0.0,0.0,0.0,0.0,0.0,0.0],[0.0,-0.0010896860183513247,0.10789515713909263,0.09175062585697026,0.0,-0.0020542549418434905,0.0,0.0],[0.0,0.0010908867107318131,-0.09467006014086321,-0.17431220051397747,0.0,0.005800753586550353,0.0,0.0],[0.0,0.0,0.0,-0.44056646859411336,0.0026035662479717966,0.0,0.0029963072125800826,0.0],[0.0,0.0,0.0,0.004401977306975858,-0.002597484688509911,0.018001187641836388,-0.0025980496837399642,0.0],[0.0,0.0,0.0,0.0,0.0026042545553162525,-0.017767077180280963,0.0027275378468195654,0.0],[0.0,0.0,0.0,0.0,0.0,0.0,-0.0015934607621041225,0.0057314523505568775],[0.0,0.0,0.0,0.0,0.0,0.0,0.0012952588099027554,-0.005698635432313472]]}