{"din_name":"flux_level00102.json","din_kind":"RELATIVE","din_start":600.0000039628318,"din_end":660.0000005106266,"din_rules":["Interventions","r1","r1_rev","r2","r3","r4","r5","r6"],"din_hits":[0,409821,409717,118950,1694054,1575089,850873,850902],"din_fluxs":[[0.0,0.0,0.0,0.0,0.0,0.0,0.0,0.0],[0.0,-0.0011839589278896307,0.010876393710820467,0.018492413353161298,0.0,-0.002212077371765567,0.0,0.0],[0.0,0.0011853750154527795,-0.010576089195698262,-0.020921844754117135,0.0,0.002607551638917006,0.0,0.0],[0.0,0.0,0.0,-0.07213996651745429,0.003927662763223939,0.0,0.004589157550691463,0.0],[0.0,0.0,0.0,0.006202065438311765,-0.003912733956992908,0.008495036581978197,-0.003911993039239327,0.0],[0.0,0.0,0.0,0.0,0.003928159537620402,-0.009153435357819947,0.004495349532823099,0.0],[0.0,0.0,0.0,0.0,0.0,0.0,-0.002860223278869226,0.0037579560387215796],[0.0,0.0,0.0,0.0,0.0,0.0,0.0017340881988625804,-0.0037438397885510353]]}