{"din_name":"flux_level12486.json","din_kind":"RELATIVE","din_start":600.0000103074163,"din_end":660.0000073102075,"din_rules":["Interventions","r1","r1_rev","r2","r3","r4","r5","r6"],"din_hits":[0,163078,163045,26328,2136144,2109821,1193648,1193671],"din_fluxs":[[0.0,0.0,0.0,0.0,0.0,0.0,0.0,0.0],[0.0,-0.0011072329346928122,0.03875203559200909,0.04650691701867841,0.0,-0.002045502485679599,0.0,0.0],[0.0,0.0011084626803940319,-0.03666388838897429,-0.07041439247357976,0.0,0.0037158773064387605,0.0,0.0],[0.0,0.0,0.0,-0.27499975355763673,0.0027095694862222255,0.0,0.003952171597045452,0.0],[0.0,0.0,0.0,0.0074776949718236,-0.0027019922802000813,0.015982628116151032,-0.0027057764768568192,0.0],[0.0,0.0,0.0,0.0,0.002709312677110307,-0.016048753162093584,0.0033908799307212196,0.0],[0.0,0.0,0.0,0.0,0.0,0.0,-0.004982624920326647,0.0014089622323402752],[0.0,0.0,0.0,0.0,0.0,0.0,0.003801999787068456,-0.001406978823666607]]}