{"din_name":"flux_level08616.json","din_kind":"RELATIVE","din_start":600.0000640717395,"din_end":660.0000194139351,"din_rules":["Interventions","r1","r1_rev","r2","r3","r4","r5","r6"],"din_hits":[0,430911,430795,9050,131011,121963,227999,228016],"din_fluxs":[[0.0,0.0,0.0,0.0,0.0,0.0,0.0,0.0],[0.0,-0.0011919218271110848,0.010177946550831167,0.019457994593448998,0.0,-0.0022127474440188926,0.0,0.0],[0.0,0.0011933578960350627,-0.009903175478755431,-0.01934887642700822,0.0,0.002405921846184055,0.0,0.0],[0.0,0.0,0.0,-0.14278338391498505,0.002640332871680873,0.0,0.010060938112891374,0.0],[0.0,0.0,0.0,0.0163213723796033,-0.0026335813182956132,0.016948697326896373,-0.0026228746378651113,0.0],[0.0,0.0,0.0,0.0,0.002640552583527825,-0.018477176358608963,0.01024931622878761,0.0],[0.0,0.0,0.0,0.0,0.0,0.0,-0.020741283012840103,0.0011201913687597957],[0.0,0.0,0.0,0.0,0.0,0.0,0.016864824221141633,-0.0011189374946632181]]}