{"din_name":"flux_level03620.json","din_kind":"RELATIVE","din_start":600.0000071915174,"din_end":660.0000197206342,"din_rules":["Interventions","r1","r1_rev","r2","r3","r4","r5","r6"],"din_hits":[0,768,764,19069,4559478,4540367,1009497,1009515],"din_fluxs":[[0.0,0.0,0.0,0.0,0.0,0.0,0.0,0.0],[0.0,-0.0010885942497759625,0.12273301783683248,0.11321631829873074,0.0,-0.002234715877891392,0.0,0.0],[0.0,0.0010898230373445896,-0.10427097569824519,-0.18808918013595352,0.0,0.006130632080867458,0.0,0.0],[0.0,0.0,0.0,-0.4687412352630129,0.0025681375144147073,0.0,0.00419901689560798,0.0],[0.0,0.0,0.0,0.0046661897596049886,-0.0025620571382545363,0.018873431292556808,-0.002562083995593323,0.0],[0.0,0.0,0.0,0.0,0.002568641799896903,-0.018599358499425962,0.0027166993543001105,0.0],[0.0,0.0,0.0,0.0,0.0,0.0,-0.003182842599589679,0.0016946689281392682],[0.0,0.0,0.0,0.0,0.0,0.0,0.0025196133712036737,-0.0016918005777840969]]}