{"din_name":"flux_level10329.json","din_kind":"RELATIVE","din_start":600.0000218510193,"din_end":660.0000641411187,"din_rules":["Interventions","r1","r1_rev","r2","r3","r4","r5","r6"],"din_hits":[0,10656,10593,27545,974667,947118,301083,301108],"din_fluxs":[[0.0,0.0,0.0,0.0,0.0,0.0,0.0,0.0],[0.0,-0.0011425316939564407,0.018075174330643456,0.02908619158642178,0.0,-0.0021006356560900937,0.0,0.0],[0.0,0.0011440234028784677,-0.016971082715288043,-0.03340278870310658,0.0,0.0025661304395331154,0.0,0.0],[0.0,0.0,0.0,-0.07483058071885161,0.007292709847575663,0.0,0.010452458031349195,0.0],[0.0,0.0,0.0,0.0023580799463655024,-0.007236291103075573,0.005797992593386191,-0.007240142441134251,0.0],[0.0,0.0,0.0,0.0,0.007289161796489826,-0.00593632244229641,0.008681252019512087,0.0],[0.0,0.0,0.0,0.0,0.0,0.0,-0.0067799797927486066,0.0025886706166729175],[0.0,0.0,0.0,0.0,0.0,0.0,0.002266882921924378,-0.0025819716895950275]]}