{"din_name":"flux_level09468.json","din_kind":"RELATIVE","din_start":600.0000110008745,"din_end":660.0000083394885,"din_rules":["Interventions","r1","r1_rev","r2","r3","r4","r5","r6"],"din_hits":[0,47989,47954,9157,588584,579402,1833550,1833542],"din_fluxs":[[0.0,0.0,0.0,0.0,0.0,0.0,0.0,0.0],[0.0,-0.0011097853859128668,0.035452592458171374,0.04121323696256298,0.0,-0.0020491958873566306,0.0,0.0],[0.0,0.0011110281301576902,-0.03361813477033004,-0.06357859476430697,0.0,0.0037936153175869504,0.0,0.0],[0.0,0.0,0.0,-0.2836197345177767,0.0025832348966513454,0.0,0.004583255153853371,0.0],[0.0,0.0,0.0,0.008906003350641359,-0.0025775068596532984,0.018612388620959694,-0.00257752800921498,0.0],[0.0,0.0,0.0,0.0,0.0025841844786455683,-0.018693990923342695,0.003971361501546708,0.0],[0.0,0.0,0.0,0.0,0.0,0.0,-0.003028883805354618,0.0019184229982234754],[0.0,0.0,0.0,0.0,0.0,0.0,0.00259195293119468,-0.0019147463848440051]]}