{"din_name":"flux_level10075.json","din_kind":"RELATIVE","din_start":600.0000274965872,"din_end":660.0000422442574,"din_rules":["Interventions","r1","r1_rev","r2","r3","r4","r5","r6"],"din_hits":[0,89287,89272,8708,1563639,1554939,654230,654280],"din_fluxs":[[0.0,0.0,0.0,0.0,0.0,0.0,0.0,0.0],[0.0,-0.001095565491497442,0.06709630764478032,0.08139762565035832,0.0,-0.002040392380970416,0.0,0.0],[0.0,0.0010967686821347225,-0.06166383636940698,-0.11353944352012293,0.0,0.004199435289097272,0.0,0.0],[0.0,0.0,0.0,-0.43196891839886264,0.002546081362039824,0.0,0.0029344143706333714,0.0],[0.0,0.0,0.0,0.009207248586198091,-0.0025398459034675206,0.019421592135626345,-0.0025377277808003493,0.0],[0.0,0.0,0.0,0.0,0.0025463163081945513,-0.019274207135435945,0.002764423256544519,0.0],[0.0,0.0,0.0,0.0,0.0,0.0,-0.002617895669580577,0.001980289361832939],[0.0,0.0,0.0,0.0,0.0,0.0,0.0021051227325299994,-0.0019763703611444723]]}