{"din_name":"flux_level02097.json","din_kind":"RELATIVE","din_start":600.0000057269884,"din_end":660.0000000819958,"din_rules":["Interventions","r1","r1_rev","r2","r3","r4","r5","r6"],"din_hits":[0,58224,58187,26385,1770808,1744406,1083529,1083500],"din_fluxs":[[0.0,0.0,0.0,0.0,0.0,0.0,0.0,0.0],[0.0,-0.0011169608465177964,0.02880977107136854,0.040110645398913916,0.0,-0.0020852780617141697,0.0,0.0],[0.0,0.0011182222541449207,-0.027496302457902327,-0.05388585774774977,0.0,0.003035273114246129,0.0,0.0],[0.0,0.0,0.0,-0.1363332837869705,0.004218813029972812,0.0,0.005390908822233995,0.0],[0.0,0.0,0.0,0.0029377248104183397,-0.004201058694239221,0.007941436506045656,-0.004199965661059997,0.0],[0.0,0.0,0.0,0.0,0.004218808563236066,-0.008028125957793807,0.004957522175596034,0.0],[0.0,0.0,0.0,0.0,0.0,0.0,-0.0030366626668224474,0.0041270076431863135],[0.0,0.0,0.0,0.0,0.0,0.0,0.0018357343785205288,-0.004109989824229814]]}