{"din_name":"flux_level00221.json","din_kind":"RELATIVE","din_start":600.0000146730115,"din_end":660.0000056776122,"din_rules":["Interventions","r1","r1_rev","r2","r3","r4","r5","r6"],"din_hits":[0,76893,76866,23990,1499032,1475060,275203,275196],"din_fluxs":[[0.0,0.0,0.0,0.0,0.0,0.0,0.0,0.0],[0.0,-0.0011096624618736131,0.03560277693103435,0.04043560679235468,0.0,-0.0020504482521533527,0.0,0.0],[0.0,0.0011109013227689458,-0.03377870795306121,-0.06469108973090242,0.0,0.0038676607791062454,0.0,0.0],[0.0,0.0,0.0,-0.2562298194360971,0.0026762919683492783,0.0,0.002943796037410297,0.0],[0.0,0.0,0.0,0.007253056831280986,-0.0026694225543731176,0.016647189147167354,-0.0026716872316700953,0.0],[0.0,0.0,0.0,0.0,0.0026765750634504255,-0.016727465443231584,0.002791742104446578,0.0],[0.0,0.0,0.0,0.0,0.0,0.0,-0.002522118387957647,0.002156038700875245],[0.0,0.0,0.0,0.0,0.0,0.0,0.0019185889357345614,-0.0021513954843063077]]}