{"din_name":"flux_level12338.json","din_kind":"RELATIVE","din_start":600.0001151975003,"din_end":660.0000413089102,"din_rules":["Interventions","r1","r1_rev","r2","r3","r4","r5","r6"],"din_hits":[0,49238,49221,2516,943535,941016,198752,198766],"din_fluxs":[[0.0,0.0,0.0,0.0,0.0,0.0,0.0,0.0],[0.0,-0.0010937055996422947,0.0763434853437403,0.10754568640058765,0.0,-0.002019897096705904,0.0,0.0],[0.0,0.0010949053932365997,-0.06945610151388006,-0.1298281383127412,0.0,0.0031839822875138674,0.0,0.0],[0.0,0.0,0.0,-0.3454534664659335,0.0034324843698357635,0.0,0.006567757212106551,0.0],[0.0,0.0,0.0,0.004643496114658344,-0.0034247396630517975,0.009803991025356637,-0.003414062499467781,0.0],[0.0,0.0,0.0,0.0,0.003436530494005844,-0.009793860816249365,0.005498947396573069,0.0],[0.0,0.0,0.0,0.0,0.0,0.0,-0.02286958607822176,0.0011031680695999144],[0.0,0.0,0.0,0.0,0.0,0.0,0.013947542088376078,-0.0011019537040328012]]}