{"din_name":"flux_level03788.json","din_kind":"RELATIVE","din_start":600.0000138665997,"din_end":660.0000104874435,"din_rules":["Interventions","r1","r1_rev","r2","r3","r4","r5","r6"],"din_hits":[0,67499,67485,1622,586106,584485,1168451,1168506],"din_fluxs":[[0.0,0.0,0.0,0.0,0.0,0.0,0.0,0.0],[0.0,-0.0010934609765610244,0.07756666242841326,0.1263084754715229,0.0,-0.0020203978707746084,0.0,0.0],[0.0,0.0010946595936192952,-0.07048683012870308,-0.12357576735193582,0.0,0.0033166233869357637,0.0,0.0],[0.0,0.0,0.0,-0.49789737690680197,0.002634250075921185,0.0,0.004426545376534793,0.0],[0.0,0.0,0.0,0.01215805938072079,-0.002625926863295509,0.017136694589395898,-0.002625375686885788,0.0],[0.0,0.0,0.0,0.0,0.002632839021043891,-0.017036937497983462,0.004068404650654054,0.0],[0.0,0.0,0.0,0.0,0.0,0.0,-0.0038789075219331027,0.0016221148439563824],[0.0,0.0,0.0,0.0,0.0,0.0,0.003177921427428148,-0.0016194838144690654]]}