{"din_name":"flux_level04277.json","din_kind":"RELATIVE","din_start":600.0000064195229,"din_end":660.0000166094395,"din_rules":["Interventions","r1","r1_rev","r2","r3","r4","r5","r6"],"din_hits":[0,63791,63775,11319,2029356,2018028,293519,293521],"din_fluxs":[[0.0,0.0,0.0,0.0,0.0,0.0,0.0,0.0],[0.0,-0.0010940981644646155,0.07435794782740249,0.07961796535013714,0.0,-0.002034391685678245,0.0,0.0],[0.0,0.0010952984238885688,-0.0677718589670782,-0.12455313781480934,0.0,0.00457614202403764,0.0,0.0],[0.0,0.0,0.0,-0.41969852523347634,0.002578019081524336,0.0,0.0026476015764703305,0.0],[0.0,0.0,0.0,0.007316976812374172,-0.0025712413069379275,0.018609028961402194,-0.0025710893133910296,0.0],[0.0,0.0,0.0,0.0,0.0025778707042884885,-0.01844605684803294,0.002613110760023665,0.0],[0.0,0.0,0.0,0.0,0.0,0.0,-0.0013618402820536326,0.01922902465947535],[0.0,0.0,0.0,0.0,0.0,0.0,0.0011193591590992437,-0.018859303716791714]]}