{"din_name":"flux_level07460.json","din_kind":"RELATIVE","din_start":600.0000004345826,"din_end":660.0000028582247,"din_rules":["Interventions","r1","r1_rev","r2","r3","r4","r5","r6"],"din_hits":[0,137501,137468,93326,3893161,3799826,1392108,1392110],"din_fluxs":[[0.0,0.0,0.0,0.0,0.0,0.0,0.0,0.0],[0.0,-0.0011170273334954537,0.028735649417342225,0.0325630483536619,0.0,-0.0020699880865360193,0.0,0.0],[0.0,0.0011182817134054186,-0.02745693774729051,-0.053090255131606416,0.0,0.003901086747923139,0.0,0.0],[0.0,0.0,0.0,-0.23048179572263314,0.002613890685457341,0.0,0.0030845232737067045,0.0],[0.0,0.0,0.0,0.008120783420793833,-0.0026073057314106,0.018053574305350185,-0.002607062422278346,0.0],[0.0,0.0,0.0,0.0,0.0026141296716716395,-0.018224324540807767,0.0028041627962363514,0.0],[0.0,0.0,0.0,0.0,0.0,0.0,-0.0024916173663894437,0.0021449174342824296],[0.0,0.0,0.0,0.0,0.0,0.0,0.0019563928325122626,-0.00214032128506525]]}