{"din_name":"flux_level09666.json","din_kind":"RELATIVE","din_start":600.0000097676775,"din_end":660.0000074195848,"din_rules":["Interventions","r1","r1_rev","r2","r3","r4","r5","r6"],"din_hits":[0,7265,7257,203,236999,236804,676932,676919],"din_fluxs":[[0.0,0.0,0.0,0.0,0.0,0.0,0.0,0.0],[0.0,-0.0010896318269306734,0.10907297657175928,0.18945490449123775,0.0,-0.002026542247992998,0.0,0.0],[0.0,0.0010908282762853835,-0.0954751571407257,-0.17999304109425585,0.0,0.0025016824865326886,0.0,0.0],[0.0,0.0,0.0,-0.3393147692471076,0.008049341536712641,0.0,0.017022973836836874,0.0],[0.0,0.0,0.0,0.0017932771484803613,-0.007943701098161435,0.005415737520042353,-0.007919143631480342,0.0],[0.0,0.0,0.0,0.0,0.008007577128836213,-0.005405399783722374,0.01619294630066071,0.0],[0.0,0.0,0.0,0.0,0.0,0.0,-0.008759599968418765,0.0049524908215448325],[0.0,0.0,0.0,0.0,0.0,0.0,0.005994893240605267,-0.004927967881715867]]}