{"din_name":"flux_level09683.json","din_kind":"RELATIVE","din_start":600.0000086219617,"din_end":660.0000156389605,"din_rules":["Interventions","r1","r1_rev","r2","r3","r4","r5","r6"],"din_hits":[0,129904,129880,2776,381191,378423,221583,221601],"din_fluxs":[[0.0,0.0,0.0,0.0,0.0,0.0,0.0,0.0],[0.0,-0.0011157303237891388,0.029708328871536422,0.056102807699776935,0.0,-0.002069860771130612,0.0,0.0],[0.0,0.0011169812344611642,-0.02835952281736196,-0.05585389915913566,0.0,0.0021987157552147718,0.0,0.0],[0.0,0.0,0.0,-0.11206253815572488,0.021200481947665478,0.0,0.02640435583295856,0.0],[0.0,0.0,0.0,0.0020668244823264406,-0.020765688028185167,0.004536107714517352,-0.02075679211786009,0.0],[0.0,0.0,0.0,0.0,0.02121415176685552,-0.004590912070577861,0.026075407966154283,0.0],[0.0,0.0,0.0,0.0,0.0,0.0,-0.013203942974506243,0.01931577214622774],[0.0,0.0,0.0,0.0,0.0,0.0,0.00521216591814364,-0.018942283549687824]]}