{"din_name":"flux_level07912.json","din_kind":"RELATIVE","din_start":600.0000266979303,"din_end":660.0000071800248,"din_rules":["Interventions","r1","r1_rev","r2","r3","r4","r5","r6"],"din_hits":[0,74291,74280,1518,793472,791947,900851,900875],"din_fluxs":[[0.0,0.0,0.0,0.0,0.0,0.0,0.0,0.0],[0.0,-0.00109297221312395,0.08084914538772245,0.1329520051820511,0.0,-0.0020315061969871538,0.0,0.0],[0.0,0.0010941694465453132,-0.07316651552640248,-0.13494004232930673,0.0,0.0028856275410912746,0.0,0.0],[0.0,0.0,0.0,-0.39055444878526946,0.0033922097881538653,0.0,0.0057749746851873075,0.0],[0.0,0.0,0.0,0.006412905722979095,-0.0033829841301314823,0.009934791059741219,-0.0033791580665199017,0.0],[0.0,0.0,0.0,0.0,0.0033944820205175008,-0.00993357207780983,0.005335495739194455,0.0],[0.0,0.0,0.0,0.0,0.0,0.0,-0.005102153877364499,0.0016934719793800237],[0.0,0.0,0.0,0.0,0.0,0.0,0.003428704433094608,-0.0016906078592704007]]}