{"din_name":"flux_level10986.json","din_kind":"RELATIVE","din_start":600.0000067852742,"din_end":660.0000023114194,"din_rules":["Interventions","r1","r1_rev","r2","r3","r4","r5","r6"],"din_hits":[0,63283,63277,5629,3229879,3224246,843465,843457],"din_fluxs":[[0.0,0.0,0.0,0.0,0.0,0.0,0.0,0.0],[0.0,-0.0010901614811044949,0.10472096656601947,0.13547294700110613,0.0,-0.002018188501097854,0.0,0.0],[0.0,0.0010913520631323087,-0.09111782528126401,-0.16934647017262833,0.0,0.003441121965397288,0.0,0.0],[0.0,0.0,0.0,-0.3768570732686053,0.003651844930871951,0.0,0.004767678013304795,0.0],[0.0,0.0,0.0,0.0029513298687077446,-0.003642210315929005,0.009041452105821725,-0.0036414153506993557,0.0],[0.0,0.0,0.0,0.0,0.003655545432759996,-0.009003194404023911,0.00419697584748839,0.0],[0.0,0.0,0.0,0.0,0.0,0.0,-0.004745468630926472,0.0016960219970127018],[0.0,0.0,0.0,0.0,0.0,0.0,0.002733605262529677,-0.0016931488065037319]]}