{"din_name":"flux_level10714.json","din_kind":"RELATIVE","din_start":600.0000010782481,"din_end":660.0000012032611,"din_rules":["Interventions","r1","r1_rev","r2","r3","r4","r5","r6"],"din_hits":[0,47100,47089,9602,2556282,2546671,1588453,1588448],"din_fluxs":[[0.0,0.0,0.0,0.0,0.0,0.0,0.0,0.0],[0.0,-0.0010901718429424335,0.10459928146877273,0.10338977864950159,0.0,-0.002007206140083122,0.0,0.0],[0.0,0.0010913630578097836,-0.09105461804170324,-0.16245307247796176,0.0,0.005103196646861255,0.0,0.0],[0.0,0.0,0.0,-0.48923815710564483,0.0025454536780696317,0.0,0.003071912034590744,0.0],[0.0,0.0,0.0,0.006990342754684165,-0.0025394225912246213,0.019423985297573516,-0.0025394535264054866,0.0],[0.0,0.0,0.0,0.0,0.0025458915387052763,-0.019178177995265114,0.0027572587445702235,0.0],[0.0,0.0,0.0,0.0,0.0,0.0,-0.0018682739535355647,0.003257615772612415],[0.0,0.0,0.0,0.0,0.0,0.0,0.0015326896465789738,-0.003247014933581045]]}