{"din_name":"flux_level08137.json","din_kind":"RELATIVE","din_start":600.0000123928515,"din_end":660.0000405343594,"din_rules":["Interventions","r1","r1_rev","r2","r3","r4","r5","r6"],"din_hits":[0,17942,17928,1841,539526,537675,1183251,1183264],"din_fluxs":[[0.0,0.0,0.0,0.0,0.0,0.0,0.0,0.0],[0.0,-0.00109076330744396,0.09865973362481575,0.11197399676003635,0.0,-0.0020561379306801766,0.0,0.0],[0.0,0.001091958431784903,-0.08643377309297397,-0.14994747044628795,0.0,0.004471131766481251,0.0,0.0],[0.0,0.0,0.0,-0.507317168173906,0.0025561130175968225,0.0,0.0049477935034186096,0.0],[0.0,0.0,0.0,0.008306452416883645,-0.0025496938339889296,0.019086502691275944,-0.0025483595824341543,0.0],[0.0,0.0,0.0,0.0,0.002556212947282818,-0.0188683363569898,0.00381328013750452,0.0],[0.0,0.0,0.0,0.0,0.0,0.0,-0.0034874863642417996,0.0016833811646792813],[0.0,0.0,0.0,0.0,0.0,0.0,0.002927726933438107,-0.0016805504651824603]]}