{"din_name":"flux_level05012.json","din_kind":"RELATIVE","din_start":600.0000108800704,"din_end":660.0000065432922,"din_rules":["Interventions","r1","r1_rev","r2","r3","r4","r5","r6"],"din_hits":[0,69269,69248,52351,3147114,3094764,1627182,1627183],"din_fluxs":[[0.0,0.0,0.0,0.0,0.0,0.0,0.0,0.0],[0.0,-0.0011073007256859847,0.0386835078762448,0.03964800027320279,0.0,-0.002036411226043843,0.0,0.0],[0.0,0.0011085337346403903,-0.036581040380439016,-0.07007112631899604,0.0,0.004309415429867232,0.0,0.0],[0.0,0.0,0.0,-0.2744609672896678,0.0025906606038740695,0.0,0.0030562318684740474,0.0],[0.0,0.0,0.0,0.007262178724521556,-0.0025841704599667207,0.018551624641405227,-0.0025831240407832652,0.0],[0.0,0.0,0.0,0.0,0.002590871405459,-0.018564247845512038,0.00278127404416599,0.0],[0.0,0.0,0.0,0.0,0.0,0.0,-0.001912284960580559,0.003212532362078915],[0.0,0.0,0.0,0.0,0.0,0.0,0.0015404469960893959,-0.0032022223137276613]]}