{"din_name":"flux_level04340.json","din_kind":"RELATIVE","din_start":600.0000274799606,"din_end":660.0000066758329,"din_rules":["Interventions","r1","r1_rev","r2","r3","r4","r5","r6"],"din_hits":[0,64695,64671,7524,1630440,1622901,806169,806203],"din_fluxs":[[0.0,0.0,0.0,0.0,0.0,0.0,0.0,0.0],[0.0,-0.0011001700962480067,0.05193233882675581,0.07426602929777516,0.0,-0.0020451109381894356,0.0,0.0],[0.0,0.001101385331098985,-0.048471446281654,-0.0938635939948632,0.0,0.0029712166620610575,0.0,0.0],[0.0,0.0,0.0,-0.2175133529728335,0.004489713079695644,0.0,0.005584552726863387,0.0],[0.0,0.0,0.0,0.0025898648016337835,-0.00446972115419519,0.007421959249913124,-0.004469469556865528,0.0],[0.0,0.0,0.0,0.0,0.0044898250328941685,-0.007437351681538808,0.005199021412365758,0.0],[0.0,0.0,0.0,0.0,0.0,0.0,-0.0032220524861716693,0.0040929576155331856],[0.0,0.0,0.0,0.0,0.0,0.0,0.0018066745034393255,-0.004076223657708689]]}