{"din_name":"flux_level06128.json","din_kind":"RELATIVE","din_start":600.0000200167005,"din_end":660.0000173009387,"din_rules":["Interventions","r1","r1_rev","r2","r3","r4","r5","r6"],"din_hits":[0,66719,66704,3344,1093008,1089663,804064,804063],"din_fluxs":[[0.0,0.0,0.0,0.0,0.0,0.0,0.0,0.0],[0.0,-0.0010945338990154033,0.07200061989423145,0.1005280388572974,0.0,-0.002018651683997439,0.0,0.0],[0.0,0.0010957351328385087,-0.0658141044716769,-0.12282253793930216,0.0,0.003255973035002114,0.0,0.0],[0.0,0.0,0.0,-0.35532941234866194,0.003206186678857071,0.0,0.005429624615298998,0.0],[0.0,0.0,0.0,0.005428046997478418,-0.0031951572372438345,0.01091675049762515,-0.0031959695853682473,0.0],[0.0,0.0,0.0,0.0,0.0032054043273523855,-0.01090531171412545,0.004740461546490453,0.0],[0.0,0.0,0.0,0.0,0.0,0.0,-0.006174207871304092,0.0014410309828825185],[0.0,0.0,0.0,0.0,0.0,0.0,0.004148811267487431,-0.0014389564696265238]]}