{"din_name":"flux_level12422.json","din_kind":"RELATIVE","din_start":600.0000018548697,"din_end":660.0000012193694,"din_rules":["Interventions","r1","r1_rev","r2","r3","r4","r5","r6"],"din_hits":[0,596506,596358,249154,1906803,1657626,671525,671547],"din_fluxs":[[0.0,0.0,0.0,0.0,0.0,0.0,0.0,0.0],[0.0,-0.0012468722689403056,0.00716259907219753,0.013685578936654735,0.0,-0.002329600592808153,0.0,0.0],[0.0,0.0012484504787257137,-0.006989106099632112,-0.01391478554499839,0.0,0.002427518069336269,0.0,0.0],[0.0,0.0,0.0,-0.04121114102266546,0.00566508918129248,0.0,0.006282046248943153,0.0],[0.0,0.0,0.0,0.005765555122856671,-0.005632031731096701,0.00632494899153571,-0.0056309364771745555,0.0],[0.0,0.0,0.0,0.0,0.005663860114018632,-0.007255651270709177,0.006253234124087297,0.0],[0.0,0.0,0.0,0.0,0.0,0.0,-0.0034270821879127957,0.00819191565149242],[0.0,0.0,0.0,0.0,0.0,0.0,0.0017670185754342235,-0.008124820556480153]]}