{"din_name":"flux_level05786.json","din_kind":"RELATIVE","din_start":600.0000155788636,"din_end":660.0000051965545,"din_rules":["Interventions","r1","r1_rev","r2","r3","r4","r5","r6"],"din_hits":[0,44383,44373,4742,1737658,1732922,1024249,1024249],"din_fluxs":[[0.0,0.0,0.0,0.0,0.0,0.0,0.0,0.0],[0.0,-0.00109022064018378,0.10490852075041193,0.1186315680980842,0.0,-0.0020210482330680108,0.0,0.0],[0.0,0.001091412036688576,-0.09021326070575676,-0.16309249838699916,0.0,0.004270594002755829,0.0,0.0],[0.0,0.0,0.0,-0.46089810737947906,0.0027647466352740836,0.0,0.003178162038926528,0.0],[0.0,0.0,0.0,0.005875499858864728,-0.002757922187304595,0.014920084807611261,-0.0027577122609785745,0.0],[0.0,0.0,0.0,0.0,0.0027655548129677135,-0.014795731352422683,0.0029921579014025165,0.0],[0.0,0.0,0.0,0.0,0.0,0.0,-0.0017886598408443208,0.0047546329971416106],[0.0,0.0,0.0,0.0,0.0,0.0,0.0014087046317496834,-0.004732048969004871]]}