{"din_name":"flux_level03035.json","din_kind":"RELATIVE","din_start":600.0000061228166,"din_end":660.0000056654155,"din_rules":["Interventions","r1","r1_rev","r2","r3","r4","r5","r6"],"din_hits":[0,123264,123227,19626,1718505,1698875,964020,964004],"din_fluxs":[[0.0,0.0,0.0,0.0,0.0,0.0,0.0,0.0],[0.0,-0.0011132239537678802,0.03190267589542018,0.04645786247289965,0.0,-0.00207537849287687,0.0,0.0],[0.0,0.0011144693554439005,-0.030388373892362847,-0.05931825857553305,0.0,0.002897345054789509,0.0,0.0],[0.0,0.0,0.0,-0.15329381535014805,0.004265365514104628,0.0,0.005676416388531508,0.0],[0.0,0.0,0.0,0.0033605751691177872,-0.0042480670807898135,0.007805583230337092,-0.004245330141176175,0.0],[0.0,0.0,0.0,0.0,0.004266227492515746,-0.007892254545599787,0.00522786278843662,0.0],[0.0,0.0,0.0,0.0,0.0,0.0,-0.003823337777702761,0.0026557761830676534],[0.0,0.0,0.0,0.0,0.0,0.0,0.0021270911721222685,-0.0026487314533303985]]}