{"din_name":"flux_level11006.json","din_kind":"RELATIVE","din_start":600.0000060392327,"din_end":660.0000031464058,"din_rules":["Interventions","r1","r1_rev","r2","r3","r4","r5","r6"],"din_hits":[0,22748,22736,10311,1859534,1849224,380212,380214],"din_fluxs":[[0.0,0.0,0.0,0.0,0.0,0.0,0.0,0.0],[0.0,-0.0010945615765818092,0.07184728353036496,0.07303057377077281,0.0,-0.002013420741770718,0.0,0.0],[0.0,0.0010957662572950253,-0.06563508756723127,-0.1245382388786254,0.0,0.004408891158113637,0.0,0.0],[0.0,0.0,0.0,-0.3309737888619635,0.0028956995604791573,0.0,0.004990058290729377,0.0],[0.0,0.0,0.0,0.0038604463135643967,-0.002887361562266941,0.013444096889361752,-0.0028811008313630597,0.0],[0.0,0.0,0.0,0.0,0.002895727140685997,-0.013367008212056667,0.003414102093927552,0.0],[0.0,0.0,0.0,0.0,0.0,0.0,-0.00827979311116004,0.00122767989961472],[0.0,0.0,0.0,0.0,0.0,0.0,0.005843378632362126,-0.0012261742023621366]]}