{"din_name":"flux_level07575.json","din_kind":"RELATIVE","din_start":600.0000194086799,"din_end":660.0000038673933,"din_rules":["Interventions","r1","r1_rev","r2","r3","r4","r5","r6"],"din_hits":[0,50671,50660,15174,3983831,3968643,448819,448818],"din_fluxs":[[0.0,0.0,0.0,0.0,0.0,0.0,0.0,0.0],[0.0,-0.0010904540959194133,0.10035538328988934,0.0981261241128181,0.0,-0.0020166967992517773,0.0,0.0],[0.0,0.0010916458881046703,-0.08889657197085972,-0.1615683988428105,0.0,0.004967381120888126,0.0,0.0],[0.0,0.0,0.0,-0.4420636848217828,0.0026624707115580504,0.0,0.002766665996683468,0.0],[0.0,0.0,0.0,0.005151011846778774,-0.002655771566074883,0.016698259019703853,-0.0026557504345914853,0.0],[0.0,0.0,0.0,0.0,0.0026628475177686013,-0.0165213956458729,0.0026985483378690325,0.0],[0.0,0.0,0.0,0.0,0.0,0.0,-0.001451618226078652,0.012328298306890828],[0.0,0.0,0.0,0.0,0.0,0.0,0.0011377177923549751,-0.01217644561401728]]}