{"din_name":"flux_level12196.json","din_kind":"RELATIVE","din_start":600.0000083706072,"din_end":660.000034959989,"din_rules":["Interventions","r1","r1_rev","r2","r3","r4","r5","r6"],"din_hits":[0,87742,87724,6765,1262391,1255623,254134,254124],"din_fluxs":[[0.0,0.0,0.0,0.0,0.0,0.0,0.0,0.0],[0.0,-0.0010980053436977105,0.05799893506242633,0.07434853281630321,0.0,-0.0020269989452909214,0.0,0.0],[0.0,0.0010992144349973093,-0.05381512746235124,-0.10136058853253156,0.0,0.0035520239384646828,0.0,0.0],[0.0,0.0,0.0,-0.3398271986668843,0.002869072390763839,0.0,0.0032423064295487563,0.0],[0.0,0.0,0.0,0.006655151351096306,-0.0028606036991542846,0.013655232192299938,-0.0028587447972883576,0.0],[0.0,0.0,0.0,0.0,0.0028688129517885986,-0.013645937870249975,0.0031038693001742296,0.0],[0.0,0.0,0.0,0.0,0.0,0.0,-0.003910617942550954,0.0016022312247457255],[0.0,0.0,0.0,0.0,0.0,0.0,0.002782870929694209,-0.0015996672405542717]]}