{"din_name":"flux_level08213.json","din_kind":"RELATIVE","din_start":600.0000029528618,"din_end":660.000012134432,"din_rules":["Interventions","r1","r1_rev","r2","r3","r4","r5","r6"],"din_hits":[0,33037,33021,18351,2877306,2858934,1244830,1244842],"din_fluxs":[[0.0,0.0,0.0,0.0,0.0,0.0,0.0,0.0],[0.0,-0.00109455340774591,0.07202758433754776,0.06879877291843006,0.0,-0.0020232375160760437,0.0,0.0],[0.0,0.001095756639167012,-0.06580916702354417,-0.12411651675379899,0.0,0.004780221313086161,0.0,0.0],[0.0,0.0,0.0,-0.3567249799371589,0.002706532862003862,0.0,0.003683420597531716,0.0],[0.0,0.0,0.0,0.004749368537093154,-0.002699719157120471,0.015991869325698262,-0.002701138207266466,0.0],[0.0,0.0,0.0,0.0,0.0027070334247136993,-0.015869779140792902,0.0029957176916322746,0.0],[0.0,0.0,0.0,0.0,0.0,0.0,-0.0027815038557268586,0.0020029194405850955],[0.0,0.0,0.0,0.0,0.0,0.0,0.0021251659212449723,-0.0019989110233620995]]}