{"din_name":"flux_level06135.json","din_kind":"RELATIVE","din_start":600.0000310357862,"din_end":660.0000039112089,"din_rules":["Interventions","r1","r1_rev","r2","r3","r4","r5","r6"],"din_hits":[0,106553,106535,18019,2344136,2326094,731182,731200],"din_fluxs":[[0.0,0.0,0.0,0.0,0.0,0.0,0.0,0.0],[0.0,-0.0010975984730853797,0.059375304308490265,0.06536084275848152,0.0,-0.0020309640789471645,0.0,0.0],[0.0,0.0010988062239530641,-0.05500939060600369,-0.10222825660431649,0.0,0.0043752533382097605,0.0,0.0],[0.0,0.0,0.0,-0.39388869741843374,0.0025313856256619976,0.0,0.0035647436961441735,0.0],[0.0,0.0,0.0,0.008484644496183578,-0.002524629709590404,0.019960310279645926,-0.002523038211407358,0.0],[0.0,0.0,0.0,0.0,0.0025310189651588347,-0.019820287781885892,0.0029732591064976755,0.0],[0.0,0.0,0.0,0.0,0.0,0.0,-0.006846648635270339,0.0012377795819073258],[0.0,0.0,0.0,0.0,0.0,0.0,0.005504617982361468,-0.0012362486344924609]]}