{"din_name":"flux_level06316.json","din_kind":"RELATIVE","din_start":600.0000075252698,"din_end":660.0000052270782,"din_rules":["Interventions","r1","r1_rev","r2","r3","r4","r5","r6"],"din_hits":[0,48649,48640,827,566862,566052,622966,622951],"din_fluxs":[[0.0,0.0,0.0,0.0,0.0,0.0,0.0,0.0],[0.0,-0.0010923491286863726,0.08456085393556363,0.1451981739454925,0.0,-0.0020311374929254354,0.0,0.0],[0.0,0.0010935454005784504,-0.07626644918141129,-0.1435424647133875,0.0,0.002588549722773365,0.0,0.0],[0.0,0.0,0.0,-0.33081919368859286,0.004836910635898835,0.0,0.006201326547315772,0.0],[0.0,0.0,0.0,0.004083805278128014,-0.004815626998387149,0.0069283725885669984,-0.004817468422464845,0.0],[0.0,0.0,0.0,0.0,0.004838976135095678,-0.0069374627943061306,0.006103557091178436,0.0],[0.0,0.0,0.0,0.0,0.0,0.0,-0.003388275716157834,0.005550110313139605],[0.0,0.0,0.0,0.0,0.0,0.0,0.0022582357816462745,-0.00551932445054]]}