{"din_name":"flux_level13426.json","din_kind":"RELATIVE","din_start":600.0000022231992,"din_end":660.0000079790094,"din_rules":["Interventions","r1","r1_rev","r2","r3","r4","r5","r6"],"din_hits":[0,43476,43468,7763,2377397,2369643,586097,586110],"din_fluxs":[[0.0,0.0,0.0,0.0,0.0,0.0,0.0,0.0],[0.0,-0.0010914837758307782,0.09117858831546327,0.10049963214430105,0.0,-0.0020300875046856326,0.0,0.0],[0.0,0.0010926780789159286,-0.08162252576547538,-0.15063139425159405,0.0,0.0042061911218371755,0.0,0.0],[0.0,0.0,0.0,-0.39132745601909547,0.0029326448264259896,0.0,0.004438149122494528,0.0],[0.0,0.0,0.0,0.004149854276044061,-0.002924250931373137,0.012992537761753393,-0.0029250565460436783,0.0],[0.0,0.0,0.0,0.0,0.002932832595354782,-0.01290590328877301,0.00344595287240454,0.0],[0.0,0.0,0.0,0.0,0.0,0.0,-0.006605832298844525,0.0013066843885440843],[0.0,0.0,0.0,0.0,0.0,0.0,0.004624223068864943,-0.0013049785003840337]]}