{"din_name":"flux_level10792.json","din_kind":"RELATIVE","din_start":600.0000093013214,"din_end":660.0000266850234,"din_rules":["Interventions","r1","r1_rev","r2","r3","r4","r5","r6"],"din_hits":[0,304703,304650,8390,331206,322780,1658961,1658975],"din_fluxs":[[0.0,0.0,0.0,0.0,0.0,0.0,0.0,0.0],[0.0,-0.0011378289175450833,0.018749107388156938,0.03234289455398503,0.0,-0.00211843977555603,0.0,0.0],[0.0,0.0011391306465601428,-0.018095669572150676,-0.03490471691320485,0.0,0.0026360104502025044,0.0,0.0],[0.0,0.0,0.0,-0.2175806228761226,0.0026422353185081423,0.0,0.004593079607085781,0.0],[0.0,0.0,0.0,0.013846709836505022,-0.002634793313499471,0.017055948011553645,-0.0026312423105254246,0.0],[0.0,0.0,0.0,0.0,0.0026417481652609956,-0.017656986531013757,0.004437089389223893,0.0],[0.0,0.0,0.0,0.0,0.0,0.0,-0.0029192730242366075,0.0021112535423329954],[0.0,0.0,0.0,0.0,0.0,0.0,0.002569394898645105,-0.002106800266632273]]}