{"din_name":"flux_level05294.json","din_kind":"RELATIVE","din_start":600.0000260567482,"din_end":660.0000162859328,"din_rules":["Interventions","r1","r1_rev","r2","r3","r4","r5","r6"],"din_hits":[0,103262,103227,15967,832900,816925,192490,192472],"din_fluxs":[[0.0,0.0,0.0,0.0,0.0,0.0,0.0,0.0],[0.0,-0.0011154946749251456,0.029939012186211707,0.037528378015020764,0.0,-0.00207846242130092,0.0,0.0],[0.0,0.0011167468881784904,-0.028565982237941684,-0.05444352955413096,0.0,0.003609834512271132,0.0,0.0],[0.0,0.0,0.0,-0.2726459087220159,0.002544549824829383,0.0,0.0026132234702085045,0.0],[0.0,0.0,0.0,0.010406723232268942,-0.002537888523405253,0.01969663459653329,-0.002537987817036583,0.0],[0.0,0.0,0.0,0.0,0.002544343946224548,-0.01987109732214885,0.0025922767488221732,0.0],[0.0,0.0,0.0,0.0,0.0,0.0,-0.0013441808548671525,0.01955720989021645],[0.0,0.0,0.0,0.0,0.0,0.0,0.0011383891376562398,-0.019175100514359906]]}