{"din_name":"flux_level04754.json","din_kind":"RELATIVE","din_start":600.0000155802363,"din_end":660.0000113456539,"din_rules":["Interventions","r1","r1_rev","r2","r3","r4","r5","r6"],"din_hits":[0,5637,5616,68268,4477406,4409133,668178,668188],"din_fluxs":[[0.0,0.0,0.0,0.0,0.0,0.0,0.0,0.0],[0.0,-0.0011035724093113855,0.04531794670949584,0.04419502463784876,0.0,-0.002071974155769157,0.0,0.0],[0.0,0.0011048455482531754,-0.04216648572123117,-0.08173743431504453,0.0,0.004802452270717295,0.0,0.0],[0.0,0.0,0.0,-0.2815553073220321,0.0025992331523143307,0.0,0.0027821227629646612,0.0],[0.0,0.0,0.0,0.006260680808552431,-0.002592871046497459,0.018361301986609294,-0.002593028064530197,0.0],[0.0,0.0,0.0,0.0,0.0025996197029861954,-0.01830628547474985,0.0026443725225083004,0.0],[0.0,0.0,0.0,0.0,0.0,0.0,-0.0015004151408873065,0.007635633286344402],[0.0,0.0,0.0,0.0,0.0,0.0,0.0011937086317953965,-0.0075773638237384274]]}