{"din_name":"flux_level08286.json","din_kind":"RELATIVE","din_start":600.0000063558041,"din_end":660.0000036715442,"din_rules":["Interventions","r1","r1_rev","r2","r3","r4","r5","r6"],"din_hits":[0,143777,143737,57059,2463972,2406920,1630450,1630450],"din_fluxs":[[0.0,0.0,0.0,0.0,0.0,0.0,0.0,0.0],[0.0,-0.0011165873682019527,0.02907056839450647,0.0336059054864445,0.0,-0.002077819640597178,0.0,0.0],[0.0,0.001117840437038899,-0.02776794254188069,-0.05325704913531854,0.0,0.0038676969679493378,0.0,0.0],[0.0,0.0,0.0,-0.2514790657510605,0.002549857549230122,0.0,0.003216878489582479,0.0],[0.0,0.0,0.0,0.009331718974906545,-0.002543503335987796,0.019656634451082556,-0.0025445135987715918,0.0],[0.0,0.0,0.0,0.0,0.0025499943718923575,-0.019827688515954654,0.002882412478581156,0.0],[0.0,0.0,0.0,0.0,0.0,0.0,-0.00263571859679784,0.001990777322333162],[0.0,0.0,0.0,0.0,0.0,0.0,0.002136156539756031,-0.0019868181636343895]]}