{"din_name":"flux_level10237.json","din_kind":"RELATIVE","din_start":600.0000017656968,"din_end":660.0000121585971,"din_rules":["Interventions","r1","r1_rev","r2","r3","r4","r5","r6"],"din_hits":[0,45865,45826,74418,3028469,2954043,2358559,2358550],"din_fluxs":[[0.0,0.0,0.0,0.0,0.0,0.0,0.0,0.0],[0.0,-0.0011156611822675366,0.029782653500488872,0.032153049926598204,0.0,-0.0020454690835655267,0.0,0.0],[0.0,0.0011169218541455508,-0.02838779463492863,-0.054902886565056305,0.0,0.004092242858351908,0.0,0.0],[0.0,0.0,0.0,-0.23673221661767732,0.0025804997651154306,0.0,0.003462268267574959,0.0],[0.0,0.0,0.0,0.008122108329246086,-0.0025741399386605334,0.018901718330749596,-0.002576011018546067,0.0],[0.0,0.0,0.0,0.0,0.0025807926693062685,-0.019039072199258215,0.0029492670862106833,0.0],[0.0,0.0,0.0,0.0,0.0,0.0,-0.0024919485956412337,0.002151931882961036],[0.0,0.0,0.0,0.0,0.0,0.0,0.0020159710281220126,-0.002147305583875364]]}