{"din_name":"flux_level03177.json","din_kind":"RELATIVE","din_start":600.0000169244933,"din_end":660.0000032757572,"din_rules":["Interventions","r1","r1_rev","r2","r3","r4","r5","r6"],"din_hits":[0,83572,83555,19400,3212185,3192814,1584243,1584195],"din_fluxs":[[0.0,0.0,0.0,0.0,0.0,0.0,0.0,0.0],[0.0,-0.0010999072222188083,0.05256998292047655,0.06514058606481801,0.0,-0.002039728762943542,0.0,0.0],[0.0,0.0011011209772858275,-0.0490432072366377,-0.09436516839888648,0.0,0.003434550825237852,0.0,0.0],[0.0,0.0,0.0,-0.23631748195787228,0.0035851050256373047,0.0,0.00497835093516811,0.0],[0.0,0.0,0.0,0.003013264360456636,-0.003573198040702958,0.009358916170693258,-0.003573779520655979,0.0],[0.0,0.0,0.0,0.0,0.003586029110483955,-0.009363611172324142,0.004259106009316262,0.0],[0.0,0.0,0.0,0.0,0.0,0.0,-0.0035071914621252654,0.0022405121660939876],[0.0,0.0,0.0,0.0,0.0,0.0,0.0021626148836426415,-0.0022354979177230997]]}