{"din_name":"flux_level06156.json","din_kind":"RELATIVE","din_start":600.0000018182911,"din_end":660.0000191757686,"din_rules":["Interventions","r1","r1_rev","r2","r3","r4","r5","r6"],"din_hits":[0,31965,31952,7408,2337711,2330305,314167,314160],"din_fluxs":[[0.0,0.0,0.0,0.0,0.0,0.0,0.0,0.0],[0.0,-0.001090177978976244,0.1042151891288763,0.10499275249484538,0.0,-0.0020159833910585916,0.0,0.0],[0.0,0.0010913698547208063,-0.09079970797995132,-0.16685525076958704,0.0,0.0046791580081259046,0.0,0.0],[0.0,0.0,0.0,-0.43059966984810205,0.002782394124805602,0.0,0.002894039321713312,0.0],[0.0,0.0,0.0,0.004485600917622415,-0.0027751878221816493,0.014719356273342143,-0.0027754734469022644,0.0],[0.0,0.0,0.0,0.0,0.0027829160199695766,-0.014586218854843687,0.0028275513445884908,0.0],[0.0,0.0,0.0,0.0,0.0,0.0,-0.0014762551661374954,0.018283391440485703],[0.0,0.0,0.0,0.0,0.0,0.0,0.0011491994291455195,-0.01794934838081636]]}