{"din_name":"flux_level13460.json","din_kind":"RELATIVE","din_start":600.0000180747235,"din_end":660.0000023311495,"din_rules":["Interventions","r1","r1_rev","r2","r3","r4","r5","r6"],"din_hits":[0,49163,49153,10956,2393915,2382945,1841421,1841422],"din_fluxs":[[0.0,0.0,0.0,0.0,0.0,0.0,0.0,0.0],[0.0,-0.0010923952994133872,0.08441119176386416,0.08607186105735419,0.0,-0.0020263746637763456,0.0,0.0],[0.0,0.0010935917499417728,-0.07612502753599432,-0.14042753102048014,0.0,0.004663613011498656,0.0,0.0],[0.0,0.0,0.0,-0.4148314675832225,0.0026698978107675382,0.0,0.003525662491400694,0.0],[0.0,0.0,0.0,0.005734044320790708,-0.0026628778007972208,0.016572910296131234,-0.0026612359159121626,0.0],[0.0,0.0,0.0,0.0,0.002669990929594123,-0.016428387262980817,0.0030433531065889685,0.0],[0.0,0.0,0.0,0.0,0.0,0.0,-0.0023130210276992493,0.0024834079543550472],[0.0,0.0,0.0,0.0,0.0,0.0,0.0018321030872398647,-0.0024772468201237825]]}