{"din_name":"flux_level13470.json","din_kind":"RELATIVE","din_start":600.0000014295554,"din_end":660.0000014281173,"din_rules":["Interventions","r1","r1_rev","r2","r3","r4","r5","r6"],"din_hits":[0,25394,25382,3339,1173696,1170348,1411350,1411363],"din_fluxs":[[0.0,0.0,0.0,0.0,0.0,0.0,0.0,0.0],[0.0,-0.0010906548075461627,0.09905643070044878,0.11335317682364417,0.0,-0.002054496470264656,0.0,0.0],[0.0,0.0010918485296420779,-0.08678472063012825,-0.15798366382224938,0.0,0.0041787897861780415,0.0,0.0],[0.0,0.0,0.0,-0.4202159280120335,0.002886523116057788,0.0,0.004473652589496323,0.0],[0.0,0.0,0.0,0.00462906463994428,-0.0028770963087405227,0.013452333593272792,-0.0028802886847678934,0.0],[0.0,0.0,0.0,0.0,0.0028853990164125756,-0.013355583464459295,0.0037257222421194854,0.0],[0.0,0.0,0.0,0.0,0.0,0.0,-0.002913324453480613,0.002170861664124699],[0.0,0.0,0.0,0.0,0.0,0.0,0.0022286824322946845,-0.002166153969095965]]}