{"din_name":"flux_level07357.json","din_kind":"RELATIVE","din_start":600.0000012023049,"din_end":660.0000066163907,"din_rules":["Interventions","r1","r1_rev","r2","r3","r4","r5","r6"],"din_hits":[0,59336,59327,7375,2625618,2618256,1625699,1625704],"din_fluxs":[[0.0,0.0,0.0,0.0,0.0,0.0,0.0,0.0],[0.0,-0.0010895953776051755,0.11048091147703702,0.12099330244698535,0.0,-0.0020202796299401533,0.0,0.0],[0.0,0.0010907848981918775,-0.09562831707042292,-0.16968467884727417,0.0,0.004602848002004272,0.0,0.0],[0.0,0.0,0.0,-0.4890816778437815,0.0026522795881145766,0.0,0.0031670363897689287,0.0],[0.0,0.0,0.0,0.006507833275275288,-0.0026451433007255044,0.01683744680869432,-0.002644992456705394,0.0],[0.0,0.0,0.0,0.0,0.0026521611326934813,-0.016660287842803073,0.002892507632961627,0.0],[0.0,0.0,0.0,0.0,0.0,0.0,-0.001905085357581661,0.003459532174126598],[0.0,0.0,0.0,0.0,0.0,0.0,0.0015220953950142834,-0.003447575857561534]]}