{"din_name":"flux_level11172.json","din_kind":"RELATIVE","din_start":600.0000122584537,"din_end":660.0000056558991,"din_rules":["Interventions","r1","r1_rev","r2","r3","r4","r5","r6"],"din_hits":[0,129920,129844,9402,167778,158365,496978,496982],"din_fluxs":[[0.0,0.0,0.0,0.0,0.0,0.0,0.0,0.0],[0.0,-0.001166892820668603,0.012831646108858048,0.021564728802953386,0.0,-0.0021840279881156755,0.0,0.0],[0.0,0.001168284412445743,-0.012434977207826658,-0.024256048978668822,0.0,0.0027314104449962934,0.0,0.0],[0.0,0.0,0.0,-0.17229907605316025,0.002555019607707126,0.0,0.003888509864995826,0.0],[0.0,0.0,0.0,0.015445087314078435,-0.002548295137638779,0.019260810926474848,-0.002550072213287973,0.0],[0.0,0.0,0.0,0.0,0.0025547978679705363,-0.020416652228243556,0.003770982307221609,0.0],[0.0,0.0,0.0,0.0,0.0,0.0,-0.0028570320267686067,0.001973175873999634],[0.0,0.0,0.0,0.0,0.0,0.0,0.0024550575562447287,-0.001969285994940115]]}