{"din_name":"flux_level07663.json","din_kind":"RELATIVE","din_start":600.0000351099013,"din_end":660.0000067620817,"din_rules":["Interventions","r1","r1_rev","r2","r3","r4","r5","r6"],"din_hits":[0,91367,91352,13405,1455207,1441789,561837,561815],"din_fluxs":[[0.0,0.0,0.0,0.0,0.0,0.0,0.0,0.0],[0.0,-0.001101710045993135,0.04825076867682094,0.055619132783374776,0.0,-0.002027678434334011,0.0,0.0],[0.0,0.0011029277412691804,-0.04521591201363365,-0.0852743038324664,0.0,0.003935942232662783,0.0,0.0],[0.0,0.0,0.0,-0.33024731230989124,0.002638328610481686,0.0,0.0029210699777395843,0.0],[0.0,0.0,0.0,0.0077930204476691295,-0.0026311608108646987,0.01727595065915401,-0.0026316329986277903,0.0],[0.0,0.0,0.0,0.0,0.002638103272915767,-0.01725375306251503,0.0027889434833240617,0.0],[0.0,0.0,0.0,0.0,0.0,0.0,-0.001826351885811516,0.0037244715654454886],[0.0,0.0,0.0,0.0,0.0,0.0,0.0014411218578304385,-0.0037106105463446887]]}