{"din_name":"flux_level12394.json","din_kind":"RELATIVE","din_start":600.0000135167096,"din_end":660.0000129880041,"din_rules":["Interventions","r1","r1_rev","r2","r3","r4","r5","r6"],"din_hits":[0,69150,69134,12119,2997350,2985217,723737,723758],"din_fluxs":[[0.0,0.0,0.0,0.0,0.0,0.0,0.0,0.0],[0.0,-0.0010913917992559942,0.09310667397817021,0.09570371145683669,0.0,-0.0019985851018640127,0.0,0.0],[0.0,0.0010925853573674905,-0.08210408463874314,-0.14884534150298753,0.0,0.004762991505523946,0.0,0.0],[0.0,0.0,0.0,-0.45948066081341393,0.002590817186449764,0.0,0.003505522662291513,0.0],[0.0,0.0,0.0,0.006820039900562743,-0.0025842146043519917,0.018240495285150326,-0.00258524014674551,0.0],[0.0,0.0,0.0,0.0,0.0025909126378994116,-0.018045926474750694,0.0028785149312706665,0.0],[0.0,0.0,0.0,0.0,0.0,0.0,-0.005237952845862082,0.0013404530310111348],[0.0,0.0,0.0,0.0,0.0,0.0,0.004112732572110378,-0.0013386590229524777]]}