{"din_name":"flux_level03111.json","din_kind":"RELATIVE","din_start":600.0000067279041,"din_end":660.0000377393987,"din_rules":["Interventions","r1","r1_rev","r2","r3","r4","r5","r6"],"din_hits":[0,68138,68121,845,501970,501090,698994,699026],"din_fluxs":[[0.0,0.0,0.0,0.0,0.0,0.0,0.0,0.0],[0.0,-0.0010945008816085435,0.07202094588223602,0.12873362685000814,0.0,-0.002034569075004146,0.0,0.0],[0.0,0.001095701986002222,-0.06583326802245862,-0.12539671221756082,0.0,0.0024289211935184054,0.0,0.0],[0.0,0.0,0.0,-0.2861479534867839,0.0056042347973034945,0.0,0.00719364711273931,0.0],[0.0,0.0,0.0,0.004039128640593034,-0.005565929383293367,0.006319035934608495,-0.00556516251939424,0.0],[0.0,0.0,0.0,0.0,0.005597182662826873,-0.006342070772516983,0.007099640294675813,0.0],[0.0,0.0,0.0,0.0,0.0,0.0,-0.003745856627723494,0.0078071034567892455],[0.0,0.0,0.0,0.0,0.0,0.0,0.0026877665168100052,-0.007746171719938546]]}