{"din_name":"flux_level10163.json","din_kind":"RELATIVE","din_start":600.0000054238063,"din_end":660.0000316348411,"din_rules":["Interventions","r1","r1_rev","r2","r3","r4","r5","r6"],"din_hits":[0,57567,57551,23721,3597768,3574051,41768,41771],"din_fluxs":[[0.0,0.0,0.0,0.0,0.0,0.0,0.0,0.0],[0.0,-0.0010940728884532088,0.07423332115197451,0.07107922668274767,0.0,-0.00202761661965174,0.0,0.0],[0.0,0.0010952732884056237,-0.06770172315038173,-0.12525390295914812,0.0,0.004968673843294395,0.0,0.0],[0.0,0.0,0.0,-0.4009625783147853,0.0025684834363301173,0.0,0.00297852806097968,0.0],[0.0,0.0,0.0,0.00629836268566293,-0.002562483218406431,0.018905510850557295,-0.0025615513207426005,0.0],[0.0,0.0,0.0,0.0,0.0025690724156262066,-0.01872007846363995,0.0027358560949933726,0.0],[0.0,0.0,0.0,0.0,0.0,0.0,-0.031969880469607304,0.0010431544907899043],[0.0,0.0,0.0,0.0,0.0,0.0,0.025775826329468912,-0.001042067302057004]]}