{"din_name":"flux_level04844.json","din_kind":"RELATIVE","din_start":600.0000037060355,"din_end":660.000002612771,"din_rules":["Interventions","r1","r1_rev","r2","r3","r4","r5","r6"],"din_hits":[0,96095,96059,32875,1674303,1641426,1920809,1920805],"din_fluxs":[[0.0,0.0,0.0,0.0,0.0,0.0,0.0,0.0],[0.0,-0.0011134955139550922,0.03169613135671982,0.036760137653210644,0.0,-0.002073137789549185,0.0,0.0],[0.0,0.001114742993509983,-0.03018832980510628,-0.05780476649936148,0.0,0.0038326910099187846,0.0,0.0],[0.0,0.0,0.0,-0.24955349635860233,0.0026186694785179164,0.0,0.0036318670027904554,0.0],[0.0,0.0,0.0,0.00819514409677603,-0.00261206558848801,0.017866832453764178,-0.0026124333405876604,0.0],[0.0,0.0,0.0,0.0,0.0026189135711211253,-0.01799720696212274,0.0031854606239332056,0.0],[0.0,0.0,0.0,0.0,0.0,0.0,-0.0025942621393777805,0.0021318343674639898],[0.0,0.0,0.0,0.0,0.0,0.0,0.0021035549056845513,-0.0021272942042842606]]}