{"din_name":"flux_level08376.json","din_kind":"RELATIVE","din_start":600.0000000455029,"din_end":660.0000038451334,"din_rules":["Interventions","r1","r1_rev","r2","r3","r4","r5","r6"],"din_hits":[0,47942,47920,15709,2002923,1987201,1836372,1836375],"din_fluxs":[[0.0,0.0,0.0,0.0,0.0,0.0,0.0,0.0],[0.0,-0.0010982447050021005,0.05745478522636394,0.06021608813499538,0.0,-0.00205772466786049,0.0,0.0],[0.0,0.0010994561203988326,-0.0533096092954149,-0.10132940498794905,0.0,0.00431193338312589,0.0,0.0],[0.0,0.0,0.0,-0.3154231882645574,0.0027574043373597523,0.0,0.00359510611934155,0.0],[0.0,0.0,0.0,0.005202171946999063,-0.002750139761131283,0.015205026273448679,-0.0027503566484728273,0.0],[0.0,0.0,0.0,0.0,0.002757729949346262,-0.01514613409876409,0.003175044634429772,0.0],[0.0,0.0,0.0,0.0,0.0,0.0,-0.0021411504044775488,0.0030355883130895015],[0.0,0.0,0.0,0.0,0.0,0.0,0.0016902473254411196,-0.0030263825244863534]]}