{"din_name":"flux_level07555.json","din_kind":"RELATIVE","din_start":600.0000010647944,"din_end":660.00000284421,"din_rules":["Interventions","r1","r1_rev","r2","r3","r4","r5","r6"],"din_hits":[0,134949,134920,114,28320,28223,969826,969803],"din_fluxs":[[0.0,0.0,0.0,0.0,0.0,0.0,0.0,0.0],[0.0,-0.001105496321882457,0.04123190835811762,0.1020438817999848,0.0,-0.0020503342440356745,0.0,0.0],[0.0,0.0011067224409167286,-0.03891756632457465,-0.07115655933600455,0.0,0.0021364941362903753,0.0,0.0],[0.0,0.0,0.0,-0.4271873963926794,0.0027095360597376304,0.0,0.004908314636299184,0.0],[0.0,0.0,0.0,0.02019449481862736,-0.002706225488208187,0.015478031702683371,-0.002715257390992372,0.0],[0.0,0.0,0.0,0.0,0.0027135864801175157,-0.015627846120619793,0.004885814596280367,0.0],[0.0,0.0,0.0,0.0,0.0,0.0,-0.0025183308651745293,0.0028599410470743934],[0.0,0.0,0.0,0.0,0.0,0.0,0.002461733234124118,-0.002851767977928818]]}