{"din_name":"flux_level13240.json","din_kind":"RELATIVE","din_start":600.0000143852861,"din_end":660.0000204270051,"din_rules":["Interventions","r1","r1_rev","r2","r3","r4","r5","r6"],"din_hits":[0,117233,117209,12,2113,2108,1356948,1356970],"din_fluxs":[[0.0,0.0,0.0,0.0,0.0,0.0,0.0,0.0],[0.0,-0.0011081521214654987,0.03749844092645383,0.09086648813571288,0.0,-0.0020572867893088194,0.0,0.0],[0.0,0.0011093850886103815,-0.03551733517989784,-0.06690564237081091,0.0,0.00207704017017065,0.0,0.0],[0.0,0.0,0.0,-0.3274264297757471,0.0028604095386953374,0.0,0.006953228191848582,0.0],[0.0,0.0,0.0,0.017519911993434067,-0.002868987322656205,0.013299875050117791,-0.0028108397278470147,0.0],[0.0,0.0,0.0,0.0,0.0028771952775013543,-0.013503987228798867,0.006981461027999418,0.0],[0.0,0.0,0.0,0.0,0.0,0.0,-0.003480905003033212,0.002438499152835585],[0.0,0.0,0.0,0.0,0.0,0.0,0.003486639356586898,-0.0024325572129494876]]}