{"din_name":"flux_level06961.json","din_kind":"RELATIVE","din_start":600.0000147237253,"din_end":660.0000071607179,"din_rules":["Interventions","r1","r1_rev","r2","r3","r4","r5","r6"],"din_hits":[0,37653,37633,9385,2113316,2103934,607965,607998],"din_fluxs":[[0.0,0.0,0.0,0.0,0.0,0.0,0.0,0.0],[0.0,-0.001094092634495103,0.0744230526832908,0.08069847979264502,0.0,-0.002030666569570096,0.0,0.0],[0.0,0.0010952938859623718,-0.06781351014786095,-0.12811444924411788,0.0,0.004103080236114835,0.0,0.0],[0.0,0.0,0.0,-0.3305692124001414,0.0030339866314768437,0.0,0.003867406434710122,0.0],[0.0,0.0,0.0,0.0036995859736905596,-0.003025009917954269,0.012149686999847737,-0.0030261631367942523,0.0],[0.0,0.0,0.0,0.0,0.0030341949549854055,-0.012092633961327572,0.0033208620655850963,0.0],[0.0,0.0,0.0,0.0,0.0,0.0,-0.003084090958688178,0.002031783397208961],[0.0,0.0,0.0,0.0,0.0,0.0,0.0021111584261736143,-0.002027659561261053]]}