{"din_name":"flux_level11262.json","din_kind":"RELATIVE","din_start":600.0000181479514,"din_end":660.0000020188671,"din_rules":["Interventions","r1","r1_rev","r2","r3","r4","r5","r6"],"din_hits":[0,80068,80033,23912,1523465,1499537,167077,167043],"din_fluxs":[[0.0,0.0,0.0,0.0,0.0,0.0,0.0,0.0],[0.0,-0.001110829519639065,0.0342868157036081,0.04055094329082221,0.0,-0.002075590686567315,0.0,0.0],[0.0,0.001112071149008801,-0.03256901582415862,-0.06297910599610421,0.0,0.0037027552590481977,0.0,0.0],[0.0,0.0,0.0,-0.23020105991649065,0.0028082749189746407,0.0,0.002918589432629008,0.0],[0.0,0.0,0.0,0.006301545229468472,-0.002799799888322567,0.014591364722065627,-0.0028012405622177016,0.0],[0.0,0.0,0.0,0.0,0.0028076547261808057,-0.014691487166409676,0.0028614841931975912,0.0],[0.0,0.0,0.0,0.0,0.0,0.0,-0.0017647315510412479,0.004974110199413294],[0.0,0.0,0.0,0.0,0.0,0.0,0.0012920377005154226,-0.004949484339675862]]}