{"din_name":"flux_level05400.json","din_kind":"RELATIVE","din_start":600.0002776736389,"din_end":660.000066794644,"din_rules":["Interventions","r1","r1_rev","r2","r3","r4","r5","r6"],"din_hits":[0,9466,9457,20,24984,24960,15563,15565],"din_fluxs":[[0.0,0.0,0.0,0.0,0.0,0.0,0.0,0.0],[0.0,-0.0010892280458890326,0.11664351929989562,0.26176424777630436,0.0,-0.0020294075087629996,0.0,0.0],[0.0,0.0010904216708506201,-0.0991423803967913,-0.14269171104011716,0.0,0.0024655850462152375,0.0,0.0],[0.0,0.0,0.0,-0.6784240362811792,0.0025936314433483085,0.0,0.002622530811346472,0.0],[0.0,0.0,0.0,0.02200385691340899,-0.0025783980833728056,0.018042626683182128,-0.0025771518542715634,0.0],[0.0,0.0,0.0,0.0,0.0025850571587328953,-0.017890096443703853,0.002611264807189176,0.0],[0.0,0.0,0.0,0.0,0.0,0.0,-0.0013037462367038177,0.13430651770715832],[0.0,0.0,0.0,0.0,0.0,0.0,0.0012615725036439248,-0.11183104160282716]]}