{"din_name":"flux_level12633.json","din_kind":"RELATIVE","din_start":600.0000110284653,"din_end":660.0000466932028,"din_rules":["Interventions","r1","r1_rev","r2","r3","r4","r5","r6"],"din_hits":[0,5133,5116,926,178602,177682,1137216,1137233],"din_fluxs":[[0.0,0.0,0.0,0.0,0.0,0.0,0.0,0.0],[0.0,-0.0010954585507704081,0.06742669401085744,0.07334876964900028,0.0,-0.001962650529888064,0.0,0.0],[0.0,0.001096687648972877,-0.06160770070767998,-0.11580233070540154,0.0,0.004011760069574714,0.0,0.0],[0.0,0.0,0.0,-0.3344812768106747,0.0029247837924116804,0.0,0.005541818328015971,0.0],[0.0,0.0,0.0,0.004732054135897379,-0.0029206670642885277,0.013065775042809973,-0.0029242063020390426,0.0],[0.0,0.0,0.0,0.0,0.0029292520062787846,-0.013020813096043268,0.005050303600204889,0.0],[0.0,0.0,0.0,0.0,0.0,0.0,-0.002927433187508792,0.0025912173277338234],[0.0,0.0,0.0,0.0,0.0,0.0,0.0026044421774355205,-0.0025845105266948925]]}