{"din_name":"flux_level04952.json","din_kind":"RELATIVE","din_start":600.0000145972797,"din_end":660.0000006892265,"din_rules":["Interventions","r1","r1_rev","r2","r3","r4","r5","r6"],"din_hits":[0,137254,137215,3335,224470,221130,1146424,1146441],"din_fluxs":[[0.0,0.0,0.0,0.0,0.0,0.0,0.0,0.0],[0.0,-0.0011229261864406119,0.02491195410462335,0.042142213040679576,0.0,-0.0020793656453107295,0.0,0.0],[0.0,0.0011241955412635636,-0.02388975856602912,-0.04589755797131871,0.0,0.0026487591239429645,0.0,0.0],[0.0,0.0,0.0,-0.23455993535343844,0.002799254959059654,0.0,0.003841896057623433,0.0],[0.0,0.0,0.0,0.011306356438067895,-0.002790556592103065,0.014457230281597414,-0.0027914502327737105,0.0],[0.0,0.0,0.0,0.0,0.002798357139761113,-0.01479920269274197,0.0037916362987357797,0.0],[0.0,0.0,0.0,0.0,0.0,0.0,-0.0020669938272975174,0.0039071413031320345],[0.0,0.0,0.0,0.0,0.0,0.0,0.0018775180667252778,-0.0038918860869387615]]}