{"din_name":"flux_level03588.json","din_kind":"RELATIVE","din_start":600.0000085223653,"din_end":660.0000077775782,"din_rules":["Interventions","r1","r1_rev","r2","r3","r4","r5","r6"],"din_hits":[0,71151,71106,23272,1199390,1176119,998519,998520],"din_fluxs":[[0.0,0.0,0.0,0.0,0.0,0.0,0.0,0.0],[0.0,-0.0011237412390573177,0.024441631541478805,0.035001136566401934,0.0,-0.002103522593269744,0.0,0.0],[0.0,0.0011250194152153002,-0.023428603639583018,-0.04600462536509583,0.0,0.0029686762507108526,0.0,0.0],[0.0,0.0,0.0,-0.12480778443069457,0.004066214225198135,0.0,0.005203803060149539,0.0],[0.0,0.0,0.0,0.003598030799052961,-0.004050130423635617,0.008227867400034563,-0.0040481544483134116,0.0],[0.0,0.0,0.0,0.0,0.004066631755941227,-0.008372051659923859,0.0049034941911678485,0.0],[0.0,0.0,0.0,0.0,0.0,0.0,-0.002899246576216886,0.004412537494607723],[0.0,0.0,0.0,0.0,0.0,0.0,0.0018996859334845333,-0.004393087662807219]]}