{"din_name":"flux_level02716.json","din_kind":"RELATIVE","din_start":600.0000119592847,"din_end":660.0000053780485,"din_rules":["Interventions","r1","r1_rev","r2","r3","r4","r5","r6"],"din_hits":[0,31611,31603,4265,2173126,2168863,457978,457956],"din_fluxs":[[0.0,0.0,0.0,0.0,0.0,0.0,0.0,0.0],[0.0,-0.0010905297686115039,0.09860508099936729,0.12061776828696999,0.0,-0.0020109887951508323,0.0,0.0],[0.0,0.0010917223623458517,-0.08754931538504068,-0.1645610075886477,0.0,0.0036162859415013317,0.0,0.0],[0.0,0.0,0.0,-0.35812256604823106,0.0036151703303357774,0.0,0.004363078669872529,0.0],[0.0,0.0,0.0,0.0025439716190980674,-0.0036013218636813215,0.009186606511797778,-0.0036013424375000752,0.0],[0.0,0.0,0.0,0.0,0.0036143500606980903,-0.009143535249850314,0.0038843791381455352,0.0],[0.0,0.0,0.0,0.0,0.0,0.0,-0.0030274706380795805,0.0026025612397736746],[0.0,0.0,0.0,0.0,0.0,0.0,0.0017746756268138904,-0.002595796205834053]]}