{"din_name":"flux_level06410.json","din_kind":"RELATIVE","din_start":600.0000061777529,"din_end":660.000001735739,"din_rules":["Interventions","r1","r1_rev","r2","r3","r4","r5","r6"],"din_hits":[0,3411,3394,45448,3343369,3297917,934618,934625],"din_fluxs":[[0.0,0.0,0.0,0.0,0.0,0.0,0.0,0.0],[0.0,-0.0011013113464835007,0.050228573350076404,0.045418444507962556,0.0,-0.0020746883269315763,0.0,0.0],[0.0,0.0011025967840563174,-0.04613005619851089,-0.08984983692038802,0.0,0.004994053574302401,0.0,0.0],[0.0,0.0,0.0,-0.305051431667574,0.002565940800784068,0.0,0.0029142329618777755,0.0],[0.0,0.0,0.0,0.006312155470217019,-0.002559758363173937,0.01918510759652278,-0.0025604656802916508,0.0],[0.0,0.0,0.0,0.0,0.002566334967425574,-0.019079785125557847,0.0026552204629772735,0.0],[0.0,0.0,0.0,0.0,0.0,0.0,-0.0016556833473327533,0.004560164442603914],[0.0,0.0,0.0,0.0,0.0,0.0,0.0013342901169692526,-0.004539392996729333]]}