{"din_name":"flux_level04350.json","din_kind":"RELATIVE","din_start":600.000008654023,"din_end":660.0000080678703,"din_rules":["Interventions","r1","r1_rev","r2","r3","r4","r5","r6"],"din_hits":[0,63617,63608,21053,3924289,3903245,708152,708149],"din_fluxs":[[0.0,0.0,0.0,0.0,0.0,0.0,0.0,0.0],[0.0,-0.0010930035645749035,0.08040371145817715,0.07750647087802311,0.0,-0.0020074048467600782,0.0,0.0],[0.0,0.0010942009563269807,-0.07283579477379602,-0.13452987470820696,0.0,0.004845657786049685,0.0,0.0],[0.0,0.0,0.0,-0.404105121505674,0.002631334954040274,0.0,0.002800173485873105,0.0],[0.0,0.0,0.0,0.005640858139423729,-0.002625121685702217,0.017374499764797303,-0.002625815949241021,0.0],[0.0,0.0,0.0,0.0,0.0026320374094920746,-0.01721213987815776,0.002692448375409577,0.0],[0.0,0.0,0.0,0.0,0.0,0.0,-0.0015497232679715274,0.006796199955668683],[0.0,0.0,0.0,0.0,0.0,0.0,0.0012219161891615495,-0.006750065848405099]]}