{"din_name":"flux_level05332.json","din_kind":"RELATIVE","din_start":600.0000044458418,"din_end":660.0000102862451,"din_rules":["Interventions","r1","r1_rev","r2","r3","r4","r5","r6"],"din_hits":[0,105166,105140,16716,1800317,1783610,1610693,1610702],"din_fluxs":[[0.0,0.0,0.0,0.0,0.0,0.0,0.0,0.0],[0.0,-0.0011041668965639916,0.044166483304854176,0.052662061376002677,0.0,-0.0020323253834303723,0.0,0.0],[0.0,0.0011053905240262596,-0.040951862306673296,-0.07815695211807107,0.0,0.003562000846201475,0.0,0.0],[0.0,0.0,0.0,-0.25544793445356656,0.002963722612515429,0.0,0.003870163305277719,0.0],[0.0,0.0,0.0,0.005438141921863247,-0.002954341817750104,0.01280355213667645,-0.0029530549858405968,0.0],[0.0,0.0,0.0,0.0,0.0029630948712925168,-0.012846145140848792,0.003529773439206407,0.0],[0.0,0.0,0.0,0.0,0.0,0.0,-0.002487246432720056,0.002720502775374666],[0.0,0.0,0.0,0.0,0.0,0.0,0.0018594917539352259,-0.0027131085730197507]]}