{"din_name":"flux_level02423.json","din_kind":"RELATIVE","din_start":600.0000015891952,"din_end":660.0000052209318,"din_rules":["Interventions","r1","r1_rev","r2","r3","r4","r5","r6"],"din_hits":[0,40818,40809,4731,2170228,2165489,777261,777291],"din_fluxs":[[0.0,0.0,0.0,0.0,0.0,0.0,0.0,0.0],[0.0,-0.0010891803145895737,0.1199722273978848,0.13142897795931938,0.0,-0.0020059066126128498,0.0,0.0],[0.0,0.0010903692900776593,-0.10011547789305053,-0.1810331683020169,0.0,0.004262964853464605,0.0,0.0],[0.0,0.0,0.0,-0.45123880511687897,0.0028995835806809615,0.0,0.004575578941165023,0.0],[0.0,0.0,0.0,0.004688347041085806,-0.0028883767159953275,0.013306354309247374,-0.0028876985707729096,0.0],[0.0,0.0,0.0,0.0,0.002896741747663584,-0.013200943835143414,0.0035212133998758135,0.0],[0.0,0.0,0.0,0.0,0.0,0.0,-0.005831936741249833,0.0013609622011012488],[0.0,0.0,0.0,0.0,0.0,0.0,0.004153253894489444,-0.001359111453201954]]}