{"din_name":"flux_level00111.json","din_kind":"RELATIVE","din_start":600.0000185471621,"din_end":660.000003988393,"din_rules":["Interventions","r1","r1_rev","r2","r3","r4","r5","r6"],"din_hits":[0,24196,24181,10178,3002677,2992502,1264584,1264602],"din_fluxs":[[0.0,0.0,0.0,0.0,0.0,0.0,0.0,0.0],[0.0,-0.0010938465464212961,0.07512894504182295,0.08973270114409214,0.0,-0.0020427083093976124,0.0,0.0],[0.0,0.0010950491858977048,-0.06843802996938683,-0.1310538256322572,0.0,0.0036097643772440417,0.0,0.0],[0.0,0.0,0.0,-0.2829274044042804,0.0037893313151904076,0.0,0.005422488403021058,0.0],[0.0,0.0,0.0,0.001916514379951822,-0.003775217045112073,0.008730811139012893,-0.0037740288247453857,0.0],[0.0,0.0,0.0,0.0,0.00378954078411419,-0.008696756384425876,0.00437881887889885,0.0],[0.0,0.0,0.0,0.0,0.0,0.0,-0.003361308805491593,0.002531701871195223],[0.0,0.0,0.0,0.0,0.0,0.0,0.001978562523920668,-0.002525299395908623]]}