{"din_name":"flux_level04249.json","din_kind":"RELATIVE","din_start":600.0000133225254,"din_end":660.0000012284032,"din_rules":["Interventions","r1","r1_rev","r2","r3","r4","r5","r6"],"din_hits":[0,198882,198849,97542,3428349,3330809,461885,461900],"din_fluxs":[[0.0,0.0,0.0,0.0,0.0,0.0,0.0,0.0],[0.0,-0.001123441954371123,0.024650664111898604,0.029834781979295615,0.0,-0.002086605777843091,0.0,0.0],[0.0,0.0011247102027850016,-0.023650984922807324,-0.045953512214641466,0.0,0.0036541644736860003,0.0,0.0],[0.0,0.0,0.0,-0.2126150496715052,0.002622696003386612,0.0,0.002727573242639479,0.0],[0.0,0.0,0.0,0.008866832576448087,-0.0026162488864737597,0.01784688716008193,-0.002616124030192488,0.0],[0.0,0.0,0.0,0.0,0.0026231262495262325,-0.018127966362123413,0.002672818732894842,0.0],[0.0,0.0,0.0,0.0,0.0,0.0,-0.0016718312394681121,0.004697207848564736],[0.0,0.0,0.0,0.0,0.0,0.0,0.0013008157633371536,-0.004675160434419064]]}