{"din_name":"flux_level01577.json","din_kind":"RELATIVE","din_start":600.0000037021467,"din_end":660.0000013831909,"din_rules":["Interventions","r1","r1_rev","r2","r3","r4","r5","r6"],"din_hits":[0,24187,24168,41295,3496400,3455110,1439987,1439991],"din_fluxs":[[0.0,0.0,0.0,0.0,0.0,0.0,0.0,0.0],[0.0,-0.0011018297750562125,0.04816162035496572,0.046855946907639064,0.0,-0.002010243243620349,0.0,0.0],[0.0,0.0011030559382743021,-0.04505921362426426,-0.08522210496893996,0.0,0.0043873003403139925,0.0,0.0],[0.0,0.0,0.0,-0.2669727414337409,0.0027704710014025582,0.0,0.00351522841125931,0.0],[0.0,0.0,0.0,0.0047447349585271045,-0.0027635913867048484,0.01511340768293302,-0.002763655363999545,0.0],[0.0,0.0,0.0,0.0,0.002771262551496569,-0.015079191057556148,0.002992631140446354,0.0],[0.0,0.0,0.0,0.0,0.0,0.0,-0.0022174723836008896,0.002771907734546935],[0.0,0.0,0.0,0.0,0.0,0.0,0.0016765371302296316,-0.0027642320502947616]]}