{"din_name":"flux_level05322.json","din_kind":"RELATIVE","din_start":600.0000250825519,"din_end":660.0000023227451,"din_rules":["Interventions","r1","r1_rev","r2","r3","r4","r5","r6"],"din_hits":[0,53582,53552,11343,1606652,1595291,1084642,1084659],"din_fluxs":[[0.0,0.0,0.0,0.0,0.0,0.0,0.0,0.0],[0.0,-0.0011038575886882706,0.044051465855014536,0.059131470454150466,0.0,-0.002034828461023277,0.0,0.0],[0.0,0.001105083069334686,-0.04143811105092116,-0.08038925248954265,0.0,0.003111518361561467,0.0,0.0],[0.0,0.0,0.0,-0.19383109872461432,0.004135987698922884,0.0,0.005913927224295239,0.0],[0.0,0.0,0.0,0.0027283447388056726,-0.004120622985672795,0.0080086714132383,-0.004118149835749442,0.0],[0.0,0.0,0.0,0.0,0.004137711190528075,-0.008036495158820826,0.005183656308359001,0.0],[0.0,0.0,0.0,0.0,0.0,0.0,-0.003694212248147433,0.002722091484951564],[0.0,0.0,0.0,0.0,0.0,0.0,0.0021611160500276476,-0.0027146891540696765]]}