{"din_name":"flux_level09128.json","din_kind":"RELATIVE","din_start":600.0000097929138,"din_end":660.0000115004447,"din_rules":["Interventions","r1","r1_rev","r2","r3","r4","r5","r6"],"din_hits":[0,51181,51166,6470,1052347,1045882,2118898,2118923],"din_fluxs":[[0.0,0.0,0.0,0.0,0.0,0.0,0.0,0.0],[0.0,-0.0010969596782871747,0.06171495195936463,0.07181770724588572,0.0,-0.0020226377246382364,0.0,0.0],[0.0,0.0010981675292128766,-0.05701255430386797,-0.10535602517811918,0.0,0.004032765697986864,0.0,0.0],[0.0,0.0,0.0,-0.37361257078836874,0.0026622904622125194,0.0,0.004068435995448081,0.0],[0.0,0.0,0.0,0.007083665266196325,-0.0026558113619466503,0.016721537313588126,-0.0026567147479762284,0.0],[0.0,0.0,0.0,0.0,0.0026628896852893885,-0.016640989160836332,0.003546720341756557,0.0],[0.0,0.0,0.0,0.0,0.0,0.0,-0.0025443035278972736,0.0023063536993329185],[0.0,0.0,0.0,0.0,0.0,0.0,0.0021130303992392624,-0.002301039169069408]]}