{"din_name":"flux_level07290.json","din_kind":"RELATIVE","din_start":600.0000222337181,"din_end":660.0000208885536,"din_rules":["Interventions","r1","r1_rev","r2","r3","r4","r5","r6"],"din_hits":[0,123295,123263,7754,689379,681614,309978,309999],"din_fluxs":[[0.0,0.0,0.0,0.0,0.0,0.0,0.0,0.0],[0.0,-0.0011098134310405666,0.03540827762293172,0.05019862113925658,0.0,-0.0020578954035506206,0.0,0.0],[0.0,0.001111050392328146,-0.03361099918010893,-0.06407691666176736,0.0,0.003182242346206595,0.0,0.0],[0.0,0.0,0.0,-0.2784320180282958,0.0027508225002828277,0.0,0.004641473296612342,0.0],[0.0,0.0,0.0,0.009085136983774778,-0.0027431937800318352,0.015215311178620504,-0.0027487762707112135,0.0],[0.0,0.0,0.0,0.0,0.002750741633772796,-0.015350867202091823,0.004095280568375773,0.0],[0.0,0.0,0.0,0.0,0.0,0.0,-0.011297575948333218,0.001160388002852286],[0.0,0.0,0.0,0.0,0.0,0.0,0.008504372325615355,-0.0011590425577458234]]}