{"din_name":"flux_level11442.json","din_kind":"RELATIVE","din_start":600.0000046308339,"din_end":660.0000044667448,"din_rules":["Interventions","r1","r1_rev","r2","r3","r4","r5","r6"],"din_hits":[0,87087,87070,12418,2546319,2533880,1070544,1070530],"din_fluxs":[[0.0,0.0,0.0,0.0,0.0,0.0,0.0,0.0],[0.0,-0.0010943547540404512,0.07398020265409772,0.08173523261542395,0.0,-0.0020095595063032035,0.0,0.0],[0.0,0.0010955551083444797,-0.06655281771005615,-0.12268361704915345,0.0,0.004186862532871583,0.0,0.0],[0.0,0.0,0.0,-0.3890891844105718,0.0027140278382826884,0.0,0.003170769048429962,0.0],[0.0,0.0,0.0,0.0061569671898649226,-0.0027070135998534654,0.015779607799431737,-0.0027091473542185753,0.0],[0.0,0.0,0.0,0.0,0.002714366183754037,-0.01568130818985064,0.0029350210928945713,0.0],[0.0,0.0,0.0,0.0,0.0,0.0,-0.002194723502843486,0.0027114768797834327],[0.0,0.0,0.0,0.0,0.0,0.0,0.0016833104163823265,-0.0027041321995665353]]}