{"din_name":"flux_level05364.json","din_kind":"RELATIVE","din_start":600.0000093948835,"din_end":660.0000116132354,"din_rules":["Interventions","r1","r1_rev","r2","r3","r4","r5","r6"],"din_hits":[0,55882,55867,7674,1411180,1403520,1061541,1061558],"din_fluxs":[[0.0,0.0,0.0,0.0,0.0,0.0,0.0,0.0],[0.0,-0.001094466484386103,0.07191967542209741,0.0809913163404845,0.0,-0.0020446261141917237,0.0,0.0],[0.0,0.0010956679192371695,-0.06574488025094359,-0.12085295376486391,0.0,0.004423684214063147,0.0,0.0],[0.0,0.0,0.0,-0.42503705578644446,0.00257407172620846,0.0,0.004405173469056003,0.0],[0.0,0.0,0.0,0.007812822117811653,-0.0025672710027483075,0.018694656443942612,-0.0025645765104922915,0.0],[0.0,0.0,0.0,0.0,0.002573879968366559,-0.018540314684993415,0.0033720199859701063,0.0],[0.0,0.0,0.0,0.0,0.0,0.0,-0.005180442585599443,0.00136258272437771],[0.0,0.0,0.0,0.0,0.0,0.0,0.0041505681444951245,-0.0013607273982497957]]}