{"din_name":"flux_level04217.json","din_kind":"RELATIVE","din_start":600.0000052083763,"din_end":660.0000039233998,"din_rules":["Interventions","r1","r1_rev","r2","r3","r4","r5","r6"],"din_hits":[0,27988,27980,14611,4367058,4352442,1842559,1842532],"din_fluxs":[[0.0,0.0,0.0,0.0,0.0,0.0,0.0,0.0],[0.0,-0.0010893167876860855,0.11181924459344293,0.10469623123812667,0.0,-0.002047271783950349,0.0,0.0],[0.0,0.00109050664749362,-0.09785614404785091,-0.17946373567373433,0.0,0.005147260420058,0.0,0.0],[0.0,0.0,0.0,-0.43916370054061304,0.0027446531053424575,0.0,0.0039463548812662536,0.0],[0.0,0.0,0.0,0.003917752852752857,-0.002738324033628636,0.015273765177336559,-0.002739057102516945,0.0],[0.0,0.0,0.0,0.0,0.0027458503224655085,-0.015112410558945579,0.0030483305430020493,0.0],[0.0,0.0,0.0,0.0,0.0,0.0,-0.0028571288542939975,0.001981637694133103],[0.0,0.0,0.0,0.0,0.0,0.0,0.0021538474541249273,-0.0019777145304178765]]}