{"din_name":"flux_level06560.json","din_kind":"RELATIVE","din_start":600.0000039017701,"din_end":660.0000046708371,"din_rules":["Interventions","r1","r1_rev","r2","r3","r4","r5","r6"],"din_hits":[0,122619,122590,65166,3287367,3222198,584262,584262],"din_fluxs":[[0.0,0.0,0.0,0.0,0.0,0.0,0.0,0.0],[0.0,-0.0011149601145224964,0.030343914713538717,0.03540924474540235,0.0,-0.0020675134612673646,0.0,0.0],[0.0,0.0011162097999646015,-0.028948248420704866,-0.05622399740968147,0.0,0.0037121064143230916,0.0,0.0],[0.0,0.0,0.0,-0.20407553371501144,0.0028376388454875523,0.0,0.0031067675538789296,0.0],[0.0,0.0,0.0,0.0060777252232377,-0.0028300061543680066,0.01427140262445373,-0.002829001404562416,0.0],[0.0,0.0,0.0,0.0,0.002838049859444034,-0.014411541603313555,0.002947550162585673,0.0],[0.0,0.0,0.0,0.0,0.0,0.0,-0.0022407519420873257,0.0027796732447555096],[0.0,0.0,0.0,0.0,0.0,0.0,0.0016204173182109561,-0.0027719546318722785]]}