{"din_name":"flux_level09138.json","din_kind":"RELATIVE","din_start":600.0000069023594,"din_end":660.0000013592561,"din_rules":["Interventions","r1","r1_rev","r2","r3","r4","r5","r6"],"din_hits":[0,268285,268238,95222,3127186,3031981,830882,830886],"din_fluxs":[[0.0,0.0,0.0,0.0,0.0,0.0,0.0,0.0],[0.0,-0.0011341231598627306,0.019954033324626422,0.02800968896396537,0.0,-0.0021101795435042106,0.0,0.0],[0.0,0.0011354164044741644,-0.01923517261487356,-0.03787753790381127,0.0,0.003071211715108517,0.0,0.0],[0.0,0.0,0.0,-0.12954964764806665,0.003307636738855202,0.0,0.003560269264188801,0.0],[0.0,0.0,0.0,0.00556866972385805,-0.0032971592319645687,0.010623121703056094,-0.003297942255923562,0.0],[0.0,0.0,0.0,0.0,0.0033080888320337156,-0.010920828159879086,0.0034772378074021623,0.0],[0.0,0.0,0.0,0.0,0.0,0.0,-0.0019749960115888554,0.006804585266140402],[0.0,0.0,0.0,0.0,0.0,0.0,0.0013408614694897737,-0.006758328228104708]]}