{"din_name":"flux_level05155.json","din_kind":"RELATIVE","din_start":600.0000494189316,"din_end":660.0000024372619,"din_rules":["Interventions","r1","r1_rev","r2","r3","r4","r5","r6"],"din_hits":[0,251822,251763,27081,965824,938740,358934,358915],"din_fluxs":[[0.0,0.0,0.0,0.0,0.0,0.0,0.0,0.0],[0.0,-0.001132489353367341,0.020541570921128155,0.030164041658284527,0.0,-0.002114016553858334,0.0,0.0],[0.0,0.0011337788320476968,-0.01979097984932294,-0.03847347881547416,0.0,0.0030157535257733783,0.0,0.0],[0.0,0.0,0.0,-0.18385116792996734,0.0027836923314649123,0.0,0.003242218964750971,0.0],[0.0,0.0,0.0,0.009476772091532824,-0.0027751131490588036,0.01486827231196862,-0.002774848502000447,0.0],[0.0,0.0,0.0,0.0,0.0027828147299480328,-0.015299314552779662,0.0031371883595517867,0.0],[0.0,0.0,0.0,0.0,0.0,0.0,-0.003589908347121932,0.0016701900402781107],[0.0,0.0,0.0,0.0,0.0,0.0,0.002658737634122932,-0.0016674000165348647]]}