{"din_name":"flux_level02638.json","din_kind":"RELATIVE","din_start":600.0000157464943,"din_end":660.0000067658833,"din_rules":["Interventions","r1","r1_rev","r2","r3","r4","r5","r6"],"din_hits":[0,9088,9060,3513,458339,454816,1585762,1585810],"din_fluxs":[[0.0,0.0,0.0,0.0,0.0,0.0,0.0,0.0],[0.0,-0.0011016906550122183,0.04842593409693959,0.05857974742446527,0.0,-0.0020858014559034495,0.0,0.0],[0.0,0.0011029331915855347,-0.04514786568840655,-0.0871831538545529,0.0,0.003602156547859881,0.0,0.0],[0.0,0.0,0.0,-0.22369418299033217,0.0034521957919894744,0.0,0.006478091228593361,0.0],[0.0,0.0,0.0,0.0030335611918691024,-0.003438756053667579,0.009888342772402694,-0.003440392359107761,0.0],[0.0,0.0,0.0,0.0,0.003450621270934478,-0.009895932237462534,0.00578536514185992,0.0],[0.0,0.0,0.0,0.0,0.0,0.0,-0.0034790025467991022,0.00274947743068455],[0.0,0.0,0.0,0.0,0.0,0.0,0.0028186623834687485,-0.0027419238046363457]]}