{"din_name":"flux_level10802.json","din_kind":"RELATIVE","din_start":600.0000111981092,"din_end":660.0000005384014,"din_rules":["Interventions","r1","r1_rev","r2","r3","r4","r5","r6"],"din_hits":[0,52357,52335,15500,2139971,2124470,428105,428107],"din_fluxs":[[0.0,0.0,0.0,0.0,0.0,0.0,0.0,0.0],[0.0,-0.0011002423107037427,0.0517375853258615,0.0606989800976355,0.0,-0.0020636333006076985,0.0,0.0],[0.0,0.001101458636812408,-0.0482916089768107,-0.09286736426042681,0.0,0.0037120649441737294,0.0,0.0],[0.0,0.0,0.0,-0.24978431195368533,0.00322678394544467,0.0,0.006039536696667599,0.0],[0.0,0.0,0.0,0.0035858135732908096,-0.0032166218653711517,0.010926829799992063,-0.0032214108990354646,0.0],[0.0,0.0,0.0,0.0,0.0032270113065109374,-0.01092624047979213,0.004252763133946777,0.0],[0.0,0.0,0.0,0.0,0.0,0.0,-0.013318641589121783,0.001158204471615881],[0.0,0.0,0.0,0.0,0.0,0.0,0.008537837284571713,-0.0011568644162703824]]}