{"din_name":"flux_level09974.json","din_kind":"RELATIVE","din_start":600.0000040367396,"din_end":660.0000176175314,"din_rules":["Interventions","r1","r1_rev","r2","r3","r4","r5","r6"],"din_hits":[0,166313,166220,20973,352548,331569,378139,378153],"din_fluxs":[[0.0,0.0,0.0,0.0,0.0,0.0,0.0,0.0],[0.0,-0.0011877166555418542,0.010556359856767821,0.020156349331319455,0.0,-0.0022179048645393964,0.0,0.0],[0.0,0.0011891624539591085,-0.010252379079398502,-0.020408053898384283,0.0,0.0023077921134958134,0.0,0.0],[0.0,0.0,0.0,-0.043155400697902475,0.020169933952732214,0.0,0.02874393008013296,0.0],[0.0,0.0,0.0,0.003039995488388654,-0.019753076138206545,0.004631358711892017,-0.019740769190247164,0.0],[0.0,0.0,0.0,0.0,0.020157201100926503,-0.0049422973273558915,0.02848376969184612,0.0],[0.0,0.0,0.0,0.0,0.0,0.0,-0.014452312610695194,0.015267407437812547],[0.0,0.0,0.0,0.0,0.0,0.0,0.007069940184686614,-0.015033851188057864]]}