{"din_name":"flux_level00651.json","din_kind":"RELATIVE","din_start":600.0000055787132,"din_end":660.0000116569245,"din_rules":["Interventions","r1","r1_rev","r2","r3","r4","r5","r6"],"din_hits":[0,17987,17971,13608,2148514,2134899,578006,578026],"din_fluxs":[[0.0,0.0,0.0,0.0,0.0,0.0,0.0,0.0],[0.0,-0.0010928463609789201,0.08134946555887741,0.07252505941467001,0.0,-0.0020086351032843203,0.0,0.0],[0.0,0.0010940475544623269,-0.07356058422658703,-0.13750597790564956,0.0,0.005400866982147933,0.0,0.0],[0.0,0.0,0.0,-0.411564583825856,0.0025505383187760374,0.0,0.0036762686667534757,0.0],[0.0,0.0,0.0,0.005798497043737369,-0.0025445995395767837,0.019409100020270683,-0.002545344009005888,0.0],[0.0,0.0,0.0,0.0,0.0025510965635107343,-0.019184778605974624,0.0027857025532148963,0.0],[0.0,0.0,0.0,0.0,0.0,0.0,-0.004159328861979053,0.001456727624880242],[0.0,0.0,0.0,0.0,0.0,0.0,0.0033154139152083003,-0.0014546080816400747]]}