{"din_name":"flux_level10871.json","din_kind":"RELATIVE","din_start":600.000025375409,"din_end":660.0000039932891,"din_rules":["Interventions","r1","r1_rev","r2","r3","r4","r5","r6"],"din_hits":[0,138557,138432,142061,1190991,1048918,815117,815097],"din_fluxs":[[0.0,0.0,0.0,0.0,0.0,0.0,0.0,0.0],[0.0,-0.0012240705651859792,0.008170555252188048,0.014435686321593403,0.0,-0.0022721100213538396,0.0,0.0],[0.0,0.0012256406746219029,-0.007938282636411078,-0.01568707549836271,0.0,0.0026420109763950986,0.0,0.0],[0.0,0.0,0.0,-0.11333513194037093,0.0026224896675010527,0.0,0.003731704432439015,0.0],[0.0,0.0,0.0,0.015386345930545256,-0.0026156620155899177,0.01757796290687927,-0.002616937335133101,0.0],[0.0,0.0,0.0,0.0,0.002622529517561339,-0.019615795618335822,0.0035392503481050594,0.0],[0.0,0.0,0.0,0.0,0.0,0.0,-0.006173772058878063,0.0012995285319420877],[0.0,0.0,0.0,0.0,0.0,0.0,0.004862292271985227,-0.0012978415815123269]]}