{"din_name":"flux_level08551.json","din_kind":"RELATIVE","din_start":600.0000066255315,"din_end":660.0000104734797,"din_rules":["Interventions","r1","r1_rev","r2","r3","r4","r5","r6"],"din_hits":[0,118289,118238,38477,1640725,1602256,1698542,1698548],"din_fluxs":[[0.0,0.0,0.0,0.0,0.0,0.0,0.0,0.0],[0.0,-0.0011228381293905943,0.024956502544779754,0.0319052437995252,0.0,-0.0020724898140944427,0.0,0.0],[0.0,0.0011241080617339259,-0.023929154566161234,-0.04665325812853853,0.0,0.0033551784612638777,0.0,0.0],[0.0,0.0,0.0,-0.17279463477024018,0.0029662245505363617,0.0,0.003835379904070685,0.0],[0.0,0.0,0.0,0.00624258418790018,-0.002957548103795693,0.01290882846631656,-0.0029568252135652204,0.0],[0.0,0.0,0.0,0.0,0.0029663281297895834,-0.013138249267179058,0.003545754886818893,0.0],[0.0,0.0,0.0,0.0,0.0,0.0,-0.0023458121758793697,0.0030529430122230926],[0.0,0.0,0.0,0.0,0.0,0.0,0.001787776902816903,-0.003043632177541325]]}