{"din_name":"flux_level10305.json","din_kind":"RELATIVE","din_start":600.0000024647616,"din_end":660.0000413824051,"din_rules":["Interventions","r1","r1_rev","r2","r3","r4","r5","r6"],"din_hits":[0,71697,71646,11428,409716,398246,660145,660136],"din_fluxs":[[0.0,0.0,0.0,0.0,0.0,0.0,0.0,0.0],[0.0,-0.0011271852456397578,0.022784419847884346,0.030423975198988373,0.0,-0.002083591831188659,0.0,0.0],[0.0,0.0011284730936728115,-0.02187140654103137,-0.042061364061435146,0.0,0.0033370042959513626,0.0,0.0],[0.0,0.0,0.0,-0.23101751713567592,0.00255976897966554,0.0,0.0028893381635879466,0.0],[0.0,0.0,0.0,0.011300577935727361,-0.0025529723271437745,0.019298163388640894,-0.002552489497275953,0.0],[0.0,0.0,0.0,0.0,0.0025594994461638873,-0.01968114044017908,0.0028265427232840624,0.0],[0.0,0.0,0.0,0.0,0.0,0.0,-0.0015205104023681066,0.00713526904177961],[0.0,0.0,0.0,0.0,0.0,0.0,0.0013563365319747896,-0.00708440436874675]]}