{"din_name":"flux_level10981.json","din_kind":"RELATIVE","din_start":600.0000052100187,"din_end":660.0000146624873,"din_rules":["Interventions","r1","r1_rev","r2","r3","r4","r5","r6"],"din_hits":[0,210173,210099,148939,3127410,2978449,731456,731470],"din_fluxs":[[0.0,0.0,0.0,0.0,0.0,0.0,0.0,0.0],[0.0,-0.0011553283946371428,0.014628709778329621,0.022181224593738315,0.0,-0.0021421791217203527,0.0,0.0],[0.0,0.0011566781244061518,-0.01416788759458577,-0.02800245736841343,0.0,0.00284840631788573,0.0,0.0],[0.0,0.0,0.0,-0.089859728663866,0.003776408772355178,0.0,0.004086781124709882,0.0],[0.0,0.0,0.0,0.005162330605972652,-0.0037620083004573667,0.008948342188112992,-0.0037613516625356357,0.0],[0.0,0.0,0.0,0.0,0.003776222098183797,-0.009356992899288643,0.003979639027311034,0.0],[0.0,0.0,0.0,0.0,0.0,0.0,-0.0022647158579847293,0.006815201867974353],[0.0,0.0,0.0,0.0,0.0,0.0,0.0013835239505253605,-0.006768810900786035]]}