{"din_name":"flux_level01721.json","din_kind":"RELATIVE","din_start":600.0000127539779,"din_end":660.0000006775348,"din_rules":["Interventions","r1","r1_rev","r2","r3","r4","r5","r6"],"din_hits":[0,399602,399511,96979,1650674,1553677,1087095,1087107],"din_fluxs":[[0.0,0.0,0.0,0.0,0.0,0.0,0.0,0.0],[0.0,-0.0011702415009453263,0.012372355963403558,0.020157597845139496,0.0,-0.0021792532257438276,0.0,0.0],[0.0,0.001171622507309435,-0.012014881037293996,-0.02368037726196952,0.0,0.0026940387131794727,0.0,0.0],[0.0,0.0,0.0,-0.090118626079082,0.003470587328714656,0.0,0.00424576856325711,0.0],[0.0,0.0,0.0,0.00689309667840859,-0.0034587707178601974,0.00986247901176217,-0.003459007969147917,0.0],[0.0,0.0,0.0,0.0,0.0034707996540309658,-0.010497592632127942,0.004112272348060909,0.0],[0.0,0.0,0.0,0.0,0.0,0.0,-0.002851386015685122,0.0029025418749916696],[0.0,0.0,0.0,0.0,0.0,0.0,0.0018818782825726647,-0.0028941260569718737]]}