{"din_name":"flux_level05052.json","din_kind":"RELATIVE","din_start":600.0000120664179,"din_end":660.0000003767769,"din_rules":["Interventions","r1","r1_rev","r2","r3","r4","r5","r6"],"din_hits":[0,30705,30671,74199,3581084,3506875,961149,961197],"din_fluxs":[[0.0,0.0,0.0,0.0,0.0,0.0,0.0,0.0],[0.0,-0.0011172703210886963,0.02857013814272925,0.0340587901380792,0.0,-0.0020614151064405647,0.0,0.0],[0.0,0.0011185437132120468,-0.02722754552521171,-0.053168336566643846,0.0,0.003547302569314903,0.0,0.0],[0.0,0.0,0.0,-0.15935195728429633,0.0032276886876085533,0.0,0.004604761966701103,0.0],[0.0,0.0,0.0,0.00414556615723915,-0.0032177448074744166,0.011080320031618286,-0.0032164176664341735,0.0],[0.0,0.0,0.0,0.0,0.003228149473611217,-0.011200662609246211,0.003606508552154987,0.0],[0.0,0.0,0.0,0.0,0.0,0.0,-0.004064915081563695,0.0017150516118451535],[0.0,0.0,0.0,0.0,0.0,0.0,0.002622197361487622,-0.0017121125529819471]]}