{"din_name":"flux_level12101.json","din_kind":"RELATIVE","din_start":600.0000219898114,"din_end":660.0000016463908,"din_rules":["Interventions","r1","r1_rev","r2","r3","r4","r5","r6"],"din_hits":[0,109641,109593,11805,757982,746163,72546,72550],"din_fluxs":[[0.0,0.0,0.0,0.0,0.0,0.0,0.0,0.0],[0.0,-0.0011254232456493142,0.02360156593603963,0.039384889541761316,0.0,-0.002096247506204776,0.0,0.0],[0.0,0.0011267009649148008,-0.022656911868380807,-0.04466881519283459,0.0,0.0025272754693075774,0.0,0.0],[0.0,0.0,0.0,-0.10488445829961267,0.0064111691745703464,0.0,0.006600443818586151,0.0],[0.0,0.0,0.0,0.002964421599748525,-0.006364827391786539,0.0060230927537442275,-0.006366615717404938,0.0],[0.0,0.0,0.0,0.0,0.006405656733172945,-0.006143014969787643,0.006566629336587174,0.0],[0.0,0.0,0.0,0.0,0.0,0.0,-0.003328631664559733,0.03788248871841025],[0.0,0.0,0.0,0.0,0.0,0.0,0.0016874405103918125,-0.03644486273862307]]}