{"din_name":"flux_level08509.json","din_kind":"RELATIVE","din_start":600.0000028809584,"din_end":660.0000030080852,"din_rules":["Interventions","r1","r1_rev","r2","r3","r4","r5","r6"],"din_hits":[0,80941,80929,11143,2167984,2156822,697441,697431],"din_fluxs":[[0.0,0.0,0.0,0.0,0.0,0.0,0.0,0.0],[0.0,-0.001094135606603348,0.07407025512827371,0.08275249553521392,0.0,-0.0020312764470190184,0.0,0.0],[0.0,0.0010953354887108264,-0.06755524304849021,-0.12469202242313751,0.0,0.004430023883029633,0.0,0.0],[0.0,0.0,0.0,-0.4239974385672397,0.002593996359672361,0.0,0.003286659052143526,0.0],[0.0,0.0,0.0,0.007599886903996628,-0.0025871066452320987,0.018189714775044042,-0.00259024493327427,0.0],[0.0,0.0,0.0,0.0,0.002593818632861877,-0.018041251120782725,0.002888507950021084,0.0],[0.0,0.0,0.0,0.0,0.0,0.0,-0.0040881570205086575,0.0014829965153046931],[0.0,0.0,0.0,0.0,0.0,0.0,0.0032164049005282886,-0.0014807994014621195]]}