{"din_name":"flux_level06276.json","din_kind":"RELATIVE","din_start":600.0000001792722,"din_end":660.0000093805201,"din_rules":["Interventions","r1","r1_rev","r2","r3","r4","r5","r6"],"din_hits":[0,86621,86565,128948,4585254,4456303,434545,434536],"din_fluxs":[[0.0,0.0,0.0,0.0,0.0,0.0,0.0,0.0],[0.0,-0.001119644641126283,0.026916512729913567,0.03026775774268424,0.0,-0.0020830579869631667,0.0,0.0],[0.0,0.001120907425400614,-0.02575261642989968,-0.049784672485563806,0.0,0.003962835973549422,0.0,0.0],[0.0,0.0,0.0,-0.2284727853968366,0.002564628586099765,0.0,0.002636752905248826,0.0],[0.0,0.0,0.0,0.008842192978507081,-0.002558369575078221,0.019336326892406202,-0.002558397663639965,0.0],[0.0,0.0,0.0,0.0,0.0025649424917246278,-0.019541817966739504,0.002590491682951958,0.0],[0.0,0.0,0.0,0.0,0.0,0.0,-0.001406188375679873,0.011479403801917502],[0.0,0.0,0.0,0.0,0.0,0.0,0.0011288636177798558,-0.011347731908491816]]}