{"din_name":"flux_level09168.json","din_kind":"RELATIVE","din_start":600.0000015502862,"din_end":660.0000675086409,"din_rules":["Interventions","r1","r1_rev","r2","r3","r4","r5","r6"],"din_hits":[0,15057,15027,5689,498367,492682,761161,761149],"din_fluxs":[[0.0,0.0,0.0,0.0,0.0,0.0,0.0,0.0],[0.0,-0.0011018011873523813,0.04806634817731357,0.049116430644661396,0.0,-0.0020255216086472417,0.0,0.0],[0.0,0.001103032379415767,-0.04493632815632477,-0.08490163772562347,0.0,0.004351220274211483,0.0,0.0],[0.0,0.0,0.0,-0.3115213357963956,0.002608264064100343,0.0,0.005400116046336462,0.0],[0.0,0.0,0.0,0.006828596882320942,-0.00260123919247332,0.018038864705580897,-0.0026043105498443045,0.0],[0.0,0.0,0.0,0.0,0.002608022863239995,-0.017987958939487167,0.003919752467108125,0.0],[0.0,0.0,0.0,0.0,0.0,0.0,-0.00449083284693817,0.0014829025230815153],[0.0,0.0,0.0,0.0,0.0,0.0,0.0036501681213615446,-0.001480705450248258]]}