{"din_name":"flux_level12187.json","din_kind":"RELATIVE","din_start":600.0000011455435,"din_end":660.0000022783098,"din_rules":["Interventions","r1","r1_rev","r2","r3","r4","r5","r6"],"din_hits":[0,28832,28820,32786,3769333,3736531,1043296,1043330],"din_fluxs":[[0.0,0.0,0.0,0.0,0.0,0.0,0.0,0.0],[0.0,-0.0010959325703375404,0.06561819553988786,0.057350709518758924,0.0,-0.0020115022506027504,0.0,0.0],[0.0,0.0010971397166679654,-0.06036173749055466,-0.11301786565456413,0.0,0.0051403976878963194,0.0,0.0],[0.0,0.0,0.0,-0.36655291489102726,0.002555399144564755,0.0,0.0036301606027075175,0.0],[0.0,0.0,0.0,0.005964077116965199,-0.0025490012625825897,0.0193611111147352,-0.002548255588290349,0.0],[0.0,0.0,0.0,0.0,0.0025555183071326554,-0.019178761238133862,0.0027739532505569467,0.0],[0.0,0.0,0.0,0.0,0.0,0.0,-0.0038208408550866016,0.0015186729640474519],[0.0,0.0,0.0,0.0,0.0,0.0,0.0030415808180118084,-0.0015163683741041098]]}