{"din_name":"flux_level12556.json","din_kind":"RELATIVE","din_start":600.0000004404185,"din_end":660.0000158247534,"din_rules":["Interventions","r1","r1_rev","r2","r3","r4","r5","r6"],"din_hits":[0,19852,19841,2681,1434216,1431509,286532,286538],"din_fluxs":[[0.0,0.0,0.0,0.0,0.0,0.0,0.0,0.0],[0.0,-0.0010897816252196202,0.10638817377933049,0.1315497449243022,0.0,-0.002024652241217702,0.0,0.0],[0.0,0.0010909737359207179,-0.09368438519671755,-0.17389524439922915,0.0,0.0036584989819253527,0.0,0.0],[0.0,0.0,0.0,-0.38075137259158265,0.0035158856265019357,0.0,0.004368757704393991,0.0],[0.0,0.0,0.0,0.002656804957087619,-0.0035070567057627644,0.009500448418025432,-0.0035097889221277017,0.0],[0.0,0.0,0.0,0.0,0.003519418519074877,-0.009450559630699129,0.0038405455294480643,0.0],[0.0,0.0,0.0,0.0,0.0,0.0,-0.003782857601825811,0.0019327680146526574],[0.0,0.0,0.0,0.0,0.0,0.0,0.0022379420901977366,-0.0019290364052849337]]}