{"din_name":"flux_level08978.json","din_kind":"RELATIVE","din_start":600.0000239176046,"din_end":660.0000310401524,"din_rules":["Interventions","r1","r1_rev","r2","r3","r4","r5","r6"],"din_hits":[0,66842,66825,2484,797120,794637,148144,148140],"din_fluxs":[[0.0,0.0,0.0,0.0,0.0,0.0,0.0,0.0],[0.0,-0.0010928268085292465,0.08149643980153355,0.12115917532378764,0.0,-0.0020315115861175978,0.0,0.0],[0.0,0.0010940238523093838,-0.0737292405773276,-0.12955343602073713,0.0,0.0037229178510367503,0.0,0.0],[0.0,0.0,0.0,-0.5143236277527493,0.0025607961620968257,0.0,0.003878005412063934,0.0],[0.0,0.0,0.0,0.011959792839982612,-0.002552568031367312,0.01893299067556467,-0.002550426827599081,0.0],[0.0,0.0,0.0,0.0,0.002559097098757434,-0.018773617533256425,0.003269602815726395,0.0],[0.0,0.0,0.0,0.0,0.0,0.0,-0.016752422407685937,0.001088737090234685],[0.0,0.0,0.0,0.0,0.0,0.0,0.013424252896135073,-0.0010875528647382518]]}