{"din_name":"flux_level09609.json","din_kind":"RELATIVE","din_start":600.0000011677574,"din_end":660.0000044135156,"din_rules":["Interventions","r1","r1_rev","r2","r3","r4","r5","r6"],"din_hits":[0,14456,14443,16199,3423138,3406938,2270115,2270089],"din_fluxs":[[0.0,0.0,0.0,0.0,0.0,0.0,0.0,0.0],[0.0,-0.00109285648472156,0.08133639854830063,0.07644628679532434,0.0,-0.001983415805557724,0.0,0.0],[0.0,0.001094059157240845,-0.07354051950808824,-0.1406063790292535,0.0,0.0046382779599631685,0.0,0.0],[0.0,0.0,0.0,-0.33257598106026065,0.0029773862985818145,0.0,0.004306363335545654,0.0],[0.0,0.0,0.0,0.002897021324165605,-0.0029684366230850984,0.012658666354619595,-0.002968674125807996,0.0],[0.0,0.0,0.0,0.0,0.0029772791071019183,-0.012569727798824587,0.0034341879066371534,0.0],[0.0,0.0,0.0,0.0,0.0,0.0,-0.002526652021311849,0.0026272999399667555],[0.0,0.0,0.0,0.0,0.0,0.0,0.0018440420752029317,-0.0026204048300034347]]}