{"din_name":"flux_level12779.json","din_kind":"RELATIVE","din_start":600.0000022946274,"din_end":660.0000060553499,"din_rules":["Interventions","r1","r1_rev","r2","r3","r4","r5","r6"],"din_hits":[0,88807,88788,10063,1134293,1124215,975248,975262],"din_fluxs":[[0.0,0.0,0.0,0.0,0.0,0.0,0.0,0.0],[0.0,-0.0011048494191430993,0.042286794686935004,0.054874456922300564,0.0,-0.0020547887104281097,0.0,0.0],[0.0,0.0011060750677075733,-0.039860848141728064,-0.07668298272864718,0.0,0.0033960471868162974,0.0,0.0],[0.0,0.0,0.0,-0.25392167106073504,0.00302187796775166,0.0,0.0038166851362425934,0.0],[0.0,0.0,0.0,0.005741640196621272,-0.0030117495604751222,0.012281802145989573,-0.0030096398852997716,0.0],[0.0,0.0,0.0,0.0,0.0030208459892698707,-0.012342899159036084,0.003546872534075342,0.0],[0.0,0.0,0.0,0.0,0.0,0.0,-0.0023664145187068763,0.0030786288158501074],[0.0,0.0,0.0,0.0,0.0,0.0,0.0017590356328946511,-0.0030691597513961702]]}