{"din_name":"flux_level06847.json","din_kind":"RELATIVE","din_start":600.0000157379768,"din_end":660.0000032268275,"din_rules":["Interventions","r1","r1_rev","r2","r3","r4","r5","r6"],"din_hits":[0,80493,80472,31767,4455314,4423549,1385463,1385477],"din_fluxs":[[0.0,0.0,0.0,0.0,0.0,0.0,0.0,0.0],[0.0,-0.0010955373355394638,0.06739083997102077,0.06553297318042571,0.0,-0.0020183106329812886,0.0,0.0],[0.0,0.0010967405311468731,-0.061898016811140155,-0.11544835533618972,0.0,0.004725012431875657,0.0,0.0],[0.0,0.0,0.0,-0.3688602457049182,0.002620906308954719,0.0,0.0034028374702662323,0.0],[0.0,0.0,0.0,0.005875324830430324,-0.0026142458441807165,0.01766350665713384,-0.0026149740469412373,0.0],[0.0,0.0,0.0,0.0,0.0026211018281232616,-0.017526060618944385,0.002849554709678151,0.0],[0.0,0.0,0.0,0.0,0.0,0.0,-0.0032463262653775445,0.0017020248137366223],[0.0,0.0,0.0,0.0,0.0,0.0,0.002529415381044118,-0.0016991309428033084]]}