{"din_name":"flux_level10716.json","din_kind":"RELATIVE","din_start":600.0000463172667,"din_end":660.0000126381732,"din_rules":["Interventions","r1","r1_rev","r2","r3","r4","r5","r6"],"din_hits":[0,46389,46380,7085,2384219,2377119,1259122,1259124],"din_fluxs":[[0.0,0.0,0.0,0.0,0.0,0.0,0.0,0.0],[0.0,-0.0010900042231283397,0.10731611864563291,0.11339192084404041,0.0,-0.0020036933031044864,0.0,0.0],[0.0,0.0010911949941936182,-0.09199585361416084,-0.1665744716051549,0.0,0.004530750748043753,0.0,0.0],[0.0,0.0,0.0,-0.46072457811734807,0.002729828535780644,0.0,0.003183483348195041,0.0],[0.0,0.0,0.0,0.00554349078609413,-0.0027231629714376173,0.015463935412594339,-0.002722458091544816,0.0],[0.0,0.0,0.0,0.0,0.002730604286430448,-0.015320334127061207,0.0029431061265736778,0.0],[0.0,0.0,0.0,0.0,0.0,0.0,-0.0018401821804261444,0.004107736641316049],[0.0,0.0,0.0,0.0,0.0,0.0,0.0014415541514971348,-0.004090880747679789]]}