{"din_name":"flux_level10455.json","din_kind":"RELATIVE","din_start":600.0000238763739,"din_end":660.0000122212709,"din_rules":["Interventions","r1","r1_rev","r2","r3","r4","r5","r6"],"din_hits":[0,194345,194279,157759,2558522,2400771,498566,498559],"din_fluxs":[[0.0,0.0,0.0,0.0,0.0,0.0,0.0,0.0],[0.0,-0.0011596274103670408,0.013903643796803538,0.019992597101294036,0.0,-0.0021525717597544775,0.0,0.0],[0.0,0.0011609896168451356,-0.013472917648406142,-0.02635897535173426,0.0,0.0031146214283584027,0.0,0.0],[0.0,0.0,0.0,-0.15300919277582667,0.002620915141970724,0.0,0.0033423600975292936,0.0],[0.0,0.0,0.0,0.01168101525047344,-0.0026143267405321483,0.017911511073691856,-0.0026162557176379114,0.0],[0.0,0.0,0.0,0.0,0.002621199149332734,-0.018805951476318403,0.0030272164159758784,0.0],[0.0,0.0,0.0,0.0,0.0,0.0,-0.008940289145769343,0.0011800170831877536],[0.0,0.0,0.0,0.0,0.0,0.0,0.0069560174458012745,-0.0011786262491689334]]}