{"din_name":"flux_level08379.json","din_kind":"RELATIVE","din_start":600.000007123088,"din_end":660.0000127091106,"din_rules":["Interventions","r1","r1_rev","r2","r3","r4","r5","r6"],"din_hits":[0,47963,47951,12881,1873053,1860180,491233,491207],"din_fluxs":[[0.0,0.0,0.0,0.0,0.0,0.0,0.0,0.0],[0.0,-0.0010983274187175932,0.057233758185680245,0.06301509741752524,0.0,-0.0020323296803450696,0.0,0.0],[0.0,0.0010995385398453025,-0.05311099590408876,-0.10117516602381908,0.0,0.003985799595598263,0.0,0.0],[0.0,0.0,0.0,-0.29160065875010155,0.0029517082703539844,0.0,0.004811668329730244,0.0],[0.0,0.0,0.0,0.004372916485985529,-0.00294364381194159,0.012897000024849122,-0.002940505080368726,0.0],[0.0,0.0,0.0,0.0,0.002952343135392839,-0.0128685786803208,0.003615633956572352,0.0],[0.0,0.0,0.0,0.0,0.0,0.0,-0.007999341266348554,0.001247771188706853],[0.0,0.0,0.0,0.0,0.0,0.0,0.005570800418159258,-0.001246216857306794]]}