{"din_name":"flux_level02047.json","din_kind":"RELATIVE","din_start":600.0000137733849,"din_end":660.0000049227299,"din_rules":["Interventions","r1","r1_rev","r2","r3","r4","r5","r6"],"din_hits":[0,60039,60027,13637,3492968,3479313,278552,278615],"din_fluxs":[[0.0,0.0,0.0,0.0,0.0,0.0,0.0,0.0],[0.0,-0.0010903213975762217,0.1027312874934406,0.10134419003084866,0.0,-0.002020415626368434,0.0,0.0],[0.0,0.0010915126602276642,-0.08967464471125591,-0.15918902957189449,0.0,0.005044538968133013,0.0,0.0],[0.0,0.0,0.0,-0.47649932539414297,0.0025664841599713703,0.0,0.0027000719030845334,0.0],[0.0,0.0,0.0,0.00661078811859206,-0.002559725308187214,0.018871518017273936,-0.0025593690919722685,0.0],[0.0,0.0,0.0,0.0,0.002566295754711288,-0.01864230697972498,0.0025961419848566395,0.0],[0.0,0.0,0.0,0.0,0.0,0.0,-0.0017289566700502076,0.0038942878542994218],[0.0,0.0,0.0,0.0,0.0,0.0,0.0013631467008787999,-0.0038791253698240873]]}