{"din_name":"flux_level13634.json","din_kind":"RELATIVE","din_start":600.0000021818183,"din_end":660.0000093086368,"din_rules":["Interventions","r1","r1_rev","r2","r3","r4","r5","r6"],"din_hits":[0,6188,6165,34651,4087320,4052675,175725,175726],"din_fluxs":[[0.0,0.0,0.0,0.0,0.0,0.0,0.0,0.0],[0.0,-0.0010978057952882971,0.059304238764908035,0.05558651510347521,0.0,-0.002014754551087096,0.0,0.0],[0.0,0.001099040655709646,-0.05463209585659369,-0.10447200673198802,0.0,0.0045300731069972235,0.0,0.0],[0.0,0.0,0.0,-0.27658054370728546,0.002900566430811411,0.0,0.0050630021421107785,0.0],[0.0,0.0,0.0,0.0034499557378112776,-0.002892552201766484,0.013481496019753854,-0.0028910977686003093,0.0],[0.0,0.0,0.0,0.0,0.002900950949430965,-0.01341761818268756,0.003067812802164129,0.0],[0.0,0.0,0.0,0.0,0.0,0.0,-0.011623165938722193,0.001147324148662536],[0.0,0.0,0.0,0.0,0.0,0.0,0.008163037307719228,-0.0011460091039512375]]}