{"din_name":"flux_level02768.json","din_kind":"RELATIVE","din_start":600.0000171525024,"din_end":660.0000837730654,"din_rules":["Interventions","r1","r1_rev","r2","r3","r4","r5","r6"],"din_hits":[0,46949,46937,143,110662,110523,1052397,1052383],"din_fluxs":[[0.0,0.0,0.0,0.0,0.0,0.0,0.0,0.0],[0.0,-0.0010926548238532514,0.08232371119519333,0.19504826937167177,0.0,-0.0020179319363231945,0.0,0.0],[0.0,0.001093852110206506,-0.07442755030895035,-0.12882028310972168,0.0,0.0023793568678692053,0.0,0.0],[0.0,0.0,0.0,-0.5322950918200257,0.002924159049077488,0.0,0.008150876738525324,0.0],[0.0,0.0,0.0,0.016324639832258583,-0.002904076396424748,0.012979372853411166,-0.00290884898843321,0.0],[0.0,0.0,0.0,0.0,0.002912522229280117,-0.012973962113634406,0.007963462736015883,0.0],[0.0,0.0,0.0,0.0,0.0,0.0,-0.004877936202673355,0.0018483359709358942],[0.0,0.0,0.0,0.0,0.0,0.0,0.004373867586091237,-0.0018449234069838009]]}