{"din_name":"flux_level12427.json","din_kind":"RELATIVE","din_start":600.0000001026216,"din_end":660.0000145001902,"din_rules":["Interventions","r1","r1_rev","r2","r3","r4","r5","r6"],"din_hits":[0,596436,596296,189960,1456339,1266353,927020,927031],"din_fluxs":[[0.0,0.0,0.0,0.0,0.0,0.0,0.0,0.0],[0.0,-0.0012471432214349713,0.00715132764178505,0.013696447870987184,0.0,-0.0023319355651663996,0.0,0.0],[0.0,0.0012487221765120305,-0.006978026362605554,-0.01388956544819572,0.0,0.0024240631037512417,0.0,0.0],[0.0,0.0,0.0,-0.04121485194773001,0.00566526273871069,0.0,0.0070288207432437355,0.0],[0.0,0.0,0.0,0.005790494374911482,-0.005632721913323762,0.006320038959032046,-0.005633130636386559,0.0],[0.0,0.0,0.0,0.0,0.005664638239481189,-0.007255441455297763,0.006991566722478852,0.0],[0.0,0.0,0.0,0.0,0.0,0.0,-0.0042117581125645665,0.00434901465842737],[0.0,0.0,0.0,0.0,0.0,0.0,0.0021576512955190437,-0.004330118980860232]]}