{"din_name":"flux_level03634.json","din_kind":"RELATIVE","din_start":600.0000190318888,"din_end":660.0000247284617,"din_rules":["Interventions","r1","r1_rev","r2","r3","r4","r5","r6"],"din_hits":[0,64416,64399,15237,1925959,1910716,143934,143933],"din_fluxs":[[0.0,0.0,0.0,0.0,0.0,0.0,0.0,0.0],[0.0,-0.0011003746539609155,0.05129686871077511,0.058393386050072535,0.0,-0.0020426173144301846,0.0,0.0],[0.0,0.0011015903375013736,-0.04791609577468497,-0.0918992781990383,0.0,0.0038639855446400413,0.0,0.0],[0.0,0.0,0.0,-0.27686838531038876,0.002949555154927323,0.0,0.003002559872454012,0.0],[0.0,0.0,0.0,0.004748705810236398,-0.002941589873872188,0.012924577415244656,-0.002941682144395579,0.0],[0.0,0.0,0.0,0.0,0.0029502789038763524,-0.012919586990086345,0.0029790795472911555,0.0],[0.0,0.0,0.0,0.0,0.0,0.0,-0.001522096836173046,0.0338354582227136],[0.0,0.0,0.0,0.0,0.0,0.0,0.0011403102059709702,-0.03269097118414399]]}