{"din_name":"flux_level01378.json","din_kind":"RELATIVE","din_start":600.0000187940085,"din_end":660.000036869384,"din_rules":["Interventions","r1","r1_rev","r2","r3","r4","r5","r6"],"din_hits":[0,5337,5324,1987,1526425,1524452,476629,476636],"din_fluxs":[[0.0,0.0,0.0,0.0,0.0,0.0,0.0,0.0],[0.0,-0.0010891756966420155,0.1150326616911686,0.1542907430810774,0.0,-0.0020239341797597867,0.0,0.0],[0.0,0.0010903733311499627,-0.09998184340187395,-0.1877079793015876,0.0,0.0032421655230665497,0.0,0.0],[0.0,0.0,0.0,-0.34986072258744244,0.004773337574535087,0.0,0.006899185039578786,0.0],[0.0,0.0,0.0,0.0010699769050199058,-0.004749837072956239,0.00703640868992939,-0.0047512199950365775,0.0],[0.0,0.0,0.0,0.0,0.004772547897349958,-0.007000431831499709,0.00542744736348599,0.0],[0.0,0.0,0.0,0.0,0.0,0.0,-0.003957653744560404,0.0028553692588091043],[0.0,0.0,0.0,0.0,0.0,0.0,0.0019043844280100081,-0.0028472256724263395]]}