{"din_name":"flux_level03343.json","din_kind":"RELATIVE","din_start":600.0000063111202,"din_end":660.000001527571,"din_rules":["Interventions","r1","r1_rev","r2","r3","r4","r5","r6"],"din_hits":[0,27087,27077,6534,2302167,2295604,1496972,1496982],"din_fluxs":[[0.0,0.0,0.0,0.0,0.0,0.0,0.0,0.0],[0.0,-0.0010903126335279256,0.10102858376435914,0.10673128944174469,0.0,-0.002001981535653633,0.0,0.0],[0.0,0.00109150522777082,-0.08946949541768655,-0.1671337072224789,0.0,0.00432608562963395,0.0,0.0],[0.0,0.0,0.0,-0.39669925613153406,0.0030172311584814745,0.0,0.004117352913716857,0.0],[0.0,0.0,0.0,0.0034655885030389025,-0.0030080574173592728,0.012241997177736023,-0.0030078190783163804,0.0],[0.0,0.0,0.0,0.0,0.0030171382035795937,-0.012154395384156025,0.0034933026372523748,0.0],[0.0,0.0,0.0,0.0,0.0,0.0,-0.002586993451331909,0.002590250547988538],[0.0,0.0,0.0,0.0,0.0,0.0,0.0018646257205698273,-0.0025835481536765504]]}