{"din_name":"flux_level01122.json","din_kind":"RELATIVE","din_start":600.0000295486245,"din_end":660.0000203015258,"din_rules":["Interventions","r1","r1_rev","r2","r3","r4","r5","r6"],"din_hits":[0,59088,58881,129831,614901,485068,1098344,1098328],"din_fluxs":[[0.0,0.0,0.0,0.0,0.0,0.0,0.0,0.0],[0.0,-0.0013326132059951314,0.005153400755312329,0.011302604720998744,0.0,-0.0025104970553107018,0.0,0.0],[0.0,0.0013348613035815938,-0.0049639636780298415,-0.009839699161238839,0.0,0.0022934207979249605,0.0,0.0],[0.0,0.0,0.0,-0.05846586145288713,0.003110573173691284,0.0,0.003992028076643253,0.0],[0.0,0.0,0.0,0.012982352236733257,-0.003100664998044969,0.011039600903923938,-0.0031007120210500092,0.0],[0.0,0.0,0.0,0.0,0.003110246839696463,-0.013775558008191208,0.004047302233029837,0.0],[0.0,0.0,0.0,0.0,0.0,0.0,-0.0024473945110715313,0.0033490129300260663],[0.0,0.0,0.0,0.0,0.0,0.0,0.0019378731798264748,-0.0033378120304400783]]}