{"din_name":"flux_level02340.json","din_kind":"RELATIVE","din_start":600.0000169010275,"din_end":660.0000029945364,"din_rules":["Interventions","r1","r1_rev","r2","r3","r4","r5","r6"],"din_hits":[0,229267,229211,12545,520017,507474,1078905,1078929],"din_fluxs":[[0.0,0.0,0.0,0.0,0.0,0.0,0.0,0.0],[0.0,-0.0011312123124510036,0.02104874202265093,0.03268035976337706,0.0,-0.0020835249741645084,0.0,0.0],[0.0,0.0011324992143554142,-0.020269070412666068,-0.03919907408996726,0.0,0.0028641162743487302,0.0,0.0],[0.0,0.0,0.0,-0.21493146692327697,0.0026784077678443856,0.0,0.004873940812322171,0.0],[0.0,0.0,0.0,0.011734897300733455,-0.002670953524002357,0.016443185618001087,-0.0026711332344435657,0.0],[0.0,0.0,0.0,0.0,0.0026781016933415244,-0.016906913891250427,0.004600167884069426,0.0],[0.0,0.0,0.0,0.0,0.0,0.0,-0.004729371285799732,0.0015022660811596668],[0.0,0.0,0.0,0.0,0.0,0.0,0.0038285292419572695,-0.0015000111561507424]]}