{"din_name":"flux_level08389.json","din_kind":"RELATIVE","din_start":600.0000027607837,"din_end":660.0000158009726,"din_rules":["Interventions","r1","r1_rev","r2","r3","r4","r5","r6"],"din_hits":[0,742938,742582,1702054,4453470,2751402,560315,560326],"din_fluxs":[[0.0,0.0,0.0,0.0,0.0,0.0,0.0,0.0],[0.0,-0.0016165891975476996,0.0029308296223315928,0.008954699063392732,0.0,-0.003053909653164088,0.0,0.0],[0.0,0.0016193528764238323,-0.002867583982245219,-0.0056402511805645926,0.0,0.0020152564122630176,0.0,0.0],[0.0,0.0,0.0,-0.06574935688978535,0.00259264711536569,0.0,0.0026124813941244824,0.0],[0.0,0.0,0.0,0.02629902881935416,-0.0025858115514991492,0.015099274162289362,-0.0025859184439504285,0.0],[0.0,0.0,0.0,0.0,0.0025924375482070474,-0.023594117883088486,0.0026548976791312307,0.0],[0.0,0.0,0.0,0.0,0.0,0.0,-0.0016647072501472313,0.0045667381790510785],[0.0,0.0,0.0,0.0,0.0,0.0,0.0013095444801773596,-0.004545911789640935]]}