{"din_name":"flux_level09742.json","din_kind":"RELATIVE","din_start":600.0000005678995,"din_end":660.0000005829672,"din_rules":["Interventions","r1","r1_rev","r2","r3","r4","r5","r6"],"din_hits":[0,299706,299643,4583,157085,152518,2063780,2063806],"din_fluxs":[[0.0,0.0,0.0,0.0,0.0,0.0,0.0,0.0],[0.0,-0.001147103938822659,0.016311989571919816,0.03041899113527552,0.0,-0.0021224472974917543,0.0,0.0],[0.0,0.0011484288747119714,-0.015779583008405006,-0.030480745718739207,0.0,0.0024620852908857345,0.0,0.0],[0.0,0.0,0.0,-0.2198486538823801,0.0025817363898091067,0.0,0.004663490698219527,0.0],[0.0,0.0,0.0,0.01674042638509214,-0.002573557089546461,0.01835878040178346,-0.0025695499718387345,0.0],[0.0,0.0,0.0,0.0,0.0025801542254297242,-0.019169455594915317,0.004620894181010787,0.0],[0.0,0.0,0.0,0.0,0.0,0.0,-0.002597127897119634,0.002403305881569946],[0.0,0.0,0.0,0.0,0.0,0.0,0.002448699124102185,-0.002397535576801962]]}