{"din_name":"flux_level09452.json","din_kind":"RELATIVE","din_start":600.0000354132279,"din_end":660.00000172461,"din_rules":["Interventions","r1","r1_rev","r2","r3","r4","r5","r6"],"din_hits":[0,65884,65867,4,6970,6947,2088742,2088765],"din_fluxs":[[0.0,0.0,0.0,0.0,0.0,0.0,0.0,0.0],[0.0,-0.001091367105985161,0.0920652856273476,0.2476483180081356,0.0,-0.0020053754509668283,0.0,0.0],[0.0,0.0010925605984929555,-0.08234053197851079,-0.1138967084895449,0.0,0.0020521416154394055,0.0,0.0],[0.0,0.0,0.0,-0.8055555555555555,0.002531938669452734,0.0,0.004556866956854513,0.0],[0.0,0.0,0.0,0.02960135250319375,-0.002513563286585215,0.019753095704277395,-0.0025373014643301993,0.0],[0.0,0.0,0.0,0.0,0.0025199621386760946,-0.019625058531067396,0.004596970835017816,0.0],[0.0,0.0,0.0,0.0,0.0,0.0,-0.0023024510006447313,0.002767364072012566],[0.0,0.0,0.0,0.0,0.0,0.0,0.002300939263310812,-0.0027597133436395036]]}