{"din_name":"flux_level10477.json","din_kind":"RELATIVE","din_start":600.0000394680649,"din_end":660.0000850068136,"din_rules":["Interventions","r1","r1_rev","r2","r3","r4","r5","r6"],"din_hits":[0,5339,5321,1037,119016,117974,995000,995028],"din_fluxs":[[0.0,0.0,0.0,0.0,0.0,0.0,0.0,0.0],[0.0,-0.0010995903931470814,0.053856957504813785,0.05525372225936585,0.0,-0.0019352470529611257,0.0,0.0],[0.0,0.001100841346309795,-0.049793761930858535,-0.09416760428493536,0.0,0.004255452345373532,0.0,0.0],[0.0,0.0,0.0,-0.3518025343092708,0.0026030000034166292,0.0,0.0062004096251085505,0.0],[0.0,0.0,0.0,0.007793647456151395,-0.0025979418809503043,0.01801558502832281,-0.002592552168848608,0.0],[0.0,0.0,0.0,0.0,0.0026047274644519203,-0.017950550182322136,0.00538536772937979,0.0],[0.0,0.0,0.0,0.0,0.0,0.0,-0.0034642576706245785,0.0018825475672483594],[0.0,0.0,0.0,0.0,0.0,0.0,0.0031436308807511006,-0.0018790072016441292]]}