{"din_name":"flux_level05178.json","din_kind":"RELATIVE","din_start":600.0000061050953,"din_end":660.0000030498484,"din_rules":["Interventions","r1","r1_rev","r2","r3","r4","r5","r6"],"din_hits":[0,27953,27946,1768,579032,577261,1664514,1664460],"din_fluxs":[[0.0,0.0,0.0,0.0,0.0,0.0,0.0,0.0],[0.0,-0.0010933487267916426,0.07805215434395292,0.10277951107171071,0.0,-0.0020489931485770203,0.0,0.0],[0.0,0.001094548304235002,-0.07089277836869673,-0.1314453254310989,0.0,0.003547700963991317,0.0,0.0],[0.0,0.0,0.0,-0.37809900138331703,0.0030279082646651407,0.0,0.004646692997108912,0.0],[0.0,0.0,0.0,0.005520773914721143,-0.003019255722045835,0.012115720440142409,-0.003021012158376316,0.0],[0.0,0.0,0.0,0.0,0.003028406817685211,-0.012077331812080493,0.004302463070681838,0.0],[0.0,0.0,0.0,0.0,0.0,0.0,-0.002578077826069527,0.0030318049808081226],[0.0,0.0,0.0,0.0,0.0,0.0,0.00214376285800911,-0.0030226258344207245]]}