{"din_name":"flux_level01992.json","din_kind":"RELATIVE","din_start":600.0000398745951,"din_end":660.0000228622808,"din_rules":["Interventions","r1","r1_rev","r2","r3","r4","r5","r6"],"din_hits":[0,8564,8553,4561,822773,818189,1367500,1367526],"din_fluxs":[[0.0,0.0,0.0,0.0,0.0,0.0,0.0,0.0],[0.0,-0.0010930616375261857,0.08035612434096522,0.07566232647303774,0.0,-0.002047921995664208,0.0,0.0],[0.0,0.0010942693496349867,-0.07259219315154598,-0.13391191116592505,0.0,0.00495978556358839,0.0,0.0],[0.0,0.0,0.0,-0.3848969464829178,0.0026615446642856613,0.0,0.0056645883075680135,0.0],[0.0,0.0,0.0,0.004768473424856921,-0.0026554688593005923,0.016786883207378357,-0.0026518282375108644,0.0],[0.0,0.0,0.0,0.0,0.0026625476350172193,-0.016628908969770137,0.0039371417305869546,0.0],[0.0,0.0,0.0,0.0,0.0,0.0,-0.00391859550122421,0.0016166856194184875],[0.0,0.0,0.0,0.0,0.0,0.0,0.0031647260118919445,-0.0016140746399637648]]}