{"din_name":"flux_level12941.json","din_kind":"RELATIVE","din_start":600.0000055125604,"din_end":660.000012502762,"din_rules":["Interventions","r1","r1_rev","r2","r3","r4","r5","r6"],"din_hits":[0,63318,63296,20867,1578567,1557684,1985155,1985158],"din_fluxs":[[0.0,0.0,0.0,0.0,0.0,0.0,0.0,0.0],[0.0,-0.0011050164914811554,0.042146514813606754,0.04525307002926553,0.0,-0.0020371774905764235,0.0,0.0],[0.0,0.0011062442649541694,-0.039722696553272555,-0.07544583232273369,0.0,0.004131100126971971,0.0,0.0],[0.0,0.0,0.0,-0.2912967211790055,0.002623117649241157,0.0,0.003530021114083068,0.0],[0.0,0.0,0.0,0.007235695525058297,-0.0026167722027506273,0.017700255760742425,-0.0026185062900328923,0.0],[0.0,0.0,0.0,0.0,0.0026236469705869245,-0.017702735665338174,0.0031244805772033387,0.0],[0.0,0.0,0.0,0.0,0.0,0.0,-0.002210409150458219,0.0026353074308652583],[0.0,0.0,0.0,0.0,0.0,0.0,0.0018166435148340091,-0.002628369581496446]]}