{"din_name":"flux_level12155.json","din_kind":"RELATIVE","din_start":600.0000000918208,"din_end":660.0000138834566,"din_rules":["Interventions","r1","r1_rev","r2","r3","r4","r5","r6"],"din_hits":[0,2112,2081,45031,2477363,2432324,932144,932181],"din_fluxs":[[0.0,0.0,0.0,0.0,0.0,0.0,0.0,0.0],[0.0,-0.0011080430658756979,0.03887773544111328,0.037642513597995,0.0,-0.0020550744706742258,0.0,0.0],[0.0,0.0011094759656647298,-0.03554011039273281,-0.06533387246708174,0.0,0.004168752856531967,0.0,0.0],[0.0,0.0,0.0,-0.24249569492943204,0.0026754778320566526,0.0,0.0036274163871919812,0.0],[0.0,0.0,0.0,0.0059883581899464345,-0.0026683844860579944,0.016780537595640476,-0.002669426212581412,0.0],[0.0,0.0,0.0,0.0,0.0026755274800833247,-0.016804731961014552,0.0029004196376612302,0.0],[0.0,0.0,0.0,0.0,0.0,0.0,-0.002673795281656823,0.0020508398932596807],[0.0,0.0,0.0,0.0,0.0,0.0,0.0020614734165939493,-0.002046638718369176]]}