{"din_name":"flux_level11732.json","din_kind":"RELATIVE","din_start":600.0000023554973,"din_end":660.0000069078782,"din_rules":["Interventions","r1","r1_rev","r2","r3","r4","r5","r6"],"din_hits":[0,9198,9188,13139,1578029,1564884,2216880,2216893],"din_fluxs":[[0.0,0.0,0.0,0.0,0.0,0.0,0.0,0.0],[0.0,-0.0010950003040358807,0.06942884574456798,0.061412401756695996,0.0,-0.0020344313344355935,0.0,0.0],[0.0,0.001096213152530914,-0.06350884530414176,-0.1179260270950156,0.0,0.005269102694232131,0.0,0.0],[0.0,0.0,0.0,-0.38000665159999203,0.0025376468413870856,0.0,0.003968664532158131,0.0],[0.0,0.0,0.0,0.005982299591941465,-0.0025317023194233023,0.019857874344888435,-0.0025339666548253705,0.0],[0.0,0.0,0.0,0.0,0.002538134154569651,-0.019648265410166642,0.003111004766726702,0.0],[0.0,0.0,0.0,0.0,0.0,0.0,-0.002460857778071241,0.002179561133264441],[0.0,0.0,0.0,0.0,0.0,0.0,0.0020584575517606143,-0.0021748155651487053]]}