{"din_name":"flux_level06966.json","din_kind":"RELATIVE","din_start":600.000001669255,"din_end":660.0000096523466,"din_rules":["Interventions","r1","r1_rev","r2","r3","r4","r5","r6"],"din_hits":[0,37220,37199,19152,3868928,3849792,1355872,1355873],"din_fluxs":[[0.0,0.0,0.0,0.0,0.0,0.0,0.0,0.0],[0.0,-0.001093829020669991,0.07557413534799606,0.0755999402583349,0.0,-0.0020170943562661183,0.0,0.0],[0.0,0.0010950294319489184,-0.06880459276491968,-0.12990736392660412,0.0,0.004386786087774948,0.0,0.0],[0.0,0.0,0.0,-0.3295894725924842,0.002970611055426549,0.0,0.0042593979301732785,0.0],[0.0,0.0,0.0,0.0033456331366137513,-0.0029621074394576034,0.012707586261044332,-0.002962207444334539,0.0],[0.0,0.0,0.0,0.0,0.0029709137891781273,-0.012631759082208503,0.0033270681275136844,0.0],[0.0,0.0,0.0,0.0,0.0,0.0,-0.003343390691611728,0.001859968289850993],[0.0,0.0,0.0,0.0,0.0,0.0,0.0023430291910222847,-0.0018565122246728732]]}