{"din_name":"flux_level10440.json","din_kind":"RELATIVE","din_start":600.0000094969835,"din_end":660.0000161819244,"din_rules":["Interventions","r1","r1_rev","r2","r3","r4","r5","r6"],"din_hits":[0,12541,12530,2838,712347,709512,1393310,1393334],"din_fluxs":[[0.0,0.0,0.0,0.0,0.0,0.0,0.0,0.0],[0.0,-0.001090475620996198,0.10036156939340644,0.0964801160593691,0.0,-0.0019806756846173002,0.0,0.0],[0.0,0.0010916717152995342,-0.08880858412222538,-0.1591166848998446,0.0,0.005046605834295197,0.0,0.0],[0.0,0.0,0.0,-0.4844950653356063,0.002549130613128176,0.0,0.005758552917384693,0.0],[0.0,0.0,0.0,0.006816750434791656,-0.0025433543995313623,0.01931741286990872,-0.002545139663399336,0.0],[0.0,0.0,0.0,0.0,0.0025498441500541335,-0.019076630855135022,0.003993741476251705,0.0],[0.0,0.0,0.0,0.0,0.0,0.0,-0.0042944007250585725,0.0015010552652877766],[0.0,0.0,0.0,0.0,0.0,0.0,0.0035773116933167062,-0.0014988036962908936]]}