{"din_name":"flux_level04501.json","din_kind":"RELATIVE","din_start":600.0000295300767,"din_end":660.0000088873918,"din_rules":["Interventions","r1","r1_rev","r2","r3","r4","r5","r6"],"din_hits":[0,43599,43583,1666,886060,884383,861394,861393],"din_fluxs":[[0.0,0.0,0.0,0.0,0.0,0.0,0.0,0.0],[0.0,-0.0010925153400162743,0.08368999059410484,0.12648417933976241,0.0,-0.002013490969262824,0.0,0.0],[0.0,0.0010937124201938662,-0.07552843906094818,-0.1423511024498005,0.0,0.0029505775843733685,0.0,0.0],[0.0,0.0,0.0,-0.33952263052475473,0.003988575703073238,0.0,0.0055746526026726985,0.0],[0.0,0.0,0.0,0.0038796777743461673,-0.003975515510809996,0.008183844071898337,-0.003974386243399235,0.0],[0.0,0.0,0.0,0.0,0.003991407363176774,-0.008177746098746705,0.005198521078531886,0.0],[0.0,0.0,0.0,0.0,0.0,0.0,-0.0034012574029466166,0.0030627466911635056],[0.0,0.0,0.0,0.0,0.0,0.0,0.0021781228866892617,-0.0030533756873201106]]}