{"din_name":"flux_level03535.json","din_kind":"RELATIVE","din_start":600.0000023090828,"din_end":660.0000089260716,"din_rules":["Interventions","r1","r1_rev","r2","r3","r4","r5","r6"],"din_hits":[0,66166,66135,66110,4594427,4528309,1776182,1776170],"din_fluxs":[[0.0,0.0,0.0,0.0,0.0,0.0,0.0,0.0],[0.0,-0.0011033250177740013,0.044996232998107705,0.043918516780264094,0.0,-0.0020385085872954233,0.0,0.0],[0.0,0.0011045479086113634,-0.042293414218347376,-0.08061106135842326,0.0,0.004654838018396564,0.0,0.0],[0.0,0.0,0.0,-0.3101992755379842,0.002533274732381894,0.0,0.002934534409415302,0.0],[0.0,0.0,0.0,0.007354928989929408,-0.0025271195504180245,0.020106011922021334,-0.00252749133366862,0.0],[0.0,0.0,0.0,0.0,0.0025335275383739156,-0.02002711447686768,0.0026651443445194077,0.0],[0.0,0.0,0.0,0.0,0.0,0.0,-0.001837646708903721,0.0032978511471626914],[0.0,0.0,0.0,0.0,0.0,0.0,0.0014957441387718324,-0.0032869867264235047]]}