{"din_name":"flux_level11627.json","din_kind":"RELATIVE","din_start":600.0000121121358,"din_end":660.0000039111515,"din_rules":["Interventions","r1","r1_rev","r2","r3","r4","r5","r6"],"din_hits":[0,20462,20449,23848,3906826,3882984,1660493,1660519],"din_fluxs":[[0.0,0.0,0.0,0.0,0.0,0.0,0.0,0.0],[0.0,-0.001093906662532764,0.0753851668374909,0.06861088060894081,0.0,-0.0019955820291929775,0.0,0.0],[0.0,0.00109511024514938,-0.06857257523440599,-0.12957979909988293,0.0,0.004895306139831571,0.0,0.0],[0.0,0.0,0.0,-0.342546709446736,0.0027785628218021993,0.0,0.0038751876473046678,0.0],[0.0,0.0,0.0,0.0038371841650324764,-0.0027707076855979155,0.014900879124197122,-0.0027727557970610227,0.0],[0.0,0.0,0.0,0.0,0.0027784082943193068,-0.014785176244210281,0.003058474378410213,0.0],[0.0,0.0,0.0,0.0,0.0,0.0,-0.002595514412181198,0.002227148652597655],[0.0,0.0,0.0,0.0,0.0,0.0,0.0019454122387543543,-0.0022221921782061825]]}