{"din_name":"flux_level07752.json","din_kind":"RELATIVE","din_start":600.0000014805692,"din_end":660.000001727023,"din_rules":["Interventions","r1","r1_rev","r2","r3","r4","r5","r6"],"din_hits":[0,13415,13402,25477,3948981,3923504,1861366,1861401],"din_fluxs":[[0.0,0.0,0.0,0.0,0.0,0.0,0.0,0.0],[0.0,-0.0010941589383625598,0.07415090487393224,0.06718329950358101,0.0,-0.0020228209338017367,0.0,0.0],[0.0,0.0010953662770002961,-0.06749206134810533,-0.12655105791421445,0.0,0.004904039604066828,0.0,0.0],[0.0,0.0,0.0,-0.33505976535924054,0.0027803227395169342,0.0,0.0036929255289069323,0.0],[0.0,0.0,0.0,0.003726746417003948,-0.0027729737855044863,0.01488308309784089,-0.002772450999836766,0.0],[0.0,0.0,0.0,0.0,0.0027806903875367862,-0.014767576930249805,0.003034101438548219,0.0],[0.0,0.0,0.0,0.0,0.0,0.0,-0.0022161831872388894,0.0028078145025795804],[0.0,0.0,0.0,0.0,0.0,0.0,0.001679072817062396,-0.0027999375707233078]]}