{"din_name":"flux_level13403.json","din_kind":"RELATIVE","din_start":600.0000022777059,"din_end":660.0000060182512,"din_rules":["Interventions","r1","r1_rev","r2","r3","r4","r5","r6"],"din_hits":[0,43947,43938,16492,3934660,3918171,508857,508847],"din_fluxs":[[0.0,0.0,0.0,0.0,0.0,0.0,0.0,0.0],[0.0,-0.0010898856491916378,0.10605154693509296,0.10057433809783131,0.0,-0.002045539270647065,0.0,0.0],[0.0,0.0010910762126521813,-0.0933229604262141,-0.16587941822968114,0.0,0.005445074443735527,0.0,0.0],[0.0,0.0,0.0,-0.48140303713328636,0.0025358751670778467,0.0,0.002656714123534932,0.0],[0.0,0.0,0.0,0.006326366853945201,-0.002529119303292114,0.019763636223821476,-0.0025290039097196674,0.0],[0.0,0.0,0.0,0.0,0.002535532436640449,-0.019495845537980363,0.002571245416660159,0.0],[0.0,0.0,0.0,0.0,0.0,0.0,-0.001444669210041378,0.008272798471620631],[0.0,0.0,0.0,0.0,0.0,0.0,0.0011708271047892404,-0.008204427637828081]]}