{"din_name":"flux_level09966.json","din_kind":"RELATIVE","din_start":600.000006787863,"din_end":660.0000086471035,"din_rules":["Interventions","r1","r1_rev","r2","r3","r4","r5","r6"],"din_hits":[0,112690,112664,5523,726283,720778,962393,962388],"din_fluxs":[[0.0,0.0,0.0,0.0,0.0,0.0,0.0,0.0],[0.0,-0.0011051940494813427,0.04171012997210317,0.06055993359439677,0.0,-0.0020483398170773074,0.0,0.0],[0.0,0.0011064199834136263,-0.03934577978730032,-0.07500115696013175,0.0,0.0031144070346363667,0.0,0.0],[0.0,0.0,0.0,-0.2906721296705204,0.0028918600260950246,0.0,0.004284220768436147,0.0],[0.0,0.0,0.0,0.007864558417318994,-0.0028831948386570617,0.01340577339224381,-0.0028799366718470472,0.0],[0.0,0.0,0.0,0.0,0.0028915320874899416,-0.01348937552985962,0.003958087243054372,0.0],[0.0,0.0,0.0,0.0,0.0,0.0,-0.003335492073634303,0.0019319429036043529],[0.0,0.0,0.0,0.0,0.0,0.0,0.00254305512062149,-0.0019282146424595852]]}