{"din_name":"flux_level00811.json","din_kind":"RELATIVE","din_start":600.0000096749063,"din_end":660.0000275318027,"din_rules":["Interventions","r1","r1_rev","r2","r3","r4","r5","r6"],"din_hits":[0,96138,96114,5168,722863,717704,783501,783513],"din_fluxs":[[0.0,0.0,0.0,0.0,0.0,0.0,0.0,0.0],[0.0,-0.0011016007417631402,0.04867842523812798,0.06750144748466062,0.0,-0.0020351193592486865,0.0,0.0],[0.0,0.0011028183457853832,-0.04559008646576294,-0.08515430565967945,0.0,0.0034986922838996445,0.0,0.0],[0.0,0.0,0.0,-0.3759525748500027,0.002593191450562596,0.0,0.0029590695807834915,0.0],[0.0,0.0,0.0,0.010788548075946595,-0.0025859724507796265,0.01817802232930914,-0.0025860932173748657,0.0],[0.0,0.0,0.0,0.0,0.0025926750598592478,-0.018167211149275758,0.0028570508826626082,0.0],[0.0,0.0,0.0,0.0,0.0,0.0,-0.0016253107470785631,0.005409857728607623],[0.0,0.0,0.0,0.0,0.0,0.0,0.0013846081767749558,-0.005380621101344611]]}