{"din_name":"flux_level01025.json","din_kind":"RELATIVE","din_start":600.0000034512015,"din_end":660.0000004956269,"din_rules":["Interventions","r1","r1_rev","r2","r3","r4","r5","r6"],"din_hits":[0,39333,39312,18285,3202902,3184599,785647,785654],"din_fluxs":[[0.0,0.0,0.0,0.0,0.0,0.0,0.0,0.0],[0.0,-0.0010964793985901548,0.06381964430219259,0.06898062232894463,0.0,-0.002028017963391469,0.0,0.0],[0.0,0.0010976869068018906,-0.058803311873510455,-0.11194123707287305,0.0,0.003987530725728497,0.0,0.0],[0.0,0.0,0.0,-0.2794009339018051,0.0031852066046158018,0.0,0.004010625371959423,0.0],[0.0,0.0,0.0,0.0030519073182166926,-0.0031763038464696037,0.011148459471152844,-0.003175871596692148,0.0],[0.0,0.0,0.0,0.0,0.003186439676888638,-0.011111584677323455,0.003437960249613643,0.0],[0.0,0.0,0.0,0.0,0.0,0.0,-0.00293034782613529,0.002271705426701063],[0.0,0.0,0.0,0.0,0.0,0.0,0.0019178150742951987,-0.0022665490149064247]]}