{"din_name":"flux_level09827.json","din_kind":"RELATIVE","din_start":600.0000019642969,"din_end":660.0000012718682,"din_rules":["Interventions","r1","r1_rev","r2","r3","r4","r5","r6"],"din_hits":[0,100745,100718,44752,2958043,2913282,1411493,1411476],"din_fluxs":[[0.0,0.0,0.0,0.0,0.0,0.0,0.0,0.0],[0.0,-0.0011105819076650805,0.034524973881845354,0.04013239318625422,0.0,-0.002051129942873533,0.0,0.0],[0.0,0.0011118216142045102,-0.03279574841928748,-0.06381734812955366,0.0,0.003687137923739101,0.0,0.0],[0.0,0.0,0.0,-0.20454280987416637,0.0030016237323240774,0.0,0.0036904393466712436,0.0],[0.0,0.0,0.0,0.0049425861126924766,-0.0029925815457155325,0.012572378149621406,-0.002992494796680413,0.0],[0.0,0.0,0.0,0.0,0.0030015689243933132,-0.01265949141578125,0.003329845902922603,0.0],[0.0,0.0,0.0,0.0,0.0,0.0,-0.0024063965527517097,0.0028286936056146775],[0.0,0.0,0.0,0.0,0.0,0.0,0.0017195283097526217,-0.0028206996701975527]]}