{"din_name":"flux_level13446.json","din_kind":"RELATIVE","din_start":600.0000122306687,"din_end":660.0000021474593,"din_rules":["Interventions","r1","r1_rev","r2","r3","r4","r5","r6"],"din_hits":[0,28293,28262,1321,100813,99492,404590,404590],"din_fluxs":[[0.0,0.0,0.0,0.0,0.0,0.0,0.0,0.0],[0.0,-0.0011197685015234494,0.026868728605124653,0.04326577564945827,0.0,-0.0020735081888438173,0.0,0.0],[0.0,0.0011210517250364357,-0.025640225853328404,-0.0503600362871302,0.0,0.0026737319072029637,0.0,0.0],[0.0,0.0,0.0,-0.16214787343908468,0.0037041283949906237,0.0,0.005782587544823391,0.0],[0.0,0.0,0.0,0.005947677519143504,-0.003688392289219309,0.008950556219212537,-0.0036934519811066646,0.0],[0.0,0.0,0.0,0.0,0.0037020344176743594,-0.009153644037283255,0.0056711800403865436,0.0],[0.0,0.0,0.0,0.0,0.0,0.0,-0.0031018006089915647,0.003855267137200441],[0.0,0.0,0.0,0.0,0.0,0.0,0.0026240592433580618,-0.0038404181728414477]]}