{"din_name":"flux_level00712.json","din_kind":"RELATIVE","din_start":600.0000210423885,"din_end":660.0000280613465,"din_rules":["Interventions","r1","r1_rev","r2","r3","r4","r5","r6"],"din_hits":[0,55463,55435,1907,368959,367040,1103261,1103276],"din_fluxs":[[0.0,0.0,0.0,0.0,0.0,0.0,0.0,0.0],[0.0,-0.0010981211212567072,0.05775773116120214,0.08651673470531612,0.0,-0.002032192041847928,0.0,0.0],[0.0,0.0010993310165542385,-0.05358546527515912,-0.09595003939606772,0.0,0.0034268238492875017,0.0,0.0],[0.0,0.0,0.0,-0.4525395720228144,0.0025319622338872668,0.0,0.0043894229257610525,0.0],[0.0,0.0,0.0,0.01326572044284985,-0.0025237152473695772,0.019794455297559823,-0.0025223856179535284,0.0],[0.0,0.0,0.0,0.0,0.002530094231894886,-0.019709343046228647,0.00391448751790264,0.0],[0.0,0.0,0.0,0.0,0.0,0.0,-0.0031994859608239657,0.0017865970434542628],[0.0,0.0,0.0,0.0,0.0,0.0,0.0027479431973284623,-0.0017834078864212735]]}