{"din_name":"flux_level08423.json","din_kind":"RELATIVE","din_start":600.0000060682345,"din_end":660.0000037846203,"din_rules":["Interventions","r1","r1_rev","r2","r3","r4","r5","r6"],"din_hits":[0,84076,84054,36833,4122823,4085986,1093371,1093351],"din_fluxs":[[0.0,0.0,0.0,0.0,0.0,0.0,0.0,0.0],[0.0,-0.0010974820878835822,0.059873022821509414,0.05793664610051588,0.0,-0.0020256159420050197,0.0,0.0],[0.0,0.0010986899365053597,-0.05543247596291437,-0.10442514656455443,0.0,0.004807336146005338,0.0,0.0],[0.0,0.0,0.0,-0.36397835785458604,0.0025515340411065134,0.0,0.0028783250668702664,0.0],[0.0,0.0,0.0,0.006863855345767304,-0.002545211084890016,0.01944337472460316,-0.0025441603149800136,0.0],[0.0,0.0,0.0,0.0,0.0025517093157731508,-0.019295082858562955,0.002653094280698053,0.0],[0.0,0.0,0.0,0.0,0.0,0.0,-0.0019257168219242284,0.003011342083835083],[0.0,0.0,0.0,0.0,0.0,0.0,0.0015423781535237548,-0.0030022856020195895]]}