{"din_name":"flux_level10511.json","din_kind":"RELATIVE","din_start":600.0000015079653,"din_end":660.0000274303186,"din_rules":["Interventions","r1","r1_rev","r2","r3","r4","r5","r6"],"din_hits":[0,66585,66570,8390,1524994,1516586,862274,862267],"din_fluxs":[[0.0,0.0,0.0,0.0,0.0,0.0,0.0,0.0],[0.0,-0.0010993067559356103,0.054299830973873885,0.07008237330775219,0.0,-0.0020506455755413145,0.0,0.0],[0.0,0.001100519564478038,-0.05055238990361633,-0.09708972360002187,0.0,0.0033785350692750443,0.0,0.0],[0.0,0.0,0.0,-0.2604252927120597,0.003403855584705266,0.0,0.004189054473790071,0.0],[0.0,0.0,0.0,0.0038885858068588926,-0.0033931213072425142,0.010010608753252824,-0.0033927400837922518,0.0],[0.0,0.0,0.0,0.0,0.003404689097941793,-0.010022542310575411,0.003895379492226406,0.0],[0.0,0.0,0.0,0.0,0.0,0.0,-0.002581167182850286,0.0033076184172124994],[0.0,0.0,0.0,0.0,0.0,0.0,0.0017235322110966554,-0.003296690167713295]]}