{"din_name":"flux_level12902.json","din_kind":"RELATIVE","din_start":600.0005845986574,"din_end":660.0000594139036,"din_rules":["Interventions","r1","r1_rev","r2","r3","r4","r5","r6"],"din_hits":[0,69336,69316,49,25925,25871,17138,17142],"din_fluxs":[[0.0,0.0,0.0,0.0,0.0,0.0,0.0,0.0],[0.0,-0.0010985803020503323,0.056299437732850635,0.11362598379207854,0.0,-0.002037714740561599,0.0,0.0],[0.0,0.0010997913929680625,-0.05232404776958151,-0.10179667089523425,0.0,0.0020532160853248384,0.0,0.0],[0.0,0.0,0.0,-0.1887631871184258,0.3138552490593307,0.0,0.4538225183078777,0.0],[0.0,0.0,0.0,0.002122718156358376,-0.21749307223365705,0.004090407538294802,-0.21725775052862034,0.0],[0.0,0.0,0.0,0.0,1.270548635336002,-0.004111531398614587,1.2934130071271928,0.0],[0.0,0.0,0.0,0.0,0.0,0.0,-0.1294171802427173,5.46352219529268],[0.0,0.0,0.0,0.0,0.0,0.0,0.13063677427789155,-0.31124572205687023]]}