{"din_name":"flux_level08920.json","din_kind":"RELATIVE","din_start":600.0000047334872,"din_end":660.0000128559587,"din_rules":["Interventions","r1","r1_rev","r2","r3","r4","r5","r6"],"din_hits":[0,328118,328042,156789,3336302,3179520,1364112,1364090],"din_fluxs":[[0.0,0.0,0.0,0.0,0.0,0.0,0.0,0.0],[0.0,-0.0011453131906438865,0.016706918114372884,0.023004065332775454,0.0,-0.002138393628558794,0.0,0.0],[0.0,0.0011466326852175878,-0.01615702424606174,-0.03151979255630212,0.0,0.003238434846243132,0.0,0.0],[0.0,0.0,0.0,-0.1679735975376623,0.0026423508268386886,0.0,0.0030495270852907686,0.0],[0.0,0.0,0.0,0.010485690864499946,-0.0026357258254162052,0.017440541034480634,-0.002637488625790605,0.0],[0.0,0.0,0.0,0.0,0.0026427106516296313,-0.018080933927576082,0.0028832419628907584,0.0],[0.0,0.0,0.0,0.0,0.0,0.0,-0.0026416705004283004,0.0020465443356291984],[0.0,0.0,0.0,0.0,0.0,0.0,0.0020550360047950317,-0.002042362014555866]]}