{"din_name":"flux_level07792.json","din_kind":"RELATIVE","din_start":600.0000119321469,"din_end":660.0000008534192,"din_rules":["Interventions","r1","r1_rev","r2","r3","r4","r5","r6"],"din_hits":[0,34390,34376,26480,3086042,3059569,979161,979125],"din_fluxs":[[0.0,0.0,0.0,0.0,0.0,0.0,0.0,0.0],[0.0,-0.0011001520966359322,0.05206084619099372,0.05549670552610128,0.0,-0.0020429797595333758,0.0,0.0],[0.0,0.0011013697299521847,-0.04855581925586404,-0.0928445688484297,0.0,0.0040331195180193236,0.0,0.0],[0.0,0.0,0.0,-0.2509228617834832,0.003071862649980515,0.0,0.004961484743841751,0.0],[0.0,0.0,0.0,0.0034943294114303243,-0.003064383563439399,0.011949454667733827,-0.0030615097119125754,0.0],[0.0,0.0,0.0,0.0,0.003073825591270998,-0.011930893995054703,0.00359024646103157,0.0],[0.0,0.0,0.0,0.0,0.0,0.0,-0.004972870988314919,0.0014894375071968632],[0.0,0.0,0.0,0.0,0.0,0.0,0.0033605980124911724,-0.001487222186048679]]}