{"din_name":"flux_level09170.json","din_kind":"RELATIVE","din_start":600.0000462086766,"din_end":660.0000614611723,"din_rules":["Interventions","r1","r1_rev","r2","r3","r4","r5","r6"],"din_hits":[0,15140,15113,5695,497204,491494,743550,743569],"din_fluxs":[[0.0,0.0,0.0,0.0,0.0,0.0,0.0,0.0],[0.0,-0.0011021717563050857,0.047521159669184396,0.050982442877484976,0.0,-0.0020742536209039488,0.0,0.0],[0.0,0.001103405568595666,-0.04441006027181138,-0.085111672490548,0.0,0.004365116367927372,0.0,0.0],[0.0,0.0,0.0,-0.3142283680612246,0.0026070203543569295,0.0,0.005129748421377681,0.0],[0.0,0.0,0.0,0.006909888650769411,-0.0026001582978112626,0.01806434906587194,-0.002600685485023139,0.0],[0.0,0.0,0.0,0.0,0.002606936950431006,-0.018012995075159688,0.0038119065349845236,0.0],[0.0,0.0,0.0,0.0,0.0,0.0,-0.004226163174761423,0.001521651220735104],[0.0,0.0,0.0,0.0,0.0,0.0,0.0034352247323862655,-0.0015193376022208703]]}