{"din_name":"flux_level00317.json","din_kind":"RELATIVE","din_start":600.0000167404022,"din_end":660.0000123705785,"din_rules":["Interventions","r1","r1_rev","r2","r3","r4","r5","r6"],"din_hits":[0,23561,23541,11947,1639536,1627589,655504,655475],"din_fluxs":[[0.0,0.0,0.0,0.0,0.0,0.0,0.0,0.0],[0.0,-0.0010949576669801841,0.07012011341238164,0.06538223647205271,0.0,-0.002051426712711869,0.0,0.0],[0.0,0.001096163279884106,-0.06414510241617531,-0.11942619856475209,0.0,0.004991972465308553,0.0,0.0],[0.0,0.0,0.0,-0.37981209916769265,0.002577412451584735,0.0,0.0029169321601104983,0.0],[0.0,0.0,0.0,0.0059961290058887584,-0.0025719868491838227,0.018689542646158942,-0.002573414653674604,0.0],[0.0,0.0,0.0,0.0,0.0025786300264348445,-0.018518765148678028,0.002702903152388915,0.0],[0.0,0.0,0.0,0.0,0.0,0.0,-0.0016342208675475332,0.004923433423032843],[0.0,0.0,0.0,0.0,0.0,0.0,0.0013283835610483383,-0.004899219392287053]]}