{"din_name":"flux_level03826.json","din_kind":"RELATIVE","din_start":600.0000096986331,"din_end":660.0000014233013,"din_rules":["Interventions","r1","r1_rev","r2","r3","r4","r5","r6"],"din_hits":[0,70406,70390,8117,1461272,1453177,1869718,1869727],"din_fluxs":[[0.0,0.0,0.0,0.0,0.0,0.0,0.0,0.0],[0.0,-0.0010950724327136309,0.06927921495163264,0.07862747696909282,0.0,-0.0019893082211277333,0.0,0.0],[0.0,0.0010962748741605592,-0.06351277011442168,-0.11581078106423291,0.0,0.004259699055479567,0.0,0.0],[0.0,0.0,0.0,-0.4286941735393059,0.0025586268996319397,0.0,0.003440178180360393,0.0],[0.0,0.0,0.0,0.008631308515329323,-0.002552648020400196,0.01907019957661593,-0.0025518559076279064,0.0],[0.0,0.0,0.0,0.0,0.0025591852842333485,-0.018920712725072685,0.0030509026602452763,0.0],[0.0,0.0,0.0,0.0,0.0,0.0,-0.002251340387392926,0.002450581143735548],[0.0,0.0,0.0,0.0,0.0,0.0,0.0018723338512537297,-0.0024445815662578123]]}