{"din_name":"flux_level13212.json","din_kind":"RELATIVE","din_start":600.0000098911567,"din_end":660.0000137656224,"din_rules":["Interventions","r1","r1_rev","r2","r3","r4","r5","r6"],"din_hits":[0,544250,544025,207874,793323,585440,699727,699736],"din_fluxs":[[0.0,0.0,0.0,0.0,0.0,0.0,0.0,0.0],[0.0,-0.0013905829313168557,0.0043211189022679805,0.010039577470724138,0.0,-0.0026096823578652933,0.0,0.0],[0.0,0.0013925939620048127,-0.004223453160593818,-0.008372377455273245,0.0,0.0022648388296718923,0.0,0.0],[0.0,0.0,0.0,-0.06189850884162095,0.002856896372696523,0.0,0.003468062741225572,0.0],[0.0,0.0,0.0,0.01620547024894638,-0.0028484583080772134,0.012915755260099136,-0.0028484905203811613,0.0],[0.0,0.0,0.0,0.0,0.002856494516801669,-0.016881164250971744,0.0035491900385358605,0.0],[0.0,0.0,0.0,0.0,0.0,0.0,-0.0030004697151939375,0.0020359569279224925],[0.0,0.0,0.0,0.0,0.0,0.0,0.0022548263747386183,-0.002031814657520714]]}