{"din_name":"flux_level02712.json","din_kind":"RELATIVE","din_start":600.0000090510167,"din_end":660.0000013681879,"din_rules":["Interventions","r1","r1_rev","r2","r3","r4","r5","r6"],"din_hits":[0,31608,31592,15026,3107669,3092640,568981,568998],"din_fluxs":[[0.0,0.0,0.0,0.0,0.0,0.0,0.0,0.0],[0.0,-0.0010907459381771488,0.09876468318252783,0.08624330727673521,0.0,-0.002014457968454757,0.0,0.0],[0.0,0.001091939072133434,-0.08648481596891411,-0.15630441701965214,0.0,0.005519694268032096,0.0,0.0],[0.0,0.0,0.0,-0.46122099207784706,0.002526101100290475,0.0,0.002986461778466983,0.0],[0.0,0.0,0.0,0.006190232572440926,-0.002519382720771914,0.020098029159511713,-0.0025212433174393663,0.0],[0.0,0.0,0.0,0.0,0.0025257461426087834,-0.01982883803610807,0.002618458292149703,0.0],[0.0,0.0,0.0,0.0,0.0,0.0,-0.002436443447668489,0.0020936369728008957],[0.0,0.0,0.0,0.0,0.0,0.0,0.0019535426655323787,-0.002089256636699634]]}