{"din_name":"flux_level06162.json","din_kind":"RELATIVE","din_start":600.0000130155954,"din_end":660.0000016109584,"din_rules":["Interventions","r1","r1_rev","r2","r3","r4","r5","r6"],"din_hits":[0,7804,7782,13021,1701869,1688843,1030104,1030110],"din_fluxs":[[0.0,0.0,0.0,0.0,0.0,0.0,0.0,0.0],[0.0,-0.0011020033889413592,0.04789372770855617,0.05655226127786053,0.0,-0.002048316114527515,0.0,0.0],[0.0,0.001103253996857222,-0.04457257162765723,-0.0867218097505067,0.0,0.003546471534456487,0.0,0.0],[0.0,0.0,0.0,-0.19958396079463192,0.0038198509239949345,0.0,0.005557876831208819,0.0],[0.0,0.0,0.0,0.0021175238378256093,-0.003806449484561705,0.008731297945435425,-0.003808095017925647,0.0],[0.0,0.0,0.0,0.0,0.0038210207824240353,-0.008728557023771248,0.004555179900231229,0.0],[0.0,0.0,0.0,0.0,0.0,0.0,-0.003141580499951563,0.0029821890424275264],[0.0,0.0,0.0,0.0,0.0,0.0,0.001939166202042973,-0.002973304481886547]]}