{"din_name":"flux_level03765.json","din_kind":"RELATIVE","din_start":600.0000003936231,"din_end":660.0000006472693,"din_rules":["Interventions","r1","r1_rev","r2","r3","r4","r5","r6"],"din_hits":[0,6005,5987,45116,3730436,3685337,22300,22308],"din_fluxs":[[0.0,0.0,0.0,0.0,0.0,0.0,0.0,0.0],[0.0,-0.0011021075191774037,0.047462842587295564,0.04603438135620043,0.0,-0.001965813596716836,0.0,0.0],[0.0,0.0011033671026259742,-0.044161472158794714,-0.08530697268374096,0.0,0.004434907195739672,0.0,0.0],[0.0,0.0,0.0,-0.2524093910184298,0.0028337943022740436,0.0,0.0028599848545858954,0.0],[0.0,0.0,0.0,0.004253650077972167,-0.0028265091923564845,0.014290062542188332,-0.0028263980770169995,0.0],[0.0,0.0,0.0,0.0,0.0028345335885691003,-0.014262065773468962,0.002836672513238632,0.0],[0.0,0.0,0.0,0.0,0.0,0.0,-0.001441265716923307,0.0567251317186207],[0.0,0.0,0.0,0.0,0.0,0.0,0.001031561438505227,-0.05349875270151349]]}