{"din_name":"flux_level09068.json","din_kind":"RELATIVE","din_start":600.0000054346278,"din_end":660.0000027609366,"din_rules":["Interventions","r1","r1_rev","r2","r3","r4","r5","r6"],"din_hits":[0,427551,427447,325383,3707598,3382196,1731546,1731539],"din_fluxs":[[0.0,0.0,0.0,0.0,0.0,0.0,0.0,0.0],[0.0,-0.001191648982201702,0.010197599842772038,0.016772732584197012,0.0,-0.0022294458242210244,0.0,0.0],[0.0,0.0011930847376707666,-0.009922439907159708,-0.01952846057923096,0.0,0.002756937077926725,0.0,0.0],[0.0,0.0,0.0,-0.10235528406264599,0.0028877751186657625,0.0,0.0032760525247054226,0.0],[0.0,0.0,0.0,0.010367937924163748,-0.0028797129485516504,0.013649177503584332,-0.0028803076588709564,0.0],[0.0,0.0,0.0,0.0,0.002888059204522114,-0.014806369218984096,0.0031797258178946825,0.0],[0.0,0.0,0.0,0.0,0.0,0.0,-0.0023535442513508077,0.002719030570487188],[0.0,0.0,0.0,0.0,0.0,0.0,0.0017243846375949834,-0.0027116451160952002]]}