{"din_name":"flux_level08796.json","din_kind":"RELATIVE","din_start":600.0000475835537,"din_end":660.0000126359429,"din_rules":["Interventions","r1","r1_rev","r2","r3","r4","r5","r6"],"din_hits":[0,10698,10666,4594,547103,542496,676532,676554],"din_fluxs":[[0.0,0.0,0.0,0.0,0.0,0.0,0.0,0.0],[0.0,-0.0011134564352611718,0.031980839993949815,0.05367622591771634,0.0,-0.002061701110816238,0.0,0.0],[0.0,0.0011147533788134199,-0.03020705962598661,-0.05939868336184521,0.0,0.00246913502629099,0.0,0.0],[0.0,0.0,0.0,-0.12053286656145733,0.009632243127302934,0.0,0.015546203737672532,0.0],[0.0,0.0,0.0,0.0013599730277539775,-0.00954925542704037,0.005232120670041425,-0.009558606087011959,0.0],[0.0,0.0,0.0,0.0,0.009642008193991051,-0.005256599768305638,0.014481902885547702,0.0],[0.0,0.0,0.0,0.0,0.0,0.0,-0.007948354244588859,0.006228836660819835],[0.0,0.0,0.0,0.0,0.0,0.0,0.004149144387571965,-0.006190051100942735]]}