{"din_name":"flux_level04291.json","din_kind":"RELATIVE","din_start":600.0000165536478,"din_end":660.0000086065519,"din_rules":["Interventions","r1","r1_rev","r2","r3","r4","r5","r6"],"din_hits":[0,30500,30481,3027,1959763,1956742,711384,711384],"din_fluxs":[[0.0,0.0,0.0,0.0,0.0,0.0,0.0,0.0],[0.0,-0.0010901221717511944,0.10477931917708339,0.1392090647500015,0.0,-0.002003544378497808,0.0,0.0],[0.0,0.0010913130728111983,-0.09124942166002901,-0.17056336795632038,0.0,0.0032191803154375345,0.0,0.0],[0.0,0.0,0.0,-0.352512795599981,0.004216254913250514,0.0,0.004903360173928918,0.0],[0.0,0.0,0.0,0.0021924791317463697,-0.004193637433424888,0.007786077136013353,-0.004193687308270983,0.0],[0.0,0.0,0.0,0.0,0.0042113172197947015,-0.007756322069173915,0.004618098093677536,0.0],[0.0,0.0,0.0,0.0,0.0,0.0,-0.0026736547177247274,0.005716373418121361],[0.0,0.0,0.0,0.0,0.0,0.0,0.0015683544791524676,-0.005683730631885937]]}