{"din_name":"flux_level11425.json","din_kind":"RELATIVE","din_start":600.0000269301992,"din_end":660.0000107038877,"din_rules":["Interventions","r1","r1_rev","r2","r3","r4","r5","r6"],"din_hits":[0,163079,163028,10723,328358,317620,2183229,2183233],"din_fluxs":[[0.0,0.0,0.0,0.0,0.0,0.0,0.0,0.0],[0.0,-0.0011414870362510803,0.017698413251491116,0.02802446005729061,0.0,-0.002122485984128708,0.0,0.0],[0.0,0.001142803021945438,-0.01708759083225928,-0.03310815233474909,0.0,0.00281076055313388,0.0,0.0],[0.0,0.0,0.0,-0.1851617917775387,0.0026996764933725007,0.0,0.004376166435811537,0.0],[0.0,0.0,0.0,0.011665457207105209,-0.0026921301076319815,0.01609407349789866,-0.002690949609276246,0.0],[0.0,0.0,0.0,0.0,0.002699393224580711,-0.016701699594660238,0.004243195935106078,0.0],[0.0,0.0,0.0,0.0,0.0,0.0,-0.0024546758611161926,0.00270605766594648],[0.0,0.0,0.0,0.0,0.0,0.0,0.0022285671580201537,-0.002698742471624314]]}