{"din_name":"flux_level01159.json","din_kind":"RELATIVE","din_start":600.0000090801202,"din_end":660.000000853515,"din_rules":["Interventions","r1","r1_rev","r2","r3","r4","r5","r6"],"din_hits":[0,165330,165301,4918,630081,625150,783579,783612],"din_fluxs":[[0.0,0.0,0.0,0.0,0.0,0.0,0.0,0.0],[0.0,-0.00111387126357218,0.031333225688634433,0.05573625052885152,0.0,-0.002074014779375674,0.0,0.0],[0.0,0.0011151170040971292,-0.02986743682741266,-0.058609366788619215,0.0,0.002357746633756235,0.0,0.0],[0.0,0.0,0.0,-0.13226909872655856,0.007852007210255587,0.0,0.012009987891135047,0.0],[0.0,0.0,0.0,0.003132776167276776,-0.007792994358881679,0.005495807323344861,-0.00778744040331525,0.0],[0.0,0.0,0.0,0.0,0.007854510105913926,-0.005581435572130738,0.011764761382037112,0.0],[0.0,0.0,0.0,0.0,0.0,0.0,-0.006652832400828084,0.005050913106119341],[0.0,0.0,0.0,0.0,0.0,0.0,0.0035812490860788705,-0.005025423281949752]]}