{"din_name":"flux_level07241.json","din_kind":"RELATIVE","din_start":600.0000081393805,"din_end":660.0000432940099,"din_rules":["Interventions","r1","r1_rev","r2","r3","r4","r5","r6"],"din_hits":[0,68142,68134,1328,966693,965356,14634,14632],"din_fluxs":[[0.0,0.0,0.0,0.0,0.0,0.0,0.0,0.0],[0.0,-0.0010908277226996566,0.09675168811632588,0.16341309182769914,0.0,-0.002014730770259992,0.0,0.0],[0.0,0.0010920199160929544,-0.08607634598225716,-0.15843324916196377,0.0,0.0028298633932870246,0.0,0.0],[0.0,0.0,0.0,-0.4092926140219954,0.003707919430228405,0.0,0.005895117265599193,0.0],[0.0,0.0,0.0,0.005536925065137003,-0.0036922544605024876,0.008846493463593268,-0.0036923083173609613,0.0],[0.0,0.0,0.0,0.0,0.003705949162499426,-0.008836916409763385,0.007034099877572825,0.0],[0.0,0.0,0.0,0.0,0.0,0.0,-0.14839704431749867,0.0010151852854299083],[0.0,0.0,0.0,0.0,0.0,0.0,0.11494090229366896,-0.001014155919372007]]}