{"din_name":"flux_level13073.json","din_kind":"RELATIVE","din_start":600.0000142496,"din_end":660.0000077427178,"din_rules":["Interventions","r1","r1_rev","r2","r3","r4","r5","r6"],"din_hits":[0,46397,46380,5197,2293025,2287825,405437,405431],"din_fluxs":[[0.0,0.0,0.0,0.0,0.0,0.0,0.0,0.0],[0.0,-0.0010936641839392692,0.07644156626790022,0.10872713439836816,0.0,-0.002018643148870599,0.0,0.0],[0.0,0.0010948640106637048,-0.06954050538637201,-0.13325211447203,0.0,0.0029879851631894085,0.0,0.0],[0.0,0.0,0.0,-0.2764092599380084,0.004847910194221911,0.0,0.00533236413161002,0.0],[0.0,0.0,0.0,0.0019278652269107245,-0.004826437634379503,0.0069699468070101795,-0.004827244535446465,0.0],[0.0,0.0,0.0,0.0,0.004849896260216489,-0.006956586533971484,0.005108106323523158,0.0],[0.0,0.0,0.0,0.0,0.0,0.0,-0.0028638704202871915,0.007700530342936227],[0.0,0.0,0.0,0.0,0.0,0.0,0.0014295933887560983,-0.007641288973902046]]}