{"din_name":"flux_level12588.json","din_kind":"RELATIVE","din_start":600.0000212781712,"din_end":660.0000165246084,"din_rules":["Interventions","r1","r1_rev","r2","r3","r4","r5","r6"],"din_hits":[0,310043,309995,15293,550600,535307,1294382,1294394],"din_fluxs":[[0.0,0.0,0.0,0.0,0.0,0.0,0.0,0.0],[0.0,-0.0011381740804966615,0.018642228226583457,0.03039367505378573,0.0,-0.002122505101133495,0.0,0.0],[0.0,0.0011394764592231462,-0.017995278520956427,-0.03504925572823534,0.0,0.0027337661937363823,0.0,0.0],[0.0,0.0,0.0,-0.1800969814064631,0.0028094811924408583,0.0,0.0035504315598570025,0.0],[0.0,0.0,0.0,0.010793232552668746,-0.0028016350600283376,0.014399587405026459,-0.002801962853923188,0.0],[0.0,0.0,0.0,0.0,0.0028095107855474065,-0.014932571496826754,0.0034959730727214507,0.0],[0.0,0.0,0.0,0.0,0.0,0.0,-0.001996619438573005,0.004026953714158876],[0.0,0.0,0.0,0.0,0.0,0.0,0.0017092940524535522,-0.004010752411983601]]}