{"din_name":"flux_level07605.json","din_kind":"RELATIVE","din_start":600.0000003602477,"din_end":660.0000025754134,"din_rules":["Interventions","r1","r1_rev","r2","r3","r4","r5","r6"],"din_hits":[0,377671,377605,171376,2937388,2765993,765647,765639],"din_fluxs":[[0.0,0.0,0.0,0.0,0.0,0.0,0.0,0.0],[0.0,-0.001157366822784567,0.01426777020721186,0.02071660437735106,0.0,-0.0021641397643022814,0.0,0.0],[0.0,0.0011587157051836361,-0.01383066211594298,-0.027020388280126772,0.0,0.0031069031732601136,0.0,0.0],[0.0,0.0,0.0,-0.16349022703547705,0.0025840598106962567,0.0,0.0032005675517780014,0.0],[0.0,0.0,0.0,0.012355654198039401,-0.0025775095377002784,0.01876278785266277,-0.002576869470285517,0.0],[0.0,0.0,0.0,0.0,0.0025841797243485675,-0.019659657982819424,0.0029685157777195976,0.0],[0.0,0.0,0.0,0.0,0.0,0.0,-0.0067302646699077375,0.001248386640923504],[0.0,0.0,0.0,0.0,0.0,0.0,0.005303943542181818,-0.0012468296584160735]]}