{"din_name":"flux_level04980.json","din_kind":"RELATIVE","din_start":600.000005275392,"din_end":660.0000076105459,"din_rules":["Interventions","r1","r1_rev","r2","r3","r4","r5","r6"],"din_hits":[0,36631,36615,23421,3009007,2985587,1290824,1290851],"din_fluxs":[[0.0,0.0,0.0,0.0,0.0,0.0,0.0,0.0],[0.0,-0.0011000171530409551,0.05249842157523083,0.057746206532731485,0.0,-0.002047567403236066,0.0,0.0],[0.0,0.0011012344153334343,-0.04893807753268186,-0.09467114037951231,0.0,0.003916120668185763,0.0,0.0],[0.0,0.0,0.0,-0.24383082594888864,0.003209806093888382,0.0,0.004431749852853102,0.0],[0.0,0.0,0.0,0.003167465428624787,-0.0032001008774770515,0.011047992827894289,-0.003200390171979982,0.0],[0.0,0.0,0.0,0.0,0.003210386497810347,-0.011034248747748793,0.003640406945476251,0.0],[0.0,0.0,0.0,0.0,0.0,0.0,-0.0029892190475406446,0.0022972647014965087],[0.0,0.0,0.0,0.0,0.0,0.0,0.0019943076826439057,-0.0022919918529978127]]}