{"din_name":"flux_level02383.json","din_kind":"RELATIVE","din_start":600.0000021345983,"din_end":660.0000304811815,"din_rules":["Interventions","r1","r1_rev","r2","r3","r4","r5","r6"],"din_hits":[0,47825,47811,293,389256,388952,302523,302521],"din_fluxs":[[0.0,0.0,0.0,0.0,0.0,0.0,0.0,0.0],[0.0,-0.001090680969319103,0.10081608619532774,0.19242990534148943,0.0,-0.0020272972251036,0.0,0.0],[0.0,0.0010918733590756517,-0.08704302825180039,-0.16532242967769367,0.0,0.0021663824372888255,0.0,0.0],[0.0,0.0,0.0,-0.3032461831817179,0.020269290717230902,0.0,0.031583198797615925,0.0],[0.0,0.0,0.0,0.0019090829366218652,-0.019955244964760876,0.004495110424557961,-0.019934679928854428,0.0],[0.0,0.0,0.0,0.0,0.020368892056940882,-0.0044947791532359525,0.030916180995563664,0.0],[0.0,0.0,0.0,0.0,0.0,0.0,-0.01742812556765708,0.005999712969893586],[0.0,0.0,0.0,0.0,0.0,0.0,0.004541514885171217,-0.005963716559362021]]}