{"din_name":"flux_level08169.json","din_kind":"RELATIVE","din_start":600.0000032496191,"din_end":660.000007456705,"din_rules":["Interventions","r1","r1_rev","r2","r3","r4","r5","r6"],"din_hits":[0,283432,283342,105485,1618179,1512684,1411498,1411486],"din_fluxs":[[0.0,0.0,0.0,0.0,0.0,0.0,0.0,0.0],[0.0,-0.0011683863456012575,0.012620821603534768,0.019194150243909594,0.0,-0.002152260923242792,0.0,0.0],[0.0,0.0011697664754123892,-0.01224894536981525,-0.024038290222563336,0.0,0.0029185523901404556,0.0,0.0],[0.0,0.0,0.0,-0.13517581641071416,0.002712979853061105,0.0,0.003105902592347945,0.0],[0.0,0.0,0.0,0.011207725844916404,-0.0027059883575842832,0.016044917840188418,-0.0027053110785377455,0.0],[0.0,0.0,0.0,0.0,0.002713358495936145,-0.017012519188766118,0.003024590209093659,0.0],[0.0,0.0,0.0,0.0,0.0,0.0,-0.0018549913035662221,0.004043761424516241],[0.0,0.0,0.0,0.0,0.0,0.0,0.0014968530837209323,-0.004027424594883748]]}