{"din_name":"flux_level05776.json","din_kind":"RELATIVE","din_start":600.0000329190739,"din_end":660.0000382861077,"din_rules":["Interventions","r1","r1_rev","r2","r3","r4","r5","r6"],"din_hits":[0,11240,11216,874,240876,240001,228768,228776],"din_fluxs":[[0.0,0.0,0.0,0.0,0.0,0.0,0.0,0.0],[0.0,-0.0011051550317450324,0.042185408942930186,0.08091452980876424,0.0,-0.002049379691017724,0.0,0.0],[0.0,0.0011064086822165468,-0.039556160873192074,-0.07739285746385638,0.0,0.002158699975459438,0.0,0.0],[0.0,0.0,0.0,-0.14732115005924223,0.03592334343617172,0.0,0.05330706398023769,0.0],[0.0,0.0,0.0,0.0008217781875613956,-0.034786131916668066,0.00435262000091294,-0.0348374552350559,0.0],[0.0,0.0,0.0,0.0,0.0360853613615215,-0.004354348792082183,0.0522908712346525,0.0],[0.0,0.0,0.0,0.0,0.0,0.0,-0.02576912568523963,0.021117841568843578],[0.0,0.0,0.0,0.0,0.0,0.0,0.010226793375504268,-0.020670456596503302]]}