{"din_name":"flux_level05150.json","din_kind":"RELATIVE","din_start":600.0000109503667,"din_end":660.000003759016,"din_rules":["Interventions","r1","r1_rev","r2","r3","r4","r5","r6"],"din_hits":[0,34593,34580,653,376308,375662,1122299,1122309],"din_fluxs":[[0.0,0.0,0.0,0.0,0.0,0.0,0.0,0.0],[0.0,-0.0010902905278674887,0.10305634917411052,0.1708498213265051,0.0,-0.002010116261749186,0.0,0.0],[0.0,0.001091482533879215,-0.08988010927764341,-0.1510540573553828,0.0,0.003283980017609723,0.0,0.0],[0.0,0.0,0.0,-0.5592368522073793,0.0026785444986571266,0.0,0.004362254279586411,0.0],[0.0,0.0,0.0,0.012248182441962172,-0.0026704576414682013,0.01621935521640439,-0.002669526367770893,0.0],[0.0,0.0,0.0,0.0,0.002677608825953578,-0.016100039017246284,0.004008944945126977,0.0],[0.0,0.0,0.0,0.0,0.0,0.0,-0.0028212905199084485,0.002142301449720711],[0.0,0.0,0.0,0.0,0.0,0.0,0.0023844325655411882,-0.002137716384789172]]}