{"din_name":"flux_level07582.json","din_kind":"RELATIVE","din_start":600.0000136388467,"din_end":660.0000007367054,"din_rules":["Interventions","r1","r1_rev","r2","r3","r4","r5","r6"],"din_hits":[0,7980,7965,7954,1740647,1732694,1007135,1007153],"din_fluxs":[[0.0,0.0,0.0,0.0,0.0,0.0,0.0,0.0],[0.0,-0.0010904134335897133,0.10154539530354478,0.08842444802330802,0.0,-0.0020222784942962244,0.0,0.0],[0.0,0.0010916118812567138,-0.08953091831544946,-0.16378581642253082,0.0,0.005398082496968214,0.0,0.0],[0.0,0.0,0.0,-0.42456254741117233,0.0026381255946967804,0.0,0.0031195076782108925,0.0],[0.0,0.0,0.0,0.004414928661863306,-0.0026320009199187434,0.01722894475776595,-0.002632814280016054,0.0],[0.0,0.0,0.0,0.0,0.002638952964852621,-0.017027590188938603,0.002822429219817962,0.0],[0.0,0.0,0.0,0.0,0.0,0.0,-0.0016747007710548618,0.005012028906322191],[0.0,0.0,0.0,0.0,0.0,0.0,0.0013615354933804742,-0.0049869350892184075]]}