{"din_name":"flux_level10754.json","din_kind":"RELATIVE","din_start":600.0000046262739,"din_end":660.0000269429494,"din_rules":["Interventions","r1","r1_rev","r2","r3","r4","r5","r6"],"din_hits":[0,3983,3958,28613,2458187,2429563,190803,190806],"din_fluxs":[[0.0,0.0,0.0,0.0,0.0,0.0,0.0,0.0],[0.0,-0.0011027875034697637,0.04727319988017851,0.04901172148942067,0.0,-0.002100021238596179,0.0,0.0],[0.0,0.0011040779603660423,-0.0437665731350269,-0.08406219727323888,0.0,0.004302869574598949,0.0,0.0],[0.0,0.0,0.0,-0.2341267638323525,0.0029537309611738605,0.0,0.0032586985311140225,0.0],[0.0,0.0,0.0,0.0037134941273021483,-0.002944759288543952,0.013011607166784497,-0.0029456159239825705,0.0],[0.0,0.0,0.0,0.0,0.0029534582081704066,-0.012996839848504757,0.0029953246215269473,0.0],[0.0,0.0,0.0,0.0,0.0,0.0,-0.0018200764732705342,0.0053914235092035415],[0.0,0.0,0.0,0.0,0.0,0.0,0.0012700127567771304,-0.005362380229997725]]}