{"din_name":"flux_level11181.json","din_kind":"RELATIVE","din_start":600.0000008451234,"din_end":660.000001057584,"din_rules":["Interventions","r1","r1_rev","r2","r3","r4","r5","r6"],"din_hits":[0,34113,34097,4393,1311820,1307426,1150679,1150675],"din_fluxs":[[0.0,0.0,0.0,0.0,0.0,0.0,0.0,0.0],[0.0,-0.0010906522837233808,0.09969386877592261,0.10826966388057281,0.0,-0.002020934799339766,0.0,0.0],[0.0,0.0010918450154738081,-0.08726068660420506,-0.15693208778131482,0.0,0.004593712741766874,0.0,0.0],[0.0,0.0,0.0,-0.47754292744933147,0.0026195480971272157,0.0,0.003582134236223903,0.0],[0.0,0.0,0.0,0.006964567544065312,-0.0026120469499517985,0.017555537254761205,-0.002612037384632025,0.0],[0.0,0.0,0.0,0.0,0.002618887746806918,-0.017373546085497397,0.0030666115849792316,0.0],[0.0,0.0,0.0,0.0,0.0,0.0,-0.002540164064197976,0.002155888428258693],[0.0,0.0,0.0,0.0,0.0,0.0,0.0020387080485487204,-0.0021512452117780196]]}