{"din_name":"flux_level05860.json","din_kind":"RELATIVE","din_start":600.0000025424399,"din_end":660.000001201956,"din_rules":["Interventions","r1","r1_rev","r2","r3","r4","r5","r6"],"din_hits":[0,47537,47531,7514,2375517,2368001,1147246,1147183],"din_fluxs":[[0.0,0.0,0.0,0.0,0.0,0.0,0.0,0.0],[0.0,-0.00108956365559571,0.11094693167185543,0.11710828262705751,0.0,-0.0019771706861182975,0.0,0.0],[0.0,0.0010907531285788055,-0.09596964428866069,-0.17010779499354797,0.0,0.004867338579459676,0.0,0.0],[0.0,0.0,0.0,-0.5047689400960242,0.002581833162101956,0.0,0.003176825726881228,0.0],[0.0,0.0,0.0,0.0070255505776853295,-0.0025757454724940243,0.018410139210283,-0.002576733419616495,0.0],[0.0,0.0,0.0,0.0,0.0025824010579053656,-0.01818852225301244,0.002800154431203185,0.0],[0.0,0.0,0.0,0.0,0.0,0.0,-0.002202177020509647,0.002482846254532626],[0.0,0.0,0.0,0.0,0.0,0.0,0.0017612566309893763,-0.002476686007409508]]}