{"din_name":"flux_level05102.json","din_kind":"RELATIVE","din_start":600.0000015577776,"din_end":660.0000059875623,"din_rules":["Interventions","r1","r1_rev","r2","r3","r4","r5","r6"],"din_hits":[0,44810,44788,31632,3076391,3044763,1367488,1367454],"din_fluxs":[[0.0,0.0,0.0,0.0,0.0,0.0,0.0,0.0],[0.0,-0.0010989283205809317,0.055197118242697914,0.05261065315788051,0.0,-0.002029556769446499,0.0,0.0],[0.0,0.0011001418514969869,-0.05134322627589051,-0.09626073232741431,0.0,0.004719753178113261,0.0,0.0],[0.0,0.0,0.0,-0.33298473413535223,0.002586343084657334,0.0,0.003498295831836462,0.0],[0.0,0.0,0.0,0.006228298460370099,-0.002579926415743357,0.018564631825045513,-0.0025791668953674784,0.0],[0.0,0.0,0.0,0.0,0.0025866045696194585,-0.018449266685870432,0.002859508622866246,0.0],[0.0,0.0,0.0,0.0,0.0,0.0,-0.0029560338692809114,0.0018139681740412061],[0.0,0.0,0.0,0.0,0.0,0.0,0.002344986124294424,-0.0018106809662047372]]}