{"din_name":"flux_level12667.json","din_kind":"RELATIVE","din_start":600.0000043854483,"din_end":660.0000018363027,"din_rules":["Interventions","r1","r1_rev","r2","r3","r4","r5","r6"],"din_hits":[0,282825,282721,103256,981336,878065,1457503,1457497],"din_fluxs":[[0.0,0.0,0.0,0.0,0.0,0.0,0.0,0.0],[0.0,-0.0012120222385472077,0.00879035706695108,0.015303356826892375,0.0,-0.0022535029947792773,0.0,0.0],[0.0,0.0012135217189943072,-0.008558177218666878,-0.01686506591953066,0.0,0.0026430968124790243,0.0,0.0],[0.0,0.0,0.0,-0.10787529979960202,0.0027252611619709784,0.0,0.003912490733480808,0.0],[0.0,0.0,0.0,0.013296820525091468,-0.0027178414486824223,0.015667774294249093,-0.0027155685274838767,0.0],[0.0,0.0,0.0,0.0,0.0027252522213900656,-0.01732888035475262,0.003772663820624362,0.0],[0.0,0.0,0.0,0.0,0.0,0.0,-0.0033846583894650514,0.0017975058592053603],[0.0,0.0,0.0,0.0,0.0,0.0,0.00268444418681057,-0.001794278346917223]]}