{"din_name":"flux_level05275.json","din_kind":"RELATIVE","din_start":600.0000010811775,"din_end":660.0000004136099,"din_rules":["Interventions","r1","r1_rev","r2","r3","r4","r5","r6"],"din_hits":[0,580488,580182,594612,1928757,1334140,730863,730868],"din_fluxs":[[0.0,0.0,0.0,0.0,0.0,0.0,0.0,0.0],[0.0,-0.0014727744525472339,0.0036309759735722513,0.00955295962555504,0.0,-0.002767935843887315,0.0,0.0],[0.0,0.00147505316566174,-0.0035501853231143577,-0.00702347401041702,0.0,0.002129247457972494,0.0,0.0],[0.0,0.0,0.0,-0.06825951452766037,0.0026620656017607627,0.0,0.0027549980227805004,0.0],[0.0,0.0,0.0,0.021777028496340802,-0.002654981581167903,0.014918766895682183,-0.002654147601089901,0.0],[0.0,0.0,0.0,0.0,0.0026620459544400344,-0.02084738332910745,0.0027896958433753782,0.0],[0.0,0.0,0.0,0.0,0.0,0.0,-0.0015653401781011251,0.007061180238068382],[0.0,0.0,0.0,0.0,0.0,0.0,0.0012590435564112034,-0.0070113778858251164]]}