{"din_name":"flux_level09065.json","din_kind":"RELATIVE","din_start":600.0000037561524,"din_end":660.0000031440344,"din_rules":["Interventions","r1","r1_rev","r2","r3","r4","r5","r6"],"din_hits":[0,494248,494161,156956,2273281,2116319,1873542,1873523],"din_fluxs":[[0.0,0.0,0.0,0.0,0.0,0.0,0.0,0.0],[0.0,-0.0011747803587605608,0.011828369079003318,0.018755233775408303,0.0,-0.0021796903742398992,0.0,0.0],[0.0,0.001176171004193893,-0.011493786943909779,-0.022601281951552855,0.0,0.0028084817044023553,0.0,0.0],[0.0,0.0,0.0,-0.11453362623097922,0.0028833577886882107,0.0,0.003518801240352383,0.0],[0.0,0.0,0.0,0.009956904163617566,-0.002875034091060866,0.013697939499711598,-0.002876372760112516,0.0],[0.0,0.0,0.0,0.0,0.00288332598616225,-0.014642115746005564,0.00340065136836889,0.0],[0.0,0.0,0.0,0.0,0.0,0.0,-0.002526673172285682,0.0025102796144602832],[0.0,0.0,0.0,0.0,0.0,0.0,0.0019019780020229707,-0.0025039849146983565]]}