{"din_name":"flux_level00686.json","din_kind":"RELATIVE","din_start":600.0000059824771,"din_end":660.0000065262108,"din_rules":["Interventions","r1","r1_rev","r2","r3","r4","r5","r6"],"din_hits":[0,57177,57166,9221,3092123,3082881,1147266,1147239],"din_fluxs":[[0.0,0.0,0.0,0.0,0.0,0.0,0.0,0.0],[0.0,-0.0010920051617500886,0.08667161259649561,0.09998013889078225,0.0,-0.002012378668715172,0.0,0.0],[0.0,0.0010932004863918121,-0.07802324532076205,-0.14644554506301077,0.0,0.0038408835596368497,0.0,0.0],[0.0,0.0,0.0,-0.3531265228963552,0.003227265957161151,0.0,0.003942492925821243,0.0],[0.0,0.0,0.0,0.0033670159730945495,-0.0032163175784445178,0.010836333986346246,-0.003216859913570369,0.0],[0.0,0.0,0.0,0.0,0.003226702114409019,-0.01078483215653082,0.003538438613807588,0.0],[0.0,0.0,0.0,0.0,0.0,0.0,-0.0024940368535401867,0.0030291660208539555],[0.0,0.0,0.0,0.0,0.0,0.0,0.0016675402282812482,-0.0030199992460693604]]}