{"din_name":"flux_level05335.json","din_kind":"RELATIVE","din_start":600.0000056214915,"din_end":660.0000078373187,"din_rules":["Interventions","r1","r1_rev","r2","r3","r4","r5","r6"],"din_hits":[0,55597,55584,241,230186,229950,651219,651233],"din_fluxs":[[0.0,0.0,0.0,0.0,0.0,0.0,0.0,0.0],[0.0,-0.001089840222699739,0.10783198535052256,0.23703341995934907,0.0,-0.0019840811025071277,0.0,0.0],[0.0,0.0010910303975621325,-0.09358450278372914,-0.1463227916378418,0.0,0.0025802286315560687,0.0,0.0],[0.0,0.0,0.0,-0.6237427299448368,0.002691021469680083,0.0,0.003040699677893715,0.0],[0.0,0.0,0.0,0.018611212366914848,-0.0026790205645072017,0.01597711680790714,-0.0026775347456983473,0.0],[0.0,0.0,0.0,0.0,0.002686215039910517,-0.015878143207468085,0.003007828925622392,0.0],[0.0,0.0,0.0,0.0,0.0,0.0,-0.0015502995814203225,0.009210566142394369],[0.0,0.0,0.0,0.0,0.0,0.0,0.001438852947027634,-0.00912579797047171]]}