{"din_name":"flux_level11569.json","din_kind":"RELATIVE","din_start":600.0000070884448,"din_end":660.0000020194992,"din_rules":["Interventions","r1","r1_rev","r2","r3","r4","r5","r6"],"din_hits":[0,26190,26182,22795,4203458,4180669,1685409,1685379],"din_fluxs":[[0.0,0.0,0.0,0.0,0.0,0.0,0.0,0.0],[0.0,-0.001091362936801749,0.0921736218367275,0.07998085031081299,0.0,-0.002012472421635882,0.0,0.0],[0.0,0.0010925580286876215,-0.08237927293879314,-0.1526048199429401,0.0,0.005538698586962973,0.0,0.0],[0.0,0.0,0.0,-0.4299311016994103,0.0025641867874009413,0.0,0.003708273667640079,0.0],[0.0,0.0,0.0,0.0054261066190198865,-0.002558848183275553,0.018988680151812237,-0.002558572025189608,0.0],[0.0,0.0,0.0,0.0,0.0025654214662294674,-0.01875448723126226,0.002812171486955161,0.0],[0.0,0.0,0.0,0.0,0.0,0.0,-0.0030034085384629703,0.001775580732103428],[0.0,0.0,0.0,0.0,0.0,0.0,0.0023961924392597793,-0.0017724315760532878]]}