{"din_name":"flux_level07260.json","din_kind":"RELATIVE","din_start":600.0000230949649,"din_end":660.0000294085404,"din_rules":["Interventions","r1","r1_rev","r2","r3","r4","r5","r6"],"din_hits":[0,71494,71477,3088,806729,803627,446202,446204],"din_fluxs":[[0.0,0.0,0.0,0.0,0.0,0.0,0.0,0.0],[0.0,-0.0010958911663392055,0.06565896962584174,0.09294652547609153,0.0,-0.0020208407130942675,0.0,0.0],[0.0,0.0010970955671947178,-0.06043103114093346,-0.1119795561591397,0.0,0.003383008203451895,0.0,0.0],[0.0,0.0,0.0,-0.39506103698526945,0.0028198217602737404,0.0,0.0030176166755154638,0.0],[0.0,0.0,0.0,0.008094098843424513,-0.0028132641708893983,0.01415786090298624,-0.002813242038624467,0.0],[0.0,0.0,0.0,0.0,0.00282121065888715,-0.014130014552091064,0.0029741416647154372,0.0],[0.0,0.0,0.0,0.0,0.0,0.0,-0.001567694297261776,0.011427235371685614],[0.0,0.0,0.0,0.0,0.0,0.0,0.0012945442798491312,-0.01129678216576178]]}