{"din_name":"flux_level00362.json","din_kind":"RELATIVE","din_start":600.0000436195742,"din_end":660.0000066533701,"din_rules":["Interventions","r1","r1_rev","r2","r3","r4","r5","r6"],"din_hits":[0,7152,7140,2185,618081,615912,186056,186060],"din_fluxs":[[0.0,0.0,0.0,0.0,0.0,0.0,0.0,0.0],[0.0,-0.0010929689581424095,0.08095948692866659,0.0907313581566382,0.0,-0.0020685818792370086,0.0,0.0],[0.0,0.0010941790123072054,-0.07305596595961672,-0.13722503367286396,0.0,0.0038923976053482946,0.0,0.0],[0.0,0.0,0.0,-0.3163230597120501,0.0033456803479362906,0.0,0.003600768620966332,0.0],[0.0,0.0,0.0,0.0026071033332165767,-0.003335993859838528,0.010255676796682612,-0.003335529493208414,0.0],[0.0,0.0,0.0,0.0,0.003347171507436723,-0.010207805196332662,0.003494501805164431,0.0],[0.0,0.0,0.0,0.0,0.0,0.0,-0.0018330919028767402,0.013763488358022108],[0.0,0.0,0.0,0.0,0.0,0.0,0.0013469455686468763,-0.013574150256592267]]}