{"din_name":"flux_level03326.json","din_kind":"RELATIVE","din_start":600.0000400594131,"din_end":660.0000237406222,"din_rules":["Interventions","r1","r1_rev","r2","r3","r4","r5","r6"],"din_hits":[0,9171,9162,1198,1041845,1040633,1339666,1339678],"din_fluxs":[[0.0,0.0,0.0,0.0,0.0,0.0,0.0,0.0],[0.0,-0.0010890648205287032,0.11643230486842635,0.167598915288511,0.0,-0.00203673531663457,0.0,0.0],[0.0,0.0010902581191058207,-0.1011259435942074,-0.18851713280506774,0.0,0.0030676912573605313,0.0,0.0],[0.0,0.0,0.0,-0.35279683962310093,0.00492776593641919,0.0,0.0077366100125089605,0.0],[0.0,0.0,0.0,0.001392827069709684,-0.004900602749316288,0.006872433038931759,-0.004903573500659177,0.0],[0.0,0.0,0.0,0.0,0.004924788866095754,-0.006842210477121004,0.0068246623035395195,0.0],[0.0,0.0,0.0,0.0,0.0,0.0,-0.004010378715442662,0.00402488658557055],[0.0,0.0,0.0,0.0,0.0,0.0,0.002561103520315871,-0.00400869941290176]]}