{"din_name":"flux_level02440.json","din_kind":"RELATIVE","din_start":600.000005526805,"din_end":660.0000059256508,"din_rules":["Interventions","r1","r1_rev","r2","r3","r4","r5","r6"],"din_hits":[0,34274,34255,6406,1287503,1281094,1214124,1214125],"din_fluxs":[[0.0,0.0,0.0,0.0,0.0,0.0,0.0,0.0],[0.0,-0.0010926461687027333,0.0839297950983745,0.0854397927771073,0.0,-0.002016030004500143,0.0,0.0],[0.0,0.001093843858845315,-0.07472459292485566,-0.13635566129155074,0.0,0.004834743627575686,0.0,0.0],[0.0,0.0,0.0,-0.4498686731923957,0.0025399853847479148,0.0,0.0035129684272416114,0.0],[0.0,0.0,0.0,0.007495347651724727,-0.0025336389386379863,0.01963094627781062,-0.0025295622029195683,0.0],[0.0,0.0,0.0,0.0,0.002540077049277208,-0.0194186822704993,0.002962479883747222,0.0],[0.0,0.0,0.0,0.0,0.0,0.0,-0.002501051718851928,0.0021090245607990775],[0.0,0.0,0.0,0.0,0.0,0.0,0.002056093908282717,-0.0021045811191123384]]}