{"din_name":"flux_level10321.json","din_kind":"RELATIVE","din_start":600.0000131374252,"din_end":660.0000108383983,"din_rules":["Interventions","r1","r1_rev","r2","r3","r4","r5","r6"],"din_hits":[0,2419,2415,13831,2495257,2481422,1035923,1035940],"din_fluxs":[[0.0,0.0,0.0,0.0,0.0,0.0,0.0,0.0],[0.0,-0.0010927933739459058,0.08220001778770085,0.07586202635709483,0.0,-0.0020984186977065036,0.0,0.0],[0.0,0.001094009291343998,-0.07376481081240542,-0.13770928714914454,0.0,0.004935637113167827,0.0,0.0],[0.0,0.0,0.0,-0.3436653389393971,0.002837599299409505,0.0,0.0052282925918992135,0.0],[0.0,0.0,0.0,0.0031998339126355804,-0.002830233895788457,0.014117971357026403,-0.0028302493681643067,0.0],[0.0,0.0,0.0,0.0,0.002838274569326782,-0.014000058508010378,0.0032736744171970628,0.0],[0.0,0.0,0.0,0.0,0.0,0.0,-0.003864950434262217,0.0016282416996264233],[0.0,0.0,0.0,0.0,0.0,0.0,0.0028237536070388858,-0.0016255925545407416]]}