{"din_name":"flux_level00549.json","din_kind":"RELATIVE","din_start":600.000004495074,"din_end":660.0000240173626,"din_rules":["Interventions","r1","r1_rev","r2","r3","r4","r5","r6"],"din_hits":[0,623635,623509,99649,808036,708375,918690,918700],"din_fluxs":[[0.0,0.0,0.0,0.0,0.0,0.0,0.0,0.0],[0.0,-0.001234468702398491,0.007654260434302732,0.01437248016471426,0.0,-0.0023059634524180963,0.0,0.0],[0.0,0.00123601229487601,-0.007466275963169541,-0.014737967066325302,0.0,0.002534881152310218,0.0,0.0],[0.0,0.0,0.0,-0.11472892822961271,0.002600018250356237,0.0,0.002872455803977345,0.0],[0.0,0.0,0.0,0.016713962310858935,-0.0025932696387396827,0.017932477043162687,-0.00259149985901674,0.0],[0.0,0.0,0.0,0.0,0.0026000147529571605,-0.02022864677087144,0.0028583560065663072,0.0],[0.0,0.0,0.0,0.0,0.0,0.0,-0.0015960208083714866,0.005952717865436957],[0.0,0.0,0.0,0.0,0.0,0.0,0.0013692558512020977,-0.005917318391251914]]}