{"din_name":"flux_level04660.json","din_kind":"RELATIVE","din_start":600.0000178327931,"din_end":660.0000063595147,"din_rules":["Interventions","r1","r1_rev","r2","r3","r4","r5","r6"],"din_hits":[0,75870,75835,26409,1243496,1217059,966470,966494],"din_fluxs":[[0.0,0.0,0.0,0.0,0.0,0.0,0.0,0.0],[0.0,-0.0011166593070071789,0.029031671286462047,0.03430617237869809,0.0,-0.002071019356468351,0.0,0.0],[0.0,0.0011179169964371277,-0.027711582641046752,-0.05333900846075563,0.0,0.0036866952986437614,0.0,0.0],[0.0,0.0,0.0,-0.22159869192676632,0.0026996853855112656,0.0,0.0030577334389147947,0.0],[0.0,0.0,0.0,0.007575843457962129,-0.002693265227224998,0.016267653093099698,-0.002693308675572818,0.0],[0.0,0.0,0.0,0.0,0.002700561497572955,-0.016445895313009298,0.002933605254175107,0.0],[0.0,0.0,0.0,0.0,0.0,0.0,-0.0016745880649855084,0.005670362353503412],[0.0,0.0,0.0,0.0,0.0,0.0,0.001375784478161453,-0.0056382393410290554]]}