{"din_name":"flux_level10738.json","din_kind":"RELATIVE","din_start":600.0000073673926,"din_end":660.0000032657908,"din_rules":["Interventions","r1","r1_rev","r2","r3","r4","r5","r6"],"din_hits":[0,242520,242488,105740,3984279,3878536,549690,549700],"din_fluxs":[[0.0,0.0,0.0,0.0,0.0,0.0,0.0,0.0],[0.0,-0.0011222704976627093,0.02526529443359619,0.030580035125480142,0.0,-0.002072962339169048,0.0,0.0],[0.0,0.0011235350677166616,-0.024229749046710217,-0.047007305321266034,0.0,0.0036152615801063404,0.0,0.0],[0.0,0.0,0.0,-0.20702087095055705,0.002676477868119332,0.0,0.0027703895330583313,0.0],[0.0,0.0,0.0,0.008194896718703137,-0.002669711796679387,0.016732191503159192,-0.002670486668675628,0.0],[0.0,0.0,0.0,0.0,0.002676871435225407,-0.01699072844372699,0.002722291870846698,0.0],[0.0,0.0,0.0,0.0,0.0,0.0,-0.0014939613083439452,0.009851994338972311],[0.0,0.0,0.0,0.0,0.0,0.0,0.0011668096779720008,-0.009755022793679324]]}