{"din_name":"flux_level09006.json","din_kind":"RELATIVE","din_start":600.0000252626762,"din_end":660.0000070766545,"din_rules":["Interventions","r1","r1_rev","r2","r3","r4","r5","r6"],"din_hits":[0,70127,70111,6719,1334621,1327905,1339478,1339481],"din_fluxs":[[0.0,0.0,0.0,0.0,0.0,0.0,0.0,0.0],[0.0,-0.0011000690503229214,0.052324421726350843,0.07252144800163324,0.0,-0.0020470104727564466,0.0,0.0],[0.0,0.0011012836349645382,-0.048813174929671625,-0.09398002633545528,0.0,0.0031056746416413634,0.0,0.0],[0.0,0.0,0.0,-0.23985578745991407,0.0037859741366293876,0.0,0.005175608302069071,0.0],[0.0,0.0,0.0,0.003528763763274853,-0.003771309363870443,0.008732020702271038,-0.003768705976438119,0.0],[0.0,0.0,0.0,0.0,0.003785600659256245,-0.008754483459090098,0.004763614852066832,0.0],[0.0,0.0,0.0,0.0,0.0,0.0,-0.00297002625818212,0.003490282057940531],[0.0,0.0,0.0,0.0,0.0,0.0,0.00200599623851585,-0.003478112729680585]]}