{"din_name":"flux_level08060.json","din_kind":"RELATIVE","din_start":600.0000071832632,"din_end":660.0000015132871,"din_rules":["Interventions","r1","r1_rev","r2","r3","r4","r5","r6"],"din_hits":[0,33065,33053,9453,2727622,2718142,2102899,2102880],"din_fluxs":[[0.0,0.0,0.0,0.0,0.0,0.0,0.0,0.0],[0.0,-0.0010915763380318967,0.09018038510102316,0.09362225318750526,0.0,-0.0020073633526714583,0.0,0.0],[0.0,0.0010927717420237527,-0.08081736016935648,-0.151339107342011,0.0,0.0043164162806183445,0.0,0.0],[0.0,0.0,0.0,-0.37119799259673536,0.0029919918135152012,0.0,0.004263118583037707,0.0],[0.0,0.0,0.0,0.00344900994568938,-0.0029839036058392867,0.012466845093629497,-0.0029851716515532376,0.0],[0.0,0.0,0.0,0.0,0.0029928428215505454,-0.012382706449252726,0.0035440081244013737,0.0],[0.0,0.0,0.0,0.0,0.0,0.0,-0.0026269063225077926,0.002527440400879382],[0.0,0.0,0.0,0.0,0.0,0.0,0.0019229672490031636,-0.0025210584300405818]]}