{"din_name":"flux_level11258.json","din_kind":"RELATIVE","din_start":600.0000251844149,"din_end":660.0000009828822,"din_rules":["Interventions","r1","r1_rev","r2","r3","r4","r5","r6"],"din_hits":[0,27640,27629,4234,1534476,1530225,656017,656016],"din_fluxs":[[0.0,0.0,0.0,0.0,0.0,0.0,0.0,0.0],[0.0,-0.0010897340265116136,0.11088565399359884,0.11736740747905293,0.0,-0.002016560444996779,0.0,0.0],[0.0,0.0010909251181209503,-0.09466320448748496,-0.1715412044105384,0.0,0.004461107502317915,0.0,0.0],[0.0,0.0,0.0,-0.45272893295128774,0.0027850840170017713,0.0,0.005173263799876669,0.0],[0.0,0.0,0.0,0.005085420734022435,-0.002777435226739935,0.014657045641440112,-0.0027781996431907436,0.0],[0.0,0.0,0.0,0.0,0.0027851747241802614,-0.014527052388798454,0.003632560031266153,0.0],[0.0,0.0,0.0,0.0,0.0,0.0,-0.007285051044003461,0.0012627000684542423],[0.0,0.0,0.0,0.0,0.0,0.0,0.005390909292925424,-0.0012611072418545737]]}