{"din_name":"flux_level06457.json","din_kind":"RELATIVE","din_start":600.0000246769488,"din_end":660.0000096529168,"din_rules":["Interventions","r1","r1_rev","r2","r3","r4","r5","r6"],"din_hits":[0,55726,55717,1953,1113048,1111110,509233,509220],"din_fluxs":[[0.0,0.0,0.0,0.0,0.0,0.0,0.0,0.0],[0.0,-0.001089496720966107,0.11212248689033914,0.16108763195731968,0.0,-0.0020300427175607184,0.0,0.0],[0.0,0.0010906860750094338,-0.09677095327593903,-0.16803044005560597,0.0,0.0036403128674686045,0.0,0.0],[0.0,0.0,0.0,-0.5125076034390565,0.0027943285686454606,0.0,0.002988585008850833,0.0],[0.0,0.0,0.0,0.008465943392072456,-0.002785218999945266,0.01446398034380904,-0.0027850435186267293,0.0],[0.0,0.0,0.0,0.0,0.002792998144763876,-0.01436022524000992,0.002931369612994603,0.0],[0.0,0.0,0.0,0.0,0.0,0.0,-0.0015679924889680005,0.010163088818004996],[0.0,0.0,0.0,0.0,0.0,0.0,0.0012689418416105902,-0.010059841511294904]]}