{"din_name":"flux_level13468.json","din_kind":"RELATIVE","din_start":600.0000036922432,"din_end":660.0000009889191,"din_rules":["Interventions","r1","r1_rev","r2","r3","r4","r5","r6"],"din_hits":[0,385349,385260,12969,296032,283059,258184,258203],"din_fluxs":[[0.0,0.0,0.0,0.0,0.0,0.0,0.0,0.0],[0.0,-0.0011696971661392744,0.01244684865408294,0.023237491670196713,0.0,-0.0021792121000256486,0.0,0.0],[0.0,0.0011710771762496544,-0.012086063054490516,-0.023964723797472994,0.0,0.0023379867296038502,0.0,0.0],[0.0,0.0,0.0,-0.06746637709375999,0.005780043901391434,0.0,0.014275398268991164,0.0],[0.0,0.0,0.0,0.005245466659075792,-0.005747528165933179,0.00626072063742343,-0.0057590556919186985,0.0],[0.0,0.0,0.0,0.0,0.005780890049941267,-0.00670945756534836,0.014167526048110602,0.0],[0.0,0.0,0.0,0.0,0.0,0.0,-0.0164276295313527,0.0015084795710820465],[0.0,0.0,0.0,0.0,0.0,0.0,0.007243900736642712,-0.0015062040161252642]]}