{"din_name":"flux_level02829.json","din_kind":"RELATIVE","din_start":600.0000130112987,"din_end":660.0000045959449,"din_rules":["Interventions","r1","r1_rev","r2","r3","r4","r5","r6"],"din_hits":[0,20108,20088,2615,745100,742500,1740114,1740157],"din_fluxs":[[0.0,0.0,0.0,0.0,0.0,0.0,0.0,0.0],[0.0,-0.001091060242058325,0.09458693437719348,0.10593419297855047,0.0,-0.002053980711261865,0.0,0.0],[0.0,0.0010922543472358043,-0.08432142064066848,-0.15176125707723387,0.0,0.004555251465576458,0.0,0.0],[0.0,0.0,0.0,-0.46607031377122987,0.0026302590465325177,0.0,0.004328756760885669,0.0],[0.0,0.0,0.0,0.006776010289821275,-0.002623671745244683,0.017310622340466254,-0.002625160419462782,0.0],[0.0,0.0,0.0,0.0,0.0026305764074171854,-0.01713955979711505,0.0036445602672869823,0.0],[0.0,0.0,0.0,0.0,0.0,0.0,-0.0026604172544365742,0.0021730888660779733],[0.0,0.0,0.0,0.0,0.0,0.0,0.00223519195867268,-0.002168369201016514]]}