{"din_name":"flux_level01895.json","din_kind":"RELATIVE","din_start":600.0000331712997,"din_end":660.0000171155843,"din_rules":["Interventions","r1","r1_rev","r2","r3","r4","r5","r6"],"din_hits":[0,366943,366858,8871,165420,156530,1305084,1305082],"din_fluxs":[[0.0,0.0,0.0,0.0,0.0,0.0,0.0,0.0],[0.0,-0.0011757114301580163,0.011726496612426312,0.0219629924474423,0.0,-0.0021844360301438255,0.0,0.0],[0.0,0.0011771075291180935,-0.011392841555842456,-0.022374523320583466,0.0,0.0024230349278329955,0.0,0.0],[0.0,0.0,0.0,-0.1375570979797802,0.0027965293760120083,0.0,0.005609728743017868,0.0],[0.0,0.0,0.0,0.013348397869310552,-0.0027888416340743636,0.014422694905771397,-0.002782710715834752,0.0],[0.0,0.0,0.0,0.0,0.0027966465865475686,-0.015520701741819276,0.005609144214999968,0.0],[0.0,0.0,0.0,0.0,0.0,0.0,-0.0033868933559671626,0.0021260942400494684],[0.0,0.0,0.0,0.0,0.0,0.0,0.003042649061909257,-0.002121578583461426]]}