{"din_name":"flux_level12927.json","din_kind":"RELATIVE","din_start":600.00001433683,"din_end":660.0000012724614,"din_rules":["Interventions","r1","r1_rev","r2","r3","r4","r5","r6"],"din_hits":[0,177064,177024,72977,3207762,3134800,1658087,1658088],"din_fluxs":[[0.0,0.0,0.0,0.0,0.0,0.0,0.0,0.0],[0.0,-0.0011180130893985723,0.027993765685838327,0.033108062050877046,0.0,-0.0020733953599410154,0.0,0.0],[0.0,0.001119268757694823,-0.026771082158324737,-0.05178055201565159,0.0,0.0037029088464985787,0.0,0.0],[0.0,0.0,0.0,-0.21544760013579625,0.0027002149659355545,0.0,0.0031914172813279043,0.0],[0.0,0.0,0.0,0.0075759036254229315,-0.002693554318678755,0.01628019291435847,-0.0026938695621493668,0.0],[0.0,0.0,0.0,0.0,0.002700846126865199,-0.016474837306366293,0.002955868119880359,0.0],[0.0,0.0,0.0,0.0,0.0,0.0,-0.002197389216092868,0.002699414193023201],[0.0,0.0,0.0,0.0,0.0,0.0,0.0017042713682061102,-0.002692134756327697]]}