{"din_name":"flux_level10765.json","din_kind":"RELATIVE","din_start":600.0000050432708,"din_end":660.0000003836728,"din_rules":["Interventions","r1","r1_rev","r2","r3","r4","r5","r6"],"din_hits":[0,23665,23644,43748,3533565,3489800,757481,757490],"din_fluxs":[[0.0,0.0,0.0,0.0,0.0,0.0,0.0,0.0],[0.0,-0.001102964066623277,0.04593317943220408,0.04683530659932185,0.0,-0.0020690074924108424,0.0,0.0],[0.0,0.0011041942260061463,-0.043057708293712936,-0.08309878744200173,0.0,0.004370868898303429,0.0,0.0],[0.0,0.0,0.0,-0.25449914995772527,0.002801794422837047,0.0,0.004379648014456568,0.0],[0.0,0.0,0.0,0.004624474741441656,-0.0027944892832327483,0.014694738201979779,-0.002795500883910888,0.0],[0.0,0.0,0.0,0.0,0.002802330851881228,-0.014675399301401947,0.003126867291551665,0.0],[0.0,0.0,0.0,0.0,0.0,0.0,-0.005528903163612958,0.0013573668954232835],[0.0,0.0,0.0,0.0,0.0,0.0,0.004035321616679911,-0.0013555263436141169]]}