{"din_name":"flux_level04592.json","din_kind":"RELATIVE","din_start":600.0000099262919,"din_end":660.0000032335689,"din_rules":["Interventions","r1","r1_rev","r2","r3","r4","r5","r6"],"din_hits":[0,23439,23417,17268,2014761,1997491,1899409,1899383],"din_fluxs":[[0.0,0.0,0.0,0.0,0.0,0.0,0.0,0.0],[0.0,-0.0010997218645120751,0.053157661982722454,0.05441010253011564,0.0,-0.002015656460159336,0.0,0.0],[0.0,0.001100942033722113,-0.04948922748364703,-0.0956132175532368,0.0,0.004192856606413627,0.0,0.0],[0.0,0.0,0.0,-0.26359202347508887,0.0029735145110445197,0.0,0.0043385112737875636,0.0],[0.0,0.0,0.0,0.003781620098409606,-0.002964716156274883,0.012761521798483139,-0.0029642718822992134,0.0],[0.0,0.0,0.0,0.0,0.0029735371542204377,-0.012732828044825827,0.0035977811678723653,0.0],[0.0,0.0,0.0,0.0,0.0,0.0,-0.002598033861956271,0.002577870247220796],[0.0,0.0,0.0,0.0,0.0,0.0,0.0019400910846421072,-0.0025712312369927316]]}