{"din_name":"flux_level08099.json","din_kind":"RELATIVE","din_start":600.0000095150073,"din_end":660.0000175454394,"din_rules":["Interventions","r1","r1_rev","r2","r3","r4","r5","r6"],"din_hits":[0,27414,27405,2216,1046732,1044507,357614,357589],"din_fluxs":[[0.0,0.0,0.0,0.0,0.0,0.0,0.0,0.0],[0.0,-0.0010891169080090143,0.11846721115755265,0.13481405698307142,0.0,-0.0019905174733766792,0.0,0.0],[0.0,0.0010903063879574644,-0.10034870871755473,-0.17625091139048804,0.0,0.004215438106364137,0.0,0.0],[0.0,0.0,0.0,-0.490732741670433,0.0027592023074986347,0.0,0.004603505488756881,0.0],[0.0,0.0,0.0,0.006300577927385897,-0.0027484444356474253,0.015030103391891179,-0.002750241514452088,0.0],[0.0,0.0,0.0,0.0,0.0027560159875295955,-0.01489453425504114,0.003627455258015616,0.0],[0.0,0.0,0.0,0.0,0.0,0.0,-0.009384389359079088,0.0011903402927679941],[0.0,0.0,0.0,0.0,0.0,0.0,0.006993124731723684,-0.0011889251843000793]]}