{"din_name":"flux_level04250.json","din_kind":"RELATIVE","din_start":600.0001266462817,"din_end":660.0000509250639,"din_rules":["Interventions","r1","r1_rev","r2","r3","r4","r5","r6"],"din_hits":[0,179878,179839,1637,144792,143141,304870,304886],"din_fluxs":[[0.0,0.0,0.0,0.0,0.0,0.0,0.0,0.0],[0.0,-0.0011234018114458187,0.02465432347722115,0.046487162229809385,0.0,-0.0020858278050227084,0.0,0.0],[0.0,0.0011246706996881385,-0.023653050058761647,-0.04603986411332268,0.0,0.0022959344882332723,0.0,0.0],[0.0,0.0,0.0,-0.17078591117366593,0.003716877479038226,0.0,0.004555545370296128,0.0],[0.0,0.0,0.0,0.007867887938350041,-0.003704379259189458,0.008808792222227232,-0.0037048076060925803,0.0],[0.0,0.0,0.0,0.0,0.0037181793104462827,-0.009079602230831905,0.004525702838739939,0.0],[0.0,0.0,0.0,0.0,0.0,0.0,-0.0023694360012920723,0.007162376303014311],[0.0,0.0,0.0,0.0,0.0,0.0,0.001993277651885825,-0.007111107011268326]]}