{"din_name":"flux_level04166.json","din_kind":"RELATIVE","din_start":600.0000693125336,"din_end":660.0000517836501,"din_rules":["Interventions","r1","r1_rev","r2","r3","r4","r5","r6"],"din_hits":[0,57801,57782,895,480541,479638,245436,245433],"din_fluxs":[[0.0,0.0,0.0,0.0,0.0,0.0,0.0,0.0],[0.0,-0.001095826964668255,0.06590756824064993,0.12064480507338751,0.0,-0.0020323366329463594,0.0,0.0],[0.0,0.0010970316626638102,-0.06063769854147298,-0.11677158699635085,0.0,0.002291461041103429,0.0,0.0],[0.0,0.0,0.0,-0.23268835513818342,0.01052841706906519,0.0,0.01186062124565594,0.0],[0.0,0.0,0.0,0.00236732391267407,-0.010458688875530777,0.005016201476898295,-0.010463258957337919,0.0],[0.0,0.0,0.0,0.0,0.010570149218068233,-0.0050308042444882385,0.011865605329339475,0.0],[0.0,0.0,0.0,0.0,0.0,0.0,-0.0059911609010223086,0.024731892006993935],[0.0,0.0,0.0,0.0,0.0,0.0,0.0035305965815116648,-0.024119807216711024]]}