{"din_name":"flux_level13799.json","din_kind":"RELATIVE","din_start":600.0000004904362,"din_end":660.000028896673,"din_rules":["Interventions","r1","r1_rev","r2","r3","r4","r5","r6"],"din_hits":[0,1103765,1103552,376520,1803777,1427240,1656241,1656241],"din_fluxs":[[0.0,0.0,0.0,0.0,0.0,0.0,0.0,0.0],[0.0,-0.0013286066465768305,0.005139888396652199,0.011205742198958616,0.0,-0.0024923247391509277,0.0,0.0],[0.0,0.0013303987852472177,-0.005026230783951712,-0.009915976130440093,0.0,0.0023196525851517744,0.0,0.0],[0.0,0.0,0.0,-0.08333811330980223,0.0026616428195959233,0.0,0.0030249101713637396,0.0],[0.0,0.0,0.0,0.018251664827824487,-0.002654517366793638,0.016068957975591602,-0.0026544299058590803,0.0],[0.0,0.0,0.0,0.0,0.00266156999912369,-0.019769140427677884,0.0030473767923126943,0.0],[0.0,0.0,0.0,0.0,0.0,0.0,-0.0020877179385667675,0.0029339987556369585],[0.0,0.0,0.0,0.0,0.0,0.0,0.0016797504786699668,-0.002925399124142688]]}