{"din_name":"flux_level12683.json","din_kind":"RELATIVE","din_start":600.0000002872767,"din_end":660.0000100590305,"din_rules":["Interventions","r1","r1_rev","r2","r3","r4","r5","r6"],"din_hits":[0,92936,92910,6492,1843885,1837385,800373,800394],"din_fluxs":[[0.0,0.0,0.0,0.0,0.0,0.0,0.0,0.0],[0.0,-0.0010964757978535525,0.06348477646161031,0.08923096828449563,0.0,-0.0020349664312538044,0.0,0.0],[0.0,0.00109768071062814,-0.05856563934689662,-0.11138831166631025,0.0,0.0030892549167249274,0.0,0.0],[0.0,0.0,0.0,-0.2822238191194247,0.003759050023800193,0.0,0.004288676635822682,0.0],[0.0,0.0,0.0,0.003689526437404089,-0.003745458230818029,0.008770733517714846,-0.0037444297568446083,0.0],[0.0,0.0,0.0,0.0,0.0037595574226501776,-0.008777030838535461,0.004140995760086734,0.0],[0.0,0.0,0.0,0.0,0.0,0.0,-0.0024176692614589178,0.005328245297736384],[0.0,0.0,0.0,0.0,0.0,0.0,0.0015477007619460951,-0.0052998824251836016]]}