{"din_name":"flux_level08835.json","din_kind":"RELATIVE","din_start":600.0000230611229,"din_end":660.0000043498925,"din_rules":["Interventions","r1","r1_rev","r2","r3","r4","r5","r6"],"din_hits":[0,712165,712027,442879,3094116,2651213,1898942,1898974],"din_fluxs":[[0.0,0.0,0.0,0.0,0.0,0.0,0.0,0.0],[0.0,-0.0012525439204156797,0.006957786130836796,0.013336182524897704,0.0,-0.002347171846702288,0.0,0.0],[0.0,0.001254133960114606,-0.006791603304441207,-0.013375922665116821,0.0,0.002498452213755026,0.0,0.0],[0.0,0.0,0.0,-0.09949625366611345,0.002664949965371705,0.0,0.0029470137309014145,0.0],[0.0,0.0,0.0,0.01582823324536456,-0.0026579577181557014,0.016512972593060546,-0.0026560895441166414,0.0],[0.0,0.0,0.0,0.0,0.0026650599808390315,-0.018946493246211425,0.00292831257261754,0.0],[0.0,0.0,0.0,0.0,0.0,0.0,-0.002043772619251519,0.003004266712231073],[0.0,0.0,0.0,0.0,0.0,0.0,0.001615312247786661,-0.0029952504568870005]]}