{"din_name":"flux_level03294.json","din_kind":"RELATIVE","din_start":600.0000104962251,"din_end":660.0000108430743,"din_rules":["Interventions","r1","r1_rev","r2","r3","r4","r5","r6"],"din_hits":[0,147003,146978,32622,3350228,3317592,1637740,1637714],"din_fluxs":[[0.0,0.0,0.0,0.0,0.0,0.0,0.0,0.0],[0.0,-0.0011064813430417036,0.03974393993500381,0.050178003494558344,0.0,-0.0020404269554099687,0.0,0.0],[0.0,0.0011077096228039626,-0.03756988462053872,-0.07266115740644699,0.0,0.0033467772377855226,0.0,0.0],[0.0,0.0,0.0,-0.20312164860588383,0.0034260741097528183,0.0,0.004312497764327437,0.0],[0.0,0.0,0.0,0.0038547751892755804,-0.0034134400214134667,0.009991220503787476,-0.003411428187764554,0.0],[0.0,0.0,0.0,0.0,0.003425133340609406,-0.01004517240206054,0.003921096807349403,0.0],[0.0,0.0,0.0,0.0,0.0,0.0,-0.002853805946204216,0.002745419351285626],[0.0,0.0,0.0,0.0,0.0,0.0,0.0018455191176698384,-0.002737888389785985]]}