{"din_name":"flux_level05510.json","din_kind":"RELATIVE","din_start":600.0000163668608,"din_end":660.0000094707575,"din_rules":["Interventions","r1","r1_rev","r2","r3","r4","r5","r6"],"din_hits":[0,6400,6382,11966,1811589,1799628,781099,781073],"din_fluxs":[[0.0,0.0,0.0,0.0,0.0,0.0,0.0,0.0],[0.0,-0.001096882433498721,0.062365954696656054,0.06536409273801135,0.0,-0.0021186195500014476,0.0,0.0],[0.0,0.001098113039068494,-0.05728466810763917,-0.1104298892690623,0.0,0.004263614644273609,0.0,0.0],[0.0,0.0,0.0,-0.2672740945525721,0.0031519050078051905,0.0,0.006225506606976594,0.0],[0.0,0.0,0.0,0.0027002791594537908,-0.0031424464520900647,0.011394056087309853,-0.0031382401234058563,0.0],[0.0,0.0,0.0,0.0,0.003152362490222684,-0.0113469152398048,0.003882664486532692,0.0],[0.0,0.0,0.0,0.0,0.0,0.0,-0.005064638856296788,0.0015150344877604659],[0.0,0.0,0.0,0.0,0.0,0.0,0.0033800197902696303,-0.0015127404436957575]]}