{"din_name":"flux_level02906.json","din_kind":"RELATIVE","din_start":600.0000288491889,"din_end":660.0000000715136,"din_rules":["Interventions","r1","r1_rev","r2","r3","r4","r5","r6"],"din_hits":[0,130097,130044,97013,3254976,3157949,1926262,1926251],"din_fluxs":[[0.0,0.0,0.0,0.0,0.0,0.0,0.0,0.0],[0.0,-0.001125487624825765,0.023585649495796182,0.028923135987362826,0.0,-0.002096047577424754,0.0,0.0],[0.0,0.0011267637475753708,-0.022646059981644734,-0.04422166076331048,0.0,0.003587192481885831,0.0,0.0],[0.0,0.0,0.0,-0.18303704759714526,0.0027574311331477358,0.0,0.0033282761099672417,0.0],[0.0,0.0,0.0,0.007429678266394105,-0.0027499580464960607,0.015418730097251608,-0.0027500472709733673,0.0],[0.0,0.0,0.0,0.0,0.0027575481821701187,-0.015702970345557028,0.003052263083610768,0.0],[0.0,0.0,0.0,0.0,0.0,0.0,-0.0021806444150671246,0.002865454833726313],[0.0,0.0,0.0,0.0,0.0,0.0,0.001678186968212547,-0.0028572514317025855]]}