{"din_name":"flux_level01205.json","din_kind":"RELATIVE","din_start":600.0000059497597,"din_end":660.0000075262838,"din_rules":["Interventions","r1","r1_rev","r2","r3","r4","r5","r6"],"din_hits":[0,19791,19774,24380,2417207,2392813,1603226,1603250],"din_fluxs":[[0.0,0.0,0.0,0.0,0.0,0.0,0.0,0.0],[0.0,-0.0010985313454255994,0.057377820506194534,0.05358201837673271,0.0,-0.0020483377517904675,0.0,0.0],[0.0,0.0010997492878820172,-0.05246785280097457,-0.09799308368141922,0.0,0.004685614301017142,0.0,0.0],[0.0,0.0,0.0,-0.31441147928467594,0.0026545416179431826,0.0,0.004083859679790314,0.0],[0.0,0.0,0.0,0.0052895503114627025,-0.002648092892469608,0.017043188837828908,-0.0026484833123659518,0.0],[0.0,0.0,0.0,0.0,0.0026551328496789506,-0.016945655044915225,0.0030991165670614593,0.0],[0.0,0.0,0.0,0.0,0.0,0.0,-0.00308087975180317,0.001817762303649763],[0.0,0.0,0.0,0.0,0.0,0.0,0.002414710591346882,-0.0018144613735156926]]}