{"din_name":"flux_level05290.json","din_kind":"RELATIVE","din_start":600.0000152809411,"din_end":660.0000001217214,"din_rules":["Interventions","r1","r1_rev","r2","r3","r4","r5","r6"],"din_hits":[0,94614,94591,5072,1181639,1176562,694876,694874],"din_fluxs":[[0.0,0.0,0.0,0.0,0.0,0.0,0.0,0.0],[0.0,-0.0010981041039353086,0.05781234998312374,0.08159158137731361,0.0,-0.0020434971520224884,0.0,0.0],[0.0,0.0010993132017637778,-0.05364444782027986,-0.10191233189921163,0.0,0.0031770655148811488,0.0,0.0],[0.0,0.0,0.0,-0.30324606952100736,0.0032390903477608375,0.0,0.003883600617143946,0.0],[0.0,0.0,0.0,0.005463833477718846,-0.0032286970307813002,0.010750449664601218,-0.0032278922762055693,0.0],[0.0,0.0,0.0,0.0,0.0032391642656670874,-0.010770117078081782,0.003710362184642888,0.0],[0.0,0.0,0.0,0.0,0.0,0.0,-0.0025370465992550044,0.003054881976938454],[0.0,0.0,0.0,0.0,0.0,0.0,0.0017461942440488234,-0.0030455594963439752]]}