{"din_name":"flux_level09074.json","din_kind":"RELATIVE","din_start":600.0000214493524,"din_end":660.0000337016119,"din_rules":["Interventions","r1","r1_rev","r2","r3","r4","r5","r6"],"din_hits":[0,90521,90494,35516,1999442,1963927,478442,478460],"din_fluxs":[[0.0,0.0,0.0,0.0,0.0,0.0,0.0,0.0],[0.0,-0.0011118686770109584,0.033230600673107354,0.037731705865736646,0.0,-0.0020501062571002928,0.0,0.0],[0.0,0.001113112191320483,-0.03160320311456705,-0.06047976371565103,0.0,0.003809441044865101,0.0,0.0],[0.0,0.0,0.0,-0.23607896975090292,0.0027161649160086605,0.0,0.0030605633194135387,0.0],[0.0,0.0,0.0,0.0068703399314720935,-0.0027088131348035264,0.01598144891508033,-0.0027093844465626345,0.0],[0.0,0.0,0.0,0.0,0.0027161739295130565,-0.01608801852487727,0.002861072359060577,0.0],[0.0,0.0,0.0,0.0,0.0,0.0,-0.0024371176672105515,0.002297509989464386],[0.0,0.0,0.0,0.0,0.0,0.0,0.0018383408490579636,-0.002292237212152936]]}