{"din_name":"flux_level04968.json","din_kind":"RELATIVE","din_start":600.0000020219428,"din_end":660.0000023538312,"din_rules":["Interventions","r1","r1_rev","r2","r3","r4","r5","r6"],"din_hits":[0,47933,47926,2368,1299108,1296740,1998426,1998440],"din_fluxs":[[0.0,0.0,0.0,0.0,0.0,0.0,0.0,0.0],[0.0,-0.001089186517782529,0.11740269206457622,0.15554713472635337,0.0,-0.002001949618611153,0.0,0.0],[0.0,0.0010903751976684905,-0.09956888640444254,-0.17614291141246174,0.0,0.003868995919287915,0.0,0.0],[0.0,0.0,0.0,-0.5070380820941108,0.0028012865295375215,0.0,0.00377761801092816,0.0],[0.0,0.0,0.0,0.007391056670003977,-0.0027937686333745692,0.01436738818925576,-0.002794898867513105,0.0],[0.0,0.0,0.0,0.0,0.0028015998866323466,-0.01425585233472087,0.0034741805497120986,0.0],[0.0,0.0,0.0,0.0,0.0,0.0,-0.0022441905005657382,0.002994247556271406],[0.0,0.0,0.0,0.0,0.0,0.0,0.0018146651241863884,-0.002985290216393369]]}