{"din_name":"flux_level06127.json","din_kind":"RELATIVE","din_start":600.0000034629169,"din_end":660.000011041588,"din_rules":["Interventions","r1","r1_rev","r2","r3","r4","r5","r6"],"din_hits":[0,46952,46933,1004,547698,546670,538624,538658],"din_fluxs":[[0.0,0.0,0.0,0.0,0.0,0.0,0.0,0.0],[0.0,-0.0010947496938068855,0.07105763100851425,0.1225015517230881,0.0,-0.002029934733693899,0.0,0.0],[0.0,0.0010959521748072757,-0.0649711407690295,-0.12408893000519491,0.0,0.002472039009595431,0.0,0.0],[0.0,0.0,0.0,-0.2635900477937998,0.006423950823970915,0.0,0.012623672789134803,0.0],[0.0,0.0,0.0,0.00290930996981427,-0.006363828699474496,0.005918144846928127,-0.006367203260947378,0.0],[0.0,0.0,0.0,0.0,0.006404697471109101,-0.0059311551438918225,0.011570975624810348,0.0],[0.0,0.0,0.0,0.0,0.0,0.0,-0.009204856830318256,0.0021530487675732613],[0.0,0.0,0.0,0.0,0.0,0.0,0.0041050761498280025,-0.0021484130674131515]]}