{"din_name":"flux_level11247.json","din_kind":"RELATIVE","din_start":600.0000182820287,"din_end":660.0000022992542,"din_rules":["Interventions","r1","r1_rev","r2","r3","r4","r5","r6"],"din_hits":[0,107155,107119,2873,672293,669408,881525,881493],"din_fluxs":[[0.0,0.0,0.0,0.0,0.0,0.0,0.0,0.0],[0.0,-0.0011017233881682332,0.048291713789478774,0.07883142515242714,0.0,-0.002044777929859456,0.0,0.0],[0.0,0.0011029401279997364,-0.04525054249462391,-0.08703106841473104,0.0,0.002653412843793218,0.0,0.0],[0.0,0.0,0.0,-0.2447459615430286,0.0039947640806679285,0.0,0.0077235311644344795,0.0],[0.0,0.0,0.0,0.0050648494033273365,-0.0039792484011533895,0.008185967256533557,-0.003976662044167676,0.0],[0.0,0.0,0.0,0.0,0.003995172127090054,-0.008248926843848835,0.0072042137939123665,0.0],[0.0,0.0,0.0,0.0,0.0,0.0,-0.006288942368705249,0.0017949321325082695],[0.0,0.0,0.0,0.0,0.0,0.0,0.003898455669201402,-0.0017917128336499024]]}