{"din_name":"flux_level09225.json","din_kind":"RELATIVE","din_start":600.0000014018806,"din_end":660.0000126263634,"din_rules":["Interventions","r1","r1_rev","r2","r3","r4","r5","r6"],"din_hits":[0,5896,5884,50627,4291209,4240585,2055724,2055705],"din_fluxs":[[0.0,0.0,0.0,0.0,0.0,0.0,0.0,0.0],[0.0,-0.0010993586815864539,0.05498189474782171,0.0475268247781757,0.0,-0.0020211678567296546,0.0,0.0],[0.0,0.001100598856357571,-0.050741544022344036,-0.09619222318770926,0.0,0.004980144841193848,0.0,0.0],[0.0,0.0,0.0,-0.31496332895828977,0.002582520681672113,0.0,0.00356525333516607,0.0],[0.0,0.0,0.0,0.005799519823947189,-0.0025762795199395293,0.018721499791257812,-0.00257622068344977,0.0],[0.0,0.0,0.0,0.0,0.002582941079679381,-0.018595289146023247,0.00281553392762427,0.0],[0.0,0.0,0.0,0.0,0.0,0.0,-0.0024394501330120178,0.0021795342885948914],[0.0,0.0,0.0,0.0,0.0,0.0,0.0019482430558253592,-0.002174788226498666]]}