{"din_name":"flux_level09823.json","din_kind":"RELATIVE","din_start":600.0000032670509,"din_end":660.0000229037921,"din_rules":["Interventions","r1","r1_rev","r2","r3","r4","r5","r6"],"din_hits":[0,148998,148962,42088,2959450,2917347,1378706,1378735],"din_fluxs":[[0.0,0.0,0.0,0.0,0.0,0.0,0.0,0.0],[0.0,-0.001110468262079455,0.03473478254091099,0.042192435756715926,0.0,-0.0020761362182704786,0.0,0.0],[0.0,0.0011117060640427152,-0.03299708551164925,-0.0638892512515684,0.0,0.003567463601421632,0.0,0.0],[0.0,0.0,0.0,-0.21059657148800778,0.002999573597042301,0.0,0.003632504637694034,0.0],[0.0,0.0,0.0,0.005272618883534632,-0.0029903581664809213,0.012560914870692197,-0.0029894476649132075,0.0],[0.0,0.0,0.0,0.0,0.0029993291836966866,-0.012655742985514215,0.0033305265860173305,0.0],[0.0,0.0,0.0,0.0,0.0,0.0,-0.0024622589039344565,0.0027124066690220796],[0.0,0.0,0.0,0.0,0.0,0.0,0.0017536711400531835,-0.0027050579551459804]]}