{"din_name":"flux_level01622.json","din_kind":"RELATIVE","din_start":600.0000130393533,"din_end":660.0000035485044,"din_rules":["Interventions","r1","r1_rev","r2","r3","r4","r5","r6"],"din_hits":[0,67071,67052,13584,2558319,2544726,1976509,1976466],"din_fluxs":[[0.0,0.0,0.0,0.0,0.0,0.0,0.0,0.0],[0.0,-0.0010935374839207226,0.07723964273103835,0.0801135745121298,0.0,-0.001996175138291022,0.0,0.0],[0.0,0.001094736160031884,-0.07021522554830636,-0.12891498595009762,0.0,0.0046077837607471864,0.0,0.0],[0.0,0.0,0.0,-0.41633872874382755,0.0026067708554363684,0.0,0.0032759283279433105,0.0],[0.0,0.0,0.0,0.006679584670582558,-0.002599782486873338,0.017911419201093605,-0.0025990253805734604,0.0],[0.0,0.0,0.0,0.0,0.0026065603662782212,-0.017754024268724473,0.0029178100846048425,0.0],[0.0,0.0,0.0,0.0,0.0,0.0,-0.002090001347599535,0.002783186139575717],[0.0,0.0,0.0,0.0,0.0,0.0,0.0016913236801616655,-0.0027754477246342926]]}