{"din_name":"flux_level00005.json","din_kind":"RELATIVE","din_start":600.0000449275431,"din_end":660.0000374640929,"din_rules":["Interventions","r1","r1_rev","r2","r3","r4","r5","r6"],"din_hits":[0,25296,25257,7832,300200,292352,946727,946717],"din_fluxs":[[0.0,0.0,0.0,0.0,0.0,0.0,0.0,0.0],[0.0,-0.0011241806891068337,0.024365094115619608,0.03062680216877936,0.0,-0.002069295056327062,0.0,0.0],[0.0,0.001125485519450212,-0.023279244081402136,-0.04493586041061684,0.0,0.0034179258057958134,0.0,0.0],[0.0,0.0,0.0,-0.18917246158310821,0.00278423539276543,0.0,0.003424025789010992,0.0],[0.0,0.0,0.0,0.007649126482400124,-0.0027770461567447552,0.014952170869883851,-0.0027772956497285626,0.0],[0.0,0.0,0.0,0.0,0.002784796969093198,-0.01523348059302372,0.003337318400842688,0.0],[0.0,0.0,0.0,0.0,0.0,0.0,-0.0017752205701350799,0.005780714141996891],[0.0,0.0,0.0,0.0,0.0,0.0,0.0016031446005557873,-0.005747335051594157]]}