{"din_name":"flux_level13438.json","din_kind":"RELATIVE","din_start":600.0000215338129,"din_end":660.0000346053831,"din_rules":["Interventions","r1","r1_rev","r2","r3","r4","r5","r6"],"din_hits":[0,16892,16863,7230,367450,360229,1823228,1823239],"din_fluxs":[[0.0,0.0,0.0,0.0,0.0,0.0,0.0,0.0],[0.0,-0.001112531507578724,0.03263465632001615,0.03680510418135375,0.0,-0.0020557217948629354,0.0,0.0],[0.0,0.0011138037081081396,-0.0309185817950516,-0.059851170060794365,0.0,0.003952520102984592,0.0,0.0],[0.0,0.0,0.0,-0.2597878537292578,0.0025853979807095263,0.0,0.004887144342239941,0.0],[0.0,0.0,0.0,0.008369871554244589,-0.002577969248368061,0.018697305996027785,-0.0025782021134868917,0.0],[0.0,0.0,0.0,0.0,0.0025846187365254547,-0.01880070601860301,0.0042603920334172655,0.0],[0.0,0.0,0.0,0.0,0.0,0.0,-0.0028699742647249693,0.0020693526308185033],[0.0,0.0,0.0,0.0,0.0,0.0,0.0025395036604047706,-0.0020650747508337655]]}