{"din_name":"flux_level10690.json","din_kind":"RELATIVE","din_start":600.0000125756097,"din_end":660.0000071334634,"din_rules":["Interventions","r1","r1_rev","r2","r3","r4","r5","r6"],"din_hits":[0,122594,122557,74323,3506309,3431970,108632,108643],"din_fluxs":[[0.0,0.0,0.0,0.0,0.0,0.0,0.0,0.0],[0.0,-0.0011136872580295835,0.031429515633518146,0.034824030056724145,0.0,-0.0020683776379224134,0.0,0.0],[0.0,0.0011149338581005906,-0.029954291056426777,-0.05794903117085097,0.0,0.004003026650341751,0.0,0.0],[0.0,0.0,0.0,-0.2435392338817782,0.002610319012951045,0.0,0.002918065937432917,0.0],[0.0,0.0,0.0,0.007892033643215482,-0.0026039391966595046,0.018104405143858273,-0.0025996049637060166,0.0],[0.0,0.0,0.0,0.0,0.002610748933911219,-0.018226527626098846,0.0027420554145217648,0.0],[0.0,0.0,0.0,0.0,0.0,0.0,-0.014379085982968614,0.0011019083822822458],[0.0,0.0,0.0,0.0,0.0,0.0,0.011232415062312274,-0.0011006952067889222]]}