{"din_name":"flux_level09995.json","din_kind":"RELATIVE","din_start":600.0000259235534,"din_end":660.0000003907019,"din_rules":["Interventions","r1","r1_rev","r2","r3","r4","r5","r6"],"din_hits":[0,57724,57711,3414,954061,950641,1087968,1087940],"din_fluxs":[[0.0,0.0,0.0,0.0,0.0,0.0,0.0,0.0],[0.0,-0.0010928326609260905,0.08165710909720489,0.10799494174514082,0.0,-0.002031400127809923,0.0,0.0],[0.0,0.0010940300161105397,-0.07385582866273376,-0.13124711777838682,0.0,0.003978266611204577,0.0,0.0],[0.0,0.0,0.0,-0.47941463463055706,0.0025875088752625956,0.0,0.003333539756993909,0.0],[0.0,0.0,0.0,0.009675947348368257,-0.002580616020438343,0.018253725702920477,-0.0025809091888579693,0.0],[0.0,0.0,0.0,0.0,0.0025872943831773344,-0.0181024851569195,0.0030568437469867234,0.0],[0.0,0.0,0.0,0.0,0.0,0.0,-0.002266420220656299,0.0024611650679423566],[0.0,0.0,0.0,0.0,0.0,0.0,0.0018620332651539558,-0.002455112244630827]]}