{"din_name":"flux_level00081.json","din_kind":"RELATIVE","din_start":600.0000049175443,"din_end":660.0000028574105,"din_rules":["Interventions","r1","r1_rev","r2","r3","r4","r5","r6"],"din_hits":[0,33734,33724,15608,3769893,3754277,1361297,1361311],"din_fluxs":[[0.0,0.0,0.0,0.0,0.0,0.0,0.0,0.0],[0.0,-0.0010898652024865123,0.10643245926847125,0.0954984038816015,0.0,-0.0020112200363695634,0.0,0.0],[0.0,0.0010910561937619188,-0.09364624159685343,-0.17025663754492726,0.0,0.005542828706335474,0.0,0.0],[0.0,0.0,0.0,-0.46670798596132157,0.002561730967739174,0.0,0.0031091973310720146,0.0],[0.0,0.0,0.0,0.005656847303750306,-0.0025554415616366438,0.01902236405507606,-0.0025564761965813972,0.0],[0.0,0.0,0.0,0.0,0.002561991784350142,-0.018772709208854665,0.0027094259828672157,0.0],[0.0,0.0,0.0,0.0,0.0,0.0,-0.0020233607704205326,0.0027850056230662415],[0.0,0.0,0.0,0.0,0.0,0.0,0.0016233229198163058,-0.002777256974742934]]}