{"din_name":"flux_level06638.json","din_kind":"RELATIVE","din_start":600.0000381464233,"din_end":660.000018794472,"din_rules":["Interventions","r1","r1_rev","r2","r3","r4","r5","r6"],"din_hits":[0,72185,72159,5050,849354,844293,799378,799376],"din_fluxs":[[0.0,0.0,0.0,0.0,0.0,0.0,0.0,0.0],[0.0,-0.001108157134180273,0.037444187896415376,0.06302677479523511,0.0,-0.0020513135291917403,0.0,0.0],[0.0,0.001109392451921841,-0.03545818565922876,-0.06937901091185225,0.0,0.0024671146452602084,0.0,0.0],[0.0,0.0,0.0,-0.14764753660961946,0.008023381565016665,0.0,0.011121967629780091,0.0],[0.0,0.0,0.0,0.0020908543794385223,-0.007949665257284036,0.005481859861438842,-0.007951457556259464,0.0],[0.0,0.0,0.0,0.0,0.008013625618974896,-0.00551917385449367,0.010677341008325224,0.0],[0.0,0.0,0.0,0.0,0.0,0.0,-0.005867758830791109,0.006509269177640722],[0.0,0.0,0.0,0.0,0.0,0.0,0.00310180180282196,-0.006466932580197266]]}