{"din_name":"flux_level09163.json","din_kind":"RELATIVE","din_start":600.0000024876044,"din_end":660.0000063064496,"din_rules":["Interventions","r1","r1_rev","r2","r3","r4","r5","r6"],"din_hits":[0,29804,29788,19390,3549010,3529599,764355,764384],"din_fluxs":[[0.0,0.0,0.0,0.0,0.0,0.0,0.0,0.0],[0.0,-0.0010934836373917246,0.07767168638804696,0.073130186322151,0.0,-0.00201396928876906,0.0,0.0],[0.0,0.0010946843645289579,-0.07047141195995396,-0.13297704824663725,0.0,0.004762691606553362,0.0,0.0],[0.0,0.0,0.0,-0.35037889904687486,0.002801030990411411,0.0,0.004112381166893459,0.0],[0.0,0.0,0.0,0.0038957929013097928,-0.0027933747958384693,0.014567363998889521,-0.002792501314706971,0.0],[0.0,0.0,0.0,0.0,0.002801204483787874,-0.014457940558658856,0.003068718261663281,0.0],[0.0,0.0,0.0,0.0,0.0,0.0,-0.004465659034358146,0.0014774550740763647],[0.0,0.0,0.0,0.0,0.0,0.0,0.0032553582001418266,-0.001475273355677165]]}