{"din_name":"flux_level02810.json","din_kind":"RELATIVE","din_start":600.0000026655766,"din_end":660.0000464251222,"din_rules":["Interventions","r1","r1_rev","r2","r3","r4","r5","r6"],"din_hits":[0,78972,78954,9621,1760002,1750380,331397,331407],"din_fluxs":[[0.0,0.0,0.0,0.0,0.0,0.0,0.0,0.0],[0.0,-0.0010945071446446498,0.07216358139391627,0.08140863037605528,0.0,-0.0020267819418795367,0.0,0.0],[0.0,0.001095707987671583,-0.06593902381967574,-0.12001681730551639,0.0,0.00440514087950219,0.0,0.0],[0.0,0.0,0.0,-0.43895665596376826,0.0025360981893276947,0.0,0.0026127982069295516,0.0],[0.0,0.0,0.0,0.00883619692259455,-0.0025297502774775512,0.019728776009142298,-0.002530198037790252,0.0],[0.0,0.0,0.0,0.0,0.0025361684572062343,-0.019553267886587747,0.0025804579669180395,0.0],[0.0,0.0,0.0,0.0,0.0,0.0,-0.0013648108156768459,0.014555682380377832],[0.0,0.0,0.0,0.0,0.0,0.0,0.0011345264615067977,-0.014343954256034545]]}