{"din_name":"flux_level05617.json","din_kind":"RELATIVE","din_start":600.0000044089685,"din_end":660.0000000874085,"din_rules":["Interventions","r1","r1_rev","r2","r3","r4","r5","r6"],"din_hits":[0,92314,92301,3429,947124,943680,1300121,1300128],"din_fluxs":[[0.0,0.0,0.0,0.0,0.0,0.0,0.0,0.0],[0.0,-0.0010947368994874804,0.0706327709300516,0.10354728234396987,0.0,-0.002043452975291812,0.0,0.0],[0.0,0.0010959380408669319,-0.06468664541296573,-0.11697358332385996,0.0,0.0035293861794911253,0.0,0.0],[0.0,0.0,0.0,-0.4567399240064544,0.0026402541618524527,0.0,0.0036098013963555328,0.0],[0.0,0.0,0.0,0.010642037447996234,-0.002632856983151866,0.017041999999109585,-0.0026321041810534675,0.0],[0.0,0.0,0.0,0.0,0.0026398066455553108,-0.01695546261373995,0.003333805993097724,0.0],[0.0,0.0,0.0,0.0,0.0,0.0,-0.002653809806984645,0.0021208423758525053],[0.0,0.0,0.0,0.0,0.0,0.0,0.0021573915306460187,-0.0021163489623261355]]}