{"din_name":"flux_level06059.json","din_kind":"RELATIVE","din_start":600.0000067204093,"din_end":660.0000012617728,"din_rules":["Interventions","r1","r1_rev","r2","r3","r4","r5","r6"],"din_hits":[0,182027,181990,70664,3613805,3543127,1791459,1791453],"din_fluxs":[[0.0,0.0,0.0,0.0,0.0,0.0,0.0,0.0],[0.0,-0.0011159975074953438,0.029544353018596873,0.03554538876074601,0.0,-0.0020661036250624945,0.0,0.0],[0.0,0.0011172481498378775,-0.028212479035444243,-0.05482359650906933,0.0,0.0035848849094569854,0.0,0.0],[0.0,0.0,0.0,-0.1976039172593458,0.0028921825452156045,0.0,0.003487566266925705,0.0],[0.0,0.0,0.0,0.006064909869878557,-0.0028840774078117393,0.013628170061817487,-0.002885766221880777,0.0],[0.0,0.0,0.0,0.0,0.002892428525734499,-0.013784993510874569,0.0032026687141576532,0.0],[0.0,0.0,0.0,0.0,0.0,0.0,-0.002350135280201814,0.0027455557240764813],[0.0,0.0,0.0,0.0,0.0,0.0,0.0017283468776564752,-0.002738025351164065]]}