{"din_name":"flux_level07906.json","din_kind":"RELATIVE","din_start":600.0000124454025,"din_end":660.0000112368524,"din_rules":["Interventions","r1","r1_rev","r2","r3","r4","r5","r6"],"din_hits":[0,184176,184129,75644,2707308,2631655,654179,654180],"din_fluxs":[[0.0,0.0,0.0,0.0,0.0,0.0,0.0,0.0],[0.0,-0.001124132111380934,0.024246356172799424,0.02996068185469827,0.0,-0.002091164440404435,0.0,0.0],[0.0,0.0011254026945740597,-0.023273177084646768,-0.044999840743182196,0.0,0.0035530921298373088,0.0,0.0],[0.0,0.0,0.0,-0.20399452374601396,0.002670102963957505,0.0,0.003086926395908854,0.0],[0.0,0.0,0.0,0.008459706027536018,-0.002663203805328418,0.016859594284680913,-0.0026630381664769624,0.0],[0.0,0.0,0.0,0.0,0.002670324052028904,-0.01714693307829368,0.0028698670643782322,0.0],[0.0,0.0,0.0,0.0,0.0,0.0,-0.003436354731199333,0.0016554766434744368],[0.0,0.0,0.0,0.0,0.0,0.0,0.0026212660405099484,-0.0016527387240046212]]}