{"din_name":"flux_level07314.json","din_kind":"RELATIVE","din_start":600.0000030216186,"din_end":660.0000027810189,"din_rules":["Interventions","r1","r1_rev","r2","r3","r4","r5","r6"],"din_hits":[0,23108,23094,16886,3262698,3245800,1157269,1157278],"din_fluxs":[[0.0,0.0,0.0,0.0,0.0,0.0,0.0,0.0],[0.0,-0.0010913619037757841,0.09219519021681882,0.08328531936419725,0.0,-0.0020393302017897253,0.0,0.0],[0.0,0.001092557795130438,-0.08237284351547565,-0.1504972580648239,0.0,0.005350766029033852,0.0,0.0],[0.0,0.0,0.0,-0.4226585194447926,0.0025969942641016655,0.0,0.003020460978582564,0.0],[0.0,0.0,0.0,0.005061830311828163,-0.0025904492705392575,0.01817568784123802,-0.002590602993859157,0.0],[0.0,0.0,0.0,0.0,0.002597180562774199,-0.017964049338980752,0.0027213360152145874,0.0],[0.0,0.0,0.0,0.0,0.0,0.0,-0.0017383917209334546,0.004078491127264617],[0.0,0.0,0.0,0.0,0.0,0.0,0.0013911932008258718,-0.00406187384839602]]}