{"din_name":"flux_level06388.json","din_kind":"RELATIVE","din_start":600.0000003615303,"din_end":660.0000035699741,"din_rules":["Interventions","r1","r1_rev","r2","r3","r4","r5","r6"],"din_hits":[0,278271,278164,43080,544150,501049,1368934,1368935],"din_fluxs":[[0.0,0.0,0.0,0.0,0.0,0.0,0.0,0.0],[0.0,-0.0011904720837674074,0.010301088971520453,0.017746349308330578,0.0,-0.0022216749884643255,0.0,0.0],[0.0,0.0011919119764284627,-0.01001691004097207,-0.019705630040577158,0.0,0.002621388730332744,0.0,0.0],[0.0,0.0,0.0,-0.10325439064655768,0.002943823496004778,0.0,0.004783825960213122,0.0],[0.0,0.0,0.0,0.010565849433870714,-0.002935357710262371,0.012969387154328086,-0.002936390660955947,0.0],[0.0,0.0,0.0,0.0,0.0029440202385633096,-0.01409993451073429,0.004639879170852036,0.0],[0.0,0.0,0.0,0.0,0.0,0.0,-0.0033226049565625642,0.00210087742717766],[0.0,0.0,0.0,0.0,0.0,0.0,0.0026589779186064594,-0.0020964681003169624]]}