{"din_name":"flux_level12538.json","din_kind":"RELATIVE","din_start":600.0000085058165,"din_end":660.0000026678958,"din_rules":["Interventions","r1","r1_rev","r2","r3","r4","r5","r6"],"din_hits":[0,40358,40310,151647,3634334,3482679,603181,603153],"din_fluxs":[[0.0,0.0,0.0,0.0,0.0,0.0,0.0,0.0],[0.0,-0.0011376892769933793,0.018885353006489775,0.024307308473411695,0.0,-0.0021168810590692024,0.0,0.0],[0.0,0.001139026070241619,-0.018151719121516648,-0.03570442639671672,0.0,0.0034203726984958376,0.0,0.0],[0.0,0.0,0.0,-0.14790202315836254,0.0028359406497094155,0.0,0.003485087474796405,0.0],[0.0,0.0,0.0,0.00742056486511785,-0.002828318386374898,0.014412307212991835,-0.0028287012393875574,0.0],[0.0,0.0,0.0,0.0,0.002836361855022635,-0.014831174101232218,0.0030212298430686763,0.0],[0.0,0.0,0.0,0.0,0.0,0.0,-0.004137000472337365,0.001540078405593638],[0.0,0.0,0.0,0.0,0.0,0.0,0.002974738738533823,-0.0015377094428314626]]}