{"din_name":"flux_level02993.json","din_kind":"RELATIVE","din_start":600.000010822294,"din_end":660.000001776421,"din_rules":["Interventions","r1","r1_rev","r2","r3","r4","r5","r6"],"din_hits":[0,83829,83782,72093,2164257,2092158,974223,974225],"din_fluxs":[[0.0,0.0,0.0,0.0,0.0,0.0,0.0,0.0],[0.0,-0.0011278911764194856,0.022446895978397042,0.02734665600183683,0.0,-0.002099348073767425,0.0,0.0],[0.0,0.0011291788714122384,-0.021559434512344985,-0.041658575502509246,0.0,0.003605347301339259,0.0,0.0],[0.0,0.0,0.0,-0.19431267461034005,0.002643414711484897,0.0,0.003723097090870926,0.0],[0.0,0.0,0.0,0.00871300748165338,-0.002636700014986312,0.017457177038945355,-0.0026349515122665707,0.0],[0.0,0.0,0.0,0.0,0.002643682103772741,-0.017796134769179437,0.003114324003369131,0.0],[0.0,0.0,0.0,0.0,0.0,0.0,-0.004697162532604916,0.0014179723618159754],[0.0,0.0,0.0,0.0,0.0,0.0,0.003646549075681242,-0.0014159637318355558]]}