{"din_name":"flux_level02067.json","din_kind":"RELATIVE","din_start":600.0000011229131,"din_end":660.0000118402838,"din_rules":["Interventions","r1","r1_rev","r2","r3","r4","r5","r6"],"din_hits":[0,99819,99792,16176,1865559,1849385,534958,534969],"din_fluxs":[[0.0,0.0,0.0,0.0,0.0,0.0,0.0,0.0],[0.0,-0.001104646114342107,0.04330720937109845,0.05409644873742402,0.0,-0.0020437952274358568,0.0,0.0],[0.0,0.0011058710797637655,-0.040195022654559424,-0.07754083481295918,0.0,0.0033745177810761188,0.0,0.0],[0.0,0.0,0.0,-0.226932085894804,0.0032748797765849167,0.0,0.004732308705475497,0.0],[0.0,0.0,0.0,0.004390178259862907,-0.003264183064016679,0.010659948665344374,-0.00326494183133159,0.0],[0.0,0.0,0.0,0.0,0.00327488118404745,-0.010708781713760721,0.004095403576261305,0.0],[0.0,0.0,0.0,0.0,0.0,0.0,-0.007545685078766876,0.001312893289978111],[0.0,0.0,0.0,0.0,0.0,0.0,0.004799519923179445,-0.0013111708058636637]]}