{"din_name":"flux_level03288.json","din_kind":"RELATIVE","din_start":600.0000053124706,"din_end":660.0000031094506,"din_rules":["Interventions","r1","r1_rev","r2","r3","r4","r5","r6"],"din_hits":[0,60943,60920,21942,2498103,2476161,984118,984133],"din_fluxs":[[0.0,0.0,0.0,0.0,0.0,0.0,0.0,0.0],[0.0,-0.0010986642010285049,0.05598396910425759,0.057454064388929554,0.0,-0.0020631142478682815,0.0,0.0],[0.0,0.0010998758039436243,-0.0520386965519773,-0.09887708065559561,0.0,0.004482615428156242,0.0,0.0],[0.0,0.0,0.0,-0.3306561517559953,0.002652774233667356,0.0,0.0029893955162771124,0.0],[0.0,0.0,0.0,0.006010198871416656,-0.0026459275695869026,0.017027763895003798,-0.0026461970690264116,0.0],[0.0,0.0,0.0,0.0,0.002652951228784763,-0.01694535167384988,0.0027920488764781996,0.0],[0.0,0.0,0.0,0.0,0.0,0.0,-0.001703888252343767,0.004712031911067398],[0.0,0.0,0.0,0.0,0.0,0.0,0.0013530617485823413,-0.004689849361925937]]}