{"din_name":"flux_level05740.json","din_kind":"RELATIVE","din_start":600.0000060211036,"din_end":660.0000070485435,"din_rules":["Interventions","r1","r1_rev","r2","r3","r4","r5","r6"],"din_hits":[0,107820,107781,55356,2341911,2286550,686911,686893],"din_fluxs":[[0.0,0.0,0.0,0.0,0.0,0.0,0.0,0.0],[0.0,-0.001121034365401333,0.026033019480605307,0.032267085379882154,0.0,-0.0020911976798499462,0.0,0.0],[0.0,0.001122300672975585,-0.02493213969457939,-0.04853753478623985,0.0,0.0034948165450146033,0.0,0.0],[0.0,0.0,0.0,-0.17593016970044936,0.0029397484891667412,0.0,0.004008950741632379,0.0],[0.0,0.0,0.0,0.005981988716674298,-0.002931655687395524,0.013179870239499576,-0.002930266059458634,0.0],[0.0,0.0,0.0,0.0,0.0029402933278111446,-0.013383301261712388,0.003413112171076032,0.0],[0.0,0.0,0.0,0.0,0.0,0.0,-0.005320427974338777,0.0014110681885334967],[0.0,0.0,0.0,0.0,0.0,0.0,0.0037259200062289446,-0.0014090794440911746]]}