{"din_name":"flux_level07157.json","din_kind":"RELATIVE","din_start":600.0000049120684,"din_end":660.0000257382134,"din_rules":["Interventions","r1","r1_rev","r2","r3","r4","r5","r6"],"din_hits":[0,276600,276536,86806,2121915,2035100,193985,194003],"din_fluxs":[[0.0,0.0,0.0,0.0,0.0,0.0,0.0,0.0],[0.0,-0.0011416692606352383,0.01763369892434672,0.02451867270332847,0.0,-0.0021216412650393902,0.0,0.0],[0.0,0.0011429810901767681,-0.017036690978004705,-0.03331380161985589,0.0,0.0031698373296524854,0.0,0.0],[0.0,0.0,0.0,-0.16081746134808925,0.0027497367277147643,0.0,0.0027958098290925422,0.0],[0.0,0.0,0.0,0.009261904113844088,-0.0027422562065507446,0.015484143281024973,-0.0027425148342034816,0.0],[0.0,0.0,0.0,0.0,0.002749802969032356,-0.016025584646185035,0.0027808420549753302,0.0],[0.0,0.0,0.0,0.0,0.0,0.0,-0.0014593023638073375,0.017687871106357483],[0.0,0.0,0.0,0.0,0.0,0.0,0.0011211219459266364,-0.017375408328861627]]}