{"din_name":"flux_level06217.json","din_kind":"RELATIVE","din_start":600.0000116182516,"din_end":660.0000280493294,"din_rules":["Interventions","r1","r1_rev","r2","r3","r4","r5","r6"],"din_hits":[0,58581,58562,17934,1792140,1774214,1873443,1873461],"din_fluxs":[[0.0,0.0,0.0,0.0,0.0,0.0,0.0,0.0],[0.0,-0.0011020262552452458,0.047682964740333844,0.051973159480719004,0.0,-0.002043194385940155,0.0,0.0],[0.0,0.0011032465904834182,-0.04469376042724858,-0.08582836147731988,0.0,0.004059266626192781,0.0,0.0],[0.0,0.0,0.0,-0.282391859093811,0.0027814100303722904,0.0,0.004157221952041205,0.0],[0.0,0.0,0.0,0.005598268168818557,-0.002774320150467746,0.014881438057560413,-0.0027772104558252994,0.0],[0.0,0.0,0.0,0.0,0.002782047917519214,-0.014873440885330364,0.003485418974642985,0.0],[0.0,0.0,0.0,0.0,0.0,0.0,-0.0029274134729477775,0.0020390838685929212],[0.0,0.0,0.0,0.0,0.0,0.0,0.0022646997141382934,-0.002034929977174946]]}