{"din_name":"flux_level07664.json","din_kind":"RELATIVE","din_start":600.0000046759662,"din_end":660.0000037906013,"din_rules":["Interventions","r1","r1_rev","r2","r3","r4","r5","r6"],"din_hits":[0,91741,91726,6977,879365,872390,1304993,1304980],"din_fluxs":[[0.0,0.0,0.0,0.0,0.0,0.0,0.0,0.0],[0.0,-0.001102040546939761,0.047605848034209225,0.061486941348531145,0.0,-0.002047074559164933,0.0,0.0],[0.0,0.0011032590164941104,-0.04463205747050575,-0.08397533354144204,0.0,0.003634358569563447,0.0,0.0],[0.0,0.0,0.0,-0.34776419287382193,0.0026357123251535557,0.0,0.004292149127021701,0.0],[0.0,0.0,0.0,0.00912128793286791,-0.002628709408231194,0.017257933846041188,-0.002623560948986499,0.0],[0.0,0.0,0.0,0.0,0.0026356396441980187,-0.017258566015489325,0.003765246945694392,0.0],[0.0,0.0,0.0,0.0,0.0,0.0,-0.0038743809680675785,0.001600878204818529],[0.0,0.0,0.0,0.0,0.0,0.0,0.0031278304693283907,-0.0015983174604856248]]}