{"din_name":"flux_level04388.json","din_kind":"RELATIVE","din_start":600.0000000748934,"din_end":660.000000984933,"din_rules":["Interventions","r1","r1_rev","r2","r3","r4","r5","r6"],"din_hits":[0,90897,90884,6293,1090579,1084267,934929,934970],"din_fluxs":[[0.0,0.0,0.0,0.0,0.0,0.0,0.0,0.0],[0.0,-0.0010970914239654445,0.06104282132958234,0.07735386224421317,0.0,-0.0020312106693975013,0.0,0.0],[0.0,0.0010982980958035191,-0.0564582601353882,-0.10350787278336882,0.0,0.0039004584160001157,0.0,0.0],[0.0,0.0,0.0,-0.4236411362092594,0.0025512559214196625,0.0,0.0029151621247333905,0.0],[0.0,0.0,0.0,0.010374067454768815,-0.002543180266364885,0.019301446169062823,-0.0025435428991481923,0.0],[0.0,0.0,0.0,0.0,0.002549656677632966,-0.01919317492704514,0.0027839551772891723,0.0],[0.0,0.0,0.0,0.0,0.0,0.0,-0.00167818343708685,0.004421456106568393],[0.0,0.0,0.0,0.0,0.0,0.0,0.0014088205026770106,-0.00440191806010988]]}