{"din_name":"flux_level05516.json","din_kind":"RELATIVE","din_start":600.0000202014821,"din_end":660.000005432591,"din_rules":["Interventions","r1","r1_rev","r2","r3","r4","r5","r6"],"din_hits":[0,55426,55285,252522,1762588,1510044,774060,774060],"din_fluxs":[[0.0,0.0,0.0,0.0,0.0,0.0,0.0,0.0],[0.0,-0.0012535250841109941,0.006995782831855335,0.013253731541794418,0.0,-0.00234705814593471,0.0,0.0],[0.0,0.0012553460263634623,-0.006755139566018477,-0.013334418235237542,0.0,0.0024709000618575085,0.0,0.0],[0.0,0.0,0.0,-0.06585493287489015,0.003237243444891318,0.0,0.004130400220586062,0.0],[0.0,0.0,0.0,0.010114118516836171,-0.0032267794159429107,0.010732960822621207,-0.003230971580397457,0.0],[0.0,0.0,0.0,0.0,0.0032372313576042103,-0.01237704885003422,0.004036949388651798,0.0],[0.0,0.0,0.0,0.0,0.0,0.0,-0.005112205218427568,0.0015294909907754362],[0.0,0.0,0.0,0.0,0.0,0.0,0.0033263374654461386,-0.0015271540732072284]]}