{"din_name":"flux_level01775.json","din_kind":"RELATIVE","din_start":600.0000030912136,"din_end":660.0000043623744,"din_rules":["Interventions","r1","r1_rev","r2","r3","r4","r5","r6"],"din_hits":[0,20927,20913,27995,2440154,2412162,1136733,1136723],"din_fluxs":[[0.0,0.0,0.0,0.0,0.0,0.0,0.0,0.0],[0.0,-0.0010999176676959872,0.05277836495106708,0.048960028190540635,0.0,-0.0019969226872389606,0.0,0.0],[0.0,0.0011011384539765083,-0.0491154900304227,-0.09360664834396483,0.0,0.004810871418821966,0.0,0.0],[0.0,0.0,0.0,-0.31594465412181694,0.002595348658573071,0.0,0.003229165131502501,0.0],[0.0,0.0,0.0,0.006020360751926159,-0.002588920527469447,0.018380095508947883,-0.0025894423117008877,0.0],[0.0,0.0,0.0,0.0,0.002595646161914474,-0.01827642931904585,0.0027886828154113905,0.0],[0.0,0.0,0.0,0.0,0.0,0.0,-0.0020660435921247377,0.0027710635470199253],[0.0,0.0,0.0,0.0,0.0,0.0,0.0016511371190199818,-0.0027633931663202183]]}