{"din_name":"flux_level06172.json","din_kind":"RELATIVE","din_start":600.0000181778061,"din_end":660.0000031383917,"din_rules":["Interventions","r1","r1_rev","r2","r3","r4","r5","r6"],"din_hits":[0,48903,48889,1592,363726,362132,800596,800620],"din_fluxs":[[0.0,0.0,0.0,0.0,0.0,0.0,0.0,0.0],[0.0,-0.0011014825287724904,0.048824791413384756,0.07729451307283565,0.0,-0.002045519500515959,0.0,0.0],[0.0,0.0011027017150385932,-0.04570676360811843,-0.08784648877274755,0.0,0.0027316340844547047,0.0,0.0],[0.0,0.0,0.0,-0.2419120901863744,0.0039301714333370985,0.0,0.0067083541123577044,0.0],[0.0,0.0,0.0,0.004841013723595511,-0.0039135425315240955,0.008336603618493726,-0.003914959000757102,0.0],[0.0,0.0,0.0,0.0,0.003928931288836114,-0.008394057517469414,0.006434914534374355,0.0],[0.0,0.0,0.0,0.0,0.0,0.0,-0.004043222412495565,0.002742359175417006],[0.0,0.0,0.0,0.0,0.0,0.0,0.002927993345040947,-0.00273484726379043]]}