{"din_name":"flux_level07686.json","din_kind":"RELATIVE","din_start":600.0000043319939,"din_end":660.0000031952029,"din_rules":["Interventions","r1","r1_rev","r2","r3","r4","r5","r6"],"din_hits":[0,37079,37061,19881,3203132,3183249,923809,923816],"din_fluxs":[[0.0,0.0,0.0,0.0,0.0,0.0,0.0,0.0],[0.0,-0.0010935580234599953,0.07734679680698954,0.07121687776697033,0.0,-0.002001695317164365,0.0,0.0],[0.0,0.0010947580961446705,-0.07026250875564,-0.1305919190040218,0.0,0.005027638654966982,0.0,0.0],[0.0,0.0,0.0,-0.3928768277491492,0.002610939863798111,0.0,0.0034290282752699164,0.0],[0.0,0.0,0.0,0.005475209397629655,-0.0026051509734884965,0.017854477442448426,-0.002603833410471306,0.0],[0.0,0.0,0.0,0.0,0.0026119642342772183,-0.017681944751591735,0.0028062327892307086,0.0],[0.0,0.0,0.0,0.0,0.0,0.0,-0.003038749236831718,0.001778361170684418],[0.0,0.0,0.0,0.0,0.0,0.0,0.002373199745722052,-0.0017752014863250832]]}