{"din_name":"flux_level02289.json","din_kind":"RELATIVE","din_start":600.0000016110599,"din_end":660.0000187115044,"din_rules":["Interventions","r1","r1_rev","r2","r3","r4","r5","r6"],"din_hits":[0,84066,84047,7934,1932032,1924101,142515,142520],"din_fluxs":[[0.0,0.0,0.0,0.0,0.0,0.0,0.0,0.0],[0.0,-0.0011010971500322027,0.04966776706285376,0.07774238850294998,0.0,-0.0020381617820296625,0.0,0.0],[0.0,0.0011023138560098994,-0.04647939394997283,-0.09041335945805572,0.0,0.002663539572731997,0.0,0.0],[0.0,0.0,0.0,-0.19148566250642052,0.00620530894303345,0.0,0.009429647443012962,0.0],[0.0,0.0,0.0,0.0020054353068042177,-0.006159783820748798,0.006063440451455311,-0.006146654384516254,0.0],[0.0,0.0,0.0,0.0,0.006198053627357765,-0.006078390583277142,0.00791201547786473,0.0],[0.0,0.0,0.0,0.0,0.0,0.0,-0.030393305594348663,0.0011353192874939526],[0.0,0.0,0.0,0.0,0.0,0.0,0.010423492563359903,-0.001134031215952941]]}