{"din_name":"flux_level03728.json","din_kind":"RELATIVE","din_start":600.0000000022292,"din_end":660.0000065082543,"din_rules":["Interventions","r1","r1_rev","r2","r3","r4","r5","r6"],"din_hits":[0,13626,13610,15986,4022473,4006475,1169859,1169836],"din_fluxs":[[0.0,0.0,0.0,0.0,0.0,0.0,0.0,0.0],[0.0,-0.0010914778542825037,0.09106513855549882,0.08742085447907717,0.0,-0.002045004242619981,0.0,0.0],[0.0,0.0010926762215098527,-0.08149302074759104,-0.15326050958247903,0.0,0.004660887494842232,0.0,0.0],[0.0,0.0,0.0,-0.3535487156356389,0.002991819476646547,0.0,0.003609585838765157,0.0],[0.0,0.0,0.0,0.0026881021853282488,-0.0029833024477749328,0.012507657960010398,-0.0029839839352482096,0.0],[0.0,0.0,0.0,0.0,0.002992235954266962,-0.012410137979179675,0.003160233181927995,0.0],[0.0,0.0,0.0,0.0,0.0,0.0,-0.0019923707565638452,0.004246293329832451],[0.0,0.0,0.0,0.0,0.0,0.0,0.0014209977398368027,-0.004228277448436416]]}