{"din_name":"flux_level00159.json","din_kind":"RELATIVE","din_start":600.0000470186359,"din_end":660.0000460086845,"din_rules":["Interventions","r1","r1_rev","r2","r3","r4","r5","r6"],"din_hits":[0,174492,174461,8906,752610,743724,5941,5938],"din_fluxs":[[0.0,0.0,0.0,0.0,0.0,0.0,0.0,0.0],[0.0,-0.0011108785064070836,0.03418649781204684,0.04910865743176103,0.0,-0.0020522851552037436,0.0,0.0],[0.0,0.0011121168981076584,-0.03250075847812151,-0.06143959656909395,0.0,0.0032002505034435962,0.0,0.0],[0.0,0.0,0.0,-0.31071514115566284,0.002600233649047991,0.0,0.14997587019986527,0.0],[0.0,0.0,0.0,0.011551281227954813,-0.0025928441855153144,0.01805145233764311,-0.0017865732014494295,0.0],[0.0,0.0,0.0,0.0,0.0025995794839508406,-0.01819704049358394,0.1405086678750005,0.0],[0.0,0.0,0.0,0.0,0.0,0.0,-0.5914510544160509,0.0010027275550840555],[0.0,0.0,0.0,0.0,0.0,0.0,21.305835522141514,-0.0010017234624608762]]}