{"din_name":"flux_level09188.json","din_kind":"RELATIVE","din_start":600.0000019890452,"din_end":660.0000085322851,"din_rules":["Interventions","r1","r1_rev","r2","r3","r4","r5","r6"],"din_hits":[0,67534,67481,1149,37528,36372,807601,807595],"din_fluxs":[[0.0,0.0,0.0,0.0,0.0,0.0,0.0,0.0],[0.0,-0.0011524639940215181,0.015234135277226675,0.028702471850312265,0.0,-0.0021402597125209687,0.0,0.0],[0.0,0.0011538302881241155,-0.014704637315029606,-0.028955209852428734,0.0,0.0022969343052811745,0.0,0.0],[0.0,0.0,0.0,-0.09945327924013971,0.004254054084815324,0.0,0.009239567099312786,0.0],[0.0,0.0,0.0,0.006908139512229367,-0.00423795543590923,0.007686167408787302,-0.004243165561913524,0.0],[0.0,0.0,0.0,0.0,0.0042560964747621385,-0.008137931621620397,0.009210440490350644,0.0],[0.0,0.0,0.0,0.0,0.0,0.0,-0.004693370913377005,0.0036901631152022837],[0.0,0.0,0.0,0.0,0.0,0.0,0.004486903866114475,-0.0036765559704138766]]}