{"din_name":"flux_level00307.json","din_kind":"RELATIVE","din_start":600.0000124351521,"din_end":660.0000053470692,"din_rules":["Interventions","r1","r1_rev","r2","r3","r4","r5","r6"],"din_hits":[0,55698,55675,4060,447629,443571,1239452,1239460],"din_fluxs":[[0.0,0.0,0.0,0.0,0.0,0.0,0.0,0.0],[0.0,-0.0011050080668233977,0.04203705604791674,0.056323887870728555,0.0,-0.0020576470023300447,0.0,0.0],[0.0,0.0011062366070646009,-0.039617922204712434,-0.07518919570770904,0.0,0.003423679360826127,0.0,0.0],[0.0,0.0,0.0,-0.310666226244019,0.0027072645735164735,0.0,0.0037030198386146292,0.0],[0.0,0.0,0.0,0.008632206170151653,-0.0027004739565232657,0.01590906594118546,-0.0026987744169484126,0.0],[0.0,0.0,0.0,0.0,0.0027077939648186785,-0.015965858130336127,0.0034965170831409427,0.0],[0.0,0.0,0.0,0.0,0.0,0.0,-0.002075857158058414,0.0033451201983119233],[0.0,0.0,0.0,0.0,0.0,0.0,0.0017952040105922219,-0.0033339416950397315]]}