{"din_name":"flux_level02864.json","din_kind":"RELATIVE","din_start":600.000006070776,"din_end":660.0000001302417,"din_rules":["Interventions","r1","r1_rev","r2","r3","r4","r5","r6"],"din_hits":[0,30130,30110,55501,4609558,4554051,2070749,2070724],"din_fluxs":[[0.0,0.0,0.0,0.0,0.0,0.0,0.0,0.0],[0.0,-0.001100416723546376,0.051356254023027265,0.04772948680701129,0.0,-0.0020235848452280986,0.0,0.0],[0.0,0.001101636813308353,-0.04792265205680465,-0.09128127958917208,0.0,0.004788296129685247,0.0,0.0],[0.0,0.0,0.0,-0.3088693173624386,0.0026001378268253675,0.0,0.0035904323195019103,0.0],[0.0,0.0,0.0,0.005951853503534135,-0.0025938883822185393,0.01827678608435205,-0.0025939474060161084,0.0],[0.0,0.0,0.0,0.0,0.0026006424987673193,-0.01818000428457654,0.0028580324955026237,0.0],[0.0,0.0,0.0,0.0,0.0,0.0,-0.0027514827973918704,0.0019390835395539094],[0.0,0.0,0.0,0.0,0.0,0.0,0.0021759140313056,-0.0019353280052232412]]}