{"din_name":"flux_level04617.json","din_kind":"RELATIVE","din_start":600.000005528565,"din_end":660.0000211924219,"din_rules":["Interventions","r1","r1_rev","r2","r3","r4","r5","r6"],"din_hits":[0,20950,20938,22274,2736569,2714290,175039,175007],"din_fluxs":[[0.0,0.0,0.0,0.0,0.0,0.0,0.0,0.0],[0.0,-0.001094870446380391,0.07067431191214775,0.05960040779273261,0.0,-0.001988134000719444,0.0,0.0],[0.0,0.001096076436754004,-0.06458739615657197,-0.11961870010993002,0.0,0.005310010311032011,0.0,0.0],[0.0,0.0,0.0,-0.3854681707976317,0.0025271212447991313,0.0,0.003813275190271314,0.0],[0.0,0.0,0.0,0.0062025789125754625,-0.0025211107390551166,0.020168590356905068,-0.0025167674366889533,0.0],[0.0,0.0,0.0,0.0,0.0025274876899551595,-0.019951949399965557,0.002702888662104136,0.0],[0.0,0.0,0.0,0.0,0.0,0.0,-0.012117882933146905,0.001119326408819673],[0.0,0.0,0.0,0.0,0.0,0.0,0.009759485838295374,-0.001118076137299871]]}