{"din_name":"flux_level00506.json","din_kind":"RELATIVE","din_start":600.0000018207394,"din_end":660.0000022911063,"din_rules":["Interventions","r1","r1_rev","r2","r3","r4","r5","r6"],"din_hits":[0,98750,98682,89442,2940318,2850864,1080964,1080972],"din_fluxs":[[0.0,0.0,0.0,0.0,0.0,0.0,0.0,0.0],[0.0,-0.0011346498425470236,0.0198010049748038,0.027876875725491163,0.0,-0.002114756316756777,0.0,0.0],[0.0,0.0011359528618572117,-0.019069813725613508,-0.03762191954134247,0.0,0.003034852305641237,0.0,0.0],[0.0,0.0,0.0,-0.10959813499754716,0.0037915695488681764,0.0,0.004535484492317537,0.0],[0.0,0.0,0.0,0.00413710373420407,-0.003777533484910293,0.008910638340540868,-0.0037787100455099762,0.0],[0.0,0.0,0.0,0.0,0.0037918839481966135,-0.009137638815997636,0.0041920868871779815,0.0],[0.0,0.0,0.0,0.0,0.0,0.0,-0.0027398767031142812,0.0036558777710672717],[0.0,0.0,0.0,0.0,0.0,0.0,0.0016447382312779221,-0.00364252417458853]]}