{"din_name":"flux_level12369.json","din_kind":"RELATIVE","din_start":600.0002647407849,"din_end":660.0001013119532,"din_rules":["Interventions","r1","r1_rev","r2","r3","r4","r5","r6"],"din_hits":[0,110081,110050,273,86981,86686,41460,41459],"din_fluxs":[[0.0,0.0,0.0,0.0,0.0,0.0,0.0,0.0],[0.0,-0.001102035069564102,0.04761614383302563,0.11345213060636737,0.0,-0.0020333163628154815,0.0,0.0],[0.0,0.0011032530716003919,-0.044650359610084255,-0.07983844404158556,0.0,0.0022980993878680893,0.0,0.0],[0.0,0.0,0.0,-0.4648452527839875,0.0026395894651102293,0.0,0.0026649198121983567,0.0],[0.0,0.0,0.0,0.020272387208904043,-0.0026313644781367617,0.01688580220140171,-0.0026315432533386028,0.0],[0.0,0.0,0.0,0.0,0.002638298839844985,-0.01696180454014792,0.0026639294419130806,0.0],[0.0,0.0,0.0,0.0,0.0,0.0,-0.0013305865712241233,0.14916021560861845],[0.0,0.0,0.0,0.0,0.0,0.0,0.001279120131093309,-0.11552564696371828]]}