{"din_name":"flux_level03142.json","din_kind":"RELATIVE","din_start":600.0000060356417,"din_end":660.0000078311399,"din_rules":["Interventions","r1","r1_rev","r2","r3","r4","r5","r6"],"din_hits":[0,3508,3462,60319,2733740,2673431,409559,409595],"din_fluxs":[[0.0,0.0,0.0,0.0,0.0,0.0,0.0,0.0],[0.0,-0.0011240257421452104,0.025274069631040223,0.0331357228329628,0.0,-0.0020788531628037005,0.0,0.0],[0.0,0.001125579492897777,-0.023375380829515215,-0.04588450890509535,0.0,0.0031286659555835616,0.0,0.0],[0.0,0.0,0.0,-0.11771525123100973,0.004062072007931857,0.0,0.004670968776598981,0.0],[0.0,0.0,0.0,0.002979712011210601,-0.004045216855533523,0.00829573800158191,-0.00404620244255688,0.0],[0.0,0.0,0.0,0.0,0.004061660260847391,-0.008412805467454106,0.0042342615059942105,0.0],[0.0,0.0,0.0,0.0,0.0,0.0,-0.0025946293666221643,0.004994269020258778],[0.0,0.0,0.0,0.0,0.0,0.0,0.0014097908333255268,-0.004969338012877875]]}