{"din_name":"flux_level08205.json","din_kind":"RELATIVE","din_start":600.0000299044896,"din_end":660.0000105856456,"din_rules":["Interventions","r1","r1_rev","r2","r3","r4","r5","r6"],"din_hits":[0,25607,25596,2685,1876558,1873893,566715,566717],"din_fluxs":[[0.0,0.0,0.0,0.0,0.0,0.0,0.0,0.0],[0.0,-0.0010910624541240344,0.09462047804343775,0.14193632499150455,0.0,-0.002018461775044558,0.0,0.0],[0.0,0.001092257201483202,-0.08433629408918497,-0.15979926927042426,0.0,0.002834518341845048,0.0,0.0],[0.0,0.0,0.0,-0.3054403161317545,0.005767766376586109,0.0,0.0067851227216856064,0.0],[0.0,0.0,0.0,0.0014333457868034066,-0.005738208121678761,0.006247316259962832,-0.005738223228951982,0.0],[0.0,0.0,0.0,0.0,0.005771426202932754,-0.0062282994752458146,0.006361136023572354,0.0],[0.0,0.0,0.0,0.0,0.0,0.0,-0.0036198208101588863,0.006519140058547516],[0.0,0.0,0.0,0.0,0.0,0.0,0.0016989222099364422,-0.0064766731146316805]]}