{"din_name":"flux_level06330.json","din_kind":"RELATIVE","din_start":600.0000000219047,"din_end":660.0000037179896,"din_rules":["Interventions","r1","r1_rev","r2","r3","r4","r5","r6"],"din_hits":[0,37905,37881,4294,432054,427743,1400889,1400905],"din_fluxs":[[0.0,0.0,0.0,0.0,0.0,0.0,0.0,0.0],[0.0,-0.0011055138277575958,0.041263079668812944,0.052122507960955154,0.0,-0.0020321818121519365,0.0,0.0],[0.0,0.001106746746431158,-0.03889765014784202,-0.07408910643685017,0.0,0.0034561772426509167,0.0,0.0],[0.0,0.0,0.0,-0.2715106944803547,0.00284761303224861,0.0,0.003830772002334696,0.0],[0.0,0.0,0.0,0.006838637934964116,-0.002837816195341218,0.013993602957621618,-0.0028383307502834283,0.0],[0.0,0.0,0.0,0.0,0.002845878348195897,-0.01405917083547509,0.0036704202195865817,0.0],[0.0,0.0,0.0,0.0,0.0,0.0,-0.0020444154332757225,0.004077940740216527],[0.0,0.0,0.0,0.0,0.0,0.0,0.0017949589002422832,-0.004061328527148944]]}