{"din_name":"flux_level09588.json","din_kind":"RELATIVE","din_start":600.000155029847,"din_end":660.0000095114789,"din_rules":["Interventions","r1","r1_rev","r2","r3","r4","r5","r6"],"din_hits":[0,47850,47829,1265,386140,384851,621862,621892],"din_fluxs":[[0.0,0.0,0.0,0.0,0.0,0.0,0.0,0.0],[0.0,-0.0010962196818348467,0.06435389230042199,0.10203679425137559,0.0,-0.0020481378789261114,0.0,0.0],[0.0,0.001097425808337985,-0.05929563606011764,-0.11033402413514684,0.0,0.003037480636600324,0.0,0.0],[0.0,0.0,0.0,-0.38160749414585676,0.0030041764785492617,0.0,0.003633944146778076,0.0],[0.0,0.0,0.0,0.007990128043564951,-0.0029938574433659043,0.012278074566473448,-0.0029925669810631156,0.0],[0.0,0.0,0.0,0.0,0.003002851645129609,-0.012287415836944834,0.0035697684060054862,0.0],[0.0,0.0,0.0,0.0,0.0,0.0,-0.0019936318937044174,0.004972196948664047],[0.0,0.0,0.0,0.0,0.0,0.0,0.0016461641684621918,-0.004947516265119508]]}