{"din_name":"flux_level02113.json","din_kind":"RELATIVE","din_start":600.0000077488588,"din_end":660.0000102736858,"din_rules":["Interventions","r1","r1_rev","r2","r3","r4","r5","r6"],"din_hits":[0,1997,1982,23714,2563557,2539828,297015,297009],"din_fluxs":[[0.0,0.0,0.0,0.0,0.0,0.0,0.0,0.0],[0.0,-0.0010992337641550216,0.055854821155818433,0.05406809987042353,0.0,-0.002002041232424439,0.0,0.0],[0.0,0.0011005430282343344,-0.05083893466118484,-0.09675787612649366,0.0,0.004308252622434785,0.0,0.0],[0.0,0.0,0.0,-0.2560089855929791,0.0029720267574395967,0.0,0.007468431056759665,0.0],[0.0,0.0,0.0,0.0033179833987778914,-0.0029636663546555764,0.012803255434543545,-0.0029675160811681346,0.0],[0.0,0.0,0.0,0.0,0.0029724851745841045,-0.012759277714812613,0.0035933788178941503,0.0],[0.0,0.0,0.0,0.0,0.0,0.0,-0.01614017343444124,0.0011113564529613474],[0.0,0.0,0.0,0.0,0.0,0.0,0.011173704512824468,-0.0011101226942808499]]}