{"din_name":"flux_level06743.json","din_kind":"RELATIVE","din_start":600.0000068688699,"din_end":660.0000106128891,"din_rules":["Interventions","r1","r1_rev","r2","r3","r4","r5","r6"],"din_hits":[0,64899,64887,5889,3049703,3043806,77114,77109],"din_fluxs":[[0.0,0.0,0.0,0.0,0.0,0.0,0.0,0.0],[0.0,-0.0010901130415585693,0.10341897431304364,0.1321713074095145,0.0,-0.002021779269410404,0.0,0.0],[0.0,0.0010913037241616602,-0.09136275636475621,-0.1689726476053501,0.0,0.003585342386761353,0.0,0.0],[0.0,0.0,0.0,-0.3918179792118941,0.0033964444641969055,0.0,0.005664209244632659,0.0],[0.0,0.0,0.0,0.003467121988366071,-0.003385544971589714,0.009968236794150554,-0.003401595031246039,0.0],[0.0,0.0,0.0,0.0,0.003397056751482618,-0.009921227406875585,0.004400992025656391,0.0],[0.0,0.0,0.0,0.0,0.0,0.0,-0.06586752483764795,0.0010297772312379797],[0.0,0.0,0.0,0.0,0.0,0.0,0.04196993534073135,-0.0010287181175948049]]}