{"din_name":"flux_level00701.json","din_kind":"RELATIVE","din_start":600.0000105547738,"din_end":660.0000069068905,"din_rules":["Interventions","r1","r1_rev","r2","r3","r4","r5","r6"],"din_hits":[0,2035,2027,18221,4099439,4081211,1612615,1612651],"din_fluxs":[[0.0,0.0,0.0,0.0,0.0,0.0,0.0,0.0],[0.0,-0.0010895308285805755,0.11031858459952791,0.08961093734552049,0.0,-0.002115397088366035,0.0,0.0],[0.0,0.001090746900681723,-0.09586371389414207,-0.18069421584420875,0.0,0.005995712006016101,0.0,0.0],[0.0,0.0,0.0,-0.4352558517360871,0.0026227232503274597,0.0,0.0036247819431817945,0.0],[0.0,0.0,0.0,0.004125722945204511,-0.0026163086952634526,0.01757592794083315,-0.0026163767736936353,0.0],[0.0,0.0,0.0,0.0,0.002623176023764919,-0.01734882241337211,0.0028067977741079264,0.0],[0.0,0.0,0.0,0.0,0.0,0.0,-0.0021863430567584993,0.0025667805568919365],[0.0,0.0,0.0,0.0,0.0,0.0,0.001721819765144142,-0.002560199717301359]]}