{"din_name":"flux_level04332.json","din_kind":"RELATIVE","din_start":600.0000046381776,"din_end":660.0000013323131,"din_rules":["Interventions","r1","r1_rev","r2","r3","r4","r5","r6"],"din_hits":[0,63313,63305,8104,2402340,2394232,1313189,1313199],"din_fluxs":[[0.0,0.0,0.0,0.0,0.0,0.0,0.0,0.0],[0.0,-0.0010916696278064255,0.08939053842628432,0.10060573693725577,0.0,-0.002026506166727103,0.0,0.0],[0.0,0.0010928638430387817,-0.08019930866179313,-0.14722391976632504,0.0,0.0042423239671152795,0.0,0.0],[0.0,0.0,0.0,-0.4177641004350804,0.0028027053070820394,0.0,0.0033181227855594514,0.0],[0.0,0.0,0.0,0.005426427621554156,-0.0027942193845847344,0.014448944727291982,-0.002792678419059113,0.0],[0.0,0.0,0.0,0.0,0.0028020503758685914,-0.01434707957344287,0.00305717402077697,0.0],[0.0,0.0,0.0,0.0,0.0,0.0,-0.0019783418450707245,0.003647046966619685],[0.0,0.0,0.0,0.0,0.0,0.0,0.0015148310330446774,-0.0036337585671077457]]}