{"din_name":"flux_level01875.json","din_kind":"RELATIVE","din_start":600.0000073389743,"din_end":660.0000032620259,"din_rules":["Interventions","r1","r1_rev","r2","r3","r4","r5","r6"],"din_hits":[0,45623,45609,11752,3264051,3252307,1502274,1502279],"din_fluxs":[[0.0,0.0,0.0,0.0,0.0,0.0,0.0,0.0],[0.0,-0.0010916401461177594,0.09143027673466569,0.09448430955169228,0.0,-0.0020036943694343103,0.0,0.0],[0.0,0.001092835001456428,-0.080763179175686,-0.14965322731295144,0.0,0.004364168328184182,0.0,0.0],[0.0,0.0,0.0,-0.38081222624988337,0.0029104695297917905,0.0,0.003645657308011103,0.0],[0.0,0.0,0.0,0.003832022989901594,-0.002901236313796198,0.013239876564415833,-0.002900185191588093,0.0],[0.0,0.0,0.0,0.0,0.002909679563797114,-0.01314533233296121,0.0031994080698862825,0.0],[0.0,0.0,0.0,0.0,0.0,0.0,-0.0023107725622695044,0.0028475470636944713],[0.0,0.0,0.0,0.0,0.0,0.0,0.001687281078185954,-0.002839446426829188]]}