{"din_name":"flux_level11125.json","din_kind":"RELATIVE","din_start":600.0000178081929,"din_end":660.0000118117875,"din_rules":["Interventions","r1","r1_rev","r2","r3","r4","r5","r6"],"din_hits":[0,10023,10011,18226,3725453,3707228,205830,205843],"din_fluxs":[[0.0,0.0,0.0,0.0,0.0,0.0,0.0,0.0],[0.0,-0.0010927162182907387,0.08240483442759411,0.07731071827686775,0.0,-0.002022632052860712,0.0,0.0],[0.0,0.0010939213560052221,-0.07431275712187832,-0.13840726822976182,0.0,0.004674189276481487,0.0,0.0],[0.0,0.0,0.0,-0.33509708774021535,0.0029432930211025178,0.0,0.006109117983118713,0.0],[0.0,0.0,0.0,0.002844726063908159,-0.0029354717924576874,0.01296895281858739,-0.002929299365733658,0.0],[0.0,0.0,0.0,0.0,0.00294412302512638,-0.012871605394329928,0.003290427043808499,0.0],[0.0,0.0,0.0,0.0,0.0,0.0,-0.01779000489458165,0.0010951657799498878],[0.0,0.0,0.0,0.0,0.0,0.0,0.012401538069098189,-0.0010939674504114958]]}