{"din_name":"flux_level00398.json","din_kind":"RELATIVE","din_start":600.0000224704479,"din_end":660.0000193332725,"din_rules":["Interventions","r1","r1_rev","r2","r3","r4","r5","r6"],"din_hits":[0,208,183,36647,2842669,2806021,783855,783835],"din_fluxs":[[0.0,0.0,0.0,0.0,0.0,0.0,0.0,0.0],[0.0,-0.0011010497084081516,0.064364376181988,0.047628012072270964,0.0,-0.0020799396792958525,0.0,0.0],[0.0,0.001103603092418128,-0.04820846099351453,-0.08599274581771479,0.0,0.004437686070772399,0.0,0.0],[0.0,0.0,0.0,-0.29327043194270414,0.0025939554355491556,0.0,0.0028307968222039664,0.0],[0.0,0.0,0.0,0.005810417945480873,-0.0025852908027338096,0.018493514889114448,-0.0025848299402009937,0.0],[0.0,0.0,0.0,0.0,0.002591968522495486,-0.018389205262880667,0.0026690587822364845,0.0],[0.0,0.0,0.0,0.0,0.0,0.0,-0.0015051577542519283,0.0074697146052479175],[0.0,0.0,0.0,0.0,0.0,0.0,0.0012211029665766602,-0.007413952451661754]]}