{"din_name":"flux_level01677.json","din_kind":"RELATIVE","din_start":600.0000106654446,"din_end":660.0000177172446,"din_rules":["Interventions","r1","r1_rev","r2","r3","r4","r5","r6"],"din_hits":[0,11356,11341,2530,1067773,1065239,434756,434747],"din_fluxs":[[0.0,0.0,0.0,0.0,0.0,0.0,0.0,0.0],[0.0,-0.001091121166673709,0.09398278745778273,0.11224480264512787,0.0,-0.0020210962596018665,0.0,0.0],[0.0,0.0010923196771734848,-0.08378224385818939,-0.1575490389169096,0.0,0.0036656741365422357,0.0,0.0],[0.0,0.0,0.0,-0.33716222478903657,0.0036425602877638514,0.0,0.00416083592133414,0.0],[0.0,0.0,0.0,0.002211566191628838,-0.003632781578385568,0.009102624507289358,-0.0036322678380750094,0.0],[0.0,0.0,0.0,0.0,0.0036460496476839258,-0.009058798188696357,0.003935966129126283,0.0],[0.0,0.0,0.0,0.0,0.0,0.0,-0.002174771393318472,0.007484632289735443],[0.0,0.0,0.0,0.0,0.0,0.0,0.0014694731166153873,-0.007428644237420343]]}