{"din_name":"flux_level10913.json","din_kind":"RELATIVE","din_start":600.0000230587536,"din_end":660.0000035650426,"din_rules":["Interventions","r1","r1_rev","r2","r3","r4","r5","r6"],"din_hits":[0,169777,169750,11287,1360587,1349266,891068,891114],"din_fluxs":[[0.0,0.0,0.0,0.0,0.0,0.0,0.0,0.0],[0.0,-0.0011103846149258078,0.03476000509416658,0.05437126027743187,0.0,-0.002068583949219615,0.0,0.0],[0.0,0.0011116218546955818,-0.03302363868045439,-0.06454893538959369,0.0,0.002713676510233724,0.0,0.0],[0.0,0.0,0.0,-0.16698628755648703,0.004521165573522835,0.0,0.0059725532369927685,0.0],[0.0,0.0,0.0,0.0037379552770585097,-0.004502042687865374,0.00738310390508518,-0.004505001949861991,0.0],[0.0,0.0,0.0,0.0,0.004522444994758729,-0.007469164155415852,0.00570461153910005,0.0],[0.0,0.0,0.0,0.0,0.0,0.0,-0.003955196086972294,0.0028818351960994922],[0.0,0.0,0.0,0.0,0.0,0.0,0.002183753245879039,-0.002873538309824791]]}