{"din_name":"flux_level11722.json","din_kind":"RELATIVE","din_start":600.0000253825004,"din_end":660.0000095036536,"din_rules":["Interventions","r1","r1_rev","r2","r3","r4","r5","r6"],"din_hits":[0,45834,45826,5700,1613731,1608036,937303,937315],"din_fluxs":[[0.0,0.0,0.0,0.0,0.0,0.0,0.0,0.0],[0.0,-0.001090531178434014,0.10068653441931255,0.11129235063177567,0.0,-0.002006147214674247,0.0,0.0],[0.0,0.001091723146682431,-0.08806354818918435,-0.156134213152006,0.0,0.004781842508582558,0.0,0.0],[0.0,0.0,0.0,-0.5046174694034549,0.0025326013475454575,0.0,0.003239967632189047,0.0],[0.0,0.0,0.0,0.008275890764021498,-0.002525237094650338,0.019808466709441627,-0.002524235305704505,0.0],[0.0,0.0,0.0,0.0,0.0025316284297941163,-0.01956595865501516,0.002821310251312091,0.0],[0.0,0.0,0.0,0.0,0.0,0.0,-0.002606209920573323,0.001988925738208784],[0.0,0.0,0.0,0.0,0.0,0.0,0.0021165920828633564,-0.001984974172984286]]}