{"din_name":"flux_level08849.json","din_kind":"RELATIVE","din_start":600.0000048296693,"din_end":660.0000036777253,"din_rules":["Interventions","r1","r1_rev","r2","r3","r4","r5","r6"],"din_hits":[0,9505,9334,742125,3963961,3221827,1515692,1515723],"din_fluxs":[[0.0,0.0,0.0,0.0,0.0,0.0,0.0,0.0],[0.0,-0.0013067851086602442,0.006032974911608883,0.011718521613654564,0.0,-0.0023851231585611966,0.0,0.0],[0.0,0.0013109049185656557,-0.005410334455408821,-0.010879405895086866,0.0,0.0023704633438420726,0.0,0.0],[0.0,0.0,0.0,-0.09381539577799157,0.0026024567233919613,0.0,0.0027359656699015938,0.0],[0.0,0.0,0.0,0.019441770422186432,-0.002595506398367218,0.017394151797106124,-0.002596218842997708,0.0],[0.0,0.0,0.0,0.0,0.0026022182573674137,-0.020950301242012626,0.0027574569303574796,0.0],[0.0,0.0,0.0,0.0,0.0,0.0,-0.001881075833988829,0.0033331261128068425],[0.0,0.0,0.0,0.0,0.0,0.0,0.001495673149840043,-0.0033220300656161207]]}