{"din_name":"flux_level13922.json","din_kind":"RELATIVE","din_start":600.0000275054414,"din_end":660.0001041349589,"din_rules":["Interventions","r1","r1_rev","r2","r3","r4","r5","r6"],"din_hits":[0,30597,30583,53,94684,94625,133933,133914],"din_fluxs":[[0.0,0.0,0.0,0.0,0.0,0.0,0.0,0.0],[0.0,-0.0010895968428393339,0.11265549324526712,0.22369954845076384,0.0,-0.002019683509413407,0.0,0.0],[0.0,0.001090787208409877,-0.09600222103851451,-0.18012574719281202,0.0,0.0021219402578508267,0.0,0.0],[0.0,0.0,0.0,-0.3423025352337334,0.014927405876772144,0.0,0.03092840779887776,0.0],[0.0,0.0,0.0,0.0037412281808763,-0.014787061572562786,0.004657664215629284,-0.01472866330102882,0.0],[0.0,0.0,0.0,0.0,0.015011613260200063,-0.004669971492139779,0.030689689425977558,0.0],[0.0,0.0,0.0,0.0,0.0,0.0,-0.017423516267198014,0.004972517765870959],[0.0,0.0,0.0,0.0,0.0,0.0,0.006862797485863018,-0.004947776907064738]]}