{"din_name":"flux_level09264.json","din_kind":"RELATIVE","din_start":600.0000559005546,"din_end":660.0000034359333,"din_rules":["Interventions","r1","r1_rev","r2","r3","r4","r5","r6"],"din_hits":[0,46183,46168,194,178662,178454,883883,883889],"din_fluxs":[[0.0,0.0,0.0,0.0,0.0,0.0,0.0,0.0],[0.0,-0.001090533996828056,0.09897986439675641,0.22153951865195656,0.0,-0.0020148619154915903,0.0,0.0],[0.0,0.0010917260140245095,-0.08789429048280803,-0.148818156073465,0.0,0.002449516322133555,0.0,0.0],[0.0,0.0,0.0,-0.5385229547642528,0.00305636203319967,0.0,0.005463953409231046,0.0],[0.0,0.0,0.0,0.013471583194318612,-0.003048918956066301,0.011744332556980406,-0.003042896434181764,0.0],[0.0,0.0,0.0,0.0,0.0030582600679852313,-0.011727475046479844,0.005274024550951006,0.0],[0.0,0.0,0.0,0.0,0.0,0.0,-0.003136045365462569,0.0025515486182340493],[0.0,0.0,0.0,0.0,0.0,0.0,0.0026987635194313745,-0.002545044765469371]]}