{"din_name":"flux_level10422.json","din_kind":"RELATIVE","din_start":600.0000120962612,"din_end":660.0000030378746,"din_rules":["Interventions","r1","r1_rev","r2","r3","r4","r5","r6"],"din_hits":[0,198696,198620,211997,3320902,3108868,1126593,1126591],"din_fluxs":[[0.0,0.0,0.0,0.0,0.0,0.0,0.0,0.0],[0.0,-0.0011651538372139457,0.01305793067664284,0.019458386982297536,0.0,-0.002173295664983797,0.0,0.0],[0.0,0.0011665309095616433,-0.01266319054008248,-0.02488030947077296,0.0,0.002974720045803357,0.0,0.0],[0.0,0.0,0.0,-0.11460106466937335,0.002926022101805608,0.0,0.0033676212996051713,0.0],[0.0,0.0,0.0,0.008629786196416543,-0.0029178917524416608,0.013352429141316844,-0.0029192013175229734,0.0],[0.0,0.0,0.0,0.0,0.0029264648531269724,-0.014112041118964637,0.0031785738701422734,0.0],[0.0,0.0,0.0,0.0,0.0,0.0,-0.0026359069478207,0.002328142876475703],[0.0,0.0,0.0,0.0,0.0,0.0,0.001879383682672985,-0.0023227282050854382]]}