{"din_name":"flux_level04701.json","din_kind":"RELATIVE","din_start":600.0000070807639,"din_end":660.0000004114652,"din_rules":["Interventions","r1","r1_rev","r2","r3","r4","r5","r6"],"din_hits":[0,11472,11453,9423,933616,924194,1393843,1393847],"din_fluxs":[[0.0,0.0,0.0,0.0,0.0,0.0,0.0,0.0],[0.0,-0.0010984496155585963,0.0571947976821443,0.05447726131483538,0.0,-0.00204645829150188,0.0,0.0],[0.0,0.0010996746649946003,-0.052922693930781674,-0.0991718910916794,0.0,0.0047902422780184304,0.0,0.0],[0.0,0.0,0.0,-0.3409710342161634,0.002569366169337477,0.0,0.0035513001747258023,0.0],[0.0,0.0,0.0,0.006258147510877329,-0.00256323546463843,0.01899549691391395,-0.0025638183963052398,0.0],[0.0,0.0,0.0,0.0,0.0025698292796205785,-0.018859477154425326,0.00306185352897187,0.0],[0.0,0.0,0.0,0.0,0.0,0.0,-0.0020671718825249776,0.0028420969335824623],[0.0,0.0,0.0,0.0,0.0,0.0,0.0017408074621531329,-0.002834027541487695]]}