{"din_name":"flux_level11970.json","din_kind":"RELATIVE","din_start":600.0000016621852,"din_end":660.0000080441998,"din_rules":["Interventions","r1","r1_rev","r2","r3","r4","r5","r6"],"din_hits":[0,32843,32828,3300,1111499,1108194,1948395,1948397],"din_fluxs":[[0.0,0.0,0.0,0.0,0.0,0.0,0.0,0.0],[0.0,-0.0010900014286275004,0.10669782900166638,0.12085150786093572,0.0,-0.0019839614285017673,0.0,0.0],[0.0,0.0010911926253060198,-0.09262841151395994,-0.16390858904135844,0.0,0.004577050746748279,0.0,0.0],[0.0,0.0,0.0,-0.5073676220624991,0.0025831856106127015,0.0,0.0035830976778888717,0.0],[0.0,0.0,0.0,0.008080172057411154,-0.002577144821841064,0.018344164222223392,-0.002577939226035946,0.0],[0.0,0.0,0.0,0.0,0.0025838076582603894,-0.018139433314201026,0.0031727286491640906,0.0],[0.0,0.0,0.0,0.0,0.0,0.0,-0.0021248812511787695,0.0027692048984285698],[0.0,0.0,0.0,0.0,0.0,0.0,0.0017949416562637731,-0.002761544019165735]]}