{"din_name":"flux_level09723.json","din_kind":"RELATIVE","din_start":600.0000019344468,"din_end":660.0000088595389,"din_rules":["Interventions","r1","r1_rev","r2","r3","r4","r5","r6"],"din_hits":[0,52663,52644,29579,3526372,3496784,919538,919491],"din_fluxs":[[0.0,0.0,0.0,0.0,0.0,0.0,0.0,0.0],[0.0,-0.0010974114560885347,0.06002766415735967,0.05832565407150907,0.0,-0.00202498351508938,0.0,0.0],[0.0,0.001098620456927946,-0.05555978864562801,-0.10533029253425641,0.0,0.0046298555154574,0.0,0.0],[0.0,0.0,0.0,-0.3322584753493919,0.0026723766008281014,0.0,0.0032561681267584083,0.0],[0.0,0.0,0.0,0.0053709352974565736,-0.0026657848560737844,0.016646265454467162,-0.002667728356639841,0.0],[0.0,0.0,0.0,0.0,0.002672917641059415,-0.01654714535041118,0.0028330876460437833,0.0],[0.0,0.0,0.0,0.0,0.0,0.0,-0.00256590679285004,0.002122734397262449],[0.0,0.0,0.0,0.0,0.0,0.0,0.001965701655191045,-0.0021182337623163005]]}