{"din_name":"flux_level11339.json","din_kind":"RELATIVE","din_start":600.0000040887638,"din_end":660.0000180935008,"din_rules":["Interventions","r1","r1_rev","r2","r3","r4","r5","r6"],"din_hits":[0,30378,30360,5430,2103927,2098489,756670,756673],"din_fluxs":[[0.0,0.0,0.0,0.0,0.0,0.0,0.0,0.0],[0.0,-0.0010895910432688423,0.11115007175945268,0.12081955419532077,0.0,-0.002047690673939679,0.0,0.0],[0.0,0.0010907807151917814,-0.0961052685529275,-0.17632446560116094,0.0,0.0044114771784875195,0.0,0.0],[0.0,0.0,0.0,-0.43375836752744107,0.0028911360593185027,0.0,0.004820291555565092,0.0],[0.0,0.0,0.0,0.004177080540225466,-0.0028830690589392196,0.013384688401029101,-0.0028816850345824703,0.0],[0.0,0.0,0.0,0.0,0.002891410398078422,-0.01327453171158256,0.003540754585651948,0.0],[0.0,0.0,0.0,0.0,0.0,0.0,-0.006080946306438295,0.0013418524557596012],[0.0,0.0,0.0,0.0,0.0,0.0,0.00434048217611673,-0.0013400536184030721]]}