{"din_name":"flux_level02629.json","din_kind":"RELATIVE","din_start":600.0001687107874,"din_end":660.0000378827817,"din_rules":["Interventions","r1","r1_rev","r2","r3","r4","r5","r6"],"din_hits":[0,17160,17143,11,17848,17802,623500,623522],"din_fluxs":[[0.0,0.0,0.0,0.0,0.0,0.0,0.0,0.0],[0.0,-0.0010898238820869581,0.10654962960877276,0.26172859661066683,0.0,-0.0019975196075230563,0.0,0.0],[0.0,0.0010910155827421877,-0.09371741284269357,-0.16662984907086076,0.0,0.002082672546616756,0.0,0.0],[0.0,0.0,0.0,-0.4648834719072814,0.004209121806243551,0.0,0.005592229489872134,0.0],[0.0,0.0,0.0,0.010127812226476273,-0.004271682413040431,0.007562464041410225,-0.004262256039999757,0.0],[0.0,0.0,0.0,0.0,0.004289997507751587,-0.00758445080444624,0.005682153236170704,0.0],[0.0,0.0,0.0,0.0,0.0,0.0,-0.0028355804730415698,0.008598791805886533],[0.0,0.0,0.0,0.0,0.0,0.0,0.0028037206710978826,-0.008524892101415486]]}