{"din_name":"flux_level04512.json","din_kind":"RELATIVE","din_start":600.0000041991514,"din_end":660.0000044623451,"din_rules":["Interventions","r1","r1_rev","r2","r3","r4","r5","r6"],"din_hits":[0,17835,17830,4163,2011529,2007354,721965,722002],"din_fluxs":[[0.0,0.0,0.0,0.0,0.0,0.0,0.0,0.0],[0.0,-0.0010891525853475455,0.11454787432587021,0.12828787027929395,0.0,-0.0020374194450241126,0.0,0.0],[0.0,0.0010903424309320695,-0.09982335813101707,-0.18474125333520336,0.0,0.004121662640952012,0.0,0.0],[0.0,0.0,0.0,-0.40132421163547527,0.0032530725001573865,0.0,0.0037203904749379194,0.0],[0.0,0.0,0.0,0.002647715679471525,-0.0032435226464861025,0.010670429621793575,-0.0032440733638712744,0.0],[0.0,0.0,0.0,0.0,0.0032540877282818,-0.01059734471038246,0.0034714087018590193,0.0],[0.0,0.0,0.0,0.0,0.0,0.0,-0.001982830865816035,0.006259441476748477],[0.0,0.0,0.0,0.0,0.0,0.0,0.0013857065110072122,-0.006220288580184182]]}