{"din_name":"flux_level13217.json","din_kind":"RELATIVE","din_start":600.0000071949651,"din_end":660.0000164580822,"din_rules":["Interventions","r1","r1_rev","r2","r3","r4","r5","r6"],"din_hits":[0,46223,46173,28677,655070,626388,59478,59488],"din_fluxs":[[0.0,0.0,0.0,0.0,0.0,0.0,0.0,0.0],[0.0,-0.0011398118056749511,0.018231257766865308,0.02407573770772168,0.0,-0.0021195370663472293,0.0,0.0],[0.0,0.0011411508759440283,-0.017541690949553768,-0.03393621384939827,0.0,0.0033577126017769066,0.0,0.0],[0.0,0.0,0.0,-0.1867433322119332,0.0025781068710279066,0.0,0.0026105419855802633,0.0],[0.0,0.0,0.0,0.010887289083573242,-0.002571319110122491,0.018973878488397763,-0.0025710226546486865,0.0],[0.0,0.0,0.0,0.0,0.0025779430743338187,-0.01954391728836715,0.0025985889700678518,0.0],[0.0,0.0,0.0,0.0,0.0,0.0,-0.001327147948325957,0.03527572647954409],[0.0,0.0,0.0,0.0,0.0,0.0,0.001094078457772323,-0.03403097710232292]]}