{"din_name":"flux_level02882.json","din_kind":"RELATIVE","din_start":600.0000174292539,"din_end":660.0000063563538,"din_rules":["Interventions","r1","r1_rev","r2","r3","r4","r5","r6"],"din_hits":[0,158943,158901,33130,1947858,1914730,763548,763533],"din_fluxs":[[0.0,0.0,0.0,0.0,0.0,0.0,0.0,0.0],[0.0,-0.0011163325958914113,0.02928263501655291,0.03817180230703664,0.0,-0.002075737379066743,0.0,0.0],[0.0,0.0011175845014050783,-0.02796389251607281,-0.05436671864786974,0.0,0.003312701014913669,0.0,0.0],[0.0,0.0,0.0,-0.1875881110468844,0.003067011466562726,0.0,0.004640057802697854,0.0],[0.0,0.0,0.0,0.005702806721594926,-0.0030575024452973707,0.012019327068014833,-0.003054189738901353,0.0],[0.0,0.0,0.0,0.0,0.0030668831439897896,-0.012179395029766992,0.003976877950953285,0.0],[0.0,0.0,0.0,0.0,0.0,0.0,-0.007038245832433638,0.0013174301052360832],[0.0,0.0,0.0,0.0,0.0,0.0,0.00477758124954387,-0.0013156968286926732]]}