{"din_name":"flux_level01000.json","din_kind":"RELATIVE","din_start":600.0000022702779,"din_end":660.0000000730373,"din_rules":["Interventions","r1","r1_rev","r2","r3","r4","r5","r6"],"din_hits":[0,411176,411101,157612,2492150,2334520,92429,92442],"din_fluxs":[[0.0,0.0,0.0,0.0,0.0,0.0,0.0,0.0],[0.0,-0.0011691754399379161,0.012518163123852118,0.019595727942481076,0.0,-0.0021816374944881897,0.0,0.0],[0.0,0.001170553450402646,-0.012155365082680784,-0.02391788862950631,0.0,0.0028324907890074796,0.0,0.0],[0.0,0.0,0.0,-0.10777430825807965,0.003030944542862554,0.0,0.003975293269554024,0.0],[0.0,0.0,0.0,0.008499590706451758,-0.003021621633641582,0.012353077214092643,-0.003031074271941305,0.0],[0.0,0.0,0.0,0.0,0.003030774978420527,-0.013126413768915421,0.0037097414982052326,0.0],[0.0,0.0,0.0,0.0,0.0,0.0,-0.04198449650322951,0.0010408017871504694],[0.0,0.0,0.0,0.0,0.0,0.0,0.029086929980674154,-0.0010397201825357479]]}