{"din_name":"flux_level03825.json","din_kind":"RELATIVE","din_start":600.0000139593459,"din_end":660.0000180460205,"din_rules":["Interventions","r1","r1_rev","r2","r3","r4","r5","r6"],"din_hits":[0,56743,56721,5134,1262698,1257561,1668254,1668265],"din_fluxs":[[0.0,0.0,0.0,0.0,0.0,0.0,0.0,0.0],[0.0,-0.001095056489339332,0.06943141529928624,0.08608356763024753,0.0,-0.0020278998517880152,0.0,0.0],[0.0,0.0010962590479196492,-0.06362247818224956,-0.11987950603566715,0.0,0.00370834399307299,0.0,0.0],[0.0,0.0,0.0,-0.355917102594715,0.0029625129647687523,0.0,0.004129359818072367,0.0],[0.0,0.0,0.0,0.005444055406920357,-0.0029542712275930157,0.012701391148363923,-0.002956382380530733,0.0],[0.0,0.0,0.0,0.0,0.0029630320309959064,-0.012666149422827028,0.0037376984528917166,0.0],[0.0,0.0,0.0,0.0,0.0,0.0,-0.002523952773910943,0.0027492840543266984],[0.0,0.0,0.0,0.0,0.0,0.0,0.0019477603243300559,-0.00274173351077884]]}