{"din_name":"flux_level03529.json","din_kind":"RELATIVE","din_start":600.0000085412989,"din_end":660.0000014081738,"din_rules":["Interventions","r1","r1_rev","r2","r3","r4","r5","r6"],"din_hits":[0,66508,66488,66483,4597040,4530550,1660967,1660958],"din_fluxs":[[0.0,0.0,0.0,0.0,0.0,0.0,0.0,0.0],[0.0,-0.0011034791899270074,0.044791051975289736,0.043722172651032405,0.0,-0.0020508903366440044,0.0,0.0],[0.0,0.0011047026904969712,-0.04210339235207938,-0.080998290757006,0.0,0.00469375759915762,0.0,0.0],[0.0,0.0,0.0,-0.3097779300615833,0.002533222431162782,0.0,0.0029611388018727647,0.0],[0.0,0.0,0.0,0.007384159927344929,-0.002527395815691037,0.020098833733385623,-0.002527084675566447,0.0],[0.0,0.0,0.0,0.0,0.002533810127242169,-0.02002213288449136,0.0026669043935106324,0.0],[0.0,0.0,0.0,0.0,0.0,0.0,-0.001965914725505906,0.002870307153778883],[0.0,0.0,0.0,0.0,0.0,0.0,0.0015942201392310125,-0.0028620762354374784]]}