{"din_name":"flux_level10293.json","din_kind":"RELATIVE","din_start":600.0000088270834,"din_end":660.0000018826594,"din_rules":["Interventions","r1","r1_rev","r2","r3","r4","r5","r6"],"din_hits":[0,320494,320432,48146,1177873,1129708,1720386,1720422],"din_fluxs":[[0.0,0.0,0.0,0.0,0.0,0.0,0.0,0.0],[0.0,-0.0011470288165206445,0.016572795720980787,0.024576380989424988,0.0,-0.002126716892092181,0.0,0.0],[0.0,0.0011483530686946797,-0.015781810728786885,-0.03087943450266164,0.0,0.0029274735319189393,0.0,0.0],[0.0,0.0,0.0,-0.15317343760483265,0.0028081989570290238,0.0,0.003505164743407339,0.0],[0.0,0.0,0.0,0.009716331852192147,-0.002800903454453187,0.014561611576508158,-0.002799765213275279,0.0],[0.0,0.0,0.0,0.0,0.002808798122510863,-0.01517367261303165,0.0033915553849294335,0.0],[0.0,0.0,0.0,0.0,0.0,0.0,-0.00210876497210086,0.003389273135210286],[0.0,0.0,0.0,0.0,0.0,0.0,0.0017122527053969152,-0.0033777973703947987]]}