{"din_name":"flux_level11588.json","din_kind":"RELATIVE","din_start":600.0000113587106,"din_end":660.0000037947887,"din_rules":["Interventions","r1","r1_rev","r2","r3","r4","r5","r6"],"din_hits":[0,49468,49460,3352,1635489,1632129,1139586,1139624],"din_fluxs":[[0.0,0.0,0.0,0.0,0.0,0.0,0.0,0.0],[0.0,-0.0010896273480308094,0.11192191440729093,0.13865234453180253,0.0,-0.002024454420545919,0.0,0.0],[0.0,0.001090817092174051,-0.09546967416201212,-0.17194680872811657,0.0,0.003891819333392299,0.0,0.0],[0.0,0.0,0.0,-0.46376015651548597,0.0029069643678627053,0.0,0.003640458080343094,0.0],[0.0,0.0,0.0,0.0058741504777416065,-0.0029002663395133925,0.01315800519023185,-0.002899040437217121,0.0],[0.0,0.0,0.0,0.0,0.0029087108074562587,-0.013068133776049736,0.003361454989563915,0.0],[0.0,0.0,0.0,0.0,0.0,0.0,-0.0024822002333639865,0.0025890413394031907],[0.0,0.0,0.0,0.0,0.0,0.0,0.0018414431673360412,-0.002582340584462426]]}