{"din_name":"flux_level03209.json","din_kind":"RELATIVE","din_start":600.0000019773277,"din_end":660.0000073318295,"din_rules":["Interventions","r1","r1_rev","r2","r3","r4","r5","r6"],"din_hits":[0,4416,4407,7171,2043106,2035940,1799600,1799613],"din_fluxs":[[0.0,0.0,0.0,0.0,0.0,0.0,0.0,0.0],[0.0,-0.0010914428749361632,0.09173294801179527,0.09083180530700476,0.0,-0.002013875069260837,0.0,0.0],[0.0,0.0010926526380025043,-0.08178536483483533,-0.15384707979958648,0.0,0.004360334503413897,0.0,0.0],[0.0,0.0,0.0,-0.333225864101796,0.003211465451031694,0.0,0.004598319263960892,0.0],[0.0,0.0,0.0,0.002080544090053985,-0.0032028654640746676,0.010958355266393814,-0.0032026169313518703,0.0],[0.0,0.0,0.0,0.0,0.003213170395960599,-0.010882072537900538,0.003831747466443242,0.0],[0.0,0.0,0.0,0.0,0.0,0.0,-0.0024953600054156188,0.003230421857869323],[0.0,0.0,0.0,0.0,0.0,0.0,0.0018005115761733565,-0.00321999532670902]]}