{"din_name":"flux_level08903.json","din_kind":"RELATIVE","din_start":600.0000039604461,"din_end":660.0000130877654,"din_rules":["Interventions","r1","r1_rev","r2","r3","r4","r5","r6"],"din_hits":[0,1057954,1057682,120056,352998,232932,1842079,1842094],"din_fluxs":[[0.0,0.0,0.0,0.0,0.0,0.0,0.0,0.0],[0.0,-0.0014586810458250279,0.0037240298793157186,0.008812106696069927,0.0,-0.002745017443189559,0.0,0.0],[0.0,0.0014608673877908693,-0.0036449724052694276,-0.0072037402794361384,0.0,0.002347658432109907,0.0,0.0],[0.0,0.0,0.0,-0.06850791749363133,0.0026133797900103517,0.0,0.004633993724570543,0.0],[0.0,0.0,0.0,0.020726483440595477,-0.0026066848677263063,0.01642947416872603,-0.002610157391089954,0.0],[0.0,0.0,0.0,0.0,0.002613561622407998,-0.022456257229274572,0.004735373013721294,0.0],[0.0,0.0,0.0,0.0,0.0,0.0,-0.003231716916026019,0.0019204825955670142],[0.0,0.0,0.0,0.0,0.0,0.0,0.0028445646504941273,-0.0019167980471777332]]}