{"din_name":"flux_level00338.json","din_kind":"RELATIVE","din_start":600.0000021558953,"din_end":660.0000129969529,"din_rules":["Interventions","r1","r1_rev","r2","r3","r4","r5","r6"],"din_hits":[0,89549,89528,49356,2056967,2007606,1561773,1561749],"din_fluxs":[[0.0,0.0,0.0,0.0,0.0,0.0,0.0,0.0],[0.0,-0.0011202771366820023,0.026510161957433692,0.031991130003142944,0.0,-0.002077663199773851,0.0,0.0],[0.0,0.0011215409185090172,-0.025370350731059067,-0.0493701034027742,0.0,0.00358544287756768,0.0,0.0],[0.0,0.0,0.0,-0.1861274498744838,0.002851126048040836,0.0,0.003509431288256664,0.0],[0.0,0.0,0.0,0.00643254683567592,-0.0028434299061316707,0.014131168775006574,-0.002843096302733681,0.0],[0.0,0.0,0.0,0.0,0.002851552502302423,-0.014336990068687055,0.003227765563672234,0.0],[0.0,0.0,0.0,0.0,0.0,0.0,-0.002137325412735999,0.003260545301999043],[0.0,0.0,0.0,0.0,0.0,0.0,0.0016405335786330015,-0.003249928526037379]]}