{"din_name":"flux_level08257.json","din_kind":"RELATIVE","din_start":600.0000044834831,"din_end":660.0000059464239,"din_rules":["Interventions","r1","r1_rev","r2","r3","r4","r5","r6"],"din_hits":[0,871668,871315,1166280,2794116,1627849,508241,508236],"din_fluxs":[[0.0,0.0,0.0,0.0,0.0,0.0,0.0,0.0],[0.0,-0.0016158722331033506,0.002932242800650369,0.008242824133953044,0.0,-0.003066845585143145,0.0,0.0],[0.0,0.0016186119294457184,-0.002869951370342057,-0.005713324933676031,0.0,0.002180385742978855,0.0,0.0],[0.0,0.0,0.0,-0.03612678473519711,0.0033264936534788065,0.0,0.0034319490670831577,0.0],[0.0,0.0,0.0,0.01485388083211785,-0.0033151594568521557,0.008437671945027503,-0.0033143702004226603,0.0],[0.0,0.0,0.0,0.0,0.0033259816254112475,-0.013809960158747284,0.003529387371436429,0.0],[0.0,0.0,0.0,0.0,0.0,0.0,-0.002393802267224088,0.0034242299337281837],[0.0,0.0,0.0,0.0,0.0,0.0,0.0015167846479719272,-0.0034125180619175937]]}