{"din_name":"flux_level13636.json","din_kind":"RELATIVE","din_start":600.000006672064,"din_end":660.0000006519551,"din_rules":["Interventions","r1","r1_rev","r2","r3","r4","r5","r6"],"din_hits":[0,6235,6209,36806,4089696,4052883,191385,191401],"din_fluxs":[[0.0,0.0,0.0,0.0,0.0,0.0,0.0,0.0],[0.0,-0.0010985008335310227,0.057120831583457786,0.05594670821280708,0.0,-0.0020730577721529498,0.0,0.0],[0.0,0.0010997370724602816,-0.05272099521497297,-0.10168357447519827,0.0,0.004527681545515871,0.0,0.0],[0.0,0.0,0.0,-0.2710415266468226,0.0029016114305627436,0.0,0.007040609266613464,0.0],[0.0,0.0,0.0,0.003548354681527393,-0.0028938172575916424,0.01347531212167069,-0.0028977180399048096,0.0],[0.0,0.0,0.0,0.0,0.0029022258681809907,-0.013418434717671542,0.003426246398139277,0.0],[0.0,0.0,0.0,0.0,0.0,0.0,-0.03094289613550906,0.0010532459224943792],[0.0,0.0,0.0,0.0,0.0,0.0,0.022135633071658504,-0.001052137981774804]]}