{"din_name":"flux_level00753.json","din_kind":"RELATIVE","din_start":600.0000114400199,"din_end":660.0000012934565,"din_rules":["Interventions","r1","r1_rev","r2","r3","r4","r5","r6"],"din_hits":[0,329447,329378,134995,3089259,2954256,357076,357080],"din_fluxs":[[0.0,0.0,0.0,0.0,0.0,0.0,0.0,0.0],[0.0,-0.0011466686683187228,0.016392519330755143,0.02347825453791385,0.0,-0.0021304669999566697,0.0,0.0],[0.0,0.001147991786426531,-0.015857938662266154,-0.031193715227470855,0.0,0.0030484435055322407,0.0,0.0],[0.0,0.0,0.0,-0.12996964971749042,0.002995583835117896,0.0,0.0030926388434731242,0.0],[0.0,0.0,0.0,0.007516511896046546,-0.002986783805791282,0.012680037650778565,-0.0029868174645348417,0.0],[0.0,0.0,0.0,0.0,0.0029957437830432456,-0.013185254258838007,0.003054950057553951,0.0],[0.0,0.0,0.0,0.0,0.0,0.0,-0.001731344271758932,0.007666897808180063],[0.0,0.0,0.0,0.0,0.0,0.0,0.001215070028998764,-0.007608158573060774]]}