{"din_name":"flux_level08547.json","din_kind":"RELATIVE","din_start":600.0000018084436,"din_end":660.000014363663,"din_rules":["Interventions","r1","r1_rev","r2","r3","r4","r5","r6"],"din_hits":[0,20694,20686,6831,1904097,1897275,241834,241833],"din_fluxs":[[0.0,0.0,0.0,0.0,0.0,0.0,0.0,0.0],[0.0,-0.0010892083987547624,0.11364007562619531,0.10348748230632523,0.0,-0.001990105154452799,0.0,0.0],[0.0,0.001090398665834428,-0.09916250119795979,-0.17617505850417214,0.0,0.005482006653850526,0.0,0.0],[0.0,0.0,0.0,-0.4929075562716244,0.002554216309079105,0.0,0.002622088440064268,0.0],[0.0,0.0,0.0,0.005893160256352338,-0.002548041536077171,0.01919680474812684,-0.0025482563594016825,0.0],[0.0,0.0,0.0,0.0,0.002554553737693454,-0.018937134998705068,0.0025844661674692456,0.0],[0.0,0.0,0.0,0.0,0.0,0.0,-0.0013401009018678704,0.021813301675550827],[0.0,0.0,0.0,0.0,0.0,0.0,0.001108647216291842,-0.021337808334060966]]}