{"din_name":"flux_level13994.json","din_kind":"RELATIVE","din_start":600.0000124668256,"din_end":660.0000132900468,"din_rules":["Interventions","r1","r1_rev","r2","r3","r4","r5","r6"],"din_hits":[0,326274,326158,137751,1395662,1257899,57311,57316],"din_fluxs":[[0.0,0.0,0.0,0.0,0.0,0.0,0.0,0.0],[0.0,-0.0012058568687183518,0.00916618815224386,0.015825308624166774,0.0,-0.002256832405197702,0.0,0.0],[0.0,0.001207335745964468,-0.008923328645897245,-0.01763966419963492,0.0,0.0026609445579411327,0.0,0.0],[0.0,0.0,0.0,-0.09574914570420992,0.0029033261896965197,0.0,0.0029224666940488083,0.0],[0.0,0.0,0.0,0.01097793454023162,-0.0028950531588678888,0.013401890037295144,-0.0028949042854618796,0.0],[0.0,0.0,0.0,0.0,0.002903478380242521,-0.014752361017051878,0.0029183472339593935,0.0],[0.0,0.0,0.0,0.0,0.0,0.0,-0.0014789535662291233,0.054566305184462816],[0.0,0.0,0.0,0.0,0.0,0.0,0.0011078424642008936,-0.0515721783181286]]}