{"din_name":"flux_level07258.json","din_kind":"RELATIVE","din_start":600.0000140867064,"din_end":660.000000054551,"din_rules":["Interventions","r1","r1_rev","r2","r3","r4","r5","r6"],"din_hits":[0,9615,9600,22509,2569665,2547149,398801,398805],"din_fluxs":[[0.0,0.0,0.0,0.0,0.0,0.0,0.0,0.0],[0.0,-0.0010957146381685443,0.0670502673350758,0.05669697215049531,0.0,-0.001956894755758835,0.0,0.0],[0.0,0.0010969316161111586,-0.06142222920442052,-0.11412433245150436,0.0,0.005215071883873583,0.0,0.0],[0.0,0.0,0.0,-0.3593745485994149,0.002565245800675978,0.0,0.0028864863307004815,0.0],[0.0,0.0,0.0,0.00557416741614503,-0.002559426387914152,0.01908794630540257,-0.0025610221364895467,0.0],[0.0,0.0,0.0,0.0,0.0025660026015252276,-0.018903274568443047,0.0026228018954163783,0.0],[0.0,0.0,0.0,0.0,0.0,0.0,-0.0017477013671586608,0.003807360965379219],[0.0,0.0,0.0,0.0,0.0,0.0,0.0013883830812927984,-0.003792879685547612]]}