{"din_name":"flux_level11055.json","din_kind":"RELATIVE","din_start":600.0000014899978,"din_end":660.0000003530782,"din_rules":["Interventions","r1","r1_rev","r2","r3","r4","r5","r6"],"din_hits":[0,1512828,1512421,1705565,3549762,1844186,1965160,1965165],"din_fluxs":[[0.0,0.0,0.0,0.0,0.0,0.0,0.0,0.0],[0.0,-0.0017629760013575999,0.0025180841873274776,0.007931710909604935,0.0,-0.0033493147273953618,0.0,0.0],[0.0,0.0017661993891736208,-0.0024671976212154866,-0.004895951758530188,0.0,0.002130114758963154,0.0,0.0],[0.0,0.0,0.0,-0.04232364230251494,0.0028986955121736153,0.0,0.003156976914189498,0.0],[0.0,0.0,0.0,0.019919952730502583,-0.002890142682110755,0.010272505495475903,-0.002891033246833336,0.0],[0.0,0.0,0.0,0.0,0.002898366195671922,-0.018417915101189997,0.0033487758084534513,0.0],[0.0,0.0,0.0,0.0,0.0,0.0,-0.0024214556399906753,0.002648578422045338],[0.0,0.0,0.0,0.0,0.0,0.0,0.0017882773417343576,-0.002641570332545871]]}