{"din_name":"flux_level09634.json","din_kind":"RELATIVE","din_start":600.0000037387417,"din_end":660.0000182766003,"din_rules":["Interventions","r1","r1_rev","r2","r3","r4","r5","r6"],"din_hits":[0,40677,40654,9635,1577028,1567386,1086515,1086512],"din_fluxs":[[0.0,0.0,0.0,0.0,0.0,0.0,0.0,0.0],[0.0,-0.0010979687408047291,0.05924330877853081,0.06658734809249227,0.0,-0.002034658564543159,0.0,0.0],[0.0,0.0010991800118995525,-0.054116673752150686,-0.10267908329474999,0.0,0.0038072068998533117,0.0,0.0],[0.0,0.0,0.0,-0.2816217027018806,0.003109727797136465,0.0,0.005092593401172205,0.0],[0.0,0.0,0.0,0.003862565165341928,-0.0031007077655633626,0.011622685276526086,-0.0030996526775087796,0.0],[0.0,0.0,0.0,0.0,0.003110362276939857,-0.011603629143061678,0.004027145402393632,0.0],[0.0,0.0,0.0,0.0,0.0,0.0,-0.00424007769486165,0.001683865123404574],[0.0,0.0,0.0,0.0,0.0,0.0,0.0029312906895478676,-0.0016810325110123891]]}