{"din_name":"flux_level08148.json","din_kind":"RELATIVE","din_start":600.000001565176,"din_end":660.0000209487797,"din_rules":["Interventions","r1","r1_rev","r2","r3","r4","r5","r6"],"din_hits":[0,15749,15743,3395,1109173,1105769,813213,813209],"din_fluxs":[[0.0,0.0,0.0,0.0,0.0,0.0,0.0,0.0],[0.0,-0.001089157226595064,0.12042769755666483,0.115717029404886,0.0,-0.002006644629846883,0.0,0.0],[0.0,0.0010903477128075124,-0.10050806970735073,-0.17752796063043236,0.0,0.005087534950156648,0.0,0.0],[0.0,0.0,0.0,-0.48969826858781723,0.002613714036466092,0.0,0.004728822835881621,0.0],[0.0,0.0,0.0,0.00569988005368845,-0.002606550249223002,0.017694379938971768,-0.002602667030862595,0.0],[0.0,0.0,0.0,0.0,0.002613363162198354,-0.01748055131899312,0.0033182431629243635,0.0],[0.0,0.0,0.0,0.0,0.0,0.0,-0.004509208004648495,0.0014466615585309642],[0.0,0.0,0.0,0.0,0.0,0.0,0.003570068414546826,-0.0014445707853774222]]}