{"din_name":"flux_level03946.json","din_kind":"RELATIVE","din_start":600.0000017308852,"din_end":660.0000594873408,"din_rules":["Interventions","r1","r1_rev","r2","r3","r4","r5","r6"],"din_hits":[0,20584,20577,3572,1137637,1134064,1642350,1642355],"din_fluxs":[[0.0,0.0,0.0,0.0,0.0,0.0,0.0,0.0],[0.0,-0.0010904862361346477,0.10023635111853871,0.10519907172320289,0.0,-0.002020133611669825,0.0,0.0],[0.0,0.0010916795920257619,-0.08867223037648628,-0.16082164213222203,0.0,0.004470867325227966,0.0,0.0],[0.0,0.0,0.0,-0.4323632822593808,0.0027829074071350317,0.0,0.0045463157484462915,0.0],[0.0,0.0,0.0,0.0049043475841844516,-0.0027757222667089167,0.014700202567481786,-0.0027750973461083397,0.0],[0.0,0.0,0.0,0.0,0.002783453629798333,-0.014574874622352333,0.0036664823771400045,0.0],[0.0,0.0,0.0,0.0,0.0,0.0,-0.0028674885064096265,0.002122411023721012],[0.0,0.0,0.0,0.0,0.0,0.0,0.0022656211565734393,-0.00211791074315053]]}