{"din_name":"flux_level04619.json","din_kind":"RELATIVE","din_start":600.0000074353565,"din_end":660.0000155157276,"din_rules":["Interventions","r1","r1_rev","r2","r3","r4","r5","r6"],"din_hits":[0,20794,20785,14662,1921764,1907121,918496,918527],"din_fluxs":[[0.0,0.0,0.0,0.0,0.0,0.0,0.0,0.0],[0.0,-0.0010946213349061766,0.07169690493322797,0.06499887494610522,0.0,-0.0020523663000080847,0.0,0.0],[0.0,0.0010958258869600288,-0.06548753092252778,-0.12156049215185478,0.0,0.005235498439865798,0.0,0.0],[0.0,0.0,0.0,-0.3958744989366129,0.002526308290507855,0.0,0.0032495571180966116,0.0],[0.0,0.0,0.0,0.006379411676683008,-0.002520332020640077,0.02016966755527003,-0.0025208472912617752,0.0],[0.0,0.0,0.0,0.0,0.002526704581556111,-0.01995176870481386,0.002734607957245228,0.0],[0.0,0.0,0.0,0.0,0.0,0.0,-0.002320417346529243,0.0022429674155645986],[0.0,0.0,0.0,0.0,0.0,0.0,0.0018898872700492764,-0.0022379423950481484]]}