{"din_name":"flux_level06510.json","din_kind":"RELATIVE","din_start":600.0000025438387,"din_end":660.0000198381811,"din_rules":["Interventions","r1","r1_rev","r2","r3","r4","r5","r6"],"din_hits":[0,51240,51229,13167,1774253,1761079,699680,699706],"din_fluxs":[[0.0,0.0,0.0,0.0,0.0,0.0,0.0,0.0],[0.0,-0.0010977661473399376,0.0587712745276116,0.06131660459872712,0.0,-0.0020251943032008864,0.0,0.0],[0.0,0.0010989755311708951,-0.05447269289126889,-0.10236741282392603,0.0,0.004297934927047363,0.0,0.0],[0.0,0.0,0.0,-0.3331849901107592,0.0027158095342983976,0.0,0.0045868601167218925,0.0],[0.0,0.0,0.0,0.005662145988726938,-0.0027075262313711163,0.015859901648241075,-0.00270471305606168,0.0],[0.0,0.0,0.0,0.0,0.002714873004291602,-0.015790648400330863,0.0034373994181860425,0.0],[0.0,0.0,0.0,0.0,0.0,0.0,-0.0072225166731336886,0.0012530379957669802],[0.0,0.0,0.0,0.0,0.0,0.0,0.005458191617443671,-0.0012514693443750223]]}