{"din_name":"flux_level03374.json","din_kind":"RELATIVE","din_start":600.0000176508179,"din_end":660.0000633136984,"din_rules":["Interventions","r1","r1_rev","r2","r3","r4","r5","r6"],"din_hits":[0,60740,60726,1298,507335,506029,315372,315352],"din_fluxs":[[0.0,0.0,0.0,0.0,0.0,0.0,0.0,0.0],[0.0,-0.00109347085517015,0.0777605381248615,0.13005090189355342,0.0,-0.0020039923944036643,0.0,0.0],[0.0,0.001094669678848692,-0.07062535345090329,-0.125166657487032,0.0,0.0032218274759889154,0.0,0.0],[0.0,0.0,0.0,-0.48982335748088934,0.0026751137694103777,0.0,0.0035249881616383214,0.0],[0.0,0.0,0.0,0.011953118660838927,-0.002669492573785353,0.01626588489516343,-0.0026668697707861737,0.0],[0.0,0.0,0.0,0.0,0.002676644491251451,-0.016185875370572828,0.003246749592928775,0.0],[0.0,0.0,0.0,0.0,0.0,0.0,-0.003956887938599554,0.0015533779129513513],[0.0,0.0,0.0,0.0,0.0,0.0,0.0030626466299848837,-0.00155096773413548]]}