{"din_name":"flux_level00703.json","din_kind":"RELATIVE","din_start":600.0000027159615,"din_end":660.0000017116682,"din_rules":["Interventions","r1","r1_rev","r2","r3","r4","r5","r6"],"din_hits":[0,32371,32361,17414,4101125,4083703,1612435,1612413],"din_fluxs":[[0.0,0.0,0.0,0.0,0.0,0.0,0.0,0.0],[0.0,-0.0010902476127602526,0.10209253204945247,0.09408681708386589,0.0,-0.0020201195781228026,0.0,0.0],[0.0,0.001091439636497788,-0.09027693042654222,-0.16558740281392842,0.0,0.005360459029150782,0.0,0.0],[0.0,0.0,0.0,-0.4443588827125035,0.0026219967571427982,0.0,0.003324409492112849,0.0],[0.0,0.0,0.0,0.0050114225681312935,-0.002615959787496884,0.01754888535169581,-0.002615152597090021,0.0],[0.0,0.0,0.0,0.0,0.0026228269137861322,-0.017343076240796312,0.0028079997092857437,0.0],[0.0,0.0,0.0,0.0,0.0,0.0,-0.002187110891663337,0.002561901541519453],[0.0,0.0,0.0,0.0,0.0,0.0,0.0017198620194214423,-0.0025553442470216984]]}