{"din_name":"flux_level08528.json","din_kind":"RELATIVE","din_start":600.0000055658589,"din_end":660.000028390532,"din_rules":["Interventions","r1","r1_rev","r2","r3","r4","r5","r6"],"din_hits":[0,35268,35257,3277,2175860,2172573,828481,828493],"din_fluxs":[[0.0,0.0,0.0,0.0,0.0,0.0,0.0,0.0],[0.0,-0.0010890804168240992,0.12097580989990483,0.15088139709903076,0.0,-0.002029009454713431,0.0,0.0],[0.0,0.0010902693872568573,-0.10091370036142344,-0.18550368773425122,0.0,0.0035112695350055945,0.0,0.0],[0.0,0.0,0.0,-0.3989495403556636,0.0036268007139284436,0.0,0.004098932674955635,0.0],[0.0,0.0,0.0,0.0028572038095915474,-0.003612204449821643,0.009128198140969613,-0.003612000676348912,0.0],[0.0,0.0,0.0,0.0,0.0036253114529245225,-0.009082608982153521,0.003911320584650928,0.0],[0.0,0.0,0.0,0.0,0.0,0.0,-0.0022018373324990004,0.0066894920503565835],[0.0,0.0,0.0,0.0,0.0,0.0,0.0014595044112729158,-0.00664478293663975]]}