{"din_name":"flux_level11679.json","din_kind":"RELATIVE","din_start":600.0000121310908,"din_end":660.0000468238154,"din_rules":["Interventions","r1","r1_rev","r2","r3","r4","r5","r6"],"din_hits":[0,43665,43655,2467,1654369,1651889,513897,513907],"din_fluxs":[[0.0,0.0,0.0,0.0,0.0,0.0,0.0,0.0],[0.0,-0.0010891908489030313,0.12060024152291998,0.15556797234438985,0.0,-0.002004619577432269,0.0,0.0],[0.0,0.0010903797850053138,-0.09949341959846304,-0.18152093456627477,0.0,0.0034478925624869573,0.0,0.0],[0.0,0.0,0.0,-0.42693090496672215,0.003388451520890415,0.0,0.004183266708486356,0.0],[0.0,0.0,0.0,0.004130612474185853,-0.0033755845406440877,0.009989011380832698,-0.0033773259526925807,0.0],[0.0,0.0,0.0,0.0,0.0033870251879243875,-0.009941996132734351,0.00378032207166262,0.0],[0.0,0.0,0.0,0.0,0.0,0.0,-0.003290608477256506,0.00216512736545393],[0.0,0.0,0.0,0.0,0.0,0.0,0.0020589474044718174,-0.002160445348232322]]}