{"din_name":"flux_level03491.json","din_kind":"RELATIVE","din_start":600.0000029344519,"din_end":660.0000076392619,"din_rules":["Interventions","r1","r1_rev","r2","r3","r4","r5","r6"],"din_hits":[0,65240,65212,40320,4261437,4221111,1094264,1094261],"din_fluxs":[[0.0,0.0,0.0,0.0,0.0,0.0,0.0,0.0],[0.0,-0.001097919813823878,0.05853044551674894,0.05532875391250513,0.0,-0.0020266129368748296,0.0,0.0],[0.0,0.0010991287787450845,-0.05425039781875763,-0.10126583398001093,0.0,0.004793814793296031,0.0,0.0],[0.0,0.0,0.0,-0.34823783474759196,0.0025702137644165353,0.0,0.0030508808933851776,0.0],[0.0,0.0,0.0,0.0063297426096725565,-0.0025635843912902145,0.01896817294820523,-0.0025640972189455344,0.0],[0.0,0.0,0.0,0.0,0.002570175022989826,-0.018829617120249432,0.002693851174213897,0.0],[0.0,0.0,0.0,0.0,0.0,0.0,-0.0023017036304370958,0.002295694488700521],[0.0,0.0,0.0,0.0,0.0,0.0,0.0018251609165291821,-0.0022904295560204693]]}