{"din_name":"flux_level13383.json","din_kind":"RELATIVE","din_start":600.0000066554126,"din_end":660.0000067496494,"din_rules":["Interventions","r1","r1_rev","r2","r3","r4","r5","r6"],"din_hits":[0,315948,315908,83131,2595175,2512038,1113990,1113986],"din_fluxs":[[0.0,0.0,0.0,0.0,0.0,0.0,0.0,0.0],[0.0,-0.0011370518601436258,0.01898310601259038,0.02731523072667588,0.0,-0.0021182165554295422,0.0,0.0],[0.0,0.0011383510944845132,-0.01831946138459279,-0.035860206628395744,0.0,0.002996034566933246,0.0,0.0],[0.0,0.0,0.0,-0.12875022707297706,0.0032644102879256544,0.0,0.004224249889794911,0.0],[0.0,0.0,0.0,0.006032177757726293,-0.0032536679696471378,0.010831836126335693,-0.0032539276522117206,0.0],[0.0,0.0,0.0,0.0,0.0032642936332546884,-0.011173837300834854,0.003894965204752558,0.0],[0.0,0.0,0.0,0.0,0.0,0.0,-0.004146518716339939,0.0017332732734298391],[0.0,0.0,0.0,0.0,0.0,0.0,0.0026927308693795293,-0.0017302721847095674]]}