{"din_name":"flux_level12496.json","din_kind":"RELATIVE","din_start":600.0000000923429,"din_end":660.0000046757319,"din_rules":["Interventions","r1","r1_rev","r2","r3","r4","r5","r6"],"din_hits":[0,52079,52050,19797,2234083,2214287,481489,481487],"din_fluxs":[[0.0,0.0,0.0,0.0,0.0,0.0,0.0,0.0],[0.0,-0.0011030440107943264,0.045539343008283384,0.052499330169704435,0.0,-0.0020338748819934945,0.0,0.0],[0.0,0.0011042674989748965,-0.042771160970815694,-0.08263434867679931,0.0,0.0036633267379812175,0.0,0.0],[0.0,0.0,0.0,-0.22387806158278317,0.003265059579262326,0.0,0.0036128767739360625,0.0],[0.0,0.0,0.0,0.0035305402406550024,-0.0032545817343387915,0.010750622185677676,-0.0032544080705301194,0.0],[0.0,0.0,0.0,0.0,0.003265218442971779,-0.01076763574769909,0.003416703924650853,0.0],[0.0,0.0,0.0,0.0,0.0,0.0,-0.0020681543166206702,0.0050638272463784375],[0.0,0.0,0.0,0.0,0.0,0.0,0.0013685581159025696,-0.005038211195991682]]}