{"din_name":"flux_level08037.json","din_kind":"RELATIVE","din_start":600.0000235686733,"din_end":660.0000194171467,"din_rules":["Interventions","r1","r1_rev","r2","r3","r4","r5","r6"],"din_hits":[0,23185,23161,21921,3154628,3132709,942541,942557],"din_fluxs":[[0.0,0.0,0.0,0.0,0.0,0.0,0.0,0.0],[0.0,-0.0010938568634806238,0.07572702496490873,0.06723406432505423,0.0,-0.0020272838222636785,0.0,0.0],[0.0,0.0010950579436222658,-0.06887515937762767,-0.12785178877124911,0.0,0.005228678807541501,0.0,0.0],[0.0,0.0,0.0,-0.38338140942829196,0.002585845314472839,0.0,0.0035669078002848564,0.0],[0.0,0.0,0.0,0.005347680859096889,-0.002579579268074664,0.0185063153801701,-0.0025821056766999486,0.0],[0.0,0.0,0.0,0.0,0.0025862557514133183,-0.01831652498233905,0.0027926483375498292,0.0],[0.0,0.0,0.0,0.0,0.0,0.0,-0.0031710968671300223,0.0017117695567357006],[0.0,0.0,0.0,0.0,0.0,0.0,0.0024982490021679365,-0.001708842431454759]]}