{"din_name":"flux_level00726.json","din_kind":"RELATIVE","din_start":600.0000055051795,"din_end":660.0000049290439,"din_rules":["Interventions","r1","r1_rev","r2","r3","r4","r5","r6"],"din_hits":[0,1778570,1778285,850345,2455929,1605572,346840,346825],"din_fluxs":[[0.0,0.0,0.0,0.0,0.0,0.0,0.0,0.0],[0.0,-0.0015051581009290253,0.00342672171220734,0.008938136494889184,0.0,-0.002843478791091573,0.0,0.0],[0.0,0.0015074678845920367,-0.0033565592415132654,-0.006661249644902052,0.0,0.0021958768215989094,0.0,0.0],[0.0,0.0,0.0,-0.05436644866727168,0.0028332248774047605,0.0,0.002877751828239955,0.0],[0.0,0.0,0.0,0.018269283136030785,-0.00282517706213246,0.012461928223319067,-0.0028247335721902377,0.0],[0.0,0.0,0.0,0.0,0.002833164062417365,-0.018000400490244026,0.002889223107739517,0.0],[0.0,0.0,0.0,0.0,0.0,0.0,-0.001527054447818591,0.014532318200722882],[0.0,0.0,0.0,0.0,0.0,0.0,0.0011604167342077166,-0.014321099651680044]]}