{"din_name":"flux_level05754.json","din_kind":"RELATIVE","din_start":600.0000102697768,"din_end":660.0000009576922,"din_rules":["Interventions","r1","r1_rev","r2","r3","r4","r5","r6"],"din_hits":[0,12047,12039,4719,2641343,2636631,1240036,1240032],"din_fluxs":[[0.0,0.0,0.0,0.0,0.0,0.0,0.0,0.0],[0.0,-0.001089319199051957,0.11619229222299278,0.13098439369015735,0.0,-0.0020061502538525327,0.0,0.0],[0.0,0.0010905116415302972,-0.09868205712432437,-0.1846478231032759,0.0,0.0037702350651870275,0.0,0.0],[0.0,0.0,0.0,-0.3629175703906073,0.0037525745911814084,0.0,0.006360501917245271,0.0],[0.0,0.0,0.0,0.0016198772974566349,-0.0037395507223656446,0.008782839877889727,-0.00373959679182345,0.0],[0.0,0.0,0.0,0.0,0.003753604918951024,-0.00872962326072927,0.0045724893851290405,0.0],[0.0,0.0,0.0,0.0,0.0,0.0,-0.004147028628493032,0.0019954263050232872],[0.0,0.0,0.0,0.0,0.0,0.0,0.0024355507803483223,-0.0019914488573191122]]}