{"din_name":"flux_level06150.json","din_kind":"RELATIVE","din_start":600.0000004043102,"din_end":660.0000023500999,"din_rules":["Interventions","r1","r1_rev","r2","r3","r4","r5","r6"],"din_hits":[0,858337,858158,866424,4522742,3656291,1090520,1090541],"din_fluxs":[[0.0,0.0,0.0,0.0,0.0,0.0,0.0,0.0],[0.0,-0.001311189587343801,0.00545008907740007,0.011727923924442609,0.0,-0.0024627495106617097,0.0,0.0],[0.0,0.0013129386736352965,-0.0053271473808947836,-0.01053877494612522,0.0,0.0023398409168977584,0.0,0.0],[0.0,0.0,0.0,-0.0887433924870961,0.0026428403368052777,0.0,0.0027362267424775807,0.0],[0.0,0.0,0.0,0.018392999414707463,-0.0026358988566268144,0.01652378850618743,-0.0026355296821537694,0.0],[0.0,0.0,0.0,0.0,0.002642874089847495,-0.020003785908816518,0.00274589293319503,0.0],[0.0,0.0,0.0,0.0,0.0,0.0,-0.0018463657912453225,0.0035891237725640267],[0.0,0.0,0.0,0.0,0.0,0.0,0.0014350362367932374,-0.003576254080261122]]}