{"din_name":"flux_level03719.json","din_kind":"RELATIVE","din_start":600.0000120094953,"din_end":660.0000154312621,"din_rules":["Interventions","r1","r1_rev","r2","r3","r4","r5","r6"],"din_hits":[0,98881,98867,6431,2011618,2005175,699602,699602],"din_fluxs":[[0.0,0.0,0.0,0.0,0.0,0.0,0.0,0.0],[0.0,-0.0010969976716029809,0.06152889401501811,0.09130850705362036,0.0,-0.0020328062262623065,0.0,0.0],[0.0,0.0010982040350490413,-0.056879109152118766,-0.10912022168758077,0.0,0.00287603741314676,0.0,0.0],[0.0,0.0,0.0,-0.2532878543839148,0.004519386458951032,0.0,0.0052886802863365435,0.0],[0.0,0.0,0.0,0.0029163640581872483,-0.004499796128831365,0.0073491435585942315,-0.004500241448822102,0.0],[0.0,0.0,0.0,0.0,0.00452017327973353,-0.007359475509296113,0.005069963837142557,0.0],[0.0,0.0,0.0,0.0,0.0,0.0,-0.003265046190332087,0.0037961205641237517],[0.0,0.0,0.0,0.0,0.0,0.0,0.0017114425537559578,-0.003781724703625108]]}