{"din_name":"flux_level09286.json","din_kind":"RELATIVE","din_start":600.0000018186637,"din_end":660.0000202456647,"din_rules":["Interventions","r1","r1_rev","r2","r3","r4","r5","r6"],"din_hits":[0,1566935,1566453,409611,644683,235082,540635,540641],"din_fluxs":[[0.0,0.0,0.0,0.0,0.0,0.0,0.0,0.0],[0.0,-0.002015675641182359,0.002113304956097959,0.006665415709788339,0.0,-0.0038513671046498527,0.0,0.0],[0.0,0.0020199267388650312,-0.002070894225721205,-0.0041181889777972165,0.0,0.0024691180113494485,0.0,0.0],[0.0,0.0,0.0,-0.04720802929920521,0.0025813652772519583,0.0,0.0034699127585862658,0.0],[0.0,0.0,0.0,0.02536356430802713,-0.0025748172486697142,0.014021801310146515,-0.0025760068200743878,0.0],[0.0,0.0,0.0,0.0,0.002581644671161235,-0.02810664446490126,0.0036979847162920965,0.0],[0.0,0.0,0.0,0.0,0.0,0.0,-0.005606317724487825,0.0013348337269752078],[0.0,0.0,0.0,0.0,0.0,0.0,0.004496236422448821,-0.0013330537251310436]]}