{"din_name":"flux_level01832.json","din_kind":"RELATIVE","din_start":600.0000179114761,"din_end":660.000013643998,"din_rules":["Interventions","r1","r1_rev","r2","r3","r4","r5","r6"],"din_hits":[0,32728,32714,8320,750987,742667,1254511,1254511],"din_fluxs":[[0.0,0.0,0.0,0.0,0.0,0.0,0.0,0.0],[0.0,-0.0011027408113030075,0.04626718286508067,0.05055689701258638,0.0,-0.002060490252652397,0.0,0.0],[0.0,0.0011039655715038026,-0.043388479178273494,-0.08234365105891245,0.0,0.004173530972418195,0.0,0.0],[0.0,0.0,0.0,-0.31094088037841944,0.002620871487225567,0.0,0.003202324797997968,0.0],[0.0,0.0,0.0,0.007204986746808677,-0.0026140847432293336,0.017719645783044018,-0.002614306498660136,0.0],[0.0,0.0,0.0,0.0,0.002620939209101904,-0.017691894184932486,0.003019013995794084,0.0],[0.0,0.0,0.0,0.0,0.0,0.0,-0.0017310907360925843,0.004621249282785438],[0.0,0.0,0.0,0.0,0.0,0.0,0.0014956983148337398,-0.004599916035381653]]}