{"din_name":"flux_level01008.json","din_kind":"RELATIVE","din_start":600.0000899803864,"din_end":660.0000308955866,"din_rules":["Interventions","r1","r1_rev","r2","r3","r4","r5","r6"],"din_hits":[0,174972,174903,10451,283205,272741,593836,593863],"din_fluxs":[[0.0,0.0,0.0,0.0,0.0,0.0,0.0,0.0],[0.0,-0.0011548830506774741,0.014721674331454734,0.025678689638507602,0.0,-0.0021500848594360822,0.0,0.0],[0.0,0.0011562342718406371,-0.014253316750433998,-0.028166624302491648,0.0,0.0024957035761258525,0.0,0.0],[0.0,0.0,0.0,-0.09634639599206937,0.003964261000714579,0.0,0.008831844882053054,0.0],[0.0,0.0,0.0,0.006376280317483801,-0.0039467598937214824,0.008325617403946349,-0.003944562927669216,0.0],[0.0,0.0,0.0,0.0,0.003962344893614306,-0.008783791639289032,0.008555265049132328,0.0],[0.0,0.0,0.0,0.0,0.0,0.0,-0.006566526119138476,0.0018952035439306087],[0.0,0.0,0.0,0.0,0.0,0.0,0.004429493939549649,-0.0018916152634295463]]}