{"din_name":"flux_level05790.json","din_kind":"RELATIVE","din_start":600.000060351921,"din_end":660.0000224805057,"din_rules":["Interventions","r1","r1_rev","r2","r3","r4","r5","r6"],"din_hits":[0,38096,38086,1898,857467,855560,914296,914317],"din_fluxs":[[0.0,0.0,0.0,0.0,0.0,0.0,0.0,0.0],[0.0,-0.0010902812966992641,0.1032882623545945,0.1394950247013514,0.0,-0.0020363614820250063,0.0,0.0],[0.0,0.0010914730906508559,-0.08999949369092754,-0.15950754175316934,0.0,0.003825430644413132,0.0,0.0],[0.0,0.0,0.0,-0.4853827287468385,0.0027622379802911172,0.0,0.004135798201650321,0.0],[0.0,0.0,0.0,0.007632336775482696,-0.0027552612770056404,0.014908002056161915,-0.002759157600946104,0.0],[0.0,0.0,0.0,0.0,0.0027628787057625104,-0.01479776083246891,0.003544599507368201,0.0],[0.0,0.0,0.0,0.0,0.0,0.0,-0.0031754776866448507,0.0018826971896317229],[0.0,0.0,0.0,0.0,0.0,0.0,0.002460827830651841,-0.0018791551581339287]]}