{"din_name":"flux_level09971.json","din_kind":"RELATIVE","din_start":600.0000614842965,"din_end":660.0000315790965,"din_rules":["Interventions","r1","r1_rev","r2","r3","r4","r5","r6"],"din_hits":[0,122152,122071,20857,352777,331921,219805,219811],"din_fluxs":[[0.0,0.0,0.0,0.0,0.0,0.0,0.0,0.0],[0.0,-0.0011870284308171286,0.010617783994459687,0.020188447903916964,0.0,-0.0022109680415231237,0.0,0.0],[0.0,0.0011884828436726253,-0.010304199103602358,-0.02050717862267644,0.0,0.00230953982208351,0.0,0.0],[0.0,0.0,0.0,-0.04332106634461601,0.02007262763922157,0.0,0.024204590433929783,0.0],[0.0,0.0,0.0,0.00297030559689608,-0.01967103385748659,0.004640939819151392,-0.019656345420677394,0.0],[0.0,0.0,0.0,0.0,0.02007226679253823,-0.004942418647484823,0.02408689195736844,0.0],[0.0,0.0,0.0,0.0,0.0,0.0,-0.012057077728046905,0.02654459822317422],[0.0,0.0,0.0,0.0,0.0,0.0,0.005876891267034997,-0.025837953916223972]]}