{"din_name":"flux_level06633.json","din_kind":"RELATIVE","din_start":600.0000016349353,"din_end":660.0000200273795,"din_rules":["Interventions","r1","r1_rev","r2","r3","r4","r5","r6"],"din_hits":[0,26779,26760,11355,1466902,1455540,364419,364449],"din_fluxs":[[0.0,0.0,0.0,0.0,0.0,0.0,0.0,0.0],[0.0,-0.001095889190847933,0.0658577143703413,0.06306467662216607,0.0,-0.0020155729757176566,0.0,0.0],[0.0,0.0010970969997877707,-0.060552566737503845,-0.11279419418744023,0.0,0.004856690804758895,0.0,0.0],[0.0,0.0,0.0,-0.37660235286513366,0.0025684114140343646,0.0,0.003879158707852015,0.0],[0.0,0.0,0.0,0.006411119540770794,-0.0025621679985791002,0.018948139594297458,-0.0025589635706890386,0.0],[0.0,0.0,0.0,0.0,0.0025687543582281628,-0.01878738850138851,0.0029347988964012104,0.0],[0.0,0.0,0.0,0.0,0.0,0.0,-0.006794034557167654,0.0012433210942136609],[0.0,0.0,0.0,0.0,0.0,0.0,0.005384817345718885,-0.0012417774281399414]]}