{"din_name":"flux_level11081.json","din_kind":"RELATIVE","din_start":600.000010458162,"din_end":660.0000043538532,"din_rules":["Interventions","r1","r1_rev","r2","r3","r4","r5","r6"],"din_hits":[0,3139916,3139343,275332,310835,35543,465305,465278],"din_fluxs":[[0.0,0.0,0.0,0.0,0.0,0.0,0.0,0.0],[0.0,-0.002578506789813858,0.0017010034715636993,0.004064845315545481,0.0,-0.004969479331436996,0.0,0.0],[0.0,0.002585368118849434,-0.0016685530555723927,-0.0033282852262173763,0.0,0.004190523746282534,0.0,0.0],[0.0,0.0,0.0,-0.025514372311176755,0.002784597074854458,0.0,0.004578283333857112,0.0],[0.0,0.0,0.0,0.016145541885927983,-0.002776897360330749,0.012423305262003016,-0.0027746680179651195,0.0],[0.0,0.0,0.0,0.0,0.0027850152840532055,-0.03152710610234068,0.004618185616315736,0.0],[0.0,0.0,0.0,0.0,0.0,0.0,-0.0051795366260583816,0.0014649658866135189],[0.0,0.0,0.0,0.0,0.0,0.0,0.004013393006406642,-0.0014628178770326303]]}