{"din_name":"flux_level08197.json","din_kind":"RELATIVE","din_start":600.0000279527563,"din_end":660.0000061529933,"din_rules":["Interventions","r1","r1_rev","r2","r3","r4","r5","r6"],"din_hits":[0,62306,62281,3314,678464,675165,297049,297023],"din_fluxs":[[0.0,0.0,0.0,0.0,0.0,0.0,0.0,0.0],[0.0,-0.0010964169234139115,0.06372482876262767,0.08728516090012926,0.0,-0.0020302527918737282,0.0,0.0],[0.0,0.00109762246400456,-0.05876065872191802,-0.10677540422787592,0.0,0.00367597331923339,0.0,0.0],[0.0,0.0,0.0,-0.431729921629769,0.002596469765563272,0.0,0.0028359762800059,0.0],[0.0,0.0,0.0,0.010306309775897709,-0.0025895956249984684,0.018051870870468206,-0.0025913467253683834,0.0],[0.0,0.0,0.0,0.0,0.0025963207091474934,-0.017962425420581428,0.0027650246544939578,0.0],[0.0,0.0,0.0,0.0,0.0,0.0,-0.0018801542909216182,0.0033324396809192073],[0.0,0.0,0.0,0.0,0.0,0.0,0.001505557876423476,-0.0033213672028605643]]}