{"din_name":"flux_level11221.json","din_kind":"RELATIVE","din_start":600.0000472453145,"din_end":660.0000161362401,"din_rules":["Interventions","r1","r1_rev","r2","r3","r4","r5","r6"],"din_hits":[0,48089,48073,2952,941917,938952,519094,519105],"din_fluxs":[[0.0,0.0,0.0,0.0,0.0,0.0,0.0,0.0],[0.0,-0.0010934036533240467,0.07876029721038355,0.10129529417542166,0.0,-0.002001221836739261,0.0,0.0],[0.0,0.001094602771832259,-0.07054926459515924,-0.1315287904761485,0.0,0.0035954965440686674,0.0,0.0],[0.0,0.0,0.0,-0.3927676101503805,0.0029365865554741816,0.0,0.0033862721478915493,0.0],[0.0,0.0,0.0,0.006214658903022657,-0.002927683049149177,0.012911253408636716,-0.0029259073554309466,0.0],[0.0,0.0,0.0,0.0,0.0029362841226338817,-0.012865338807557558,0.00321730960432254,0.0],[0.0,0.0,0.0,0.0,0.0,0.0,-0.0020035025176156464,0.004065375815818452],[0.0,0.0,0.0,0.0,0.0,0.0,0.0014971261623461702,-0.004048864411637223]]}