{"din_name":"flux_level04315.json","din_kind":"RELATIVE","din_start":600.0000142970805,"din_end":660.0000191400983,"din_rules":["Interventions","r1","r1_rev","r2","r3","r4","r5","r6"],"din_hits":[0,4548,4518,6300,278500,272192,1186780,1186814],"din_fluxs":[[0.0,0.0,0.0,0.0,0.0,0.0,0.0,0.0],[0.0,-0.0011134088308826626,0.032321091604660984,0.03479529866329432,0.0,-0.002070962602085681,0.0,0.0],[0.0,0.0011147799464390432,-0.030178665465539125,-0.05723117392774225,0.0,0.004125587777580638,0.0,0.0],[0.0,0.0,0.0,-0.2535587501923744,0.0025481248457847093,0.0,0.007085666700580684,0.0],[0.0,0.0,0.0,0.008279741789169777,-0.0025416613702785936,0.019782382358116912,-0.0025479502703062394,0.0],[0.0,0.0,0.0,0.0,0.0025481389929974253,-0.019870651411269483,0.005332885112799454,0.0],[0.0,0.0,0.0,0.0,0.0,0.0,-0.004762694380035547,0.001496675249686191],[0.0,0.0,0.0,0.0,0.0,0.0,0.00412768364126878,-0.0014944378431025742]]}