{"din_name":"flux_level10799.json","din_kind":"RELATIVE","din_start":600.0000081183542,"din_end":660.00005197205,"din_rules":["Interventions","r1","r1_rev","r2","r3","r4","r5","r6"],"din_hits":[0,95767,95747,22790,2558461,2535660,878890,878894],"din_fluxs":[[0.0,0.0,0.0,0.0,0.0,0.0,0.0,0.0],[0.0,-0.0011001592246581565,0.05198021649420954,0.05683274313785133,0.0,-0.0020462913954934596,0.0,0.0],[0.0,0.0011013733343104232,-0.048520007501572114,-0.09198097525820936,0.0,0.0041434693002264135,0.0,0.0],[0.0,0.0,0.0,-0.31767782371123376,0.0026972916213290417,0.0,0.00309051481472169,0.0],[0.0,0.0,0.0,0.006295370179618756,-0.0026905544519756405,0.016162516017604423,-0.002690062498762345,0.0],[0.0,0.0,0.0,0.0,0.002697820908680514,-0.016122172186785223,0.0028664089148792314,0.0],[0.0,0.0,0.0,0.0,0.0,0.0,-0.002097150335373623,0.00288340372753502],[0.0,0.0,0.0,0.0,0.0,0.0,0.001610155856871733,-0.0028750980959668768]]}