{"din_name":"flux_level10566.json","din_kind":"RELATIVE","din_start":600.0000031492208,"din_end":660.0000397673583,"din_rules":["Interventions","r1","r1_rev","r2","r3","r4","r5","r6"],"din_hits":[0,84185,84163,9087,996592,987500,119309,119314],"din_fluxs":[[0.0,0.0,0.0,0.0,0.0,0.0,0.0,0.0],[0.0,-0.0011021061947996272,0.048243416453498826,0.05862341185948272,0.0,-0.0020498625258994173,0.0,0.0],[0.0,0.0011033254453306834,-0.04455216004089758,-0.083840635186264,0.0,0.0038566134167672844,0.0,0.0],[0.0,0.0,0.0,-0.35073350116597085,0.002581621019267479,0.0,0.00275119824587945,0.0],[0.0,0.0,0.0,0.009163076839338752,-0.002574114161402513,0.018567926212091843,-0.0025726495917865067,0.0],[0.0,0.0,0.0,0.0,0.00258075156786921,-0.018541376327096765,0.0026601475441746635,0.0],[0.0,0.0,0.0,0.0,0.0,0.0,-0.0029584718597097225,0.001782221020379384],[0.0,0.0,0.0,0.0,0.0,0.0,0.0023222216142092635,-0.001779046857249593]]}