{"din_name":"flux_level12411.json","din_kind":"RELATIVE","din_start":600.0000068063761,"din_end":660.0000417877405,"din_rules":["Interventions","r1","r1_rev","r2","r3","r4","r5","r6"],"din_hits":[0,20376,20365,13844,1741246,1727399,796841,796824],"din_fluxs":[[0.0,0.0,0.0,0.0,0.0,0.0,0.0,0.0],[0.0,-0.001096930298036198,0.06199945070838387,0.0601973467380922,0.0,-0.0020331672309558814,0.0,0.0],[0.0,0.0010981418639546881,-0.05720474956002971,-0.10764829013599318,0.0,0.004593399069355895,0.0,0.0],[0.0,0.0,0.0,-0.32413405635972187,0.0027246779355700524,0.0,0.00533993084027102,0.0],[0.0,0.0,0.0,0.004779291985056061,-0.002717452929974044,0.01573481851986007,-0.0027175468248830086,0.0],[0.0,0.0,0.0,0.0,0.0027248621061667215,-0.01564191495570137,0.003487806952048054,0.0],[0.0,0.0,0.0,0.0,0.0,0.0,-0.006649103254817827,0.0012846863208539434],[0.0,0.0,0.0,0.0,0.0,0.0,0.005029437671519562,-0.0012830374818865059]]}