{"din_name":"flux_level06750.json","din_kind":"RELATIVE","din_start":600.0000089198738,"din_end":660.0000120484485,"din_rules":["Interventions","r1","r1_rev","r2","r3","r4","r5","r6"],"din_hits":[0,86744,86688,205960,4118547,3912585,1074718,1074727],"din_fluxs":[[0.0,0.0,0.0,0.0,0.0,0.0,0.0,0.0],[0.0,-0.0011436698912532506,0.01714681566619732,0.022528668048003995,0.0,-0.002138213678122481,0.0,0.0],[0.0,0.0011450027193628057,-0.01654744966322376,-0.03249328391242313,0.0,0.003455253337145146,0.0,0.0],[0.0,0.0,0.0,-0.17961859348377457,0.0025610908567970025,0.0,0.002795648391567142,0.0],[0.0,0.0,0.0,0.011229967955401658,-0.0025550105877804297,0.01947262836766522,-0.0025544885022375408,0.0],[0.0,0.0,0.0,0.0,0.0025615820079600287,-0.02011301274203997,0.0026572695400410226,0.0],[0.0,0.0,0.0,0.0,0.0,0.0,-0.0019136811477729787,0.003072733170917209],[0.0,0.0,0.0,0.0,0.0,0.0,0.0015288689652813799,-0.0030633004711399197]]}