{"din_name":"flux_level01805.json","din_kind":"RELATIVE","din_start":600.0001024576368,"din_end":660.0000108143512,"din_rules":["Interventions","r1","r1_rev","r2","r3","r4","r5","r6"],"din_hits":[0,324766,324705,2342,137530,135189,82158,82164],"din_fluxs":[[0.0,0.0,0.0,0.0,0.0,0.0,0.0,0.0],[0.0,-0.0011374324677029036,0.01887320454259414,0.0370630972684658,0.0,-0.0021150663373605025,0.0,0.0],[0.0,0.0011387328420069051,-0.018214393990159616,-0.03609320372297797,0.0,0.002145559624717928,0.0,0.0],[0.0,0.0,0.0,-0.07139933975722423,0.08625034303805676,0.0,0.13673930886863028,0.0],[0.0,0.0,0.0,0.002374053196717295,-0.07931785781743765,0.004223155803975014,-0.07921840381929994,0.0],[0.0,0.0,0.0,0.0,0.08695734815842622,-0.004339762391488374,0.13727646770083635,0.0],[0.0,0.0,0.0,0.0,0.0,0.0,-0.06961400835442365,0.0063064491246727005],[0.0,0.0,0.0,0.0,0.0,0.0,0.0052316354152039295,-0.006266663885219261]]}