{"din_name":"flux_level11259.json","din_kind":"RELATIVE","din_start":600.0000053532,"din_end":660.000019445099,"din_rules":["Interventions","r1","r1_rev","r2","r3","r4","r5","r6"],"din_hits":[0,38127,38088,26469,1521322,1494845,653528,653552],"din_fluxs":[[0.0,0.0,0.0,0.0,0.0,0.0,0.0,0.0],[0.0,-0.0011110155043163319,0.0341384372045287,0.03778925345463937,0.0,-0.002042772730624384,0.0,0.0],[0.0,0.0011122639969069147,-0.032392138158115535,-0.06319382934135974,0.0,0.0039219896475453965,0.0,0.0],[0.0,0.0,0.0,-0.21962731686827125,0.002808880772267903,0.0,0.005084258114125371,0.0],[0.0,0.0,0.0,0.005733978216155421,-0.0028017779190571915,0.01462724028723271,-0.002804143407763537,0.0],[0.0,0.0,0.0,0.0,0.002809667572672662,-0.014714037899368596,0.0036607579424252053,0.0],[0.0,0.0,0.0,0.0,0.0,0.0,-0.007311585810987663,0.001266377662469612],[0.0,0.0,0.0,0.0,0.0,0.0,0.005375053996661662,-0.0012647749290061227]]}