{"din_name":"flux_level06889.json","din_kind":"RELATIVE","din_start":600.0000138773912,"din_end":660.0000215916937,"din_rules":["Interventions","r1","r1_rev","r2","r3","r4","r5","r6"],"din_hits":[0,24825,24806,27684,2657903,2630217,495336,495357],"din_fluxs":[[0.0,0.0,0.0,0.0,0.0,0.0,0.0,0.0],[0.0,-0.0010995644091303482,0.0534491892332741,0.051817722922594435,0.0,-0.0020542205778248403,0.0,0.0],[0.0,0.001100783557045846,-0.0497521999824234,-0.09417102487197022,0.0,0.004577988555975777,0.0,0.0],[0.0,0.0,0.0,-0.2997640319512576,0.002693831186738525,0.0,0.002867415641897841,0.0],[0.0,0.0,0.0,0.005132132802637732,-0.002686932961416886,0.016314832493514425,-0.002686327956540962,0.0],[0.0,0.0,0.0,0.0,0.0026941785372070572,-0.016241481120527035,0.0027545359507759803,0.0],[0.0,0.0,0.0,0.0,0.0,0.0,-0.0015150698441918898,0.009369121667453892],[0.0,0.0,0.0,0.0,0.0,0.0,0.0011868742122119803,-0.009281444477994867]]}