{"din_name":"flux_level00400.json","din_kind":"RELATIVE","din_start":600.0000341442131,"din_end":660.0000678989048,"din_rules":["Interventions","r1","r1_rev","r2","r3","r4","r5","r6"],"din_hits":[0,71945,71921,1087,185530,184461,599138,599143],"din_fluxs":[[0.0,0.0,0.0,0.0,0.0,0.0,0.0,0.0],[0.0,-0.0011056862427045735,0.0416029382898773,0.07232443864835206,0.0,-0.0020687376916385127,0.0,0.0],[0.0,0.0011069151628983588,-0.0386703690895908,-0.07307251959423336,0.0,0.0026190353619334034,0.0,0.0],[0.0,0.0,0.0,-0.3019141727155123,0.0029989967282778546,0.0,0.00375899758309628,0.0],[0.0,0.0,0.0,0.009750161742654027,-0.0029923584382992655,0.012272483892614866,-0.0029919236275240692,0.0],[0.0,0.0,0.0,0.0,0.0030013666350453562,-0.012399743527292194,0.003719556759569971,0.0],[0.0,0.0,0.0,0.0,0.0,0.0,-0.0019760913268349546,0.005500863581292696],[0.0,0.0,0.0,0.0,0.0,0.0,0.001758197506746058,-0.005470639922826611]]}