{"din_name":"flux_level00254.json","din_kind":"RELATIVE","din_start":600.0000000704247,"din_end":660.0000151571244,"din_rules":["Interventions","r1","r1_rev","r2","r3","r4","r5","r6"],"din_hits":[0,9930,9919,6721,1243737,1237027,2042228,2042221],"din_fluxs":[[0.0,0.0,0.0,0.0,0.0,0.0,0.0,0.0],[0.0,-0.0010921082368292774,0.08817972612694261,0.07963724790060218,0.0,-0.0020741790110758726,0.0,0.0],[0.0,0.0010933112041998938,-0.07810366417005024,-0.1433681263986292,0.0,0.0052220381109815694,0.0,0.0],[0.0,0.0,0.0,-0.40421782457099026,0.0026203350055989606,0.0,0.004085480523107912,0.0],[0.0,0.0,0.0,0.004866477728827931,-0.0026142618338630247,0.017637380362918724,-0.0026141040701369326,0.0],[0.0,0.0,0.0,0.0,0.0026211203679818436,-0.01744766180483297,0.003296597444496378,0.0],[0.0,0.0,0.0,0.0,0.0,0.0,-0.0023867814301961944,0.002398415293291261],[0.0,0.0,0.0,0.0,0.0,0.0,0.0019807831901000913,-0.0023926688229970344]]}