{"din_name":"flux_level07999.json","din_kind":"RELATIVE","din_start":600.0000254841269,"din_end":660.0000250912076,"din_rules":["Interventions","r1","r1_rev","r2","r3","r4","r5","r6"],"din_hits":[0,124038,124005,2581,251935,249340,1793760,1793766],"din_fluxs":[[0.0,0.0,0.0,0.0,0.0,0.0,0.0,0.0],[0.0,-0.00111238163442979,0.032691882135752866,0.05564608643136405,0.0,-0.0020594095346483728,0.0,0.0],[0.0,0.001113624958095939,-0.031116841624976375,-0.05822888518474101,0.0,0.0028373764482047896,0.0,0.0],[0.0,0.0,0.0,-0.34804972096608294,0.002543606143119276,0.0,0.0037600671426679254,0.0],[0.0,0.0,0.0,0.01552710256552649,-0.0025375372130516096,0.019367022990477854,-0.0025423713510443736,0.0],[0.0,0.0,0.0,0.0,0.0025439995072377855,-0.019557168128665082,0.0036836184803772046,0.0],[0.0,0.0,0.0,0.0,0.0,0.0,-0.0020871708271359888,0.0029992235199830975],[0.0,0.0,0.0,0.0,0.0,0.0,0.0019325968030131575,-0.002990236876833754]]}