{"din_name":"flux_level02819.json","din_kind":"RELATIVE","din_start":600.0000098416119,"din_end":660.0000034397054,"din_rules":["Interventions","r1","r1_rev","r2","r3","r4","r5","r6"],"din_hits":[0,53649,53636,24349,3721706,3697357,1542654,1542671],"din_fluxs":[[0.0,0.0,0.0,0.0,0.0,0.0,0.0,0.0],[0.0,-0.0010959646912271804,0.0654762917268359,0.06565210770054472,0.0,-0.0020455392644382776,0.0,0.0],[0.0,0.0010971698097314694,-0.06026135973799127,-0.11437953620805624,0.0,0.004471692994082119,0.0,0.0],[0.0,0.0,0.0,-0.3238499964462585,0.002815500937093034,0.0,0.0033852389254217918,0.0],[0.0,0.0,0.0,0.004307740735453386,-0.0028081051910815017,0.014393142536241453,-0.0028078702549970153,0.0],[0.0,0.0,0.0,0.0,0.00281601998179346,-0.01431475333615828,0.003026047463476057,0.0],[0.0,0.0,0.0,0.0,0.0,0.0,-0.002029149839591506,0.0034311029144241355],[0.0,0.0,0.0,0.0,0.0,0.0,0.0015253873268563725,-0.003419343010473437]]}