{"din_name":"flux_level12389.json","din_kind":"RELATIVE","din_start":600.0000133331831,"din_end":660.0000020202868,"din_rules":["Interventions","r1","r1_rev","r2","r3","r4","r5","r6"],"din_hits":[0,62723,62715,11099,3705212,3694114,1829524,1829516],"din_fluxs":[[0.0,0.0,0.0,0.0,0.0,0.0,0.0,0.0],[0.0,-0.0010913285400755122,0.0937915126675897,0.10207792317077513,0.0,-0.0020096427006809463,0.0,0.0],[0.0,0.0010925219769323778,-0.08262919815195671,-0.15384982718632131,0.0,0.004116702694358468,0.0,0.0],[0.0,0.0,0.0,-0.3809317164563369,0.0030364512344351084,0.0,0.004081133737070249,0.0],[0.0,0.0,0.0,0.0037237338942235467,-0.0030268756396927836,0.012091400361509567,-0.003026568608188168,0.0],[0.0,0.0,0.0,0.0,0.003036070008571624,-0.012017033239150158,0.003478915480035742,0.0],[0.0,0.0,0.0,0.0,0.0,0.0,-0.0029459255523657272,0.0021773417639980542],[0.0,0.0,0.0,0.0,0.0,0.0,0.0020638811650724935,-0.0021726060044658566]]}