{"din_name":"flux_level13830.json","din_kind":"RELATIVE","din_start":600.000000456236,"din_end":660.0000042737739,"din_rules":["Interventions","r1","r1_rev","r2","r3","r4","r5","r6"],"din_hits":[0,85167,85132,54525,2787470,2732938,256206,256213],"din_fluxs":[[0.0,0.0,0.0,0.0,0.0,0.0,0.0,0.0],[0.0,-0.0011138597101184747,0.03127562828082534,0.035276223772287084,0.0,-0.0020359700706081407,0.0,0.0],[0.0,0.0011151089670008323,-0.029799574490300008,-0.05783062828260672,0.0,0.0038027521992030225,0.0,0.0],[0.0,0.0,0.0,-0.21153443772348754,0.0027997072248993156,0.0,0.003265464136119191,0.0],[0.0,0.0,0.0,0.006133134688949159,-0.0027929362378514185,0.01475401110560951,-0.0027928084874753773,0.0],[0.0,0.0,0.0,0.0,0.0028007833454926113,-0.014878329974094167,0.0029522280123048176,0.0],[0.0,0.0,0.0,0.0,0.0,0.0,-0.0056170474287639514,0.0013399724286862736],[0.0,0.0,0.0,0.0,0.0,0.0,0.004065868487965683,-0.0013381787681302046]]}