{"din_name":"flux_level00238.json","din_kind":"RELATIVE","din_start":600.0000199907772,"din_end":660.0001578301136,"din_rules":["Interventions","r1","r1_rev","r2","r3","r4","r5","r6"],"din_hits":[0,28227,28203,10568,1069515,1058966,200421,200431],"din_fluxs":[[0.0,0.0,0.0,0.0,0.0,0.0,0.0,0.0],[0.0,-0.0010989529658375582,0.05536461310998478,0.05514609400582334,0.0,-0.0020130760457060053,0.0,0.0],[0.0,0.001100169013247802,-0.051442916792829495,-0.09570649488196607,0.0,0.0045799780652038685,0.0,0.0],[0.0,0.0,0.0,-0.35813579465884093,0.002537717040914391,0.0,0.002694312230916232,0.0],[0.0,0.0,0.0,0.007401484111959748,-0.002531590108463135,0.01984342873926853,-0.002532311313831455,0.0],[0.0,0.0,0.0,0.0,0.0025380200034742185,-0.019712282807749656,0.002596981704208156,0.0],[0.0,0.0,0.0,0.0,0.0,0.0,-0.0016049656553882552,0.004847191212760428],[0.0,0.0,0.0,0.0,0.0,0.0,0.0012966465540394803,-0.0048236977648968985]]}