{"din_name":"flux_level07540.json","din_kind":"RELATIVE","din_start":600.0000005483935,"din_end":660.0000234733071,"din_rules":["Interventions","r1","r1_rev","r2","r3","r4","r5","r6"],"din_hits":[0,58919,58907,2336,1338268,1335920,1497826,1497845],"din_fluxs":[[0.0,0.0,0.0,0.0,0.0,0.0,0.0,0.0],[0.0,-0.0010924220690922378,0.08518094832781752,0.13008559821533416,0.0,-0.0020326000009448296,0.0,0.0],[0.0,0.0010936183773621042,-0.07576163048265017,-0.14321382185329262,0.0,0.002833839737629044,0.0,0.0],[0.0,0.0,0.0,-0.3185724336263706,0.004569845865806345,0.0,0.006470291606277693,0.0],[0.0,0.0,0.0,0.003064122116049404,-0.004547939418653702,0.007256178000244071,-0.0045493961562488505,0.0],[0.0,0.0,0.0,0.0,0.004568753531525679,-0.007250997711986255,0.006071779896405823,0.0],[0.0,0.0,0.0,0.0,0.0,0.0,-0.003635989490452905,0.003868055038847412],[0.0,0.0,0.0,0.0,0.0,0.0,0.002316365805888359,-0.003853107797669635]]}