{"din_name":"flux_level12215.json","din_kind":"RELATIVE","din_start":600.0000033483536,"din_end":660.0000046465618,"din_rules":["Interventions","r1","r1_rev","r2","r3","r4","r5","r6"],"din_hits":[0,115677,115609,186825,3021964,2835154,1751233,1751243],"din_fluxs":[[0.0,0.0,0.0,0.0,0.0,0.0,0.0,0.0],[0.0,-0.0011608195094570417,0.013719431154663966,0.01982261533805606,0.0,-0.002156021286872988,0.0,0.0],[0.0,0.0011621961054908286,-0.013283141518360716,-0.025900655002812006,0.0,0.0030489977976351783,0.0,0.0],[0.0,0.0,0.0,-0.12680434430670912,0.0028131777621583504,0.0,0.0034954458896288964,0.0],[0.0,0.0,0.0,0.00924343974807588,-0.0028054415644730183,0.014662483702590995,-0.0028065338723103237,0.0],[0.0,0.0,0.0,0.0,0.002813348297494919,-0.015423298868648625,0.003219738992207851,0.0],[0.0,0.0,0.0,0.0,0.0,0.0,-0.0028168347959182283,0.0020868191533186245],[0.0,0.0,0.0,0.0,0.0,0.0,0.0021040098181335917,-0.002082468591554231]]}