{"din_name":"flux_level00476.json","din_kind":"RELATIVE","din_start":600.0000003360842,"din_end":660.0000059916383,"din_rules":["Interventions","r1","r1_rev","r2","r3","r4","r5","r6"],"din_hits":[0,66005,65994,8319,2233206,2224877,1663119,1663130],"din_fluxs":[[0.0,0.0,0.0,0.0,0.0,0.0,0.0,0.0],[0.0,-0.0010914283612564186,0.09288768620301892,0.10177712774512199,0.0,-0.0020194060931216923,0.0,0.0],[0.0,0.0010926221229051992,-0.08190533425935143,-0.14744567458365995,0.0,0.0045317085291931465,0.0,0.0],[0.0,0.0,0.0,-0.4628876213572725,0.002607481277050052,0.0,0.003734744854041823,0.0],[0.0,0.0,0.0,0.0072873673014921024,-0.002600473151795694,0.01782986962689157,-0.002602994625715802,0.0],[0.0,0.0,0.0,0.0,0.0026072548772851493,-0.017652869913320785,0.0031035262041175186,0.0],[0.0,0.0,0.0,0.0,0.0,0.0,-0.003184723838409151,0.001746839310242283],[0.0,0.0,0.0,0.0,0.0,0.0,0.002536399722048074,-0.0017437905376174825]]}