{"din_name":"flux_level03376.json","din_kind":"RELATIVE","din_start":600.0000043328725,"din_end":660.0000000288686,"din_rules":["Interventions","r1","r1_rev","r2","r3","r4","r5","r6"],"din_hits":[0,282017,281982,120005,3569348,3449332,782981,782971],"din_fluxs":[[0.0,0.0,0.0,0.0,0.0,0.0,0.0,0.0],[0.0,-0.0011294126034107341,0.021761067861613817,0.027446268007796853,0.0,-0.002102219309942855,0.0,0.0],[0.0,0.0011306937687917977,-0.020943131626720693,-0.040678562347585795,0.0,0.0035375690031355187,0.0,0.0],[0.0,0.0,0.0,-0.20786757144067008,0.002580578776277636,0.0,0.003007753955595635,0.0],[0.0,0.0,0.0,0.010135186150361035,-0.002574155971308283,0.01886383771751449,-0.0025733365572412265,0.0],[0.0,0.0,0.0,0.0,0.002580809332664634,-0.019258841967209873,0.002798459705847114,0.0],[0.0,0.0,0.0,0.0,0.0,0.0,-0.0045232662726492475,0.0014104899922286816],[0.0,0.0,0.0,0.0,0.0,0.0,0.003555652767396019,-0.0014085023271419813]]}