{"din_name":"flux_level05527.json","din_kind":"RELATIVE","din_start":600.0000142443938,"din_end":660.0000303095843,"din_rules":["Interventions","r1","r1_rev","r2","r3","r4","r5","r6"],"din_hits":[0,22958,22939,311,350357,350039,355348,355380],"din_fluxs":[[0.0,0.0,0.0,0.0,0.0,0.0,0.0,0.0],[0.0,-0.0010915869537059925,0.09389806211041692,0.1744597150209507,0.0,-0.002024822850373027,0.0,0.0],[0.0,0.0010927826771892882,-0.08150024075405427,-0.1553012107767171,0.0,0.0022144167340445568,0.0,0.0],[0.0,0.0,0.0,-0.28581537045500005,0.017898822175310223,0.0,0.0290070314466373,0.0],[0.0,0.0,0.0,0.0014041686224767367,-0.017771625882165663,0.0045670986835717,-0.017764217402341912,0.0],[0.0,0.0,0.0,0.0,0.01809838565266023,-0.004562404032264658,0.028491649374247058,0.0],[0.0,0.0,0.0,0.0,0.0,0.0,-0.015362602137462773,0.007594987228111651],[0.0,0.0,0.0,0.0,0.0,0.0,0.005602155517537007,-0.007537300285472514]]}