{"din_name":"flux_level08963.json","din_kind":"RELATIVE","din_start":600.000015090165,"din_end":660.0000087646796,"din_rules":["Interventions","r1","r1_rev","r2","r3","r4","r5","r6"],"din_hits":[0,20258,20213,29646,1654705,1625035,1180778,1180817],"din_fluxs":[[0.0,0.0,0.0,0.0,0.0,0.0,0.0,0.0],[0.0,-0.0011224514295618186,0.02530099150730112,0.03635516689841569,0.0,-0.0020783971420235137,0.0,0.0],[0.0,0.0011237588647921729,-0.024129263569813857,-0.04735820288720442,0.0,0.0029116806829713854,0.0,0.0],[0.0,0.0,0.0,-0.11293051275162415,0.004874754643185607,0.0,0.007720050299453386,0.0],[0.0,0.0,0.0,0.002458016337457815,-0.004852442339593562,0.007106390377694505,-0.0048563011649101935,0.0],[0.0,0.0,0.0,0.0,0.004876183366346976,-0.007194189005220386,0.006450105017317072,0.0],[0.0,0.0,0.0,0.0,0.0,0.0,-0.00463852931329779,0.002681022088718825],[0.0,0.0,0.0,0.0,0.0,0.0,0.002449992901426899,-0.0026738350205580776]]}