{"din_name":"flux_level11412.json","din_kind":"RELATIVE","din_start":600.0000012855771,"din_end":660.0000090980077,"din_rules":["Interventions","r1","r1_rev","r2","r3","r4","r5","r6"],"din_hits":[0,37697,37684,1768,946351,944598,909649,909619],"din_fluxs":[[0.0,0.0,0.0,0.0,0.0,0.0,0.0,0.0],[0.0,-0.0010910162406049524,0.09499275755144813,0.13282213461680323,0.0,-0.002010219101304384,0.0,0.0],[0.0,0.0010922099223579578,-0.08467030185452902,-0.15593818612166102,0.0,0.0033186122749759854,0.0,0.0],[0.0,0.0,0.0,-0.3975677545983616,0.003318068972933658,0.0,0.0040077924882971246,0.0],[0.0,0.0,0.0,0.004772157729513111,-0.0033074936253740792,0.010304797773123837,-0.0033091249704018406,0.0],[0.0,0.0,0.0,0.0,0.0033184820953836335,-0.010269396075199623,0.0038376786616598426,0.0],[0.0,0.0,0.0,0.0,0.0,0.0,-0.002171093181887385,0.005261749851314349],[0.0,0.0,0.0,0.0,0.0,0.0,0.001639819016758266,-0.005234086611136313]]}