{"din_name":"flux_level02217.json","din_kind":"RELATIVE","din_start":600.0000098297044,"din_end":660.0000041959455,"din_rules":["Interventions","r1","r1_rev","r2","r3","r4","r5","r6"],"din_hits":[0,7732,7714,3590,491495,487900,1697830,1697836],"din_fluxs":[[0.0,0.0,0.0,0.0,0.0,0.0,0.0,0.0],[0.0,-0.0010948343856940935,0.07045343034248797,0.06694709654060457,0.0,-0.0020431191561166378,0.0,0.0],[0.0,0.0010960511923861335,-0.06426179043543573,-0.11948679315605931,0.0,0.004957019548443339,0.0,0.0],[0.0,0.0,0.0,-0.38780215226981546,0.00257497128899533,0.0,0.004802435741294494,0.0],[0.0,0.0,0.0,0.006290004772381996,-0.0025692034407800877,0.01874708256166072,-0.0025687215170349478,0.0],[0.0,0.0,0.0,0.0,0.0025758299438955017,-0.018578390914193468,0.0038856902189853353,0.0],[0.0,0.0,0.0,0.0,0.0,0.0,-0.0027860694075058754,0.0020631163350523737],[0.0,0.0,0.0,0.0,0.0,0.0,0.002414345696282714,-0.0020588641904037645]]}