{"din_name":"flux_level05946.json","din_kind":"RELATIVE","din_start":600.0000167760038,"din_end":660.0000228879453,"din_rules":["Interventions","r1","r1_rev","r2","r3","r4","r5","r6"],"din_hits":[0,46168,46130,35633,1069113,1033476,69620,69609],"din_fluxs":[[0.0,0.0,0.0,0.0,0.0,0.0,0.0,0.0],[0.0,-0.0011268435939006873,0.022987783652364046,0.02700769488923854,0.0,-0.002054942848750986,0.0,0.0],[0.0,0.001128138605937266,-0.02204201167457341,-0.04292181257089706,0.0,0.0037203913038594463,0.0,0.0],[0.0,0.0,0.0,-0.21096783441965472,0.002568970436484016,0.0,0.002591169318562979,0.0],[0.0,0.0,0.0,0.009767349035428306,-0.0025623360198318954,0.01922106801126196,-0.0025622474722840852,0.0],[0.0,0.0,0.0,0.0,0.00256891870631685,-0.019567105808281984,0.0025821441725806644,0.0],[0.0,0.0,0.0,0.0,0.0,0.0,-0.0013026376461351243,0.06988475217068101],[0.0,0.0,0.0,0.0,0.0,0.0,0.001096387192525728,-0.0649766420941276]]}