{"din_name":"flux_level13935.json","din_kind":"RELATIVE","din_start":600.0000017520982,"din_end":660.0000213355339,"din_rules":["Interventions","r1","r1_rev","r2","r3","r4","r5","r6"],"din_hits":[0,127259,127241,39436,4176907,4137450,1605428,1605454],"din_fluxs":[[0.0,0.0,0.0,0.0,0.0,0.0,0.0,0.0],[0.0,-0.0011011085520705422,0.049686743844624265,0.05356389315608518,0.0,-0.0020471923343279804,0.0,0.0],[0.0,0.0011023242610823188,-0.046495871545539455,-0.08866165398996438,0.0,0.004110389456660765,0.0,0.0],[0.0,0.0,0.0,-0.289976608078898,0.002774420734317961,0.0,0.0033871095102378916,0.0],[0.0,0.0,0.0,0.005475740902242627,-0.0027670580701017185,0.014979803237813708,-0.0027665629163517633,0.0],[0.0,0.0,0.0,0.0,0.0027747422492157446,-0.014958412209251966,0.0030214038563242443,0.0],[0.0,0.0,0.0,0.0,0.0,0.0,-0.0025262193587847364,0.0022875435098614525],[0.0,0.0,0.0,0.0,0.0,0.0,0.0018898327900736683,-0.0022823148023784477]]}