{"din_name":"flux_level07053.json","din_kind":"RELATIVE","din_start":600.0000191798425,"din_end":660.0000079457348,"din_rules":["Interventions","r1","r1_rev","r2","r3","r4","r5","r6"],"din_hits":[0,56130,56097,9770,667614,657864,1952477,1952489],"din_fluxs":[[0.0,0.0,0.0,0.0,0.0,0.0,0.0,0.0],[0.0,-0.0011113775585003005,0.03373648931984306,0.04206569380947554,0.0,-0.0020765750092581643,0.0,0.0],[0.0,0.0011126235204412772,-0.032047169267031037,-0.06184200477175411,0.0,0.0035337130109955035,0.0,0.0],[0.0,0.0,0.0,-0.23282433070925052,0.002823198771488472,0.0,0.004579870927480097,0.0],[0.0,0.0,0.0,0.006825183039918619,-0.0028154746973166156,0.014346190176561377,-0.0028136695159107538,0.0],[0.0,0.0,0.0,0.0,0.0028234314356979395,-0.014470483113897991,0.004139909464820067,0.0],[0.0,0.0,0.0,0.0,0.0,0.0,-0.0027091897351278777,0.0024500412710915308],[0.0,0.0,0.0,0.0,0.0,0.0,0.0022656691740227104,-0.0024440445684230654]]}