{"din_name":"flux_level06095.json","din_kind":"RELATIVE","din_start":600.0000073812616,"din_end":660.0000165016135,"din_rules":["Interventions","r1","r1_rev","r2","r3","r4","r5","r6"],"din_hits":[0,89836,89817,6814,773496,766672,740262,740243],"din_fluxs":[[0.0,0.0,0.0,0.0,0.0,0.0,0.0,0.0],[0.0,-0.0011031103498535613,0.046218654862802536,0.05883059053518799,0.0,-0.00202916232181044,0.0,0.0],[0.0,0.0011043317420832064,-0.04277273054476461,-0.08006605814932155,0.0,0.0036389375789887437,0.0,0.0],[0.0,0.0,0.0,-0.35514204886695316,0.002574408928371533,0.0,0.0029489077896862493,0.0],[0.0,0.0,0.0,0.010213351547481767,-0.002566740907991125,0.018719872927409422,-0.0025682862299014407,0.0],[0.0,0.0,0.0,0.0,0.0025733388127341826,-0.01871648976381929,0.002842353734466436,0.0],[0.0,0.0,0.0,0.0,0.0,0.0,-0.0017159878020854404,0.004283084954807758],[0.0,0.0,0.0,0.0,0.0,0.0,0.0014400476739999614,-0.004264759038311736]]}