{"din_name":"flux_level09787.json","din_kind":"RELATIVE","din_start":600.0000002545469,"din_end":660.0000040813841,"din_rules":["Interventions","r1","r1_rev","r2","r3","r4","r5","r6"],"din_hits":[0,175948,175902,82641,4494604,4411962,950740,950706],"din_fluxs":[[0.0,0.0,0.0,0.0,0.0,0.0,0.0,0.0],[0.0,-0.0011112918650686458,0.03379907663931492,0.03705419032665483,0.0,-0.0020392873414854583,0.0,0.0],[0.0,0.00111253059028228,-0.03214156662099701,-0.0618204396605008,0.0,0.003980639076934569,0.0,0.0],[0.0,0.0,0.0,-0.24971602866353657,0.002640769212781177,0.0,0.003023737376347815,0.0],[0.0,0.0,0.0,0.007429964814544829,-0.0026341771743914767,0.017400416656562792,-0.002635773950650035,0.0],[0.0,0.0,0.0,0.0,0.0026411437863268347,-0.017491779003728378,0.0027892948971334586,0.0],[0.0,0.0,0.0,0.0,0.0,0.0,-0.0029697267383205603,0.00182111238375048],[0.0,0.0,0.0,0.0,0.0,0.0,0.0022871736089827748,-0.0018177983161258367]]}