{"din_name":"flux_level02832.json","din_kind":"RELATIVE","din_start":600.0000083162971,"din_end":660.0000206176331,"din_rules":["Interventions","r1","r1_rev","r2","r3","r4","r5","r6"],"din_hits":[0,20187,20172,3007,770089,767079,1786904,1786893],"din_fluxs":[[0.0,0.0,0.0,0.0,0.0,0.0,0.0,0.0],[0.0,-0.0010908640845887448,0.09694357283342518,0.10449671206023681,0.0,-0.0020419749322070297,0.0,0.0],[0.0,0.0010920589296423892,-0.08607995945911862,-0.15299305656221024,0.0,0.004817403008280649,0.0,0.0],[0.0,0.0,0.0,-0.4876215103793451,0.0025443669252600046,0.0,0.004257411719959513,0.0],[0.0,0.0,0.0,0.007737550429821525,-0.002537715852476863,0.019456884412827183,-0.0025369881319822368,0.0],[0.0,0.0,0.0,0.0,0.0025441732681437063,-0.019227994714345657,0.0034455248418296153,0.0],[0.0,0.0,0.0,0.0,0.0,0.0,-0.0025937785435289993,0.002117147420409535],[0.0,0.0,0.0,0.0,0.0,0.0,0.002212455266975956,-0.0021126694527485723]]}