{"din_name":"flux_level12365.json","din_kind":"RELATIVE","din_start":600.0003454621918,"din_end":660.0001835735287,"din_rules":["Interventions","r1","r1_rev","r2","r3","r4","r5","r6"],"din_hits":[0,65202,65176,335,86659,86330,41682,41684],"din_fluxs":[[0.0,0.0,0.0,0.0,0.0,0.0,0.0,0.0],[0.0,-0.0011023508284617122,0.04703280397795619,0.10114635787267959,0.0,-0.0020579980638919778,0.0,0.0],[0.0,0.0011035715964471432,-0.04410901449654636,-0.07919319856705037,0.0,0.0024635635701891604,0.0,0.0],[0.0,0.0,0.0,-0.4422950578921144,0.0026323585383738637,0.0,0.002659108848278442,0.0],[0.0,0.0,0.0,0.017727060711089964,-0.0026319695140335445,0.016923126438373837,-0.0026313376907681906,0.0],[0.0,0.0,0.0,0.0,0.002638943344967998,-0.016989825291555037,0.00266514921760345,0.0],[0.0,0.0,0.0,0.0,0.0,0.0,-0.0013309842737308382,0.14101074829388394],[0.0,0.0,0.0,0.0,0.0,0.0,0.0012770490783520034,-0.11248036253978963]]}