{"din_name":"flux_level06323.json","din_kind":"RELATIVE","din_start":600.0000270084961,"din_end":660.0000070992057,"din_rules":["Interventions","r1","r1_rev","r2","r3","r4","r5","r6"],"din_hits":[0,48844,48826,441,255951,255508,272336,272351],"din_fluxs":[[0.0,0.0,0.0,0.0,0.0,0.0,0.0,0.0],[0.0,-0.0010922877927553208,0.08537739680497151,0.17155682589289892,0.0,-0.0019958565330761425,0.0,0.0],[0.0,0.0010934839199920848,-0.07689476248659492,-0.13018575818361644,0.0,0.002876355229157128,0.0,0.0],[0.0,0.0,0.0,-0.5625337808054776,0.002642476609108118,0.0,0.006270649165583234,0.0],[0.0,0.0,0.0,0.01627399983022748,-0.002636689131433318,0.01682842755454513,-0.0026313366943183096,0.0],[0.0,0.0,0.0,0.0,0.002643664422443484,-0.016737985820541246,0.0055811829705575845,0.0],[0.0,0.0,0.0,0.0,0.0,0.0,-0.012372511246881254,0.0011568879149178926],[0.0,0.0,0.0,0.0,0.0,0.0,0.00979558539859831,-0.0011555506779571379]]}