{"din_name":"flux_level11567.json","din_kind":"RELATIVE","din_start":600.0000128370133,"din_end":660.0000177234541,"din_rules":["Interventions","r1","r1_rev","r2","r3","r4","r5","r6"],"din_hits":[0,20920,20914,201,126270,126060,1543890,1543872],"din_fluxs":[[0.0,0.0,0.0,0.0,0.0,0.0,0.0,0.0],[0.0,-0.0010914645368335987,0.09119330379333024,0.17578098585251864,0.0,-0.0020162227344580493,0.0,0.0],[0.0,0.0010926600064880693,-0.08154686641772466,-0.13521257870084707,0.0,0.003058793200115347,0.0,0.0],[0.0,0.0,0.0,-0.5848916457610009,0.002555806854589112,0.0,0.005773325349779292,0.0],[0.0,0.0,0.0,0.017576891150630873,-0.0025501655516986265,0.01887176895283813,-0.002535000953522096,0.0],[0.0,0.0,0.0,0.0,0.0025566894092202376,-0.018714825243371015,0.005449266498395029,0.0],[0.0,0.0,0.0,0.0,0.0,0.0,-0.0032822250920778633,0.0019381820559448123],[0.0,0.0,0.0,0.0,0.0,0.0,0.0030560771651655097,-0.001934429973536705]]}