{"din_name":"flux_level10035.json","din_kind":"RELATIVE","din_start":600.0000084923278,"din_end":660.0000213688154,"din_rules":["Interventions","r1","r1_rev","r2","r3","r4","r5","r6"],"din_hits":[0,138571,138536,27599,2056165,2028570,150664,150660],"din_fluxs":[[0.0,0.0,0.0,0.0,0.0,0.0,0.0,0.0],[0.0,-0.0011074571510259934,0.03840281690409991,0.044760353529620135,0.0,-0.0020443633134324107,0.0,0.0],[0.0,0.001108687777628886,-0.03635099384692177,-0.06936001595978443,0.0,0.0038059731541249782,0.0,0.0],[0.0,0.0,0.0,-0.2780587859857825,0.002662037109529784,0.0,0.002707569309893185,0.0],[0.0,0.0,0.0,0.007675817817468254,-0.002654399308435903,0.016878784463784054,-0.002654287578382373,0.0],[0.0,0.0,0.0,0.0,0.002661458677694235,-0.016936293607358474,0.002683620774526552,0.0],[0.0,0.0,0.0,0.0,0.0,0.0,-0.0014063244421301986,0.018778390279428698],[0.0,0.0,0.0,0.0,0.0,0.0,0.0011033229936195641,-0.018425981546368184]]}