{"din_name":"flux_level10017.json","din_kind":"RELATIVE","din_start":600.0000367232534,"din_end":660.0000127990556,"din_rules":["Interventions","r1","r1_rev","r2","r3","r4","r5","r6"],"din_hits":[0,91431,91402,22245,1513084,1490835,606594,606585],"din_fluxs":[[0.0,0.0,0.0,0.0,0.0,0.0,0.0,0.0],[0.0,-0.0011083602205972927,0.03716584526978054,0.04227829783480849,0.0,-0.0020439116189761696,0.0,0.0],[0.0,0.0011095948496546847,-0.03521258233410448,-0.06775815572107077,0.0,0.00391778909648713,0.0,0.0],[0.0,0.0,0.0,-0.2778475191285416,0.0026229656194930577,0.0,0.002948843531661978,0.0],[0.0,0.0,0.0,0.00791091242878463,-0.0026156893890180674,0.017721601598952155,-0.0026133122162794397,0.0],[0.0,0.0,0.0,0.0,0.0026225454603692653,-0.017778477778701354,0.002778376625485122,0.0],[0.0,0.0,0.0,0.0,0.0,0.0,-0.001886765241033742,0.0033819497849090323],[0.0,0.0,0.0,0.0,0.0,0.0,0.0014937998314613534,-0.0033705229496942997]]}