{"din_name":"flux_level11493.json","din_kind":"RELATIVE","din_start":600.0000022360524,"din_end":660.0000177268737,"din_rules":["Interventions","r1","r1_rev","r2","r3","r4","r5","r6"],"din_hits":[0,137217,137191,61762,4453610,4391838,352507,352510],"din_fluxs":[[0.0,0.0,0.0,0.0,0.0,0.0,0.0,0.0],[0.0,-0.0011043522813164249,0.043273068339413884,0.044955599195622135,0.0,-0.002052391081461937,0.0,0.0],[0.0,0.0011055756391295333,-0.04075831513128339,-0.07747251702078119,0.0,0.004381786214815663,0.0,0.0],[0.0,0.0,0.0,-0.30904226837355353,0.0025480917165613907,0.0,0.0026033593380882405,0.0],[0.0,0.0,0.0,0.007754718401337375,-0.002541773025484381,0.019627756895702758,-0.002541861148557659,0.0],[0.0,0.0,0.0,0.0,0.0025482543731442865,-0.019584278439136595,0.0025690314516841456,0.0],[0.0,0.0,0.0,0.0,0.0,0.0,-0.0013673650857616662,0.01474682196138434],[0.0,0.0,0.0,0.0,0.0,0.0,0.0011052709711257642,-0.014529458000655988]]}