{"din_name":"flux_level03289.json","din_kind":"RELATIVE","din_start":600.0000084535246,"din_end":660.0000006621913,"din_rules":["Interventions","r1","r1_rev","r2","r3","r4","r5","r6"],"din_hits":[0,60603,60580,21794,2497120,2475304,665320,665325],"din_fluxs":[[0.0,0.0,0.0,0.0,0.0,0.0,0.0,0.0],[0.0,-0.001098509638163829,0.05659478835712288,0.057353355563190454,0.0,-0.0020300431933914717,0.0,0.0],[0.0,0.0010997208605282608,-0.0525662551856311,-0.10000469444892035,0.0,0.004491442316681379,0.0,0.0],[0.0,0.0,0.0,-0.33265534862583634,0.0026527345448542267,0.0,0.0030935278305879257,0.0],[0.0,0.0,0.0,0.006063986864402765,-0.0026453597084114826,0.01703200935801445,-0.002643954242059878,0.0],[0.0,0.0,0.0,0.0,0.0026523758329836124,-0.016949284301117914,0.0028013685575527508,0.0],[0.0,0.0,0.0,0.0,0.0,0.0,-0.002439993854881443,0.0022264193522334107],[0.0,0.0,0.0,0.0,0.0,0.0,0.0018838499895107211,-0.0022214683965447036]]}