{"din_name":"flux_level09857.json","din_kind":"RELATIVE","din_start":600.000003304657,"din_end":660.0000020253352,"din_rules":["Interventions","r1","r1_rev","r2","r3","r4","r5","r6"],"din_hits":[0,87431,87399,29248,1300655,1271386,1178054,1178047],"din_fluxs":[[0.0,0.0,0.0,0.0,0.0,0.0,0.0,0.0],[0.0,-0.0011191076299662073,0.027244757901800132,0.03314433080766541,0.0,-0.0020551638926765647,0.0,0.0],[0.0,0.0011203703535985535,-0.02605786399874913,-0.05045047221298079,0.0,0.0035445944161073646,0.0,0.0],[0.0,0.0,0.0,-0.20564181482400296,0.0027630682525741535,0.0,0.004020422055591299,0.0],[0.0,0.0,0.0,0.007333518302008907,-0.0027559119735669603,0.015249005506549037,-0.0027558100406253256,0.0],[0.0,0.0,0.0,0.0,0.0027635419647102748,-0.015459151085350927,0.003475923556376247,0.0],[0.0,0.0,0.0,0.0,0.0,0.0,-0.0033589038887980914,0.0017905598836032595],[0.0,0.0,0.0,0.0,0.0,0.0,0.002577461828438499,-0.001787357142398669]]}