{"din_name":"flux_level05614.json","din_kind":"RELATIVE","din_start":600.0000138880522,"din_end":660.0000042088064,"din_rules":["Interventions","r1","r1_rev","r2","r3","r4","r5","r6"],"din_hits":[0,29616,29607,4231,2384142,2379897,1322463,1322464],"din_fluxs":[[0.0,0.0,0.0,0.0,0.0,0.0,0.0,0.0],[0.0,-0.0010889861058519241,0.12038656523772848,0.14026315067187647,0.0,-0.0020317833461419043,0.0,0.0],[0.0,0.001090175111732842,-0.10173452705740475,-0.18665329664650052,0.0,0.0038584888000537847,0.0,0.0],[0.0,0.0,0.0,-0.4115474199341718,0.0033419885648877084,0.0,0.0044547339127842455,0.0],[0.0,0.0,0.0,0.002905910823689666,-0.00333096010589555,0.010217791203866818,-0.0033305741924774296,0.0],[0.0,0.0,0.0,0.0,0.003342101673790699,-0.010154316799458772,0.003847901501137109,0.0],[0.0,0.0,0.0,0.0,0.0,0.0,-0.002707247856633745,0.0028901127638958817],[0.0,0.0,0.0,0.0,0.0,0.0,0.0018081106728377108,-0.0028817685521141346]]}