{"din_name":"flux_level09685.json","din_kind":"RELATIVE","din_start":600.0001301913593,"din_end":660.0000241823587,"din_rules":["Interventions","r1","r1_rev","r2","r3","r4","r5","r6"],"din_hits":[0,34623,34591,2905,382149,379237,223088,223090],"din_fluxs":[[0.0,0.0,0.0,0.0,0.0,0.0,0.0,0.0],[0.0,-0.0011154125014757215,0.02996664837860165,0.05569871429713096,0.0,-0.0020733567516368957,0.0,0.0],[0.0,0.001116677072139305,-0.028545029255877645,-0.05619189888779696,0.0,0.0022340174762428998,0.0,0.0],[0.0,0.0,0.0,-0.11107693679999954,0.021033658711551134,0.0,0.026430302956002117,0.0],[0.0,0.0,0.0,0.0013349365895385064,-0.0206391962226881,0.004567812685334452,-0.020613408602636708,0.0],[0.0,0.0,0.0,0.0,0.021082528017013363,-0.004595842308557143,0.02591446145636991,0.0],[0.0,0.0,0.0,0.0,0.0,0.0,-0.013122440507100578,0.019178258313458894],[0.0,0.0,0.0,0.0,0.0,0.0,0.0051789699066912805,-0.018810088128105758]]}