{"din_name":"flux_level12930.json","din_kind":"RELATIVE","din_start":600.0000074251091,"din_end":660.0000090266127,"din_rules":["Interventions","r1","r1_rev","r2","r3","r4","r5","r6"],"din_hits":[0,78685,78652,83621,3286443,3202814,854936,854923],"din_fluxs":[[0.0,0.0,0.0,0.0,0.0,0.0,0.0,0.0],[0.0,-0.0011179450625497522,0.028031337437855193,0.031544379285756735,0.0,-0.0020651663426408183,0.0,0.0],[0.0,0.0011192057647292143,-0.02678641456423434,-0.0518126790194274,0.0,0.003914638138417452,0.0,0.0],[0.0,0.0,0.0,-0.2203847752478074,0.0026336451397732876,0.0,0.0034597613643825667,0.0],[0.0,0.0,0.0,0.007825209982846245,-0.0026271045385484627,0.017638715681304318,-0.0026272975118286027,0.0],[0.0,0.0,0.0,0.0,0.002634037036448145,-0.017820630052129846,0.0028934336773188754,0.0],[0.0,0.0,0.0,0.0,0.0,0.0,-0.0044213962077494055,0.0014406563883348521],[0.0,0.0,0.0,0.0,0.0,0.0,0.0034225643304081855,-0.0014385831077911024]]}