{"din_name":"flux_level10917.json","din_kind":"RELATIVE","din_start":600.000009980913,"din_end":660.0000132648616,"din_rules":["Interventions","r1","r1_rev","r2","r3","r4","r5","r6"],"din_hits":[0,47154,47123,42616,2309139,2266499,976263,976228],"din_fluxs":[[0.0,0.0,0.0,0.0,0.0,0.0,0.0,0.0],[0.0,-0.0011099350508127091,0.03534576996353703,0.0370662474446279,0.0,-0.0020467683817943115,0.0,0.0],[0.0,0.0011111786544060354,-0.0335166025577574,-0.06421345226096838,0.0,0.0041440529722495895,0.0,0.0],[0.0,0.0,0.0,-0.2462985981280865,0.002653299279635447,0.0,0.003189125105935344,0.0],[0.0,0.0,0.0,0.006793942918581817,-0.0026467058000671224,0.017175460057689735,-0.0026444332851340638,0.0],[0.0,0.0,0.0,0.0,0.0026537398575143356,-0.0172389469766754,0.002851137821753489,0.0],[0.0,0.0,0.0,0.0,0.0,0.0,-0.0021844845707866597,0.002623708665603276],[0.0,0.0,0.0,0.0,0.0,0.0,0.0017083057316920204,-0.002616834811420349]]}