{"din_name":"flux_level10681.json","din_kind":"RELATIVE","din_start":600.0000329189951,"din_end":660.0000061779323,"din_rules":["Interventions","r1","r1_rev","r2","r3","r4","r5","r6"],"din_hits":[0,17703,17678,13291,1019543,1006243,1660448,1660453],"din_fluxs":[[0.0,0.0,0.0,0.0,0.0,0.0,0.0,0.0],[0.0,-0.0011069896689280903,0.0390565061769793,0.04343435255800736,0.0,-0.0020409563977994215,0.0,0.0],[0.0,0.0011082387685768709,-0.03682473582664999,-0.07131775766102792,0.0,0.003804957703142042,0.0,0.0],[0.0,0.0,0.0,-0.21028263610188055,0.0030732299256667085,0.0,0.0047696378403658665,0.0],[0.0,0.0,0.0,0.004118634543007594,-0.003064121422030727,0.012001393383690778,-0.003063296686459008,0.0],[0.0,0.0,0.0,0.0,0.0030735505838844937,-0.012043850454227532,0.004107488999099267,0.0],[0.0,0.0,0.0,0.0,0.0,0.0,-0.002756720134676585,0.0026574824351599693],[0.0,0.0,0.0,0.0,0.0,0.0,0.002127200537121163,-0.0026504273885272337]]}