{"din_name":"flux_level01371.json","din_kind":"RELATIVE","din_start":600.0000000609773,"din_end":660.0000082328053,"din_rules":["Interventions","r1","r1_rev","r2","r3","r4","r5","r6"],"din_hits":[0,117329,117305,16257,1713926,1697662,249472,249475],"din_fluxs":[[0.0,0.0,0.0,0.0,0.0,0.0,0.0,0.0],[0.0,-0.00110365674922398,0.04443649614873218,0.053789781422505505,0.0,-0.002035512662552693,0.0,0.0],[0.0,0.001104878827327236,-0.04180518335783674,-0.07941671304345398,0.0,0.0036528656543379757,0.0,0.0],[0.0,0.0,0.0,-0.28727792360523746,0.0027951283152894166,0.0,0.0028873280082648113,0.0],[0.0,0.0,0.0,0.006674402554032849,-0.002787052756528552,0.014647921170172943,-0.0027869309181640612,0.0],[0.0,0.0,0.0,0.0,0.002794843027857719,-0.014680630567831738,0.0028487512691579976,0.0],[0.0,0.0,0.0,0.0,0.0,0.0,-0.0015354819298575378,0.011580510150287902],[0.0,0.0,0.0,0.0,0.0,0.0,0.0011674884133018972,-0.011446504847822671]]}