{"din_name":"flux_level02182.json","din_kind":"RELATIVE","din_start":600.0000094850466,"din_end":660.0000240327771,"din_rules":["Interventions","r1","r1_rev","r2","r3","r4","r5","r6"],"din_hits":[0,392689,392615,55164,1073778,1018614,311417,311416],"din_fluxs":[[0.0,0.0,0.0,0.0,0.0,0.0,0.0,0.0],[0.0,-0.0011566769685007238,0.0143876149595605,0.022243866697836408,0.0,-0.002151669056462341,0.0,0.0],[0.0,0.001158023890785175,-0.013945746117653875,-0.027149532412080908,0.0,0.0029183518376585146,0.0,0.0],[0.0,0.0,0.0,-0.1745176633381951,0.0025788411978471372,0.0,0.002831653886881965,0.0],[0.0,0.0,0.0,0.013432777845136523,-0.0025721389731065063,0.01875589647183921,-0.00257339898405294,0.0],[0.0,0.0,0.0,0.0,0.002578770462936069,-0.01966926022180087,0.0027757434492783977,0.0],[0.0,0.0,0.0,0.0,0.0,0.0,-0.003127665007157379,0.0017217608038967687],[0.0,0.0,0.0,0.0,0.0,0.0,0.0024704013533555073,-0.0017187994047163683]]}