{"din_name":"flux_level10599.json","din_kind":"RELATIVE","din_start":600.0000009170235,"din_end":660.0000027838972,"din_rules":["Interventions","r1","r1_rev","r2","r3","r4","r5","r6"],"din_hits":[0,63621,63603,17843,3977937,3960088,1423871,1423896],"din_fluxs":[[0.0,0.0,0.0,0.0,0.0,0.0,0.0,0.0],[0.0,-0.001091590835799308,0.09298375475096168,0.08892285537351495,0.0,-0.0020007898169868313,0.0,0.0],[0.0,0.0010927848411768828,-0.08094322575963279,-0.14799840220296964,0.0,0.0049132220038622,0.0,0.0],[0.0,0.0,0.0,-0.4314642897270139,0.002627391228343615,0.0,0.003148070120944184,0.0],[0.0,0.0,0.0,0.005733430387978666,-0.00262092919478003,0.01743076143163772,-0.0026210748872377418,0.0],[0.0,0.0,0.0,0.0,0.0026278208993048796,-0.017252291390923408,0.0027967343954208583,0.0],[0.0,0.0,0.0,0.0,0.0,0.0,-0.002148161186262369,0.002637344244571013],[0.0,0.0,0.0,0.0,0.0,0.0,0.0016837156121595263,-0.002630394251705752]]}