{"din_name":"flux_level09010.json","din_kind":"RELATIVE","din_start":600.0000242343335,"din_end":660.0000443135361,"din_rules":["Interventions","r1","r1_rev","r2","r3","r4","r5","r6"],"din_hits":[0,40999,40978,4328,839610,835271,730202,730238],"din_fluxs":[[0.0,0.0,0.0,0.0,0.0,0.0,0.0,0.0],[0.0,-0.0011001634437726151,0.05210914099960256,0.07128250202599504,0.0,-0.0020497905336510918,0.0,0.0],[0.0,0.0011013807948054898,-0.04859573126990245,-0.09366131122252289,0.0,0.0031384662059351265,0.0,0.0],[0.0,0.0,0.0,-0.23761314662602268,0.0037878485059774187,0.0,0.004659585109315557,0.0],[0.0,0.0,0.0,0.0034510069890787746,-0.003772878272413416,0.008733684812571727,-0.0037728330389772214,0.0],[0.0,0.0,0.0,0.0,0.0037871810444322397,-0.008754761750724541,0.004432478302919812,0.0],[0.0,0.0,0.0,0.0,0.0,0.0,-0.0025020817973024907,0.005427455631194946],[0.0,0.0,0.0,0.0,0.0,0.0,0.0017692281082262475,-0.005398036809435984]]}