{"din_name":"flux_level12217.json","din_kind":"RELATIVE","din_start":600.0000078327743,"din_end":660.0000513687371,"din_rules":["Interventions","r1","r1_rev","r2","r3","r4","r5","r6"],"din_hits":[0,17541,17532,1064,500381,499333,1493463,1493437],"din_fluxs":[[0.0,0.0,0.0,0.0,0.0,0.0,0.0,0.0],[0.0,-0.0010905642253248335,0.0987449412322135,0.12898179550284117,0.0,-0.0020194916870939048,0.0,0.0],[0.0,0.0010917587375148298,-0.08764054996071625,-0.1589645170422742,0.0,0.0037654980832783134,0.0,0.0],[0.0,0.0,0.0,-0.44480469517705756,0.0029190479689193308,0.0,0.005033914182000425,0.0],[0.0,0.0,0.0,0.005654126769363369,-0.0029130615997404285,0.013038366577077352,-0.0029146026403081256,0.0],[0.0,0.0,0.0,0.0,0.0029215810017190072,-0.012956959191256256,0.0044302942006113335,0.0],[0.0,0.0,0.0,0.0,0.0,0.0,-0.0028670978651238145,0.0024479517675190326],[0.0,0.0,0.0,0.0,0.0,0.0,0.002372264741599703,-0.0024419663130537755]]}