{"din_name":"flux_level12077.json","din_kind":"RELATIVE","din_start":600.0000001360708,"din_end":660.0000049207459,"din_rules":["Interventions","r1","r1_rev","r2","r3","r4","r5","r6"],"din_hits":[0,12502,12480,1570,464459,462870,436034,436055],"din_fluxs":[[0.0,0.0,0.0,0.0,0.0,0.0,0.0,0.0],[0.0,-0.0011008803899080137,0.05082788570297484,0.08448942874165562,0.0,-0.00204104918959536,0.0,0.0],[0.0,0.00110211342693352,-0.04730175131726367,-0.09190768741234849,0.0,0.002499623331279304,0.0,0.0],[0.0,0.0,0.0,-0.18025664164276353,0.00886604718487004,0.0,0.014405238362023023,0.0],[0.0,0.0,0.0,0.0012474190049167847,-0.008777003551122641,0.005305366571362058,-0.008767740731666716,0.0],[0.0,0.0,0.0,0.0,0.008855092908971273,-0.005307316181798604,0.01297132095380958,0.0],[0.0,0.0,0.0,0.0,0.0,0.0,-0.007665764686397874,0.004515387471112092],[0.0,0.0,0.0,0.0,0.0,0.0,0.0033828457353591557,-0.004495006458907622]]}