{"din_name":"flux_level12869.json","din_kind":"RELATIVE","din_start":600.0000018744638,"din_end":660.0000126321397,"din_rules":["Interventions","r1","r1_rev","r2","r3","r4","r5","r6"],"din_hits":[0,569709,569270,930645,1853126,922458,114071,114041],"din_fluxs":[[0.0,0.0,0.0,0.0,0.0,0.0,0.0,0.0],[0.0,-0.0018660953394390074,0.0023276101121237885,0.008102335505084681,0.0,-0.0035550575944273363,0.0,0.0],[0.0,0.0018699503679998983,-0.0022746814428843192,-0.004534810262227523,0.0,0.002066786762159758,0.0,0.0],[0.0,0.0,0.0,-0.050865421441039366,0.002664828731007322,0.0,0.002803460885464393,0.0],[0.0,0.0,0.0,0.02577803352989627,-0.0026576155633527727,0.01226723739288532,-0.0026610857603906954,0.0],[0.0,0.0,0.0,0.0,0.002664569868556681,-0.023173708909283695,0.0030513302803722095,0.0],[0.0,0.0,0.0,0.0,0.0,0.0,-0.014486206916372223,0.001104997852500542],[0.0,0.0,0.0,0.0,0.0,0.0,0.011093501670663633,-0.0011037801003895178]]}