{"din_name":"flux_level01619.json","din_kind":"RELATIVE","din_start":600.0000027158868,"din_end":660.0000108115572,"din_rules":["Interventions","r1","r1_rev","r2","r3","r4","r5","r6"],"din_hits":[0,79639,79626,12856,2561926,2549063,2134366,2134394],"din_fluxs":[[0.0,0.0,0.0,0.0,0.0,0.0,0.0,0.0],[0.0,-0.001093473815028802,0.07736711688542862,0.08321576519146787,0.0,-0.0020193404889620207,0.0,0.0],[0.0,0.0010946721973029189,-0.07033480869222708,-0.12893788060586214,0.0,0.004499053214623512,0.0,0.0],[0.0,0.0,0.0,-0.4250507231032296,0.002607109123540359,0.0,0.0033363926886620936,0.0],[0.0,0.0,0.0,0.007108857916751844,-0.0026000951556634185,0.017886195869620397,-0.00259967278350262,0.0],[0.0,0.0,0.0,0.0,0.002606874343788249,-0.017732817134672427,0.002961407571202047,0.0],[0.0,0.0,0.0,0.0,0.0,0.0,-0.002197019847106552,0.002575699487727135],[0.0,0.0,0.0,0.0,0.0,0.0,0.0017769586554303347,-0.0025690712747091274]]}