{"din_name":"flux_level12698.json","din_kind":"RELATIVE","din_start":600.0000016946427,"din_end":660.0000109940731,"din_rules":["Interventions","r1","r1_rev","r2","r3","r4","r5","r6"],"din_hits":[0,117017,116988,51101,3390669,3339569,276308,276302],"din_fluxs":[[0.0,0.0,0.0,0.0,0.0,0.0,0.0,0.0],[0.0,-0.001109806429384143,0.03545098577184881,0.04120093544205714,0.0,-0.002076327747245277,0.0,0.0],[0.0,0.0011110435899754777,-0.03365096827029263,-0.06518860852788046,0.0,0.0037470061404645525,0.0,0.0],[0.0,0.0,0.0,-0.2152396466130259,0.002927121491489017,0.0,0.003002432376243519,0.0],[0.0,0.0,0.0,0.005236299298282132,-0.0029190485930280043,0.013246004990581928,-0.0029191110904253246,0.0],[0.0,0.0,0.0,0.0,0.002927606392764516,-0.013326897937361111,0.002962971493861393,0.0],[0.0,0.0,0.0,0.0,0.0,0.0,-0.0015713858013568526,0.015027678223967111],[0.0,0.0,0.0,0.0,0.0,0.0,0.0011379110414047682,-0.01480198082337846]]}