{"din_name":"flux_level13328.json","din_kind":"RELATIVE","din_start":600.0000023099396,"din_end":660.000012825339,"din_rules":["Interventions","r1","r1_rev","r2","r3","r4","r5","r6"],"din_hits":[0,71203,71182,15157,1693015,1677865,820848,820860],"din_fluxs":[[0.0,0.0,0.0,0.0,0.0,0.0,0.0,0.0],[0.0,-0.0011004452679865477,0.051293348704650236,0.0561204061009098,0.0,-0.002049909547548578,0.0,0.0],[0.0,0.0011016609320701697,-0.04790390345652142,-0.08982151628484995,0.0,0.004122887646521389,0.0,0.0],[0.0,0.0,0.0,-0.32166092479487957,0.002668646784334353,0.0,0.004399382374459165,0.0],[0.0,0.0,0.0,0.006589185734888228,-0.0026611200012962113,0.016707242184816073,-0.0026547520232766755,0.0],[0.0,0.0,0.0,0.0,0.002668219496202104,-0.01666308185318386,0.0034293510579572702,0.0],[0.0,0.0,0.0,0.0,0.0,0.0,-0.0066510589855277155,0.0012747971393621152],[0.0,0.0,0.0,0.0,0.0,0.0,0.005126882067479545,-0.0012731744026239936]]}