{"din_name":"flux_level12433.json","din_kind":"RELATIVE","din_start":600.0000009596263,"din_end":660.0000121134046,"din_rules":["Interventions","r1","r1_rev","r2","r3","r4","r5","r6"],"din_hits":[0,543603,543401,413671,2183272,1769610,1722585,1722576],"din_fluxs":[[0.0,0.0,0.0,0.0,0.0,0.0,0.0,0.0],[0.0,-0.0013064205768058778,0.005547231491078329,0.011603419307848582,0.0,-0.002449928905641397,0.0,0.0],[0.0,0.0013081710178891033,-0.005418487746426815,-0.01075936620776323,0.0,0.002358739878119418,0.0,0.0],[0.0,0.0,0.0,-0.061043580796583174,0.0031231785297870887,0.0,0.003692290962083956,0.0],[0.0,0.0,0.0,0.012127443806220686,-0.0031132746163545283,0.011135940416103903,-0.003115128813368277,0.0],[0.0,0.0,0.0,0.0,0.003122962859928067,-0.013524399312707878,0.003717602754327791,0.0],[0.0,0.0,0.0,0.0,0.0,0.0,-0.0025870619627594476,0.0028006153574604165],[0.0,0.0,0.0,0.0,0.0,0.0,0.0018540285706785807,-0.0027927797911279813]]}