{"din_name":"flux_level13752.json","din_kind":"RELATIVE","din_start":600.0000257906394,"din_end":660.000025681751,"din_rules":["Interventions","r1","r1_rev","r2","r3","r4","r5","r6"],"din_hits":[0,30929,30908,1558,289152,287596,1073577,1073638],"din_fluxs":[[0.0,0.0,0.0,0.0,0.0,0.0,0.0,0.0],[0.0,-0.00109809615543509,0.05762064514176764,0.08001228253201043,0.0,-0.0020261432164831684,0.0,0.0],[0.0,0.0010993093779529484,-0.05344340411480373,-0.09935584376278374,0.0,0.003654053123160539,0.0,0.0],[0.0,0.0,0.0,-0.4231464623931597,0.002581762943019167,0.0,0.004455150277776599,0.0],[0.0,0.0,0.0,0.01063787954286114,-0.0025748162932650474,0.018423030741512424,-0.002577320619042217,0.0],[0.0,0.0,0.0,0.0,0.00258146390788837,-0.018353242365394942,0.004083277598020333,0.0],[0.0,0.0,0.0,0.0,0.0,0.0,-0.0029532293253969034,0.0019760678731921594],[0.0,0.0,0.0,0.0,0.0,0.0,0.002559451891160289,-0.0019721650112066074]]}