{"din_name":"flux_level07613.json","din_kind":"RELATIVE","din_start":600.0000004591839,"din_end":660.0000030013452,"din_rules":["Interventions","r1","r1_rev","r2","r3","r4","r5","r6"],"din_hits":[0,4148362,4147560,2866133,3030683,164580,430142,430123],"din_fluxs":[[0.0,0.0,0.0,0.0,0.0,0.0,0.0,0.0],[0.0,-0.004900395766354601,0.0012860556185694367,0.005228522722911735,0.0,-0.009565425194419769,0.0,0.0],[0.0,0.004925164451029247,-0.0012619905616571348,-0.0025148527978566867,0.0,0.004804758462807041,0.0,0.0],[0.0,0.0,0.0,-0.03026603140157798,0.0025067251993635435,0.0,0.0027218278489277658,0.0],[0.0,0.0,0.0,0.025805258575911916,-0.002500474696822215,0.010095068978034832,-0.002499059785313891,0.0],[0.0,0.0,0.0,0.0,0.0025071035218636522,-0.05566965306087882,0.0028507749699078315,0.0],[0.0,0.0,0.0,0.0,0.0,0.0,-0.007378521543398246,0.0012100962068208128],[0.0,0.0,0.0,0.0,0.0,0.0,0.005970876623896785,-0.0012086324013705907]]}