{"din_name":"flux_level11856.json","din_kind":"RELATIVE","din_start":600.0000097725133,"din_end":660.0000010461204,"din_rules":["Interventions","r1","r1_rev","r2","r3","r4","r5","r6"],"din_hits":[0,43346,43329,7438,1615354,1607888,2062910,2062914],"din_fluxs":[[0.0,0.0,0.0,0.0,0.0,0.0,0.0,0.0],[0.0,-0.001095684968284491,0.06668644890783712,0.07827963379050649,0.0,-0.0020386967741390107,0.0,0.0],[0.0,0.001096890192535142,-0.06128470447320187,-0.11639972610777148,0.0,0.0037555480317188073,0.0,0.0],[0.0,0.0,0.0,-0.3062296327422382,0.0031756919615271452,0.0,0.004632288799749,0.0],[0.0,0.0,0.0,0.003806970313586588,-0.0031647833531419107,0.011172127959200943,-0.003165348896680841,0.0],[0.0,0.0,0.0,0.0,0.0031748364500513897,-0.011144226407123406,0.004083287616271194,0.0],[0.0,0.0,0.0,0.0,0.0,0.0,-0.002729776032645189,0.00279787976333404],[0.0,0.0,0.0,0.0,0.0,0.0,0.002028562437124434,-0.0027900594270663147]]}