{"din_name":"flux_level12306.json","din_kind":"RELATIVE","din_start":600.0000055972811,"din_end":660.0000008119556,"din_rules":["Interventions","r1","r1_rev","r2","r3","r4","r5","r6"],"din_hits":[0,54774,54769,4608,2155068,2150453,889446,889424],"din_fluxs":[[0.0,0.0,0.0,0.0,0.0,0.0,0.0,0.0],[0.0,-0.0010890639694535068,0.11585257011635931,0.141568286492481,0.0,-0.0020296374840210996,0.0,0.0],[0.0,0.0010902520703052977,-0.10086615218625158,-0.17991421763239016,0.0,0.004236707314250248,0.0,0.0],[0.0,0.0,0.0,-0.4873744703147234,0.0027755229827939234,0.0,0.0036765950463030226,0.0],[0.0,0.0,0.0,0.006196980942284132,-0.002767992728846545,0.014747400663850637,-0.002767122584952283,0.0],[0.0,0.0,0.0,0.0,0.002775679589900597,-0.014617758674517011,0.0032087389947435744,0.0],[0.0,0.0,0.0,0.0,0.0,0.0,-0.003967705664450574,0.0015749892272595215],[0.0,0.0,0.0,0.0,0.0,0.0,0.002948875946658616,-0.0015725102357025595]]}