{"din_name":"flux_level12776.json","din_kind":"RELATIVE","din_start":600.0000079297861,"din_end":660.0000547456908,"din_rules":["Interventions","r1","r1_rev","r2","r3","r4","r5","r6"],"din_hits":[0,239393,239337,45396,1030363,984975,962748,962724],"din_fluxs":[[0.0,0.0,0.0,0.0,0.0,0.0,0.0,0.0],[0.0,-0.001151706847216191,0.015316304002817428,0.023479980324531045,0.0,-0.0021448254693846344,0.0,0.0],[0.0,0.001153045203760635,-0.014827589935616201,-0.029126467835735113,0.0,0.0028561978887046034,0.0,0.0],[0.0,0.0,0.0,-0.12430898264574589,0.0030615461356924057,0.0,0.003764636130990115,0.0],[0.0,0.0,0.0,0.00795023206555351,-0.003052665208792336,0.012074215881321031,-0.0030526333746097767,0.0],[0.0,0.0,0.0,0.0,0.0030620395548515986,-0.012640357386421178,0.0036434486726963445,0.0],[0.0,0.0,0.0,0.0,0.0,0.0,-0.0024017204228094125,0.003113421652658897],[0.0,0.0,0.0,0.0,0.0,0.0,0.0017834449395240435,-0.003103737451181175]]}