{"din_name":"flux_level09097.json","din_kind":"RELATIVE","din_start":600.0000000089012,"din_end":660.000036564971,"din_rules":["Interventions","r1","r1_rev","r2","r3","r4","r5","r6"],"din_hits":[0,53720,53709,14473,3996073,3981603,234577,234558],"din_fluxs":[[0.0,0.0,0.0,0.0,0.0,0.0,0.0,0.0],[0.0,-0.001091320068257157,0.09212968764523284,0.09563101379868059,0.0,-0.0020419184703824433,0.0,0.0],[0.0,0.0010925138518957129,-0.0823921911310076,-0.1525178176231518,0.0,0.004477410093468223,0.0,0.0],[0.0,0.0,0.0,-0.3933531557257498,0.002866706702797258,0.0,0.0031911556947720643,0.0],[0.0,0.0,0.0,0.004000500082204625,-0.002858449854698544,0.013699263779261625,-0.0028595090073547757,0.0],[0.0,0.0,0.0,0.0,0.0028666479748087254,-0.013594116013045828,0.0029404171615245375,0.0],[0.0,0.0,0.0,0.0,0.0,0.0,-0.003805766728523078,0.0016113703642448276],[0.0,0.0,0.0,0.0,0.0,0.0,0.0026853290009113124,-0.001608778573101316]]}