{"din_name":"flux_level10052.json","din_kind":"RELATIVE","din_start":600.0000340650161,"din_end":660.0000007576774,"din_rules":["Interventions","r1","r1_rev","r2","r3","r4","r5","r6"],"din_hits":[0,23420,23407,4938,2041582,2036637,1359630,1359607],"din_fluxs":[[0.0,0.0,0.0,0.0,0.0,0.0,0.0,0.0],[0.0,-0.001090912713889383,0.095973363317609,0.11021411072120305,0.0,-0.0020157626253116223,0.0,0.0],[0.0,0.0010921073637987166,-0.08540370351141484,-0.1597564919232045,0.0,0.0038199994388554846,0.0,0.0],[0.0,0.0,0.0,-0.3522439060893764,0.0034275157992256105,0.0,0.004347288306003826,0.0],[0.0,0.0,0.0,0.0025046660564437915,-0.003413864053026799,0.009885009907593969,-0.0034168160494206378,0.0],[0.0,0.0,0.0,0.0,0.003425564383884068,-0.0098319180290004,0.0039125971901871805,0.0],[0.0,0.0,0.0,0.0,0.0,0.0,-0.0023627159722811905,0.0042847744034027095],[0.0,0.0,0.0,0.0,0.0,0.0,0.0016446507807187547,-0.004266433731709236]]}