{"din_name":"flux_level02213.json","din_kind":"RELATIVE","din_start":600.0000090110442,"din_end":660.0000010162522,"din_rules":["Interventions","r1","r1_rev","r2","r3","r4","r5","r6"],"din_hits":[0,7722,7712,35341,4335995,4300643,1771798,1771815],"din_fluxs":[[0.0,0.0,0.0,0.0,0.0,0.0,0.0,0.0],[0.0,-0.001094571318253009,0.07169604547984884,0.06233195762426158,0.0,-0.002057213762985639,0.0,0.0],[0.0,0.0010957850587936975,-0.0653755572765049,-0.12180943344388151,0.0,0.00531392843226689,0.0,0.0],[0.0,0.0,0.0,-0.36751409002618607,0.00257689836905534,0.0,0.0037031417376949182,0.0],[0.0,0.0,0.0,0.0053069396444733845,-0.002570642924363772,0.018779202684482816,-0.002570844359930905,0.0],[0.0,0.0,0.0,0.0,0.002577273379312799,-0.018585940279486523,0.002798858071220949,0.0],[0.0,0.0,0.0,0.0,0.0,0.0,-0.0026636015214251568,0.001976580074100604],[0.0,0.0,0.0,0.0,0.0,0.0,0.0021204146312114778,-0.00197267758939822]]}