{"din_name":"flux_level09060.json","din_kind":"RELATIVE","din_start":600.0000054691534,"din_end":660.0000026620102,"din_rules":["Interventions","r1","r1_rev","r2","r3","r4","r5","r6"],"din_hits":[0,573488,573383,191813,2272104,2080294,1975630,1975657],"din_fluxs":[[0.0,0.0,0.0,0.0,0.0,0.0,0.0,0.0],[0.0,-0.0011920178410757582,0.010167477260947879,0.0169079784309641,0.0,-0.002209200992153209,0.0,0.0],[0.0,0.0011934510040218465,-0.00989543775356236,-0.01948072559596004,0.0,0.0027009900547800194,0.0,0.0],[0.0,0.0,0.0,-0.10394558661507101,0.0028869784306001416,0.0,0.003482658637632709,0.0],[0.0,0.0,0.0,0.010599530556195478,-0.002878966679546878,0.013615005762381428,-0.002879539323231834,0.0],[0.0,0.0,0.0,0.0,0.0028873114397272056,-0.014782880747656263,0.003389606842194174,0.0],[0.0,0.0,0.0,0.0,0.0,0.0,-0.002390795005692937,0.0027452500210744636],[0.0,0.0,0.0,0.0,0.0,0.0,0.0018145458807580872,-0.002737721573869059]]}