{"din_name":"flux_level06012.json","din_kind":"RELATIVE","din_start":600.0000003879599,"din_end":660.0000070375859,"din_rules":["Interventions","r1","r1_rev","r2","r3","r4","r5","r6"],"din_hits":[0,49799,49790,12336,3742059,3729724,744116,744115],"din_fluxs":[[0.0,0.0,0.0,0.0,0.0,0.0,0.0,0.0],[0.0,-0.001089132913958966,0.12179348364714396,0.11364769515531123,0.0,-0.0020044747998003752,0.0,0.0],[0.0,0.0010903215323030096,-0.10034087193230841,-0.17860960302551968,0.0,0.005199606224261089,0.0,0.0],[0.0,0.0,0.0,-0.4925466739421035,0.002589696906901535,0.0,0.0031822575216179853,0.0],[0.0,0.0,0.0,0.006109598122902029,-0.002583407856183042,0.018244766241394872,-0.002584734748393473,0.0],[0.0,0.0,0.0,0.0,0.002590102709606019,-0.018016120851515282,0.0027318004380747084,0.0],[0.0,0.0,0.0,0.0,0.0,0.0,-0.003131868847255277,0.0017205047215550974],[0.0,0.0,0.0,0.0,0.0,0.0,0.002453492717014979,-0.0017175474777601965]]}