{"din_name":"flux_level13836.json","din_kind":"RELATIVE","din_start":600.0000152007464,"din_end":660.0000013441619,"din_rules":["Interventions","r1","r1_rev","r2","r3","r4","r5","r6"],"din_hits":[0,7474,7448,62813,3756600,3693780,469038,469034],"din_fluxs":[[0.0,0.0,0.0,0.0,0.0,0.0,0.0,0.0],[0.0,-0.00110532800156495,0.041960334205990824,0.04145233102845269,0.0,-0.002093792032371359,0.0,0.0],[0.0,0.0011065985156784603,-0.0392488045300211,-0.07380395801076994,0.0,0.00453799110936933,0.0,0.0],[0.0,0.0,0.0,-0.27771443162821907,0.002578014197295355,0.0,0.0027255794293400792,0.0],[0.0,0.0,0.0,0.0067181543880079795,-0.0025720320470001487,0.018901557150291928,-0.0025722544705574883,0.0],[0.0,0.0,0.0,0.0,0.0025786777459017203,-0.018863731726515783,0.0026142858159897632,0.0],[0.0,0.0,0.0,0.0,0.0,0.0,-0.0014604537608378623,0.008677378410557794],[0.0,0.0,0.0,0.0,0.0,0.0,0.0011682059127865248,-0.008602141148327603]]}