{"din_name":"flux_level12285.json","din_kind":"RELATIVE","din_start":600.0000132061243,"din_end":660.0000231452888,"din_rules":["Interventions","r1","r1_rev","r2","r3","r4","r5","r6"],"din_hits":[0,37658,37654,11969,3743904,3731944,673664,673641],"din_fluxs":[[0.0,0.0,0.0,0.0,0.0,0.0,0.0,0.0],[0.0,-0.0010891100312054572,0.12411616796834236,0.10876180778044879,0.0,-0.001980697707255386,0.0,0.0],[0.0,0.0010902984120132017,-0.1007875605097958,-0.18053500558684546,0.0,0.005086635895942358,0.0,0.0],[0.0,0.0,0.0,-0.4664387726126869,0.0026731201816655357,0.0,0.002936085468829636,0.0],[0.0,0.0,0.0,0.004896423182803522,-0.002666315549010781,0.016471550821470296,-0.002666880874506429,0.0],[0.0,0.0,0.0,0.0,0.0026734475298845982,-0.016285306890207744,0.0027477645240650233,0.0],[0.0,0.0,0.0,0.0,0.0,0.0,-0.0017492741626157322,0.004323053842264473],[0.0,0.0,0.0,0.0,0.0,0.0,0.0013458687221653066,-0.004304384817800217]]}