{"din_name":"flux_level04538.json","din_kind":"RELATIVE","din_start":600.0000316470102,"din_end":660.0000497029959,"din_rules":["Interventions","r1","r1_rev","r2","r3","r4","r5","r6"],"din_hits":[0,33752,33736,1531,631164,629618,1041574,1041577],"din_fluxs":[[0.0,0.0,0.0,0.0,0.0,0.0,0.0,0.0],[0.0,-0.0010925940018296826,0.08270498069121553,0.11872402425748932,0.0,-0.0020409343513630536,0.0,0.0],[0.0,0.0010937919244598847,-0.07472037576676055,-0.1388275070105817,0.0,0.0033013421505578584,0.0,0.0],[0.0,0.0,0.0,-0.38643952674496784,0.003214436380291232,0.0,0.005253134460997001,0.0],[0.0,0.0,0.0,0.005410375376350254,-0.0032034887248028336,0.01085414788744498,-0.003194666917226794,0.0],[0.0,0.0,0.0,0.0,0.0032137899977212046,-0.01082908983931054,0.004769416714211152,0.0],[0.0,0.0,0.0,0.0,0.0,0.0,-0.003539745366056875,0.002154032722165717],[0.0,0.0,0.0,0.0,0.0,0.0,0.0026093279643370974,-0.0021493975301582653]]}