{"din_name":"flux_level09368.json","din_kind":"RELATIVE","din_start":600.0000094991153,"din_end":660.0000013825061,"din_rules":["Interventions","r1","r1_rev","r2","r3","r4","r5","r6"],"din_hits":[0,55508,55488,29753,3846061,3816316,1202207,1202186],"din_fluxs":[[0.0,0.0,0.0,0.0,0.0,0.0,0.0,0.0],[0.0,-0.0010953251427721915,0.06817089592126022,0.06442337519860875,0.0,-0.002058214526776646,0.0,0.0],[0.0,0.0010965286146605055,-0.06255963516271872,-0.11685771080889715,0.0,0.0050233852999284866,0.0,0.0],[0.0,0.0,0.0,-0.38486315249504455,0.002548551309455325,0.0,0.003721833737552174,0.0],[0.0,0.0,0.0,0.006407639480917384,-0.0025423899637036936,0.019502771619684833,-0.0025444799064216926,0.0],[0.0,0.0,0.0,0.0,0.0025488746857320783,-0.019316186641729842,0.002872416182182258,0.0],[0.0,0.0,0.0,0.0,0.0,0.0,-0.004923868433771411,0.0013636380719837737],[0.0,0.0,0.0,0.0,0.0,0.0,0.003930524298255464,-0.0013617809625984859]]}