{"din_name":"flux_level06311.json","din_kind":"RELATIVE","din_start":600.0000120530133,"din_end":660.0000072830119,"din_rules":["Interventions","r1","r1_rev","r2","r3","r4","r5","r6"],"din_hits":[0,97763,97720,46199,2507689,2461490,198957,198949],"din_fluxs":[[0.0,0.0,0.0,0.0,0.0,0.0,0.0,0.0],[0.0,-0.0011184698434969706,0.027721411214065385,0.035942810397158256,0.0,-0.0020666137111779296,0.0,0.0],[0.0,0.0011197300849192277,-0.02650312482715114,-0.051924247484006,0.0,0.003258571927603769,0.0,0.0],[0.0,0.0,0.0,-0.15073279627868785,0.003496905354449687,0.0,0.003601970847110193,0.0],[0.0,0.0,0.0,0.004050289938639712,-0.0034848058305485025,0.009787342598785765,-0.0034846036382525786,0.0],[0.0,0.0,0.0,0.0,0.003497005358850669,-0.009918809061461026,0.0035505253524258516,0.0],[0.0,0.0,0.0,0.0,0.0,0.0,-0.0018666436553759903,0.01688066604066346],[0.0,0.0,0.0,0.0,0.0,0.0,0.0011877026332529747,-0.016596050755603445]]}