{"din_name":"flux_level11587.json","din_kind":"RELATIVE","din_start":600.0000179739851,"din_end":660.0000122700401,"din_rules":["Interventions","r1","r1_rev","r2","r3","r4","r5","r6"],"din_hits":[0,53932,53919,1789,1336006,1334207,977307,977316],"din_fluxs":[[0.0,0.0,0.0,0.0,0.0,0.0,0.0,0.0],[0.0,-0.0010896094779397716,0.10893299304974574,0.16681531247601222,0.0,-0.002039683251385857,0.0,0.0],[0.0,0.0010907991276864826,-0.0956494964209032,-0.17546705169274293,0.0,0.0031468236043896477,0.0,0.0],[0.0,0.0,0.0,-0.4249430709201824,0.0035617676773508143,0.0,0.004553800363387041,0.0],[0.0,0.0,0.0,0.004693281561564851,-0.0035486940487998737,0.009307868280600149,-0.003548314280775728,0.0],[0.0,0.0,0.0,0.0,0.0035613438008783873,-0.009277907255211626,0.0042912046786121654,0.0],[0.0,0.0,0.0,0.0,0.0,0.0,-0.002889403417664712,0.0030304564282467457],[0.0,0.0,0.0,0.0,0.0,0.0,0.0019065727848936488,-0.0030212821663118433]]}