{"din_name":"flux_level06741.json","din_kind":"RELATIVE","din_start":600.0000287329397,"din_end":660.0000074027718,"din_rules":["Interventions","r1","r1_rev","r2","r3","r4","r5","r6"],"din_hits":[0,82860,82846,796,461297,460475,63822,63829],"din_fluxs":[[0.0,0.0,0.0,0.0,0.0,0.0,0.0,0.0],[0.0,-0.0010932173414285853,0.07903312881166383,0.15144118399095446,0.0,-0.002027969447208633,0.0,0.0],[0.0,0.0010944150800197567,-0.07171219988622221,-0.13111809862819088,0.0,0.0026109019455566197,0.0,0.0],[0.0,0.0,0.0,-0.42677422099034484,0.003278216415068834,0.0,0.0038825867086639205,0.0],[0.0,0.0,0.0,0.009164669216681092,-0.0032655277361162654,0.010449529663668015,-0.0032581589047404424,0.0],[0.0,0.0,0.0,0.0,0.003276229800993575,-0.010460337478829879,0.003763202204474744,0.0],[0.0,0.0,0.0,0.0,0.0,0.0,-0.008854046734307805,0.0012431878286855683],[0.0,0.0,0.0,0.0,0.0,0.0,0.005538829976930248,-0.0012416402947872016]]}