{"din_name":"flux_level00962.json","din_kind":"RELATIVE","din_start":600.0000504150241,"din_end":660.0000001715965,"din_rules":["Interventions","r1","r1_rev","r2","r3","r4","r5","r6"],"din_hits":[0,11077,11065,5984,1528445,1522454,1536888,1536899],"din_fluxs":[[0.0,0.0,0.0,0.0,0.0,0.0,0.0,0.0],[0.0,-0.0010903222389287762,0.10341980807631479,0.09438290889192387,0.0,-0.0020585529206287216,0.0,0.0],[0.0,0.0010915186061617706,-0.09011498151166633,-0.1649709206772975,0.0,0.005119613861021818,0.0,0.0],[0.0,0.0,0.0,-0.4240827939011794,0.0027005103991329426,0.0,0.004981872952015289,0.0],[0.0,0.0,0.0,0.0042066213991498545,-0.002694317722281169,0.01601317483632733,-0.002694382979790314,0.0],[0.0,0.0,0.0,0.0,0.002701603906163391,-0.015842596785606983,0.0034810078574547473,0.0],[0.0,0.0,0.0,0.0,0.0,0.0,-0.003512094453836767,0.0017077298283327256],[0.0,0.0,0.0,0.0,0.0,0.0,0.0027506990012380905,-0.0017048162084717744]]}