{"din_name":"flux_level06506.json","din_kind":"RELATIVE","din_start":600.0000053902907,"din_end":660.0000092825942,"din_rules":["Interventions","r1","r1_rev","r2","r3","r4","r5","r6"],"din_hits":[0,51200,51180,14182,1805824,1791640,702595,702585],"din_fluxs":[[0.0,0.0,0.0,0.0,0.0,0.0,0.0,0.0],[0.0,-0.001097861001195677,0.05866284206979318,0.061579752469034,0.0,-0.0020360271883644583,0.0,0.0],[0.0,0.0010990712423848705,-0.054361500451393714,-0.1020781804357819,0.0,0.004348360964932513,0.0,0.0],[0.0,0.0,0.0,-0.3411888688086793,0.0026662089796468023,0.0,0.00446228128554002,0.0],[0.0,0.0,0.0,0.006075044805256832,-0.002659917766272947,0.016718048648771158,-0.0026542746537214033,0.0],[0.0,0.0,0.0,0.0,0.0026670209048975414,-0.01663437804694755,0.0033384339058233617,0.0],[0.0,0.0,0.0,0.0,0.0,0.0,-0.007205536244470203,0.001246297123346036],[0.0,0.0,0.0,0.0,0.0,0.0,0.0055386814472632015,-0.0012447455806987875]]}