{"din_name":"flux_level11322.json","din_kind":"RELATIVE","din_start":600.000034128423,"din_end":660.0001050259182,"din_rules":["Interventions","r1","r1_rev","r2","r3","r4","r5","r6"],"din_hits":[0,127444,127421,47,17463,17413,763029,763062],"din_fluxs":[[0.0,0.0,0.0,0.0,0.0,0.0,0.0,0.0],[0.0,-0.001101091282701487,0.0496349749738118,0.12321111782954132,0.0,-0.00203876934993772,0.0,0.0],[0.0,0.0011023070090205277,-0.04645160136861182,-0.08535867856524447,0.0,0.002083820950449661,0.0,0.0],[0.0,0.0,0.0,-0.4184395597151104,0.002985753900103414,0.0,0.004166317585274468,0.0],[0.0,0.0,0.0,0.016449344530824733,-0.002965538731174666,0.01236868834502474,-0.002949929920181933,0.0],[0.0,0.0,0.0,0.0,0.002974323279924182,-0.012480385033784708,0.004181463014508773,0.0],[0.0,0.0,0.0,0.0,0.0,0.0,-0.0021019050708912276,0.004997709153551696],[0.0,0.0,0.0,0.0,0.0,0.0,0.0020784336441068614,-0.004972762682203647]]}