{"din_name":"flux_level09114.json","din_kind":"RELATIVE","din_start":600.0000006335018,"din_end":660.0000099672088,"din_rules":["Interventions","r1","r1_rev","r2","r3","r4","r5","r6"],"din_hits":[0,875177,875044,336252,2399245,2062989,746146,746172],"din_fluxs":[[0.0,0.0,0.0,0.0,0.0,0.0,0.0,0.0],[0.0,-0.0012529122145618278,0.006944393376931945,0.013317881805280764,0.0,-0.0023451503288443813,0.0,0.0],[0.0,0.0012544996094367594,-0.006779867535937089,-0.013468586702516454,0.0,0.0024515672191712814,0.0,0.0],[0.0,0.0,0.0,-0.05615960908777485,0.0036804055431742667,0.0,0.004105255097959311,0.0],[0.0,0.0,0.0,0.008487753141285,-0.003667033321383594,0.008944864350260529,-0.0036655357249087608,0.0],[0.0,0.0,0.0,0.0,0.003680567928346431,-0.010337084326452061,0.004096277247433967,0.0],[0.0,0.0,0.0,0.0,0.0,0.0,-0.0031972458286745197,0.002523207141853883],[0.0,0.0,0.0,0.0,0.0,0.0,0.0018808441235221016,-0.0025168464098434588]]}