{"din_name":"flux_level05806.json","din_kind":"RELATIVE","din_start":600.0000002627928,"din_end":660.0000027177111,"din_rules":["Interventions","r1","r1_rev","r2","r3","r4","r5","r6"],"din_hits":[0,79277,79264,9322,1908467,1899141,178112,178138],"din_fluxs":[[0.0,0.0,0.0,0.0,0.0,0.0,0.0,0.0],[0.0,-0.0010954188597827237,0.06797269588861926,0.08038617375854205,0.0,-0.002031770638304543,0.0,0.0],[0.0,0.0010966218354208999,-0.06238569169957803,-0.1165316451305427,0.0,0.00391176543382257,0.0,0.0],[0.0,0.0,0.0,-0.3635736346039675,0.002818562826405301,0.0,0.003301775654396581,0.0],[0.0,0.0,0.0,0.005899903740933118,-0.0028105001594185414,0.014266584551080676,-0.002806107531510685,0.0],[0.0,0.0,0.0,0.0,0.002818424427742865,-0.014209738724917575,0.003039822483830788,0.0],[0.0,0.0,0.0,0.0,0.0,0.0,-0.007820488447451987,0.001226298878991481],[0.0,0.0,0.0,0.0,0.0,0.0,0.005649106940294728,-0.0012247970220812653]]}