{"din_name":"flux_level06501.json","din_kind":"RELATIVE","din_start":600.0000022926428,"din_end":660.0000257923623,"din_rules":["Interventions","r1","r1_rev","r2","r3","r4","r5","r6"],"din_hits":[0,56197,56143,87004,1785823,1698835,581674,581627],"din_fluxs":[[0.0,0.0,0.0,0.0,0.0,0.0,0.0,0.0],[0.0,-0.001144809620537782,0.016893360522128788,0.022286836234808968,0.0,-0.00211849966691152,0.0,0.0],[0.0,0.0011461585856263035,-0.01628314285575569,-0.031605470658030106,0.0,0.003310951218350397,0.0,0.0],[0.0,0.0,0.0,-0.1563141914321143,0.0026947989207244303,0.0,0.0032591302078332192,0.0],[0.0,0.0,0.0,0.009375089757817813,-0.0026879108046689135,0.016494183828011398,-0.0026866731929015546,0.0],[0.0,0.0,0.0,0.0,0.0026951760102284427,-0.01708113559545628,0.002946759986025061,0.0],[0.0,0.0,0.0,0.0,0.0,0.0,-0.0033042650737134358,0.001718896199316806],[0.0,0.0,0.0,0.0,0.0,0.0,0.002509727308567903,-0.0017159473412765708]]}