{"din_name":"flux_level03660.json","din_kind":"RELATIVE","din_start":600.0000257134457,"din_end":660.0000053729497,"din_rules":["Interventions","r1","r1_rev","r2","r3","r4","r5","r6"],"din_hits":[0,45367,45364,126,131649,131546,318138,318106],"din_fluxs":[[0.0,0.0,0.0,0.0,0.0,0.0,0.0,0.0],[0.0,-0.0010907656532885238,0.09689275552950025,0.22828201711258975,0.0,-0.0020210812251037122,0.0,0.0],[0.0,0.0010919574476760227,-0.08622984509164767,-0.136960436620113,0.0,0.0024771769023031196,0.0,0.0],[0.0,0.0,0.0,-0.618012170406179,0.002711121434648718,0.0,0.003945103629459953,0.0],[0.0,0.0,0.0,0.019280683354634395,-0.0027036700309627485,0.01555210388934906,-0.0027137439655930302,0.0],[0.0,0.0,0.0,0.0,0.002711002509592699,-0.015475909527752777,0.00403579211719756,0.0],[0.0,0.0,0.0,0.0,0.0,0.0,-0.0030528585668216862,0.0020009644023128615],[0.0,0.0,0.0,0.0,0.0,0.0,0.002521085866653354,-0.001996972216354634]]}