{"din_name":"flux_level06947.json","din_kind":"RELATIVE","din_start":600.00000198994,"din_end":660.0000004063777,"din_rules":["Interventions","r1","r1_rev","r2","r3","r4","r5","r6"],"din_hits":[0,298403,298353,3021,146890,143872,1806483,1806448],"din_fluxs":[[0.0,0.0,0.0,0.0,0.0,0.0,0.0,0.0],[0.0,-0.0011360136764779526,0.019326568064095127,0.03736730029917422,0.0,-0.002119086623982554,0.0,0.0],[0.0,0.0011373110323657108,-0.018643536009977032,-0.03589879251113483,0.0,0.002415705924508646,0.0,0.0],[0.0,0.0,0.0,-0.2493902175034686,0.0026080188191288343,0.0,0.004782957325293764,0.0],[0.0,0.0,0.0,0.01658275313804235,-0.0025996881438256542,0.017684301389047245,-0.002600050192690962,0.0],[0.0,0.0,0.0,0.0,0.002606432748693451,-0.01829458289734531,0.004776128331578807,0.0],[0.0,0.0,0.0,0.0,0.0,0.0,-0.0027025465458009467,0.0023476346837925325],[0.0,0.0,0.0,0.0,0.0,0.0,0.0025340984904439062,-0.0023421300127454458]]}