{"din_name":"flux_level12635.json","din_kind":"RELATIVE","din_start":600.0000080591623,"din_end":660.0000058068786,"din_rules":["Interventions","r1","r1_rev","r2","r3","r4","r5","r6"],"din_hits":[0,5179,5163,6918,1040022,1033101,1418780,1418781],"din_fluxs":[[0.0,0.0,0.0,0.0,0.0,0.0,0.0,0.0],[0.0,-0.0010958698360565486,0.06644532643176304,0.062475742022910605,0.0,-0.0020134245758177925,0.0,0.0],[0.0,0.0010971008439484911,-0.06070627869293786,-0.11530035710252087,0.0,0.0045305268565513845,0.0,0.0],[0.0,0.0,0.0,-0.295574153029965,0.0029336027555026,0.0,0.004276588977901998,0.0],[0.0,0.0,0.0,0.003257330344170064,-0.002925589629360999,0.013105923799850438,-0.0029269664253086707,0.0],[0.0,0.0,0.0,0.0,0.002934182395950752,-0.013033768773174945,0.0036304442007244627,0.0],[0.0,0.0,0.0,0.0,0.0,0.0,-0.0023526001144440665,0.0030397267768501137],[0.0,0.0,0.0,0.0,0.0,0.0,0.0018484211673443938,-0.003030495700603732]]}