{"din_name":"flux_level11951.json","din_kind":"RELATIVE","din_start":600.0000021402316,"din_end":660.000009534398,"din_rules":["Interventions","r1","r1_rev","r2","r3","r4","r5","r6"],"din_hits":[0,289075,289017,84799,2135716,2050895,1935358,1935375],"din_fluxs":[[0.0,0.0,0.0,0.0,0.0,0.0,0.0,0.0],[0.0,-0.0011410064107437014,0.01782628083990006,0.02476089770734111,0.0,-0.0021103148630000237,0.0,0.0],[0.0,0.001142316340587721,-0.01722068264561647,-0.033761097783414934,0.0,0.003162883438658564,0.0,0.0],[0.0,0.0,0.0,-0.16161433174664178,0.002757749376522112,0.0,0.003632120502765128,0.0],[0.0,0.0,0.0,0.009173702042920147,-0.002750612603913958,0.015350013918744868,-0.0027478419868156756,0.0],[0.0,0.0,0.0,0.0,0.002758221599139162,-0.01587641314702834,0.003360107842009274,0.0],[0.0,0.0,0.0,0.0,0.0,0.0,-0.0029117390878180987,0.002009121339980136],[0.0,0.0,0.0,0.0,0.0,0.0,0.0022467846276693483,-0.002005088104256796]]}