{"din_name":"flux_level05356.json","din_kind":"RELATIVE","din_start":600.000000850507,"din_end":660.000025631187,"din_rules":["Interventions","r1","r1_rev","r2","r3","r4","r5","r6"],"din_hits":[0,41519,41507,18949,3091630,3072671,265297,265309],"din_fluxs":[[0.0,0.0,0.0,0.0,0.0,0.0,0.0,0.0],[0.0,-0.001094229733718851,0.0760811717943245,0.07215719310134036,0.0,-0.0020728563493430173,0.0,0.0],[0.0,0.0010954312003399172,-0.06734084545819963,-0.12555139559371759,0.0,0.004766985539011301,0.0,0.0],[0.0,0.0,0.0,-0.36294664537566945,0.0026989915915553264,0.0,0.0027987271931545,0.0],[0.0,0.0,0.0,0.00486187610972766,-0.0026910367422206117,0.016131467644188092,-0.0026905854266490426,0.0],[0.0,0.0,0.0,0.0,0.0026982967534080415,-0.016006258818455403,0.002727818816957313,0.0],[0.0,0.0,0.0,0.0,0.0,0.0,-0.00148777544072533,0.010880137460950465],[0.0,0.0,0.0,0.0,0.0,0.0,0.001140659691957562,-0.010761834959789782]]}