{"din_name":"flux_level08083.json","din_kind":"RELATIVE","din_start":600.0000219933551,"din_end":660.000022382361,"din_rules":["Interventions","r1","r1_rev","r2","r3","r4","r5","r6"],"din_hits":[0,56304,56289,7740,2368083,2360348,1407207,1407210],"din_fluxs":[[0.0,0.0,0.0,0.0,0.0,0.0,0.0,0.0],[0.0,-0.001092679876586771,0.08244242766064146,0.09716890925157678,0.0,-0.002018145929316718,0.0,0.0],[0.0,0.0010938769028046521,-0.07451346008932336,-0.13938181554914392,0.0,0.003825473202500745,0.0,0.0],[0.0,0.0,0.0,-0.35682883120733366,0.00312790726725749,0.0,0.004471328279064533,0.0],[0.0,0.0,0.0,0.0038986709592346972,-0.0031193417788289894,0.011424656484366389,-0.003118075566599271,0.0],[0.0,0.0,0.0,0.0,0.0031291131556734,-0.011374089709633934,0.003783318515817732,0.0],[0.0,0.0,0.0,0.0,0.0,0.0,-0.0034536707776016916,0.0019489522466798928],[0.0,0.0,0.0,0.0,0.0,0.0,0.002370859137534981,-0.001945157703395027]]}