{"din_name":"flux_level13429.json","din_kind":"RELATIVE","din_start":600.0000008863375,"din_end":660.0000075796354,"din_rules":["Interventions","r1","r1_rev","r2","r3","r4","r5","r6"],"din_hits":[0,26898,26843,61589,1548852,1487261,1552835,1552843],"din_fluxs":[[0.0,0.0,0.0,0.0,0.0,0.0,0.0,0.0],[0.0,-0.0011337826698923623,0.020138817160126537,0.024584713783530915,0.0,-0.002089058812505896,0.0,0.0],[0.0,0.0011351242770281961,-0.019300949708484515,-0.03769631281767955,0.0,0.003561566203260111,0.0,0.0],[0.0,0.0,0.0,-0.17569130315722611,0.0026639935557110058,0.0,0.004033821657215964,0.0],[0.0,0.0,0.0,0.00877446523048772,-0.0026574101696655817,0.01708293489130504,-0.002657486737793551,0.0],[0.0,0.0,0.0,0.0,0.0026645141801373263,-0.01750437615414101,0.003362636184713419,0.0],[0.0,0.0,0.0,0.0,0.0,0.0,-0.0033736441358878156,0.0017310822919676969],[0.0,0.0,0.0,0.0,0.0,0.0,0.002668788138129959,-0.0017280887718848525]]}