{"din_name":"flux_level02926.json","din_kind":"RELATIVE","din_start":600.0000016274984,"din_end":660.0000210655518,"din_rules":["Interventions","r1","r1_rev","r2","r3","r4","r5","r6"],"din_hits":[0,12728,12720,852,272775,271923,1778618,1778632],"din_fluxs":[[0.0,0.0,0.0,0.0,0.0,0.0,0.0,0.0],[0.0,-0.001091247589761126,0.09284469626901853,0.11420151517893219,0.0,-0.001995611418481841,0.0,0.0],[0.0,0.001092445219034008,-0.08287919052839578,-0.1482609147903585,0.0,0.0042737359838125565,0.0,0.0],[0.0,0.0,0.0,-0.5122706763577682,0.002567341756217257,0.0,0.004002631120830368,0.0],[0.0,0.0,0.0,0.009629777221636007,-0.0025572054210367635,0.01884082267248655,-0.0025591284141919493,0.0],[0.0,0.0,0.0,0.0,0.0025637523071653802,-0.01865091957557941,0.003741411600733039,0.0],[0.0,0.0,0.0,0.0,0.0,0.0,-0.0021532405323879678,0.0028947950037687387],[0.0,0.0,0.0,0.0,0.0,0.0,0.001978088367000434,-0.0028864230079977326]]}