{"din_name":"flux_level12545.json","din_kind":"RELATIVE","din_start":600.0000061266194,"din_end":660.0000019778465,"din_rules":["Interventions","r1","r1_rev","r2","r3","r4","r5","r6"],"din_hits":[0,44286,44249,119095,4005220,3886143,668465,668480],"din_fluxs":[[0.0,0.0,0.0,0.0,0.0,0.0,0.0,0.0],[0.0,-0.0011219444020743546,0.025498810919471503,0.029477517982055786,0.0,-0.002102948753721385,0.0,0.0],[0.0,0.0011232250621413002,-0.02439506168893157,-0.047042547446872945,0.0,0.003837980622596779,0.0,0.0],[0.0,0.0,0.0,-0.20435229621207116,0.0026415419808069737,0.0,0.002815770911479337,0.0],[0.0,0.0,0.0,0.007933809386656923,-0.0026348906423793285,0.017517669656338993,-0.002634681338785024,0.0],[0.0,0.0,0.0,0.0,0.0026418635546279485,-0.017752500780861012,0.0026985092134863948,0.0],[0.0,0.0,0.0,0.0,0.0,0.0,-0.0016193378130529336,0.005540320532318455],[0.0,0.0,0.0,0.0,0.0,0.0,0.0012656193602753447,-0.005509648302968537]]}