{"din_name":"flux_level03524.json","din_kind":"RELATIVE","din_start":600.0000210684824,"din_end":660.0000034366431,"din_rules":["Interventions","r1","r1_rev","r2","r3","r4","r5","r6"],"din_hits":[0,94383,94353,12191,712253,700059,1873852,1873874],"din_fluxs":[[0.0,0.0,0.0,0.0,0.0,0.0,0.0,0.0],[0.0,-0.0011153895587526998,0.0300103003272053,0.03899681942388014,0.0,-0.002057304348471792,0.0,0.0],[0.0,0.0011166419378504109,-0.028629859658712824,-0.054950096707583565,0.0,0.003397736465086684,0.0,0.0],[0.0,0.0,0.0,-0.24491359565642734,0.0026968177814188214,0.0,0.0038975615397682777,0.0],[0.0,0.0,0.0,0.008736065484703938,-0.002689315301925353,0.016212473865600648,-0.002688435095350834,0.0],[0.0,0.0,0.0,0.0,0.0026965659029379386,-0.016401098379565337,0.0036222318444132425,0.0],[0.0,0.0,0.0,0.0,0.0,0.0,-0.0023184543501796866,0.0027227164144139324],[0.0,0.0,0.0,0.0,0.0,0.0,0.001971473491212766,-0.0027153094532327373]]}