{"din_name":"flux_level04213.json","din_kind":"RELATIVE","din_start":600.0000122487495,"din_end":660.0000168105655,"din_rules":["Interventions","r1","r1_rev","r2","r3","r4","r5","r6"],"din_hits":[0,106311,106294,5942,1225149,1219202,447609,447629],"din_fluxs":[[0.0,0.0,0.0,0.0,0.0,0.0,0.0,0.0],[0.0,-0.0010979818339740155,0.058123912057442655,0.07968429707069939,0.0,-0.002036417864805597,0.0,0.0],[0.0,0.0010991904821899927,-0.05391949518546194,-0.1011162524952342,0.0,0.003366635345615692,0.0,0.0],[0.0,0.0,0.0,-0.34711238581361953,0.0028955140633366975,0.0,0.003746472614783345,0.0],[0.0,0.0,0.0,0.007067240396960075,-0.0028854926327072854,0.013357925697640318,-0.002887411515775189,0.0],[0.0,0.0,0.0,0.0,0.002893839349797724,-0.013357394775736867,0.0034346370771771054,0.0],[0.0,0.0,0.0,0.0,0.0,0.0,-0.004954550530671225,0.0014467252039123896],[0.0,0.0,0.0,0.0,0.0,0.0,0.003530865869280973,-0.0014446340529779467]]}