{"din_name":"flux_level09316.json","din_kind":"RELATIVE","din_start":600.0000744996391,"din_end":660.0000245364632,"din_rules":["Interventions","r1","r1_rev","r2","r3","r4","r5","r6"],"din_hits":[0,109249,109222,2926,750704,747771,282844,282869],"din_fluxs":[[0.0,0.0,0.0,0.0,0.0,0.0,0.0,0.0],[0.0,-0.001098577531375975,0.05635046579203872,0.08832549544467,0.0,-0.0020224650779266194,0.0,0.0],[0.0,0.0010997873056453583,-0.05236845484248481,-0.09805374693162308,0.0,0.0029480487663277382,0.0,0.0],[0.0,0.0,0.0,-0.3465464585616653,0.0030330599068641283,0.0,0.0032205962277123495,0.0],[0.0,0.0,0.0,0.007813196600803738,-0.0030236230085554172,0.012047631668002134,-0.0030234868322685034,0.0],[0.0,0.0,0.0,0.0,0.0030327983103957635,-0.012081011941456422,0.0031980979145620012,0.0],[0.0,0.0,0.0,0.0,0.0,0.0,-0.0017469394410997616,0.008505798037380063],[0.0,0.0,0.0,0.0,0.0,0.0,0.0013132314259648545,-0.008433490058732831]]}