{"din_name":"flux_level00219.json","din_kind":"RELATIVE","din_start":600.0000415249237,"din_end":660.0000079516929,"din_rules":["Interventions","r1","r1_rev","r2","r3","r4","r5","r6"],"din_hits":[0,100489,100464,39950,2422398,2382437,275796,275780],"din_fluxs":[[0.0,0.0,0.0,0.0,0.0,0.0,0.0,0.0],[0.0,-0.0011096278646221833,0.03562120401733297,0.03975465205241965,0.0,-0.002057668002197456,0.0,0.0],[0.0,0.0011108651181010974,-0.033803185985230876,-0.06502219072920945,0.0,0.003963558030713912,0.0,0.0],[0.0,0.0,0.0,-0.2525905103145563,0.002676929020707209,0.0,0.002870085558344402,0.0],[0.0,0.0,0.0,0.007014311117035912,-0.0026698416696873685,0.016664880072648252,-0.0026704333937288046,0.0],[0.0,0.0,0.0,0.0,0.002676992909651522,-0.016739188177325535,0.0027491451110548174,0.0],[0.0,0.0,0.0,0.0,0.0,0.0,-0.0025181480971673566,0.0021505203469291403],[0.0,0.0,0.0,0.0,0.0,0.0,0.0019073766988838637,-0.0021458997946951046]]}