{"din_name":"flux_level06823.json","din_kind":"RELATIVE","din_start":600.0000154610449,"din_end":660.0000079985074,"din_rules":["Interventions","r1","r1_rev","r2","r3","r4","r5","r6"],"din_hits":[0,562301,562197,331778,3388199,3056415,788865,788854],"din_fluxs":[[0.0,0.0,0.0,0.0,0.0,0.0,0.0,0.0],[0.0,-0.0012010062614768585,0.009487833773859948,0.015917569565321556,0.0,-0.0022335052523400805,0.0,0.0],[0.0,0.0012024628671009902,-0.0092399196128905,-0.01825580514404031,0.0,0.0027588073946800407,0.0,0.0],[0.0,0.0,0.0,-0.12501832831123555,0.002617140831038971,0.0,0.0029971696950576686,0.0],[0.0,0.0,0.0,0.014416666760444482,-0.0026102785716254646,0.0178101778253687,-0.002610548502614251,0.0],[0.0,0.0,0.0,0.0,0.002617109309626726,-0.01945460260495033,0.002910936172880185,0.0],[0.0,0.0,0.0,0.0,0.0,0.0,-0.005452004791639031,0.0013275104342230608],[0.0,0.0,0.0,0.0,0.0,0.0,0.00423399623589578,-0.0013257500631557854]]}