{"din_name":"flux_level07629.json","din_kind":"RELATIVE","din_start":600.0001003759545,"din_end":660.0000249421802,"din_rules":["Interventions","r1","r1_rev","r2","r3","r4","r5","r6"],"din_hits":[0,40556,40544,272,225754,225477,388133,388123],"din_fluxs":[[0.0,0.0,0.0,0.0,0.0,0.0,0.0,0.0],[0.0,-0.0010911750817618872,0.09350191014682133,0.18896766095406012,0.0,-0.0020214526181476407,0.0,0.0],[0.0,0.0010923690179736232,-0.08349651557910394,-0.15188395355377704,0.0,0.002471139496700229,0.0,0.0],[0.0,0.0,0.0,-0.44734038263837683,0.0036876520628722513,0.0,0.009146526923087256,0.0],[0.0,0.0,0.0,0.008391178387763005,-0.0036768809699707357,0.008854997698261875,-0.003668065942094813,0.0],[0.0,0.0,0.0,0.0,0.0036904717403175914,-0.008865850257361517,0.009224341989651278,0.0],[0.0,0.0,0.0,0.0,0.0,0.0,-0.009166399552779158,0.0015070587930015298],[0.0,0.0,0.0,0.0,0.0,0.0,0.006054923417708431,-0.0015047888131133876]]}