{"din_name":"flux_level01792.json","din_kind":"RELATIVE","din_start":600.0000555615561,"din_end":660.0000068116846,"din_rules":["Interventions","r1","r1_rev","r2","r3","r4","r5","r6"],"din_hits":[0,40663,40652,2414,1406994,1404600,132339,132346],"din_fluxs":[[0.0,0.0,0.0,0.0,0.0,0.0,0.0,0.0],[0.0,-0.0010892142572015168,0.11743340499572275,0.15089700665587358,0.0,-0.0020046075164752257,0.0,0.0],[0.0,0.001090403347607554,-0.09954389784559672,-0.17842167333986259,0.0,0.003759028232141459,0.0,0.0],[0.0,0.0,0.0,-0.4623837282478077,0.0030053715327176835,0.0,0.006260086267381187,0.0],[0.0,0.0,0.0,0.005357790404456051,-0.002995271675013533,0.012276177676568828,-0.002989053770505394,0.0],[0.0,0.0,0.0,0.0,0.00300427304687873,-0.012197079417654601,0.004427522649746724,0.0],[0.0,0.0,0.0,0.0,0.0,0.0,-0.04036701721877281,0.0010452510433157792],[0.0,0.0,0.0,0.0,0.0,0.0,0.028302520419732115,-0.001044159282001964]]}