{"din_name":"flux_level06854.json","din_kind":"RELATIVE","din_start":600.0000000212822,"din_end":660.0000130936988,"din_rules":["Interventions","r1","r1_rev","r2","r3","r4","r5","r6"],"din_hits":[0,59330,59313,19179,2897924,2878728,1168277,1168291],"din_fluxs":[[0.0,0.0,0.0,0.0,0.0,0.0,0.0,0.0],[0.0,-0.0010954757583963605,0.06744203799184879,0.06797257347061927,0.0,-0.002047183908141671,0.0,0.0],[0.0,0.0010966795560490318,-0.06194784865493089,-0.11663794000826647,0.0,0.004622079435982228,0.0,0.0],[0.0,0.0,0.0,-0.3620909386813857,0.0026680525581668085,0.0,0.0032709955172659662,0.0],[0.0,0.0,0.0,0.005580429721617889,-0.0026612705603695722,0.01667663565762277,-0.0026604059500158167,0.0],[0.0,0.0,0.0,0.0,0.0026683769861625167,-0.016561182306456597,0.0028763750558268206,0.0],[0.0,0.0,0.0,0.0,0.0,0.0,-0.002280283690098699,0.0024780334493541907],[0.0,0.0,0.0,0.0,0.0,0.0,0.001767950172645957,-0.00247189876020637]]}