{"din_name":"flux_level10289.json","din_kind":"RELATIVE","din_start":600.0000114586886,"din_end":660.000001643356,"din_rules":["Interventions","r1","r1_rev","r2","r3","r4","r5","r6"],"din_hits":[0,21127,21121,10823,3794762,3783947,795605,795607],"din_fluxs":[[0.0,0.0,0.0,0.0,0.0,0.0,0.0,0.0],[0.0,-0.001089419433381495,0.11043216403084424,0.10729371125780045,0.0,-0.0020202596115400035,0.0,0.0],[0.0,0.0010906098227026304,-0.09679718035991144,-0.17883564976971483,0.0,0.00470473252633506,0.0,0.0],[0.0,0.0,0.0,-0.4068076266665047,0.0029584244201976057,0.0,0.00352077096747142,0.0],[0.0,0.0,0.0,0.0029026951149305736,-0.002950168242968743,0.012756295294404536,-0.0029504887083472977,0.0],[0.0,0.0,0.0,0.0,0.0029589038520984336,-0.012645437601676876,0.0030895942052822814,0.0],[0.0,0.0,0.0,0.0,0.0,0.0,-0.0020898149899488405,0.0035398712044073495],[0.0,0.0,0.0,0.0,0.0,0.0,0.0014761729492392133,-0.0035273528956807614]]}