{"din_name":"flux_level05251.json","din_kind":"RELATIVE","din_start":600.0000014466318,"din_end":660.0000256738206,"din_rules":["Interventions","r1","r1_rev","r2","r3","r4","r5","r6"],"din_hits":[0,779422,779281,56705,454330,397602,359441,359423],"din_fluxs":[[0.0,0.0,0.0,0.0,0.0,0.0,0.0,0.0],[0.0,-0.0012392078286487848,0.007454860746543468,0.014425351711686723,0.0,-0.002321999511892308,0.0,0.0],[0.0,0.0012407605389492314,-0.007274205925963797,-0.01432671989659303,0.0,0.0024726652633469937,0.0,0.0],[0.0,0.0,0.0,-0.11504178416704637,0.002595176651284945,0.0,0.002772731120065094,0.0],[0.0,0.0,0.0,0.017353366634391545,-0.0025884729155977427,0.017964473878232128,-0.002587074950952208,0.0],[0.0,0.0,0.0,0.0,0.0025951979589561355,-0.02036379400603162,0.0027696823937465604,0.0],[0.0,0.0,0.0,0.0,0.0,0.0,-0.0015038284357464988,0.007982515693916744],[0.0,0.0,0.0,0.0,0.0,0.0,0.0012842967717451768,-0.007918884864752595]]}