{"din_name":"flux_level07524.json","din_kind":"RELATIVE","din_start":600.0000366066216,"din_end":660.0000108411181,"din_rules":["Interventions","r1","r1_rev","r2","r3","r4","r5","r6"],"din_hits":[0,72994,72977,18,8756,8737,589551,589551],"din_fluxs":[[0.0,0.0,0.0,0.0,0.0,0.0,0.0,0.0],[0.0,-0.0010989023488301203,0.055522592774378786,0.11547108720085203,0.0,-0.002037298834766456,0.0,0.0],[0.0,0.0011001140338558189,-0.051631020219473786,-0.09884723562403921,0.0,0.0020541383301433676,0.0,0.0],[0.0,0.0,0.0,-0.2385450887464933,0.00731473541891305,0.0,0.013306908507209402,0.0],[0.0,0.0,0.0,0.0058262022556041905,-0.007319142872408254,0.00552757504812582,-0.007405233254709493,0.0],[0.0,0.0,0.0,0.0,0.007373428657303862,-0.005601555872362676,0.013455540128073665,0.0],[0.0,0.0,0.0,0.0,0.0,0.0,-0.006671950725185269,0.008060067020815475],[0.0,0.0,0.0,0.0,0.0,0.0,0.00662882209483057,-0.007995095839968686]]}