{"din_name":"flux_level10809.json","din_kind":"RELATIVE","din_start":600.0000036231399,"din_end":660.000000551424,"din_rules":["Interventions","r1","r1_rev","r2","r3","r4","r5","r6"],"din_hits":[0,67563,67533,38502,2263955,2225422,244355,244351],"din_fluxs":[[0.0,0.0,0.0,0.0,0.0,0.0,0.0,0.0],[0.0,-0.0011077021208780644,0.03808123353122892,0.04002918930257426,0.0,-0.002062949418573147,0.0,0.0],[0.0,0.0011089366733686358,-0.036038992836331406,-0.06841328047300752,0.0,0.00429560043208323,0.0,0.0],[0.0,0.0,0.0,-0.28926136862977425,0.0025391400013822295,0.0,0.003318294369876091,0.0],[0.0,0.0,0.0,0.008165688840402677,-0.002533121683433235,0.019932934334910658,-0.0025351074735167245,0.0],[0.0,0.0,0.0,0.0,0.0025395643241276316,-0.019938860567954176,0.002798064242289028,0.0],[0.0,0.0,0.0,0.0,0.0,0.0,-0.010594938455164963,0.0011402750626453755],[0.0,0.0,0.0,0.0,0.0,0.0,0.00847898027229548,-0.001138976312012351]]}