{"din_name":"flux_level05252.json","din_kind":"RELATIVE","din_start":600.0000094670783,"din_end":660.0000832151439,"din_rules":["Interventions","r1","r1_rev","r2","r3","r4","r5","r6"],"din_hits":[0,97205,97180,1569,462599,461026,365334,365333],"din_fluxs":[[0.0,0.0,0.0,0.0,0.0,0.0,0.0,0.0],[0.0,-0.0010965113905619466,0.06313997747524601,0.11198339999724774,0.0,-0.0020263878292682263,0.0,0.0],[0.0,0.001097716417631354,-0.05827366362497431,-0.10290248907411345,0.0,0.0030896945353185634,0.0,0.0],[0.0,0.0,0.0,-0.49259504922315944,0.0025536888954322007,0.0,0.00272689392112869,0.0],[0.0,0.0,0.0,0.016017440188884995,-0.0025475753859301726,0.019010223085711063,-0.002547945748867501,0.0],[0.0,0.0,0.0,0.0,0.0025540859262835106,-0.018930522105661943,0.0027207530176670716,0.0],[0.0,0.0,0.0,0.0,0.0,0.0,-0.0014809090813132188,0.007885072272071924],[0.0,0.0,0.0,0.0,0.0,0.0,0.0012734359291865724,-0.00782296428794641]]}