{"din_name":"flux_level09856.json","din_kind":"RELATIVE","din_start":600.0000002541665,"din_end":660.000056577335,"din_rules":["Interventions","r1","r1_rev","r2","r3","r4","r5","r6"],"din_hits":[0,229014,228898,250454,2126023,1875548,840191,840232],"din_fluxs":[[0.0,0.0,0.0,0.0,0.0,0.0,0.0,0.0],[0.0,-0.0012232992584994915,0.008183504943502394,0.014495799482493028,0.0,-0.0022752450290848274,0.0,0.0],[0.0,0.0012248391995712013,-0.007967402019319643,-0.015692864590210246,0.0,0.002621944673391835,0.0,0.0],[0.0,0.0,0.0,-0.09908155281542343,0.0027589037289942426,0.0,0.0030273940023432546,0.0],[0.0,0.0,0.0,0.013089860343222192,-0.0027512669787900373,0.015139699365573266,-0.0027514462890863302,0.0],[0.0,0.0,0.0,0.0,0.0027588556597001788,-0.01691316918582382,0.002976794330032717,0.0],[0.0,0.0,0.0,0.0,0.0,0.0,-0.0022581101967122466,0.0026568665325807407],[0.0,0.0,0.0,0.0,0.0,0.0,0.0017041867017667449,-0.002649815920149641]]}