{"din_name":"flux_level02941.json","din_kind":"RELATIVE","din_start":600.0000142681116,"din_end":660.0000024180003,"din_rules":["Interventions","r1","r1_rev","r2","r3","r4","r5","r6"],"din_hits":[0,6500,6493,4000,1358207,1354223,1021833,1021821],"din_fluxs":[[0.0,0.0,0.0,0.0,0.0,0.0,0.0,0.0],[0.0,-0.0010900849788607345,0.10432221728204405,0.10498109734862443,0.0,-0.0020896098050701,0.0,0.0],[0.0,0.0010912832832535042,-0.09169550679664931,-0.16925882598824968,0.0,0.0044541681853619616,0.0,0.0],[0.0,0.0,0.0,-0.37290411035036564,0.0030982145947114677,0.0,0.0037852829804472304,0.0],[0.0,0.0,0.0,0.002434354544812437,-0.0030887878942159356,0.011653028280417145,-0.0030891822874281323,0.0],[0.0,0.0,0.0,0.0,0.0030983650344088448,-0.011563226601881329,0.0034511009122395755,0.0],[0.0,0.0,0.0,0.0,0.0,0.0,-0.0019621830991161083,0.005564872325639135],[0.0,0.0,0.0,0.0,0.0,0.0,0.0014989153747514685,-0.0055339312086807825]]}