{"din_name":"flux_level05445.json","din_kind":"RELATIVE","din_start":600.0000414920995,"din_end":660.0000008102583,"din_rules":["Interventions","r1","r1_rev","r2","r3","r4","r5","r6"],"din_hits":[0,171276,171182,50512,581513,531004,633584,633579],"din_fluxs":[[0.0,0.0,0.0,0.0,0.0,0.0,0.0,0.0],[0.0,-0.001192788829458894,0.010123810890120972,0.016989082329847006,0.0,-0.00223126881922168,0.0,0.0],[0.0,0.0011942485882293834,-0.009836800277774473,-0.01924970575538249,0.0,0.002721356250915644,0.0,0.0],[0.0,0.0,0.0,-0.12062436265598568,0.0027002176337866442,0.0,0.003691584874075674,0.0],[0.0,0.0,0.0,0.012782363657705333,-0.0026933275450447118,0.016158609166259087,-0.0026855130609159932,0.0],[0.0,0.0,0.0,0.0,0.002700640311122169,-0.017539136645238613,0.0035442258303763578,0.0],[0.0,0.0,0.0,0.0,0.0,0.0,-0.003579359455458756,0.00168899918464033],[0.0,0.0,0.0,0.0,0.0,0.0,0.002805736424668141,-0.0016861495554341337]]}