{"din_name":"flux_level05348.json","din_kind":"RELATIVE","din_start":600.0000011273592,"din_end":660.000003705176,"din_rules":["Interventions","r1","r1_rev","r2","r3","r4","r5","r6"],"din_hits":[0,14539,14530,21752,4415391,4393645,705746,705772],"din_fluxs":[[0.0,0.0,0.0,0.0,0.0,0.0,0.0,0.0],[0.0,-0.0010903122578987958,0.10258816863962358,0.08734860508713764,0.0,-0.0020084269053527483,0.0,0.0],[0.0,0.0010915068635450153,-0.09037931982469087,-0.16451630016575483,0.0,0.00574939154937947,0.0,0.0],[0.0,0.0,0.0,-0.4379422770193306,0.0025718216275081784,0.0,0.0033111227476745582,0.0],[0.0,0.0,0.0,0.004939906711409035,-0.0025655419656648816,0.018804310415736068,-0.002565955913444224,0.0],[0.0,0.0,0.0,0.0,0.0025721445871375835,-0.018557507332974853,0.002664676851934721,0.0],[0.0,0.0,0.0,0.0,0.0,0.0,-0.0026748673137104253,0.0019416010870833699],[0.0,0.0,0.0,0.0,0.0,0.0,0.0021090967210331377,-0.0019378367422970338]]}