{"din_name":"flux_level10498.json","din_kind":"RELATIVE","din_start":600.0000194477698,"din_end":660.0000102214651,"din_rules":["Interventions","r1","r1_rev","r2","r3","r4","r5","r6"],"din_hits":[0,64140,64131,7933,2235981,2228023,251691,251715],"din_fluxs":[[0.0,0.0,0.0,0.0,0.0,0.0,0.0,0.0],[0.0,-0.0010923353304333927,0.08473154885112508,0.0980325006031625,0.0,-0.002012969899256072,0.0,0.0],[0.0,0.0010935311533518768,-0.07642372002660448,-0.1405733974052879,0.0,0.0040834204732163775,0.0,0.0],[0.0,0.0,0.0,-0.40433529609545793,0.0028348161465934236,0.0,0.002955136610241854,0.0],[0.0,0.0,0.0,0.00536227885101464,-0.0028259426959634576,0.014049849723355856,-0.0028256243090234007,0.0],[0.0,0.0,0.0,0.0,0.002833952555424827,-0.013961313309405388,0.0028887686510858436,0.0],[0.0,0.0,0.0,0.0,0.0,0.0,-0.001750791575858416,0.005338508214664707],[0.0,0.0,0.0,0.0,0.0,0.0,0.0012711727708454887,-0.0053100248817731345]]}