{"din_name":"flux_level07508.json","din_kind":"RELATIVE","din_start":600.0000045475426,"din_end":660.0000102553373,"din_rules":["Interventions","r1","r1_rev","r2","r3","r4","r5","r6"],"din_hits":[0,597340,596569,2198186,2508538,310373,1249908,1249881],"din_fluxs":[[0.0,0.0,0.0,0.0,0.0,0.0,0.0,0.0],[0.0,-0.004912660707546987,0.0012942476054808706,0.008266301310787556,0.0,-0.009608645551691861,0.0,0.0],[0.0,0.0049408202490864445,-0.0012611805536531142,-0.002510958290043535,0.0,0.003061016815695054,0.0,0.0],[0.0,0.0,0.0,-0.041676684672563066,0.002424133684993562,0.0,0.00269885068666044,0.0],[0.0,0.0,0.0,0.03672069895568939,-0.0024182344667388793,0.008031979221114476,-0.0024152851569287,0.0],[0.0,0.0,0.0,0.0,0.002423849516490369,-0.04949355135580092,0.0035756922749781445,0.0],[0.0,0.0,0.0,0.0,0.0,0.0,-0.004732520290154091,0.0013673045131835854],[0.0,0.0,0.0,0.0,0.0,0.0,0.003998374123127375,-0.001365436896801109]]}