{"din_name":"flux_level10729.json","din_kind":"RELATIVE","din_start":600.0000165235894,"din_end":660.0000191240676,"din_rules":["Interventions","r1","r1_rev","r2","r3","r4","r5","r6"],"din_hits":[0,42106,42097,17154,3491438,3474268,754383,754367],"din_fluxs":[[0.0,0.0,0.0,0.0,0.0,0.0,0.0,0.0],[0.0,-0.0010944508327942442,0.07244516496791233,0.07465633734285169,0.0,-0.002015479070605214,0.0,0.0],[0.0,0.001095652429628493,-0.06617030655315621,-0.12554012469462744,0.0,0.004188139478858963,0.0,0.0],[0.0,0.0,0.0,-0.3155097230924808,0.003054075497540322,0.0,0.0034414894073105866,0.0],[0.0,0.0,0.0,0.0032990201972269498,-0.003043605722607103,0.012027831554200003,-0.003043089526925369,0.0],[0.0,0.0,0.0,0.0,0.003052897565465589,-0.011968280108553307,0.003181063736295752,0.0],[0.0,0.0,0.0,0.0,0.0,0.0,-0.0019484598992308025,0.004852339673826342],[0.0,0.0,0.0,0.0,0.0,0.0,0.0013577831524528156,-0.004828816748442089]]}