{"din_name":"flux_level02672.json","din_kind":"RELATIVE","din_start":600.0000948775302,"din_end":660.0000365394342,"din_rules":["Interventions","r1","r1_rev","r2","r3","r4","r5","r6"],"din_hits":[0,143861,143708,61010,374330,313325,65075,65077],"din_fluxs":[[0.0,0.0,0.0,0.0,0.0,0.0,0.0,0.0],[0.0,-0.0012755652493314099,0.006283739913496464,0.012535779085403667,0.0,-0.002390116284011482,0.0,0.0],[0.0,0.0012773135514346948,-0.006112025840689711,-0.012123489165132909,0.0,0.002424775442591846,0.0,0.0],[0.0,0.0,0.0,-0.07741931166130281,0.00287637849655589,0.0,0.008175390118874941,0.0],[0.0,0.0,0.0,0.01360295877716091,-0.0028682412765763687,0.01334040366293403,-0.0028874316484029847,0.0],[0.0,0.0,0.0,0.0,0.0028765169355629725,-0.015700751985640637,0.008304067970305305,0.0],[0.0,0.0,0.0,0.0,0.0,0.0,-0.08514583923066858,0.001026315395839119],[0.0,0.0,0.0,0.0,0.0,0.0,0.06780063619063596,-0.001025262864632897]]}