{"din_name":"flux_level01705.json","din_kind":"RELATIVE","din_start":600.0000030571721,"din_end":660.0000014816613,"din_rules":["Interventions","r1","r1_rev","r2","r3","r4","r5","r6"],"din_hits":[0,37942,37931,9384,2767376,2757968,1730348,1730388],"din_fluxs":[[0.0,0.0,0.0,0.0,0.0,0.0,0.0,0.0],[0.0,-0.0010907886632171653,0.09712037942955891,0.09949057163398946,0.0,-0.0020322399282694304,0.0,0.0],[0.0,0.001091981751180701,-0.08634273562357306,-0.15903524963621746,0.0,0.004551530411018164,0.0,0.0],[0.0,0.0,0.0,-0.4090466735663281,0.002829570223017664,0.0,0.003930206096783618,0.0],[0.0,0.0,0.0,0.004237982093610312,-0.0028218834567941557,0.014119369444379007,-0.00282136415942175,0.0],[0.0,0.0,0.0,0.0,0.002829874166787526,-0.014002725294654888,0.0032537573098628827,0.0],[0.0,0.0,0.0,0.0,0.0,0.0,-0.002657985521473154,0.002250898030706389],[0.0,0.0,0.0,0.0,0.0,0.0,0.00198939921085902,-0.00224583616620245]]}