{"din_name":"flux_level01308.json","din_kind":"RELATIVE","din_start":600.0000035587523,"din_end":660.0000011914545,"din_rules":["Interventions","r1","r1_rev","r2","r3","r4","r5","r6"],"din_hits":[0,59419,59403,10693,3444941,3434243,193988,193989],"din_fluxs":[[0.0,0.0,0.0,0.0,0.0,0.0,0.0,0.0],[0.0,-0.0010901967030206854,0.10254840418604566,0.10961649119316455,0.0,-0.0020205390549052943,0.0,0.0],[0.0,0.0010913875070511492,-0.09065127616107067,-0.1649805537497695,0.0,0.004538656014893441,0.0,0.0],[0.0,0.0,0.0,-0.4420167852697768,0.0027664538698814575,0.0,0.003180463217080456,0.0],[0.0,0.0,0.0,0.005001539872922455,-0.00275874370237972,0.014936698280956685,-0.0027596764324994967,0.0],[0.0,0.0,0.0,0.0,0.002766378530114852,-0.014803735134534063,0.002903940659789865,0.0],[0.0,0.0,0.0,0.0,0.0,0.0,-0.0077256422466559695,0.0012221476834410954],[0.0,0.0,0.0,0.0,0.0,0.0,0.0056647926784044195,-0.0012206554482507882]]}