{"din_name":"flux_level11420.json","din_kind":"RELATIVE","din_start":600.0000011752962,"din_end":660.000003119455,"din_rules":["Interventions","r1","r1_rev","r2","r3","r4","r5","r6"],"din_hits":[0,25858,25842,8975,3184256,3175257,1510560,1510593],"din_fluxs":[[0.0,0.0,0.0,0.0,0.0,0.0,0.0,0.0],[0.0,-0.0010910574415634942,0.0965203243446672,0.10448597557920684,0.0,-0.0020267351144119938,0.0,0.0],[0.0,0.0010922519173204813,-0.0846986941572456,-0.15873399793151652,0.0,0.004025232971839945,0.0,0.0],[0.0,0.0,0.0,-0.3492631661492575,0.003326241768132128,0.0,0.00514248841835463,0.0],[0.0,0.0,0.0,0.00241915298604105,-0.0033149115629780295,0.010338504188797606,-0.0033145231066878758,0.0],[0.0,0.0,0.0,0.0,0.003325944613863556,-0.010277091589102708,0.00392668066447993,0.0],[0.0,0.0,0.0,0.0,0.0,0.0,-0.003540056027672592,0.0020153322776789986],[0.0,0.0,0.0,0.0,0.0,0.0,0.0022940064729734737,-0.002011273757724315]]}