{"din_name":"flux_level06064.json","din_kind":"RELATIVE","din_start":600.0000121396197,"din_end":660.0000021467337,"din_rules":["Interventions","r1","r1_rev","r2","r3","r4","r5","r6"],"din_hits":[0,68398,68386,5581,1647536,1641953,1170406,1170388],"din_fluxs":[[0.0,0.0,0.0,0.0,0.0,0.0,0.0,0.0],[0.0,-0.0010920860068978331,0.08781642312584895,0.10686689126180286,0.0,-0.002027446975589472,0.0,0.0],[0.0,0.0010932812984576735,-0.07786060681996332,-0.14115905355613564,0.0,0.004088474732984609,0.0,0.0],[0.0,0.0,0.0,-0.45214795184634804,0.0026862135262953443,0.0,0.004270444142426618,0.0],[0.0,0.0,0.0,0.007482127594421773,-0.002679525442292122,0.016185943080030133,-0.002678847646267636,0.0],[0.0,0.0,0.0,0.0,0.00268672931688764,-0.016063749464570766,0.00350918247281913,0.0],[0.0,0.0,0.0,0.0,0.0,0.0,-0.00492689543019584,0.0014166719456169645],[0.0,0.0,0.0,0.0,0.0,0.0,0.003804635618371004,-0.0014146672064351907]]}