{"din_name":"flux_level07833.json","din_kind":"RELATIVE","din_start":600.0000258528139,"din_end":660.0000095591015,"din_rules":["Interventions","r1","r1_rev","r2","r3","r4","r5","r6"],"din_hits":[0,250559,250506,2150,163858,161719,1250259,1250229],"din_fluxs":[[0.0,0.0,0.0,0.0,0.0,0.0,0.0,0.0],[0.0,-0.001124252502538392,0.024169093949173277,0.04644745943100432,0.0,-0.002082649873313758,0.0,0.0],[0.0,0.0011255217661799571,-0.023204117374804503,-0.04424943776410669,0.0,0.002400330509994072,0.0,0.0],[0.0,0.0,0.0,-0.270355497049682,0.002698762347310337,0.0,0.004777130567178552,0.0],[0.0,0.0,0.0,0.015059335679848974,-0.0026892656585937027,0.01587968752173662,-0.0026889535588287645,0.0],[0.0,0.0,0.0,0.0,0.0026964919371724435,-0.01629027123352842,0.004693231699149945,0.0],[0.0,0.0,0.0,0.0,0.0,0.0,-0.0027683189815068143,0.0023743955054804865],[0.0,0.0,0.0,0.0,0.0,0.0,0.002515127378498806,-0.0023687615782782205]]}