{"din_name":"flux_level13685.json","din_kind":"RELATIVE","din_start":600.0000101256734,"din_end":660.0000009440197,"din_rules":["Interventions","r1","r1_rev","r2","r3","r4","r5","r6"],"din_hits":[0,81910,81897,3282,877131,873841,1426084,1426091],"din_fluxs":[[0.0,0.0,0.0,0.0,0.0,0.0,0.0,0.0],[0.0,-0.0010944351621412856,0.07229613702434194,0.10391280156532379,0.0,-0.0020147788968443345,0.0,0.0],[0.0,0.0010956357673790097,-0.0660834935551103,-0.11830291503414173,0.0,0.0036788841066659273,0.0,0.0],[0.0,0.0,0.0,-0.47745019305607767,0.002565881510420712,0.0,0.003660523567930532,0.0],[0.0,0.0,0.0,0.011633599706500923,-0.0025597461864341822,0.018761815384513013,-0.0025598635758259116,0.0],[0.0,0.0,0.0,0.0,0.0025663185470454824,-0.018632883673017853,0.0033364353956488856,0.0],[0.0,0.0,0.0,0.0,0.0,0.0,-0.0027542948928758223,0.0019853649246011386],[0.0,0.0,0.0,0.0,0.0,0.0,0.0022906333063248034,-0.0019814272159480594]]}