{"din_name":"flux_level09125.json","din_kind":"RELATIVE","din_start":600.000000456331,"din_end":660.0000054636096,"din_rules":["Interventions","r1","r1_rev","r2","r3","r4","r5","r6"],"din_hits":[0,51595,51583,25181,3160824,3135663,2171611,2171616],"din_fluxs":[[0.0,0.0,0.0,0.0,0.0,0.0,0.0,0.0],[0.0,-0.0010969637688187748,0.06167746375224938,0.06014026764298267,0.0,-0.0020309547834507654,0.0,0.0],[0.0,0.0010981713287490764,-0.056990114458920896,-0.10808848159405109,0.0,0.0046567757524881605,0.0,0.0],[0.0,0.0,0.0,-0.3374444061630464,0.002664909399367391,0.0,0.003637670687363979,0.0],[0.0,0.0,0.0,0.0053898778460136345,-0.002658903119675963,0.016767830982758733,-0.002656730709791789,0.0],[0.0,0.0,0.0,0.0,0.0026660028788634397,-0.01666259621005933,0.0030308948222459815,0.0],[0.0,0.0,0.0,0.0,0.0,0.0,-0.002482007672388674,0.0022511257650180117],[0.0,0.0,0.0,0.0,0.0,0.0,0.0019521446318191218,-0.002246063222662592]]}