{"din_name":"flux_level10021.json","din_kind":"RELATIVE","din_start":600.0000019478599,"din_end":660.0000073008197,"din_rules":["Interventions","r1","r1_rev","r2","r3","r4","r5","r6"],"din_hits":[0,27770,27758,702,767244,766545,753001,753008],"din_fluxs":[[0.0,0.0,0.0,0.0,0.0,0.0,0.0,0.0],[0.0,-0.0010892065400311076,0.11644376076148714,0.1882601974125208,0.0,-0.0020164740978343603,0.0,0.0],[0.0,0.001090396225309113,-0.09992713301162556,-0.18465555201235584,0.0,0.00271151326395018,0.0,0.0],[0.0,0.0,0.0,-0.37205189867188665,0.0051925549999901595,0.0,0.00815567518891494,0.0],[0.0,0.0,0.0,0.002910137271990139,-0.005160415753357512,0.0066156911472226,-0.005160079904122022,0.0],[0.0,0.0,0.0,0.0,0.005187240263778546,-0.006602846739300105,0.007618738365982379,0.0],[0.0,0.0,0.0,0.0,0.0,0.0,-0.005255755256255803,0.0027186002609988604],[0.0,0.0,0.0,0.0,0.0,0.0,0.0028278968036299147,-0.002711215848648357]]}