{"din_name":"flux_level08994.json","din_kind":"RELATIVE","din_start":600.0000037147676,"din_end":660.0000045730992,"din_rules":["Interventions","r1","r1_rev","r2","r3","r4","r5","r6"],"din_hits":[0,4178,4170,10413,3684257,3673853,1074654,1074671],"din_fluxs":[[0.0,0.0,0.0,0.0,0.0,0.0,0.0,0.0],[0.0,-0.0010890392295389106,0.11782365317651135,0.11179761066128417,0.0,-0.002045265131903126,0.0,0.0],[0.0,0.001090239054167114,-0.10179826820287072,-0.19103279014488808,0.0,0.004956962233485907,0.0,0.0],[0.0,0.0,0.0,-0.39490995035383386,0.003005613234220805,0.0,0.0059613081958426635,0.0],[0.0,0.0,0.0,0.002233197151799064,-0.0029976876310047053,0.01235168218129595,-0.0029960927074910923,0.0],[0.0,0.0,0.0,0.0,0.003006709025288105,-0.01223800082879988,0.0034209853811138276,0.0],[0.0,0.0,0.0,0.0,0.0,0.0,-0.004479580821259416,0.0015450702081578702],[0.0,0.0,0.0,0.0,0.0,0.0,0.0030828504526075806,-0.001542685145019644]]}