{"din_name":"flux_level07993.json","din_kind":"RELATIVE","din_start":600.0000065284477,"din_end":660.000007816845,"din_rules":["Interventions","r1","r1_rev","r2","r3","r4","r5","r6"],"din_hits":[0,23693,23651,114207,2591988,2477792,1215873,1215893],"din_fluxs":[[0.0,0.0,0.0,0.0,0.0,0.0,0.0,0.0],[0.0,-0.0011365902313178445,0.019250619009347297,0.023178354535303588,0.0,-0.0020431143757679965,0.0,0.0],[0.0,0.0011379483649479355,-0.01844142075741181,-0.03660212803461293,0.0,0.003636380136724169,0.0,0.0],[0.0,0.0,0.0,-0.1877412246284474,0.0025683438293735866,0.0,0.0031753966370236548,0.0],[0.0,0.0,0.0,0.010407686095303749,-0.0025622387476220373,0.019290283119284136,-0.0025619336707957065,0.0],[0.0,0.0,0.0,0.0,0.0025688444680836953,-0.019793580159732947,0.0028135366070800834,0.0],[0.0,0.0,0.0,0.0,0.0,0.0,-0.0026994529375407423,0.0019483224478604563],[0.0,0.0,0.0,0.0,0.0,0.0,0.0021590458523733868,-0.0019445296807411867]]}