{"din_name":"flux_level13034.json","din_kind":"RELATIVE","din_start":600.0000180977555,"din_end":660.0000250665985,"din_rules":["Interventions","r1","r1_rev","r2","r3","r4","r5","r6"],"din_hits":[0,134038,133923,237835,1819517,1581693,1498821,1498806],"din_fluxs":[[0.0,0.0,0.0,0.0,0.0,0.0,0.0,0.0],[0.0,-0.0012367896180555805,0.00757832871318107,0.013969172065136365,0.0,-0.002327055987687734,0.0,0.0],[0.0,0.0012384037310023673,-0.007367171812366608,-0.01449976565212766,0.0,0.0025733442319643336,0.0,0.0],[0.0,0.0,0.0,-0.1007226620113597,0.0026908138587374447,0.0,0.003148286243712663,0.0],[0.0,0.0,0.0,0.014673572888979046,-0.002683683997780716,0.016162863527097025,-0.0026860883614207086,0.0],[0.0,0.0,0.0,0.0,0.002690922550453259,-0.01827439998541796,0.0030875990455898187,0.0],[0.0,0.0,0.0,0.0,0.0,0.0,-0.0022779753042245655,0.0025803006661733897],[0.0,0.0,0.0,0.0,0.0,0.0,0.001798708527817324,-0.0025736495291522722]]}