{"din_name":"flux_level10245.json","din_kind":"RELATIVE","din_start":600.0000350254842,"din_end":660.0000210722577,"din_rules":["Interventions","r1","r1_rev","r2","r3","r4","r5","r6"],"din_hits":[0,126298,126201,188225,2332368,2144118,491056,491069],"din_fluxs":[[0.0,0.0,0.0,0.0,0.0,0.0,0.0,0.0],[0.0,-0.00118707420056478,0.010622369991834585,0.017200163630214167,0.0,-0.0022016619878346974,0.0,0.0],[0.0,0.0011885286544543242,-0.010308775472802987,-0.020351790262558078,0.0,0.002737459494609675,0.0,0.0],[0.0,0.0,0.0,-0.08144774438871977,0.0033622218651562243,0.0,0.003520355771852512,0.0],[0.0,0.0,0.0,0.00735389015413738,-0.003351221035352218,0.010364828496057438,-0.003350579536993997,0.0],[0.0,0.0,0.0,0.0,0.0033625241267723886,-0.01117969032271619,0.0034822426722908133,0.0],[0.0,0.0,0.0,0.0,0.0,0.0,-0.0018626798375982493,0.011627825481687021],[0.0,0.0,0.0,0.0,0.0,0.0,0.0012837238214963465,-0.011492733032769292]]}