{"din_name":"flux_level04167.json","din_kind":"RELATIVE","din_start":600.0000099975192,"din_end":660.0000284552983,"din_rules":["Interventions","r1","r1_rev","r2","r3","r4","r5","r6"],"din_hits":[0,129931,129899,1668,475045,473386,242673,242687],"din_fluxs":[[0.0,0.0,0.0,0.0,0.0,0.0,0.0,0.0],[0.0,-0.0011035977849470028,0.04452172066150394,0.08242589051479639,0.0,-0.0020454462518976137,0.0,0.0],[0.0,0.0011048192271002478,-0.0418821359562621,-0.08160831244860192,0.0,0.0022491706917975056,0.0,0.0],[0.0,0.0,0.0,-0.1719955003855517,0.010705657162790976,0.0,0.012062186620676282,0.0],[0.0,0.0,0.0,0.002903742622696847,-0.010587621139461606,0.005008631924929267,-0.010588481801133962,0.0],[0.0,0.0,0.0,0.0,0.010701759561816598,-0.005055228246657472,0.012015187684822346,0.0],[0.0,0.0,0.0,0.0,0.0,0.0,-0.006068886720612702,0.024917081817077972],[0.0,0.0,0.0,0.0,0.0,0.0,0.0035679972532840156,-0.024295911980138005]]}