{"din_name":"flux_level00214.json","din_kind":"RELATIVE","din_start":600.0000308950724,"din_end":660.0000056373686,"din_rules":["Interventions","r1","r1_rev","r2","r3","r4","r5","r6"],"din_hits":[0,171187,171143,49979,1490575,1440596,608532,608528],"din_fluxs":[[0.0,0.0,0.0,0.0,0.0,0.0,0.0,0.0],[0.0,-0.001132513893626014,0.02052691935631077,0.027180399396905308,0.0,-0.0021013332038817495,0.0,0.0],[0.0,0.0011338060434383298,-0.019769938607269867,-0.03840027273907448,0.0,0.0033141608312111286,0.0,0.0],[0.0,0.0,0.0,-0.18565840657081034,0.0026877850800123225,0.0,0.003932931162453354,0.0],[0.0,0.0,0.0,0.009285359109349332,-0.0026806068164237904,0.016508256849282317,-0.0026862740766156455,0.0],[0.0,0.0,0.0,0.0,0.00268781562115181,-0.016932923954288834,0.003428726300060029,0.0],[0.0,0.0,0.0,0.0,0.0,0.0,-0.007374110591785252,0.001243493827925822],[0.0,0.0,0.0,0.0,0.0,0.0,0.00563007546330157,-0.0012419492770957819]]}