{"din_name":"flux_level04339.json","din_kind":"RELATIVE","din_start":600.0000306335901,"din_end":660.0000082344374,"din_rules":["Interventions","r1","r1_rev","r2","r3","r4","r5","r6"],"din_hits":[0,65351,65333,7761,1631038,1623298,877647,877659],"din_fluxs":[[0.0,0.0,0.0,0.0,0.0,0.0,0.0,0.0],[0.0,-0.0011003457159638123,0.051613856937024506,0.07382313780759152,0.0,-0.002046053641030011,0.0,0.0],[0.0,0.0011015613407901045,-0.048186113490590224,-0.09295748992582696,0.0,0.002955552054244249,0.0,0.0],[0.0,0.0,0.0,-0.21605550822650313,0.004488279987390541,0.0,0.005406810977311866,0.0],[0.0,0.0,0.0,0.0026067536513373854,-0.004469493119148621,0.0074232859720629535,-0.004473124858797347,0.0],[0.0,0.0,0.0,0.0,0.004489600367431712,-0.007439413381196457,0.00514274064170132,0.0],[0.0,0.0,0.0,0.0,0.0,0.0,-0.0029609557156039046,0.005457449643378207],[0.0,0.0,0.0,0.0,0.0,0.0,0.0017694965471883142,-0.005427690602302132]]}