{"din_name":"flux_level13202.json","din_kind":"RELATIVE","din_start":600.0000048476198,"din_end":660.0000046106618,"din_rules":["Interventions","r1","r1_rev","r2","r3","r4","r5","r6"],"din_hits":[0,97533,97513,26672,3209095,3182403,2058829,2058813],"din_fluxs":[[0.0,0.0,0.0,0.0,0.0,0.0,0.0,0.0],[0.0,-0.0010978198244881864,0.058713216489337944,0.06068205356756484,0.0,-0.002039027943050691,0.0,0.0],[0.0,0.0010990282569206145,-0.05443321919116062,-0.10204500115340721,0.0,0.004522967406303691,0.0,0.0],[0.0,0.0,0.0,-0.36291833023314135,0.002579059473779671,0.0,0.0033297937282751513,0.0],[0.0,0.0,0.0,0.007021387755367747,-0.002572663397695116,0.018665458708447595,-0.0025712747263234295,0.0],[0.0,0.0,0.0,0.0,0.0025793032719998595,-0.01854657893733737,0.002893254041855891,0.0],[0.0,0.0,0.0,0.0,0.0,0.0,-0.002473620046577846,0.002153872413087386],[0.0,0.0,0.0,0.0,0.0,0.0,0.0019880612315695415,-0.0021492380932021226]]}