{"din_name":"flux_level02367.json","din_kind":"RELATIVE","din_start":600.0000252496947,"din_end":660.0000056980729,"din_rules":["Interventions","r1","r1_rev","r2","r3","r4","r5","r6"],"din_hits":[0,78379,78362,10637,1832698,1822039,276694,276701],"din_fluxs":[[0.0,0.0,0.0,0.0,0.0,0.0,0.0,0.0],[0.0,-0.0010955592439956636,0.06685627071134755,0.07473384490819243,0.0,-0.0020307881178463685,0.0,0.0],[0.0,0.0010967626593090638,-0.06146896583654679,-0.11362323083551024,0.0,0.004263986547433865,0.0,0.0],[0.0,0.0,0.0,-0.39869217137951163,0.002612750515876749,0.0,0.004009090503536282,0.0],[0.0,0.0,0.0,0.007420147274321571,-0.0026066847819293864,0.01774888959603491,-0.002614706955659753,0.0],[0.0,0.0,0.0,0.0,0.002613503788460369,-0.017631217298680123,0.0031273463740849254,0.0],[0.0,0.0,0.0,0.0,0.0,0.0,-0.013626162383736326,0.001112394158461765],[0.0,0.0,0.0,0.0,0.0,0.0,0.010657962453838444,-0.0011111576003222628]]}