{"din_name":"flux_level04665.json","din_kind":"RELATIVE","din_start":600.000003255542,"din_end":660.0000038443853,"din_rules":["Interventions","r1","r1_rev","r2","r3","r4","r5","r6"],"din_hits":[0,52799,52784,2518,1631534,1629016,1323189,1323191],"din_fluxs":[[0.0,0.0,0.0,0.0,0.0,0.0,0.0,0.0],[0.0,-0.0010895600380142058,0.10990986236703104,0.15481595042658286,0.0,-0.0020160132005918627,0.0,0.0],[0.0,0.0010907494694744075,-0.09629393554449341,-0.17470119713502677,0.0,0.003398380443265234,0.0,0.0],[0.0,0.0,0.0,-0.42674652287691284,0.0033219985265856866,0.0,0.004759081898655777,0.0],[0.0,0.0,0.0,0.0046105868702306305,-0.0033112534025279456,0.01027927851713396,-0.003309238417591466,0.0],[0.0,0.0,0.0,0.0,0.0033222637612698278,-0.010233868007942633,0.004258295103769917,0.0],[0.0,0.0,0.0,0.0,0.0,0.0,-0.0034876446257239074,0.0021222498560695786],[0.0,0.0,0.0,0.0,0.0,0.0,0.002352129387563606,-0.0021177505120666845]]}