{"din_name":"flux_level08291.json","din_kind":"RELATIVE","din_start":600.000019665924,"din_end":660.0000054302991,"din_rules":["Interventions","r1","r1_rev","r2","r3","r4","r5","r6"],"din_hits":[0,382182,382096,189555,3780525,3590944,95125,95133],"din_fluxs":[[0.0,0.0,0.0,0.0,0.0,0.0,0.0,0.0],[0.0,-0.0011489943358820277,0.015877020644197472,0.02215298466522766,0.0,-0.0021354987126548193,0.0,0.0],[0.0,0.00115032168423845,-0.015367592165753004,-0.02998718450632793,0.0,0.0031809292874455685,0.0,0.0],[0.0,0.0,0.0,-0.16118801030475968,0.0026549630839055247,0.0,0.0026777451221799255,0.0],[0.0,0.0,0.0,0.010570629339028949,-0.0026481837537193024,0.01718290584294832,-0.002648731656254671,0.0],[0.0,0.0,0.0,0.0,0.002655231071880397,-0.01787567112581252,0.002668842963434628,0.0],[0.0,0.0,0.0,0.0,0.0,0.0,-0.0019388111364217057,0.0031724609501950917],[0.0,0.0,0.0,0.0,0.0,0.0,0.0014716618544929857,-0.0031624168997896876]]}