{"din_name":"flux_level01486.json","din_kind":"RELATIVE","din_start":600.0000011067725,"din_end":660.0000190088094,"din_rules":["Interventions","r1","r1_rev","r2","r3","r4","r5","r6"],"din_hits":[0,37918,37897,15606,1154406,1138797,1482225,1482246],"din_fluxs":[[0.0,0.0,0.0,0.0,0.0,0.0,0.0,0.0],[0.0,-0.0011058536534530648,0.04071497321477883,0.04395781306718163,0.0,-0.002051552876973278,0.0,0.0],[0.0,0.0011070872012596694,-0.038400541760302144,-0.07275994629628166,0.0,0.004036749211180619,0.0,0.0],[0.0,0.0,0.0,-0.26364253662535564,0.0027114626860906717,0.0,0.0039209133620277045,0.0],[0.0,0.0,0.0,0.006175999753978343,-0.0027047194721353707,0.01601692571006822,-0.0027038634158404267,0.0],[0.0,0.0,0.0,0.0,0.002712065892692085,-0.016040512100412768,0.0033658833979220678,0.0],[0.0,0.0,0.0,0.0,0.0,0.0,-0.0025394065019338392,0.00231589427675963],[0.0,0.0,0.0,0.0,0.0,0.0,0.002033465501581025,-0.002310536089281547]]}