{"din_name":"flux_level05298.json","din_kind":"RELATIVE","din_start":600.00000269116,"din_end":660.0000066625915,"din_rules":["Interventions","r1","r1_rev","r2","r3","r4","r5","r6"],"din_hits":[0,36780,36767,2905,838248,835353,1948346,1948356],"din_fluxs":[[0.0,0.0,0.0,0.0,0.0,0.0,0.0,0.0],[0.0,-0.001091645616799421,0.08944481898432247,0.10804781130069419,0.0,-0.0020101899162540443,0.0,0.0],[0.0,0.001092840949065188,-0.08026243714525794,-0.14193414165505713,0.0,0.004404146203540137,0.0,0.0],[0.0,0.0,0.0,-0.500923093594438,0.0025289651726165497,0.0,0.004226352143836272,0.0],[0.0,0.0,0.0,0.009339229774300012,-0.00252199108922785,0.019887906027830297,-0.0025164540564868083,0.0],[0.0,0.0,0.0,0.0,0.0025283672293361396,-0.019666556317481376,0.003550308906298752,0.0],[0.0,0.0,0.0,0.0,0.0,0.0,-0.002897199957688874,0.0018979892831672656],[0.0,0.0,0.0,0.0,0.0,0.0,0.0024650175436299973,-0.0018943905763229006]]}