{"din_name":"flux_level13336.json","din_kind":"RELATIVE","din_start":600.0000072757809,"din_end":660.0000045907558,"din_rules":["Interventions","r1","r1_rev","r2","r3","r4","r5","r6"],"din_hits":[0,647336,647179,596806,4035430,3438594,1256132,1256140],"din_fluxs":[[0.0,0.0,0.0,0.0,0.0,0.0,0.0,0.0],[0.0,-0.001258341583987968,0.006764460598595724,0.013003078820651937,0.0,-0.002344473826100323,0.0,0.0],[0.0,0.0012599495320963546,-0.006603328768936233,-0.013040372510944942,0.0,0.0024688498440859482,0.0,0.0],[0.0,0.0,0.0,-0.08274884812383548,0.0028478961547005435,0.0,0.003074905185656879,0.0],[0.0,0.0,0.0,0.013351478207514459,-0.002839795609135503,0.013772157234574233,-0.0028382035055072893,0.0],[0.0,0.0,0.0,0.0,0.0028478854617738076,-0.015928235359799908,0.0030608655285154565,0.0],[0.0,0.0,0.0,0.0,0.0,0.0,-0.0024876439796884184,0.0024057806647490264],[0.0,0.0,0.0,0.0,0.0,0.0,0.001808704148273306,-0.0023999990860915804]]}