{"din_name":"flux_level11619.json","din_kind":"RELATIVE","din_start":600.0001996838955,"din_end":660.000107155659,"din_rules":["Interventions","r1","r1_rev","r2","r3","r4","r5","r6"],"din_hits":[0,66231,66222,19,33886,33869,182228,182268],"din_fluxs":[[0.0,0.0,0.0,0.0,0.0,0.0,0.0,0.0],[0.0,-0.0010913490577784913,0.09511676659330395,0.2020388037601057,0.0,-0.0020240010491313393,0.0,0.0],[0.0,0.0010925425466693835,-0.08257461564795508,-0.1538829346418707,0.0,0.00206140946253711,0.0,0.0],[0.0,0.0,0.0,-0.33534651812916305,0.007247441302323128,0.0,0.021406793234339437,0.0],[0.0,0.0,0.0,0.006314943472083393,-0.007144105324051358,0.0055794687640955696,-0.007134416236221652,0.0],[0.0,0.0,0.0,0.0,0.007195643999828059,-0.00561305402934572,0.021379350818863375,0.0],[0.0,0.0,0.0,0.0,0.0,0.0,-0.011406035158868533,0.004040115095991911],[0.0,0.0,0.0,0.0,0.0,0.0,0.008928996100137651,-0.004023736545770131]]}