{"din_name":"flux_level12972.json","din_kind":"RELATIVE","din_start":600.0000063089033,"din_end":660.0000218142382,"din_rules":["Interventions","r1","r1_rev","r2","r3","r4","r5","r6"],"din_hits":[0,21385,21374,19438,2665880,2646436,1972938,1972922],"din_fluxs":[[0.0,0.0,0.0,0.0,0.0,0.0,0.0,0.0],[0.0,-0.0010950996345994142,0.06901864212252211,0.06215417954291371,0.0,-0.0020010823961413874,0.0,0.0],[0.0,0.0010963059038834138,-0.06324266311693004,-0.1197111178957007,0.0,0.004918401927201823,0.0,0.0],[0.0,0.0,0.0,-0.346278858030201,0.0026836753480475512,0.0,0.0037125594941986805,0.0],[0.0,0.0,0.0,0.004745767225552286,-0.0026771515989741715,0.016423678902196034,-0.002677884401034586,0.0],[0.0,0.0,0.0,0.0,0.002684345602471155,-0.01629710394147921,0.0030468062603002852,0.0],[0.0,0.0,0.0,0.0,0.0,0.0,-0.0022978740517541046,0.002530292365969361],[0.0,0.0,0.0,0.0,0.0,0.0,0.0018120423309005943,-0.002523896025146601]]}