{"din_name":"flux_level10991.json","din_kind":"RELATIVE","din_start":600.0000134015894,"din_end":660.0000053837783,"din_rules":["Interventions","r1","r1_rev","r2","r3","r4","r5","r6"],"din_hits":[0,93140,93123,17796,3141097,3123296,1242291,1242283],"din_fluxs":[[0.0,0.0,0.0,0.0,0.0,0.0,0.0,0.0],[0.0,-0.0010948718578642465,0.07039371197917921,0.07592907538151698,0.0,-0.002035814590425123,0.0,0.0],[0.0,0.0010960733495107176,-0.06445463081433422,-0.11999055688582566,0.0,0.004387834939961418,0.0,0.0],[0.0,0.0,0.0,-0.38131502032770515,0.0026735102751099097,0.0,0.0035553554181407252,0.0],[0.0,0.0,0.0,0.006159761231819028,-0.002666346690807336,0.016531660281940103,-0.0026667654631111087,0.0],[0.0,0.0,0.0,0.0,0.002673477653033371,-0.016421096316451615,0.0030276969196485017,0.0],[0.0,0.0,0.0,0.0,0.0,0.0,-0.003743827497537152,0.0015856314967121997],[0.0,0.0,0.0,0.0,0.0,0.0,0.0028735391999992186,-0.0015831195974371798]]}