{"din_name":"flux_level06018.json","din_kind":"RELATIVE","din_start":600.0000247033571,"din_end":660.000019065032,"din_rules":["Interventions","r1","r1_rev","r2","r3","r4","r5","r6"],"din_hits":[0,20837,20820,1565,491371,489813,99016,99029],"din_fluxs":[[0.0,0.0,0.0,0.0,0.0,0.0,0.0,0.0],[0.0,-0.0010908083931559247,0.09648933034854075,0.12114852242250053,0.0,-0.0020792378971217895,0.0,0.0],[0.0,0.0010920025781175008,-0.08590498620448611,-0.15184658173426466,0.0,0.004441933805109953,0.0,0.0],[0.0,0.0,0.0,-0.5238278083319655,0.0025289326656410243,0.0,0.0026283248373606526,0.0],[0.0,0.0,0.0,0.00969870642836569,-0.002522685883196802,0.01984158043186179,-0.0025229534618890887,0.0],[0.0,0.0,0.0,0.0,0.002529067457166036,-0.01961169533139923,0.0025828556571441284,0.0],[0.0,0.0,0.0,0.0,0.0,0.0,-0.0014499681564934092,0.007997432843364452],[0.0,0.0,0.0,0.0,0.0,0.0,0.0011884123055398979,-0.007933519101607509]]}