{"din_name":"flux_level02299.json","din_kind":"RELATIVE","din_start":600.000002540105,"din_end":660.0000198015744,"din_rules":["Interventions","r1","r1_rev","r2","r3","r4","r5","r6"],"din_hits":[0,129430,129403,55164,3616132,3560985,114179,114185],"din_fluxs":[[0.0,0.0,0.0,0.0,0.0,0.0,0.0,0.0],[0.0,-0.0011097717609007674,0.03545312446027397,0.04094071637825347,0.0,-0.002079878682321772,0.0,0.0],[0.0,0.0011110084076359527,-0.0336560112597872,-0.06490387376573946,0.0,0.0037652070680945122,0.0,0.0],[0.0,0.0,0.0,-0.22062927263004367,0.0028842431071967583,0.0,0.003939910665880871,0.0],[0.0,0.0,0.0,0.005461461372123149,-0.002876025055985508,0.013696669026918597,-0.002876769547105887,0.0],[0.0,0.0,0.0,0.0,0.002884325486390586,-0.013777278605141448,0.003283021856658288,0.0],[0.0,0.0,0.0,0.0,0.0,0.0,-0.031505116802666815,0.0010507339127708917],[0.0,0.0,0.0,0.0,0.0,0.0,0.022607001138648313,-0.0010496306964737198]]}