{"din_name":"flux_level03124.json","din_kind":"RELATIVE","din_start":600.0000134034444,"din_end":660.0000002531192,"din_rules":["Interventions","r1","r1_rev","r2","r3","r4","r5","r6"],"din_hits":[0,61673,61662,9545,3230277,3220727,1498118,1498137],"din_fluxs":[[0.0,0.0,0.0,0.0,0.0,0.0,0.0,0.0],[0.0,-0.0010899477311069963,0.1048532097235705,0.11315604508523298,0.0,-0.002020119987912509,0.0,0.0],[0.0,0.0010911380774886207,-0.09250105959770685,-0.16652322636364253,0.0,0.00454831869454843,0.0,0.0],[0.0,0.0,0.0,-0.46035708721258933,0.0027300709151559213,0.0,0.003907177246483675,0.0],[0.0,0.0,0.0,0.005481914671728386,-0.0027233393159914435,0.0154633677413999,-0.002723187199513687,0.0],[0.0,0.0,0.0,0.0,0.002730781312988892,-0.015318658190778931,0.003165313272759129,0.0],[0.0,0.0,0.0,0.0,0.0,0.0,-0.003740660210987771,0.0016149105811163566],[0.0,0.0,0.0,0.0,0.0,0.0,0.0028282071745354834,-0.0016123049609816096]]}