{"din_name":"flux_level12889.json","din_kind":"RELATIVE","din_start":600.0000039817812,"din_end":660.0000007350066,"din_rules":["Interventions","r1","r1_rev","r2","r3","r4","r5","r6"],"din_hits":[0,18521,18442,256857,4142098,3885237,1557489,1557484],"din_fluxs":[[0.0,0.0,0.0,0.0,0.0,0.0,0.0,0.0],[0.0,-0.0011594776729565903,0.014134917430666647,0.02046317904809255,0.0,-0.002177250468648396,0.0,0.0],[0.0,0.0011609915108094985,-0.01351368532421248,-0.026592365899608082,0.0,0.003129053100985219,0.0,0.0],[0.0,0.0,0.0,-0.1260198933090826,0.002818117783873696,0.0,0.0035490598588686028,0.0],[0.0,0.0,0.0,0.009011485610537724,-0.0028103013306974914,0.014624271160316523,-0.002810946348121709,0.0],[0.0,0.0,0.0,0.0,0.0028182322660723087,-0.015355450021685577,0.003144118056265132,0.0],[0.0,0.0,0.0,0.0,0.0,0.0,-0.0033909953495495425,0.0017565601194459803],[0.0,0.0,0.0,0.0,0.0,0.0,0.002487254283067703,-0.001753477715313325]]}