{"din_name":"flux_level02426.json","din_kind":"RELATIVE","din_start":600.0000014428499,"din_end":660.0000001142206,"din_rules":["Interventions","r1","r1_rev","r2","r3","r4","r5","r6"],"din_hits":[0,41261,41252,6944,2383898,2376942,802745,802755],"din_fluxs":[[0.0,0.0,0.0,0.0,0.0,0.0,0.0,0.0],[0.0,-0.0010892869404406094,0.11262355678594946,0.11890966951491569,0.0,-0.0020295638117247203,0.0,0.0],[0.0,0.0010904761569783693,-0.09844197244601446,-0.17620365078801772,0.0,0.004880477977562868,0.0,0.0],[0.0,0.0,0.0,-0.48978599088283953,0.0026373653605860827,0.0,0.003939268987023126,0.0],[0.0,0.0,0.0,0.006039451526868233,-0.002631286450859792,0.017139287651707292,-0.0026320361858023396,0.0],[0.0,0.0,0.0,0.0,0.0026382335329098953,-0.01694581633508622,0.0030898188747612615,0.0],[0.0,0.0,0.0,0.0,0.0,0.0,-0.005646893635887434,0.0013222554972582299],[0.0,0.0,0.0,0.0,0.0,0.0,0.004369265860336439,-0.0013205091979264557]]}