{"din_name":"flux_level10025.json","din_kind":"RELATIVE","din_start":600.0000105326429,"din_end":660.0000674323834,"din_rules":["Interventions","r1","r1_rev","r2","r3","r4","r5","r6"],"din_hits":[0,20324,20298,22502,2039098,2016600,276411,276397],"din_fluxs":[[0.0,0.0,0.0,0.0,0.0,0.0,0.0,0.0],[0.0,-0.001100453195072802,0.05135547432068018,0.048838617205566155,0.0,-0.001996318454765566,0.0,0.0],[0.0,0.0011016766767409437,-0.04787918302438516,-0.09237841374496204,0.0,0.004627326648946154,0.0,0.0],[0.0,0.0,0.0,-0.29422077933760554,0.0026859726510577993,0.0,0.0027837446820628106,0.0],[0.0,0.0,0.0,0.005319810712645278,-0.0026790910106585355,0.016466604746522572,-0.002678795560153991,0.0],[0.0,0.0,0.0,0.0,0.002686294260390608,-0.01640255189296085,0.002725212934504252,0.0],[0.0,0.0,0.0,0.0,0.0,0.0,-0.0014247606168643415,0.018138370259226],[0.0,0.0,0.0,0.0,0.0,0.0,0.0011347928921545058,-0.017809783944338846]]}