{"din_name":"flux_level10204.json","din_kind":"RELATIVE","din_start":600.0000051652886,"din_end":660.0000028000147,"din_rules":["Interventions","r1","r1_rev","r2","r3","r4","r5","r6"],"din_hits":[0,32732,32714,8391,2393785,2385387,1738712,1738674],"din_fluxs":[[0.0,0.0,0.0,0.0,0.0,0.0,0.0,0.0],[0.0,-0.0010908668099543282,0.09593975215237417,0.0973170968188324,0.0,-0.002012768677926546,0.0,0.0],[0.0,0.0010920598888809858,-0.08544460024015831,-0.15797238243667405,0.0,0.004620889486957037,0.0,0.0],[0.0,0.0,0.0,-0.41113076883553235,0.0028011056083756306,0.0,0.003855824762245985,0.0],[0.0,0.0,0.0,0.0043369284235203346,-0.00279263306936639,0.01449857221232006,-0.002791707378852281,0.0],[0.0,0.0,0.0,0.0,0.0028004551289586566,-0.014375172745697634,0.003241201788425485,0.0],[0.0,0.0,0.0,0.0,0.0,0.0,-0.002513089819960672,0.0023932719756145013],[0.0,0.0,0.0,0.0,0.0,0.0,0.0019136663227423537,-0.0023875516668869622]]}