{"din_name":"flux_level09346.json","din_kind":"RELATIVE","din_start":600.0000022423982,"din_end":660.0000048587973,"din_rules":["Interventions","r1","r1_rev","r2","r3","r4","r5","r6"],"din_hits":[0,1406,1371,84324,3547725,3463385,2014765,2014796],"din_fluxs":[[0.0,0.0,0.0,0.0,0.0,0.0,0.0,0.0],[0.0,-0.0011157009503968203,0.031604716834498926,0.031298297708244334,0.0,-0.0019367368165197013,0.0,0.0],[0.0,0.001117438511024075,-0.028100624856591098,-0.05588698798912212,0.0,0.004031510071795784,0.0,0.0],[0.0,0.0,0.0,-0.19899375319932597,0.0027650387171374666,0.0,0.003689512233228261,0.0],[0.0,0.0,0.0,0.00601147632597328,-0.002757590479456316,0.015336087848399484,-0.0027575549806936875,0.0],[0.0,0.0,0.0,0.0,0.0027652235175788338,-0.015466500572532477,0.003093088040131554,0.0],[0.0,0.0,0.0,0.0,0.0,0.0,-0.002476669669986194,0.002368771334654834],[0.0,0.0,0.0,0.0,0.0,0.0,0.0018867440656008775,-0.0023631655638085692]]}