{"din_name":"flux_level05020.json","din_kind":"RELATIVE","din_start":600.0000034056939,"din_end":660.000001903399,"din_rules":["Interventions","r1","r1_rev","r2","r3","r4","r5","r6"],"din_hits":[0,16927,16915,32652,4116670,4084027,1750850,1750847],"din_fluxs":[[0.0,0.0,0.0,0.0,0.0,0.0,0.0,0.0],[0.0,-0.0010959867929340261,0.06571970828902544,0.05893026290351127,0.0,-0.002001260234853485,0.0,0.0],[0.0,0.0010971974358451268,-0.060373811132619595,-0.11458935064686808,0.0,0.004893657153824561,0.0,0.0],[0.0,0.0,0.0,-0.32726783245571056,0.0027111667061812854,0.0,0.0038029289278180734,0.0],[0.0,0.0,0.0,0.004375729686272055,-0.002704436675065501,0.01597041836254561,-0.00270455694416533,0.0],[0.0,0.0,0.0,0.0,0.0027117782632939402,-0.015853880644132068,0.002975588305997307,0.0],[0.0,0.0,0.0,0.0,0.0,0.0,-0.0026297046459549454,0.002126373050161599],[0.0,0.0,0.0,0.0,0.0,0.0,0.002010330624126342,-0.0021218562230714668]]}