{"din_name":"flux_level04718.json","din_kind":"RELATIVE","din_start":600.0000135542017,"din_end":660.0000029327937,"din_rules":["Interventions","r1","r1_rev","r2","r3","r4","r5","r6"],"din_hits":[0,50962,50933,54598,3150207,3095613,1194182,1194197],"din_fluxs":[[0.0,0.0,0.0,0.0,0.0,0.0,0.0,0.0],[0.0,-0.0011093455188259872,0.036019660892050984,0.038511927761684,0.0,-0.0020600470063916044,0.0,0.0],[0.0,0.0011105866947652998,-0.03414377527254445,-0.06534555467272292,0.0,0.004067316605204744,0.0,0.0],[0.0,0.0,0.0,-0.233411396427275,0.002739857599933556,0.0,0.0032601608251718994,0.0],[0.0,0.0,0.0,0.005873093201545317,-0.002733361345178579,0.015623774128552304,-0.002733370168568196,0.0],[0.0,0.0,0.0,0.0,0.00274087382886629,-0.015681964028249097,0.0029274586843400664,0.0],[0.0,0.0,0.0,0.0,0.0,0.0,-0.002093124467819452,0.0030040081689145996],[0.0,0.0,0.0,0.0,0.0,0.0,0.001596083600596616,-0.0029949938566324876]]}