{"din_name":"flux_level03039.json","din_kind":"RELATIVE","din_start":600.0000165702254,"din_end":660.0000059250902,"din_rules":["Interventions","r1","r1_rev","r2","r3","r4","r5","r6"],"din_hits":[0,92987,92973,1676,455230,453568,881670,881669],"din_fluxs":[[0.0,0.0,0.0,0.0,0.0,0.0,0.0,0.0],[0.0,-0.0010983431442151638,0.057119191234698,0.09708294979512221,0.0,-0.0020448674784988123,0.0,0.0],[0.0,0.0010995527734446097,-0.05303110273872873,-0.09782471467657278,0.0,0.002878374406957507,0.0,0.0],[0.0,0.0,0.0,-0.39043473860699823,0.0028512614580276604,0.0,0.0036538865571476018,0.0],[0.0,0.0,0.0,0.010387174246253959,-0.0028437916257266255,0.013731860281687904,-0.0028497960449113077,0.0],[0.0,0.0,0.0,0.0,0.0028519066314718245,-0.013759386994740832,0.0035639586606917304,0.0],[0.0,0.0,0.0,0.0,0.0,0.0,-0.0021179092771520564,0.003597938104228213],[0.0,0.0,0.0,0.0,0.0,0.0,0.001759320216347599,-0.0035850069627651917]]}