{"din_name":"flux_level05762.json","din_kind":"RELATIVE","din_start":600.0000048032205,"din_end":660.0000041428274,"din_rules":["Interventions","r1","r1_rev","r2","r3","r4","r5","r6"],"din_hits":[0,154106,154062,28470,1435890,1407397,1213817,1213797],"din_fluxs":[[0.0,0.0,0.0,0.0,0.0,0.0,0.0,0.0],[0.0,-0.0011173043186034064,0.02851402051735602,0.035968676096903074,0.0,-0.002058382500367886,0.0,0.0],[0.0,0.0011185587155701244,-0.02725336389671575,-0.05279531763804395,0.0,0.0034832088871504623,0.0,0.0],[0.0,0.0,0.0,-0.2306932499905704,0.0026961393610262113,0.0,0.0030989072746515234,0.0],[0.0,0.0,0.0,0.008494588261110825,-0.0026888898038662096,0.01626714821215929,-0.0026897391033377537,0.0],[0.0,0.0,0.0,0.0,0.0026961416451505445,-0.01647558214943864,0.002977508118676594,0.0],[0.0,0.0,0.0,0.0,0.0,0.0,-0.0017753432195481815,0.004521976093459848],[0.0,0.0,0.0,0.0,0.0,0.0,0.0014457026473942512,-0.004501545075927746]]}