{"din_name":"flux_level00883.json","din_kind":"RELATIVE","din_start":600.0000041152766,"din_end":660.0000073110688,"din_rules":["Interventions","r1","r1_rev","r2","r3","r4","r5","r6"],"din_hits":[0,168614,168560,147538,3641496,3493969,1075062,1075077],"din_fluxs":[[0.0,0.0,0.0,0.0,0.0,0.0,0.0,0.0],[0.0,-0.0011367120627160613,0.019108004314874943,0.02465791426694255,0.0,-0.002119325728532049,0.0,0.0],[0.0,0.0011380153691809695,-0.01842767195819173,-0.03599839097970499,0.0,0.0034234496485304636,0.0,0.0],[0.0,0.0,0.0,-0.16942508766505307,0.002695857508373626,0.0,0.003160990329288435,0.0],[0.0,0.0,0.0,0.008884653765206207,-0.0026887701517448875,0.016453176239250827,-0.0026883727070228535,0.0],[0.0,0.0,0.0,0.0,0.0026960287637545705,-0.01691940949507128,0.002907389055607237,0.0],[0.0,0.0,0.0,0.0,0.0,0.0,-0.0030150878230570896,0.0018402114830883508],[0.0,0.0,0.0,0.0,0.0,0.0,0.0022885255801307915,-0.001836827862791584]]}