{"din_name":"flux_level03811.json","din_kind":"RELATIVE","din_start":600.0000024656385,"din_end":660.0000017419885,"din_rules":["Interventions","r1","r1_rev","r2","r3","r4","r5","r6"],"din_hits":[0,45439,45359,226057,3745947,3519891,580106,580120],"din_fluxs":[[0.0,0.0,0.0,0.0,0.0,0.0,0.0,0.0],[0.0,-0.001155164412590931,0.014729052003473356,0.020271104168866454,0.0,-0.0021287575221329838,0.0,0.0],[0.0,0.001156560913499738,-0.014202164376467121,-0.028065666376997842,0.0,0.0032781856636411857,0.0,0.0],[0.0,0.0,0.0,-0.15673441171840027,0.0026069208971759694,0.0,0.0028122036172675093,0.0],[0.0,0.0,0.0,0.01137580554286831,-0.0026003424101218903,0.018298603401672345,-0.0026004348548645416,0.0],[0.0,0.0,0.0,0.0,0.002607137180666545,-0.019114999879247873,0.0026722141633835324,0.0],[0.0,0.0,0.0,0.0,0.0,0.0,-0.0020768518551339717,0.0027130140535232493],[0.0,0.0,0.0,0.0,0.0,0.0,0.0016206599026380502,-0.002705656578710115]]}