{"din_name":"flux_level09792.json","din_kind":"RELATIVE","din_start":600.0000006729807,"din_end":660.0000008003311,"din_rules":["Interventions","r1","r1_rev","r2","r3","r4","r5","r6"],"din_hits":[0,176369,176336,83096,4495743,4412651,1107653,1107664],"din_fluxs":[[0.0,0.0,0.0,0.0,0.0,0.0,0.0,0.0],[0.0,-0.0011114111304401993,0.03369614995967001,0.03755252283356495,0.0,-0.0020717484431785897,0.0,0.0],[0.0,0.0011126507696653783,-0.03204532549093418,-0.06151922658994129,0.0,0.0039801110330003435,0.0,0.0],[0.0,0.0,0.0,-0.24911130553066319,0.0026407817320157102,0.0,0.0032011095575191456,0.0],[0.0,0.0,0.0,0.007402923205709128,-0.0026342704494157747,0.017400128272206095,-0.0026318430111097716,0.0],[0.0,0.0,0.0,0.0,0.002641239105520213,-0.01749206051746765,0.002853809955636847,0.0],[0.0,0.0,0.0,0.0,0.0,0.0,-0.0037358228925681637,0.0015645994349602454],[0.0,0.0,0.0,0.0,0.0,0.0,0.002878411489035988,-0.0015621536883492857]]}