{"din_name":"flux_level02314.json","din_kind":"RELATIVE","din_start":600.0000212730585,"din_end":660.00002114636,"din_rules":["Interventions","r1","r1_rev","r2","r3","r4","r5","r6"],"din_hits":[0,37365,37353,3033,1362729,1359689,327279,327289],"din_fluxs":[[0.0,0.0,0.0,0.0,0.0,0.0,0.0,0.0],[0.0,-0.00109103878885813,0.09461622539093779,0.11876966378102236,0.0,-0.001998191294652811,0.0,0.0],[0.0,0.0010922325506956363,-0.08439566493135892,-0.1567232338062034,0.0,0.0036326270839908818,0.0,0.0],[0.0,0.0,0.0,-0.38922977430367445,0.0032358477327724643,0.0,0.0034579616418095385,0.0],[0.0,0.0,0.0,0.004158778131321306,-0.003225077157213479,0.01075137670067088,-0.003225872357837472,0.0],[0.0,0.0,0.0,0.0,0.003235518928105138,-0.010704179917773516,0.003367981114126167,0.0],[0.0,0.0,0.0,0.0,0.0,0.0,-0.001829721449441699,0.009622908170089551],[0.0,0.0,0.0,0.0,0.0,0.0,0.0012878786163517937,-0.00953040282625914]]}