{"din_name":"flux_level04390.json","din_kind":"RELATIVE","din_start":600.0000152489873,"din_end":660.0000245887004,"din_rules":["Interventions","r1","r1_rev","r2","r3","r4","r5","r6"],"din_hits":[0,93467,93450,7016,1361273,1354277,745108,745135],"din_fluxs":[[0.0,0.0,0.0,0.0,0.0,0.0,0.0,0.0],[0.0,-0.0010970638624452523,0.06117687291110952,0.07763576366348954,0.0,-0.00200682209827923,0.0,0.0],[0.0,0.001098270562990699,-0.05657373846852632,-0.10553557854190151,0.0,0.003680188079239126,0.0,0.0],[0.0,0.0,0.0,-0.37318021259121914,0.0027492961993687936,0.0,0.003192687841629089,0.0],[0.0,0.0,0.0,0.007498498946074457,-0.0027418799099076996,0.015194772590091348,-0.0027432266959958795,0.0],[0.0,0.0,0.0,0.0,0.0027494214921672507,-0.015155013572416939,0.003018396104251244,0.0],[0.0,0.0,0.0,0.0,0.0,0.0,-0.0021015666763342334,0.0030387190820933907],[0.0,0.0,0.0,0.0,0.0,0.0,0.00161978514318502,-0.003029495801172709]]}