{"din_name":"flux_level08431.json","din_kind":"RELATIVE","din_start":600.0000332247804,"din_end":660.0000117511681,"din_rules":["Interventions","r1","r1_rev","r2","r3","r4","r5","r6"],"din_hits":[0,40772,40763,313,252706,252393,1104463,1104468],"din_fluxs":[[0.0,0.0,0.0,0.0,0.0,0.0,0.0,0.0],[0.0,-0.0010919230102526777,0.08898738058189935,0.16612989189294827,0.0,-0.0020200153072123233,0.0,0.0],[0.0,0.0010931185887359187,-0.07880425587738521,-0.14593114510260446,0.0,0.002431257967290409,0.0,0.0],[0.0,0.0,0.0,-0.36668331968609663,0.004383330405886171,0.0,0.00654716674280239,0.0],[0.0,0.0,0.0,0.006191773238507919,-0.004344690291761156,0.007484911837248697,-0.004346128805455786,0.0],[0.0,0.0,0.0,0.0,0.004363654695944908,-0.007502875461276068,0.006412998513613099,0.0],[0.0,0.0,0.0,0.0,0.0,0.0,-0.0033495609942169285,0.0053537596513844165],[0.0,0.0,0.0,0.0,0.0,0.0,0.002894707669242023,-0.005325116983901452]]}