{"din_name":"flux_level10701.json","din_kind":"RELATIVE","din_start":600.0000552158873,"din_end":660.0000465703289,"din_rules":["Interventions","r1","r1_rev","r2","r3","r4","r5","r6"],"din_hits":[0,30424,30403,1376,291126,289752,761121,761106],"din_fluxs":[[0.0,0.0,0.0,0.0,0.0,0.0,0.0,0.0],[0.0,-0.0011033186902995663,0.04523274298061775,0.07421363570835256,0.0,-0.002061256149757962,0.0,0.0],[0.0,0.0011045471539964512,-0.042453366191056705,-0.08232364310978736,0.0,0.0025744937471853624,0.0,0.0],[0.0,0.0,0.0,-0.1884646034943304,0.00560632368046342,0.0,0.013805810588194627,0.0],[0.0,0.0,0.0,0.003007607836095306,-0.005573524905966344,0.006369684337472986,-0.005572380606916056,0.0],[0.0,0.0,0.0,0.0,0.005604836928058519,-0.006411903803433352,0.012806866737277389,0.0],[0.0,0.0,0.0,0.0,0.0,0.0,-0.00785138709017867,0.002832628828951143],[0.0,0.0,0.0,0.0,0.0,0.0,0.005181302490745826,-0.0028246117683097876]]}