{"din_name":"flux_level07152.json","din_kind":"RELATIVE","din_start":600.0000195445257,"din_end":660.000000259441,"din_rules":["Interventions","r1","r1_rev","r2","r3","r4","r5","r6"],"din_hits":[0,17183,17176,4861,1644212,1639356,1535945,1535956],"din_fluxs":[[0.0,0.0,0.0,0.0,0.0,0.0,0.0,0.0],[0.0,-0.0010893245786984074,0.11704897184071679,0.11378760228672205,0.0,-0.0020307565821188556,0.0,0.0],[0.0,0.0010905154946897642,-0.0991270494663172,-0.17968688529347718,0.0,0.0048851729418969,0.0,0.0],[0.0,0.0,0.0,-0.4450017285668683,0.00275859744851403,0.0,0.0037317068139573317,0.0],[0.0,0.0,0.0,0.004270537277224249,-0.0027516316543766115,0.01505169411340865,-0.0027518559753737445,0.0],[0.0,0.0,0.0,0.0,0.0027592290948710613,-0.014900254032310193,0.003183730276103664,0.0],[0.0,0.0,0.0,0.0,0.0,0.0,-0.002137911774019826,0.003051445662159315],[0.0,0.0,0.0,0.0,0.0,0.0,0.0016895348717633565,-0.003042143474346404]]}