{"din_name":"flux_level08179.json","din_kind":"RELATIVE","din_start":600.0000011746985,"din_end":660.000004650006,"din_rules":["Interventions","r1","r1_rev","r2","r3","r4","r5","r6"],"din_hits":[0,27406,27299,244844,2480112,2235258,1081803,1081806],"din_fluxs":[[0.0,0.0,0.0,0.0,0.0,0.0,0.0,0.0],[0.0,-0.0012033718904264769,0.00949164646697954,0.0160470278152278,0.0,-0.0022649573253250644,0.0,0.0],[0.0,0.0012050849995232959,-0.009096295397690487,-0.017772161335038044,0.0,0.002668310808585576,0.0,0.0],[0.0,0.0,0.0,-0.0824171843038484,0.0031384990478978522,0.0,0.0038271307246562822,0.0],[0.0,0.0,0.0,0.00890419008247682,-0.0031287748116861545,0.011549281538316617,-0.0031264501554299482,0.0],[0.0,0.0,0.0,0.0,0.00313861272434245,-0.012656730067998416,0.0035894877763340033,0.0],[0.0,0.0,0.0,0.0,0.0,0.0,-0.0032843299283019348,0.002014057982833373],[0.0,0.0,0.0,0.0,0.0,0.0,0.0022166677254663375,-0.002010005090396473]]}