{"din_name":"flux_level01168.json","din_kind":"RELATIVE","din_start":600.0000037017769,"din_end":660.000001625895,"din_rules":["Interventions","r1","r1_rev","r2","r3","r4","r5","r6"],"din_hits":[0,119090,119063,49824,3997259,3947443,1217200,1217224],"din_fluxs":[[0.0,0.0,0.0,0.0,0.0,0.0,0.0,0.0],[0.0,-0.001104508339850623,0.04283162937749041,0.04582047846396012,0.0,-0.0020407853115538407,0.0,0.0],[0.0,0.0011057324269934756,-0.04036322685312171,-0.07730523649342248,0.0,0.004089340919440152,0.0,0.0],[0.0,0.0,0.0,-0.26765655357761153,0.002738433605431134,0.0,0.0030516112873996697,0.0],[0.0,0.0,0.0,0.005888897621372528,-0.0027314657920296174,0.015564900846569264,-0.002731316374824415,0.0],[0.0,0.0,0.0,0.0,0.0027389568302523763,-0.015576191288380859,0.002868748090912973,0.0],[0.0,0.0,0.0,0.0,0.0,0.0,-0.0018121172770587965,0.004251383416575295],[0.0,0.0,0.0,0.0,0.0,0.0,0.0013858303300561623,-0.00423332836780169]]}