{"din_name":"flux_level09384.json","din_kind":"RELATIVE","din_start":600.0000087740572,"din_end":660.000022257131,"din_rules":["Interventions","r1","r1_rev","r2","r3","r4","r5","r6"],"din_hits":[0,30919,30898,1142,301346,300217,130920,130937],"din_fluxs":[[0.0,0.0,0.0,0.0,0.0,0.0,0.0,0.0],[0.0,-0.0010947152433374411,0.07110423235062652,0.10485878759665168,0.0,-0.002018723902675587,0.0,0.0],[0.0,0.0010959187370909382,-0.06502551614331925,-0.1152877914067874,0.0,0.003635984428690305,0.0,0.0],[0.0,0.0,0.0,-0.4873387542690747,0.0025485449249166028,0.0,0.007851141435416903,0.0],[0.0,0.0,0.0,0.012174553253956959,-0.002540867670562539,0.019274039697350975,-0.0025459734979358544,0.0],[0.0,0.0,0.0,0.0,0.002547334911627119,-0.019138777893821526,0.00576796062113327,0.0],[0.0,0.0,0.0,0.0,0.0,0.0,-0.033837200330496135,0.0010505666374420529],[0.0,0.0,0.0,0.0,0.0,0.0,0.027869009138472598,-0.0010494654826441075]]}