{"din_name":"flux_level13926.json","din_kind":"RELATIVE","din_start":600.0000181981204,"din_end":660.0000062655852,"din_rules":["Interventions","r1","r1_rev","r2","r3","r4","r5","r6"],"din_hits":[0,8885,8875,463,372707,372224,244881,244895],"din_fluxs":[[0.0,0.0,0.0,0.0,0.0,0.0,0.0,0.0],[0.0,-0.0010927413075468696,0.08184360652686588,0.15065741642836875,0.0,-0.0020361019867987593,0.0,0.0],[0.0,0.0010939470927070131,-0.07384930467580834,-0.14185712043387416,0.0,0.002292115137644399,0.0,0.0],[0.0,0.0,0.0,-0.25912196016679,0.015039534987234707,0.0,0.01920238985581294,0.0],[0.0,0.0,0.0,0.0008928587842891898,-0.014851323900796546,0.004697128004427795,-0.014835862070440109,0.0],[0.0,0.0,0.0,0.0,0.015077619677024092,-0.00468691581893436,0.018582382678899112,0.0],[0.0,0.0,0.0,0.0,0.0,0.0,-0.009528197002122261,0.015444639604871425],[0.0,0.0,0.0,0.0,0.0,0.0,0.0043581200789989255,-0.01520604189985424]]}