{"din_name":"flux_level04254.json","din_kind":"RELATIVE","din_start":600.000033663607,"din_end":660.0001955109537,"din_rules":["Interventions","r1","r1_rev","r2","r3","r4","r5","r6"],"din_hits":[0,144948,144912,1069,145407,144347,325290,325290],"din_fluxs":[[0.0,0.0,0.0,0.0,0.0,0.0,0.0,0.0],[0.0,-0.0011143244371920771,0.030915726744402003,0.05907058470296438,0.0,-0.002053359300725653,0.0,0.0],[0.0,0.0011155718879715976,-0.02947998849047495,-0.05730523852651038,0.0,0.0022795871740238245,0.0,0.0],[0.0,0.0,0.0,-0.20806712746309763,0.003693505508078836,0.0,0.00457257165010286,0.0],[0.0,0.0,0.0,0.008171729238661763,-0.0036760105801634056,0.008873189935557437,-0.0036804955129270287,0.0],[0.0,0.0,0.0,0.0,0.003689555952987372,-0.0090746332431856,0.004554374759329607,0.0],[0.0,0.0,0.0,0.0,0.0,0.0,-0.002391793242952572,0.006714417038681781],[0.0,0.0,0.0,0.0,0.0,0.0,0.0020145790742372434,-0.0066693859980365535]]}