{"din_name":"flux_level13330.json","din_kind":"RELATIVE","din_start":600.0000135154347,"din_end":660.0000083571811,"din_rules":["Interventions","r1","r1_rev","r2","r3","r4","r5","r6"],"din_hits":[0,19944,19938,8997,2187088,2178103,392340,392366],"din_fluxs":[[0.0,0.0,0.0,0.0,0.0,0.0,0.0,0.0],[0.0,-0.0010899042984016886,0.10486998534251557,0.09928222032764036,0.0,-0.0020479212642637123,0.0,0.0],[0.0,0.0010910960266619823,-0.09255445287346828,-0.1681609340982585,0.0,0.005472151389710363,0.0,0.0],[0.0,0.0,0.0,-0.4651231706674135,0.0025790570332084274,0.0,0.005382455907977353,0.0],[0.0,0.0,0.0,0.005407388099915309,-0.002572500875488847,0.018572209210021052,-0.0025710780302203454,0.0],[0.0,0.0,0.0,0.0,0.0025791384441227984,-0.018336553398604568,0.003215454671988348,0.0],[0.0,0.0,0.0,0.0,0.0,0.0,-0.015221601620607822,0.0010991345852891566],[0.0,0.0,0.0,0.0,0.0,0.0,0.01206820976702977,-0.0010979273291966045]]}