{"din_name":"flux_level09203.json","din_kind":"RELATIVE","din_start":600.0000018113218,"din_end":660.0000108425722,"din_rules":["Interventions","r1","r1_rev","r2","r3","r4","r5","r6"],"din_hits":[0,61872,61856,21866,3159401,3137530,560563,560572],"din_fluxs":[[0.0,0.0,0.0,0.0,0.0,0.0,0.0,0.0],[0.0,-0.0010948499755069438,0.0702962813302964,0.06826706819896255,0.0,-0.002030361881383455,0.0,0.0],[0.0,0.001096052136939671,-0.06438394055749003,-0.11935363026170097,0.0,0.0048721231890691405,0.0,0.0],[0.0,0.0,0.0,-0.39886011870491456,0.002554154921852166,0.0,0.0026693293113313533,0.0],[0.0,0.0,0.0,0.006642957607800536,-0.0025477490840435293,0.01931316665834784,-0.0025477123087886606,0.0],[0.0,0.0,0.0,0.0,0.002554259474373832,-0.019129521026902498,0.002600264081255999,0.0],[0.0,0.0,0.0,0.0,0.0,0.0,-0.0014119704705136667,0.010742059320127537],[0.0,0.0,0.0,0.0,0.0,0.0,0.0011541005855199037,-0.010626759787724255]]}