{"din_name":"flux_level05753.json","din_kind":"RELATIVE","din_start":600.0000136395503,"din_end":660.0000017353026,"din_rules":["Interventions","r1","r1_rev","r2","r3","r4","r5","r6"],"din_hits":[0,12059,12046,4758,2639583,2634813,1556045,1556070],"din_fluxs":[[0.0,0.0,0.0,0.0,0.0,0.0,0.0,0.0],[0.0,-0.0010893010225230524,0.11316397832077076,0.13162865523691406,0.0,-0.0020390716517497305,0.0,0.0],[0.0,0.001090493470594063,-0.09867222434896551,-0.183923030633643,0.0,0.00376902337590202,0.0,0.0],[0.0,0.0,0.0,-0.360188826852279,0.0037542987746091417,0.0,0.005788798261473159,0.0],[0.0,0.0,0.0,0.0016015813518335672,-0.0037376543052162867,0.008789223584622379,-0.003736857782616334,0.0],[0.0,0.0,0.0,0.0,0.003751688265828481,-0.008735900202106774,0.004512669649321958,0.0],[0.0,0.0,0.0,0.0,0.0,0.0,-0.003305425615025532,0.0026387718364213257],[0.0,0.0,0.0,0.0,0.0,0.0,0.0020322561182904244,-0.002631814936767225]]}