{"din_name":"flux_level10005.json","din_kind":"RELATIVE","din_start":600.000037654173,"din_end":660.00000791388,"din_rules":["Interventions","r1","r1_rev","r2","r3","r4","r5","r6"],"din_hits":[0,4409,4391,21763,2003497,1981731,612249,612251],"din_fluxs":[[0.0,0.0,0.0,0.0,0.0,0.0,0.0,0.0],[0.0,-0.001099810555939826,0.05300369503133458,0.04876412769721484,0.0,-0.0020221253844827994,0.0,0.0],[0.0,0.0011010714749824999,-0.048970507288359263,-0.09361139814152959,0.0,0.004683899747640282,0.0,0.0],[0.0,0.0,0.0,-0.28231409631017673,0.002740025312342306,0.0,0.003009079869231887,0.0],[0.0,0.0,0.0,0.004545366912440248,-0.002733171812382856,0.015569981289630967,-0.0027326572698124405,0.0],[0.0,0.0,0.0,0.0,0.002740672732646247,-0.015502006261598566,0.0028415177085977412,0.0],[0.0,0.0,0.0,0.0,0.0,0.0,-0.00157175128278041,0.008311705470479878],[0.0,0.0,0.0,0.0,0.0,0.0,0.0012388572166350286,-0.008242686667043786]]}