{"din_name":"flux_level01331.json","din_kind":"RELATIVE","din_start":600.000003737318,"din_end":660.0000050486445,"din_rules":["Interventions","r1","r1_rev","r2","r3","r4","r5","r6"],"din_hits":[0,244427,244377,117504,2467749,2350237,147989,148002],"din_fluxs":[[0.0,0.0,0.0,0.0,0.0,0.0,0.0,0.0],[0.0,-0.001146093641396621,0.016538527576277027,0.02286550149617741,0.0,-0.00213909036387162,0.0,0.0],[0.0,0.0011474172914144225,-0.015993216798195195,-0.031249905630816983,0.0,0.003231364625047611,0.0,0.0],[0.0,0.0,0.0,-0.16670884486336,0.002643723522869589,0.0,0.002670280523097234,0.0],[0.0,0.0,0.0,0.010513935352596298,-0.002636854812699764,0.01741619432210128,-0.002636799885966357,0.0],[0.0,0.0,0.0,0.0,0.0026438340760184384,-0.018067873463037936,0.0026602255368547672,0.0],[0.0,0.0,0.0,0.0,0.0,0.0,-0.0013632556126808065,0.03300408383517653],[0.0,0.0,0.0,0.0,0.0,0.0,0.0010851970791031342,-0.031915898396935864]]}