{"din_name":"flux_level05540.json","din_kind":"RELATIVE","din_start":600.0000497310788,"din_end":660.0000456050533,"din_rules":["Interventions","r1","r1_rev","r2","r3","r4","r5","r6"],"din_hits":[0,154405,154383,1777,310411,308619,148142,148151],"din_fluxs":[[0.0,0.0,0.0,0.0,0.0,0.0,0.0,0.0],[0.0,-0.0011119473157526337,0.033175009722630246,0.06385872293588159,0.0,-0.0020637742447695284,0.0,0.0],[0.0,0.0011131883315279613,-0.031560772401734154,-0.06201924315036394,0.0,0.0021538735420689047,0.0,0.0],[0.0,0.0,0.0,-0.1222805579953716,0.028904481296555984,0.0,0.03383230073792416,0.0],[0.0,0.0,0.0,0.0021055986923450803,-0.02799594225613099,0.004400726940733614,-0.02798512977421412,0.0],[0.0,0.0,0.0,0.0,0.028824470067583933,-0.004449065724230071,0.03362278716880497,0.0],[0.0,0.0,0.0,0.0,0.0,0.0,-0.016548082018442413,0.03997847795103652],[0.0,0.0,0.0,0.0,0.0,0.0,0.007084902268679056,-0.03837492575776693]]}