{"din_name":"flux_level11955.json","din_kind":"RELATIVE","din_start":600.0000007192886,"din_end":660.0000154870568,"din_rules":["Interventions","r1","r1_rev","r2","r3","r4","r5","r6"],"din_hits":[0,264393,264327,86486,2132585,2046101,2035329,2035305],"din_fluxs":[[0.0,0.0,0.0,0.0,0.0,0.0,0.0,0.0],[0.0,-0.0011413682913151515,0.017720395701757256,0.024437550972051258,0.0,-0.0021143060015735714,0.0,0.0],[0.0,0.0011426796245330075,-0.017118185731540003,-0.033481565997632086,0.0,0.003181558835206127,0.0,0.0],[0.0,0.0,0.0,-0.1598391964560605,0.0027582869845288447,0.0,0.0036300061505043875,0.0],[0.0,0.0,0.0,0.009095750021143031,-0.002750854254405911,0.015357594334706754,-0.00275256182321642,0.0],[0.0,0.0,0.0,0.0,0.0027584523937189266,-0.015887727029065234,0.0033537497662741752,0.0],[0.0,0.0,0.0,0.0,0.0,0.0,-0.0027701149770018568,0.002117513446527114],[0.0,0.0,0.0,0.0,0.0,0.0,0.002149170215593542,-0.0021130349381508072]]}