{"din_name":"flux_level13198.json","din_kind":"RELATIVE","din_start":600.0000082611092,"din_end":660.0000046945731,"din_rules":["Interventions","r1","r1_rev","r2","r3","r4","r5","r6"],"din_hits":[0,97292,97278,28086,3263749,3235665,2079908,2079923],"din_fluxs":[[0.0,0.0,0.0,0.0,0.0,0.0,0.0,0.0],[0.0,-0.001097734223257083,0.059037666770940044,0.05902222003090169,0.0,-0.002009497169769852,0.0,0.0],[0.0,0.0010989423393350747,-0.05471381414275863,-0.10149566893535701,0.0,0.004609754329709559,0.0,0.0],[0.0,0.0,0.0,-0.37444743143702275,0.0025364396311050343,0.0,0.0032576687296377044,0.0],[0.0,0.0,0.0,0.007500911834353626,-0.002530275649613703,0.019849638437421126,-0.0025307232777055837,0.0],[0.0,0.0,0.0,0.0,0.0025366983074226685,-0.01970292620903592,0.002830182622530714,0.0],[0.0,0.0,0.0,0.0,0.0,0.0,-0.002450273732864764,0.0021296511517745215],[0.0,0.0,0.0,0.0,0.0,0.0,0.0019960957558880933,-0.0021251203140481285]]}