{"din_name":"flux_level13313.json","din_kind":"RELATIVE","din_start":600.0000071723842,"din_end":660.0000488063971,"din_rules":["Interventions","r1","r1_rev","r2","r3","r4","r5","r6"],"din_hits":[0,4351,4334,6582,2976722,2970156,1022871,1022876],"din_fluxs":[[0.0,0.0,0.0,0.0,0.0,0.0,0.0,0.0],[0.0,-0.0010895430468146675,0.11020670291550161,0.11679631436094914,0.0,-0.0020415661018274777,0.0,0.0],[0.0,0.0010907409436997266,-0.0955397688420889,-0.18025541618209484,0.0,0.0040951013192502975,0.0,0.0],[0.0,0.0,0.0,-0.3589641448057106,0.0035450260117882173,0.0,0.004527139023586828,0.0],[0.0,0.0,0.0,0.0014975020173121903,-0.003533573174668757,0.009437013525924557,-0.003534645880867584,0.0],[0.0,0.0,0.0,0.0,0.003546117706934362,-0.009372114572860151,0.003853942214264364,0.0],[0.0,0.0,0.0,0.0,0.0,0.0,-0.002414202591575645,0.00419296206678592],[0.0,0.0,0.0,0.0,0.0,0.0,0.0015314524959544168,-0.004175395807415405]]}