{"din_name":"flux_level00121.json","din_kind":"RELATIVE","din_start":600.0000301270746,"din_end":660.0000203927359,"din_rules":["Interventions","r1","r1_rev","r2","r3","r4","r5","r6"],"din_hits":[0,11834,11823,752,753810,753049,568741,568761],"din_fluxs":[[0.0,0.0,0.0,0.0,0.0,0.0,0.0,0.0],[0.0,-0.0010897517044268837,0.10991316981047285,0.1724767379069036,0.0,-0.0019888885215200752,0.0,0.0],[0.0,0.001090945880299901,-0.09501195643157472,-0.17937587810762512,0.0,0.00267909683727286,0.0,0.0],[0.0,0.0,0.0,-0.33514732316803886,0.0066595763138572045,0.0,0.012061956880198038,0.0],[0.0,0.0,0.0,0.0014714442492163053,-0.006592592958288783,0.005827148488898567,-0.006587446861551711,0.0],[0.0,0.0,0.0,0.0,0.006636482663354763,-0.005809781458265133,0.010169021793208307,0.0],[0.0,0.0,0.0,0.0,0.0,0.0,-0.007823617159247873,0.0023649525075667916],[0.0,0.0,0.0,0.0,0.0,0.0,0.003255971384950394,-0.002359364934163944]]}