{"din_name":"flux_level08760.json","din_kind":"RELATIVE","din_start":600.0000104254329,"din_end":660.0000082690307,"din_rules":["Interventions","r1","r1_rev","r2","r3","r4","r5","r6"],"din_hits":[0,114347,114326,21725,2681756,2660005,2229187,2229181],"din_fluxs":[[0.0,0.0,0.0,0.0,0.0,0.0,0.0,0.0],[0.0,-0.0011012536930565793,0.049395254250328244,0.05761015728779504,0.0,-0.0020452458667363257,0.0,0.0],[0.0,0.0011024700345066889,-0.0462358545645021,-0.08827655260534757,0.0,0.0037633312262374805,0.0,0.0],[0.0,0.0,0.0,-0.27490903379125814,0.0029407945674993887,0.0,0.003899231518788797,0.0],[0.0,0.0,0.0,0.005102633533417893,-0.0029322248568339664,0.013007446323797455,-0.002931346871920457,0.0],[0.0,0.0,0.0,0.0,0.0029408538473438012,-0.01301551331033287,0.003485946168622255,0.0],[0.0,0.0,0.0,0.0,0.0,0.0,-0.0025448817661597716,0.0025763204182786955],[0.0,0.0,0.0,0.0,0.0,0.0,0.0018954727572838496,-0.002569689723240679]]}