{"din_name":"flux_level03500.json","din_kind":"RELATIVE","din_start":600.0000020563774,"din_end":660.0000003817086,"din_rules":["Interventions","r1","r1_rev","r2","r3","r4","r5","r6"],"din_hits":[0,1123917,1123662,1113849,3766913,2653055,446217,446209],"din_fluxs":[[0.0,0.0,0.0,0.0,0.0,0.0,0.0,0.0],[0.0,-0.001443939686500478,0.0038338360099723465,0.009622271206038568,0.0,-0.00271936368536764,0.0,0.0],[0.0,0.0014460762460521577,-0.0037527213026831026,-0.007451423621869649,0.0,0.002182364119437299,0.0,0.0],[0.0,0.0,0.0,-0.05580755893087217,0.0029115181904276048,0.0,0.0030931827538573306,0.0],[0.0,0.0,0.0,0.01681459444479392,-0.002902940505790129,0.011944714840724645,-0.0029054134942417373,0.0],[0.0,0.0,0.0,0.0,0.0029113459446938666,-0.01645527792064153,0.003190430785729809,0.0],[0.0,0.0,0.0,0.0,0.0,0.0,-0.006363630255810915,0.00130706500133602],[0.0,0.0,0.0,0.0,0.0,0.0,0.004438408338210269,-0.0013053585307623906]]}