{"din_name":"flux_level11723.json","din_kind":"RELATIVE","din_start":600.000013154783,"din_end":660.0000022846816,"din_rules":["Interventions","r1","r1_rev","r2","r3","r4","r5","r6"],"din_hits":[0,45787,45776,2868,1330205,1327321,842239,842258],"din_fluxs":[[0.0,0.0,0.0,0.0,0.0,0.0,0.0,0.0],[0.0,-0.0010906091379585005,0.09870155015146852,0.128281935304987,0.0,-0.0019982038832892764,0.0,0.0],[0.0,0.0010918014548226822,-0.0875895471680528,-0.15954221804406485,0.0,0.0036786322704842785,0.0,0.0],[0.0,0.0,0.0,-0.4291293757485335,0.0030158282127179,0.0,0.00396616803026995,0.0],[0.0,0.0,0.0,0.0054327797154702295,-0.003005609852628743,0.01220416117546016,-0.003007655941582134,0.0],[0.0,0.0,0.0,0.0,0.0030146737410425254,-0.012138949859848406,0.003554329299417896,0.0],[0.0,0.0,0.0,0.0,0.0,0.0,-0.002906348577791404,0.0022185814094084527],[0.0,0.0,0.0,0.0,0.0,0.0,0.0020725733311740047,-0.002213665653154593]]}