{"din_name":"flux_level13592.json","din_kind":"RELATIVE","din_start":600.0000122355755,"din_end":660.0000020770359,"din_rules":["Interventions","r1","r1_rev","r2","r3","r4","r5","r6"],"din_hits":[0,268948,268862,20341,501803,481448,637419,637436],"din_fluxs":[[0.0,0.0,0.0,0.0,0.0,0.0,0.0,0.0],[0.0,-0.0011498302552432544,0.01569885873217493,0.025069492375333586,0.0,-0.0021302631562543813,0.0,0.0],[0.0,0.0011511621383185366,-0.015193688487591903,-0.029742329310270838,0.0,0.0028217919781136857,0.0,0.0],[0.0,0.0,0.0,-0.18078083172031284,0.002634468141433085,0.0,0.003895861880584309,0.0],[0.0,0.0,0.0,0.013007635321175538,-0.0026269108662453277,0.017366493966899328,-0.002623528856813092,0.0],[0.0,0.0,0.0,0.0,0.0026338070396924817,-0.01814513010845805,0.0037694513369709247,0.0],[0.0,0.0,0.0,0.0,0.0,0.0,-0.004380313657355997,0.0014961365356539716],[0.0,0.0,0.0,0.0,0.0,0.0,0.003506738473479413,-0.0014939000364553642]]}