{"din_name":"flux_level00693.json","din_kind":"RELATIVE","din_start":600.0000165199411,"din_end":660.0000042601537,"din_rules":["Interventions","r1","r1_rev","r2","r3","r4","r5","r6"],"din_hits":[0,70399,70382,1773,618387,616608,401848,401838],"din_fluxs":[[0.0,0.0,0.0,0.0,0.0,0.0,0.0,0.0],[0.0,-0.0010943010147111347,0.07273571789163956,0.11518102389778971,0.0,-0.0020151609432761696,0.0,0.0],[0.0,0.0010955015723540917,-0.06646212631014005,-0.11986045667471061,0.0,0.003179384962049291,0.0,0.0],[0.0,0.0,0.0,-0.4480770357146049,0.0027894536689512636,0.0,0.005671769296661282,0.0],[0.0,0.0,0.0,0.010012693917553387,-0.002779010519770562,0.014552955798144319,-0.0027758968991377017,0.0],[0.0,0.0,0.0,0.0,0.0027867509162348286,-0.014512705435152413,0.004954478662195434,0.0],[0.0,0.0,0.0,0.0,0.0,0.0,-0.012504286585653538,0.001157299706759945],[0.0,0.0,0.0,0.0,0.0,0.0,0.00937610740508966,-0.0011559617838911673]]}