{"din_name":"flux_level13661.json","din_kind":"RELATIVE","din_start":600.0000047195532,"din_end":660.0000014821919,"din_rules":["Interventions","r1","r1_rev","r2","r3","r4","r5","r6"],"din_hits":[0,62492,62475,21587,4508240,4486650,873422,873437],"din_fluxs":[[0.0,0.0,0.0,0.0,0.0,0.0,0.0,0.0],[0.0,-0.0010921820705585663,0.08701662768532692,0.08339476810419853,0.0,-0.0020330486641606292,0.0,0.0],[0.0,0.0010933776278429794,-0.07721992438558739,-0.14212458737568495,0.0,0.004861123956777664,0.0,0.0],[0.0,0.0,0.0,-0.4051091282717138,0.0026708828700775767,0.0,0.0029005876433397513,0.0],[0.0,0.0,0.0,0.005038359156107748,-0.0026639553256107102,0.016581197820009393,-0.0026642309099344005,0.0],[0.0,0.0,0.0,0.0,0.002671074558015806,-0.01642528759148698,0.0027438985181242547,0.0],[0.0,0.0,0.0,0.0,0.0,0.0,-0.0016484112244709687,0.005400456712520636],[0.0,0.0,0.0,0.0,0.0,0.0,0.0012776965430809886,-0.0053713215608504625]]}