{"din_name":"flux_level01419.json","din_kind":"RELATIVE","din_start":600.0000000271191,"din_end":660.0000219520053,"din_rules":["Interventions","r1","r1_rev","r2","r3","r4","r5","r6"],"din_hits":[0,50539,50520,11390,3291559,3280172,857363,857373],"din_fluxs":[[0.0,0.0,0.0,0.0,0.0,0.0,0.0,0.0],[0.0,-0.0010910361734937893,0.09617488536115025,0.09650153237903394,0.0,-0.001995666000168816,0.0,0.0],[0.0,0.001092228930226446,-0.08449474738295457,-0.15560822242712322,0.0,0.004493467548355206,0.0,0.0],[0.0,0.0,0.0,-0.4065018704255067,0.002828846788011182,0.0,0.0033654766488222456,0.0],[0.0,0.0,0.0,0.004405762384066298,-0.0028214906516095956,0.014123957606797435,-0.002822068862695915,0.0],[0.0,0.0,0.0,0.0,0.0028294799855644523,-0.014011882093143219,0.0030037221427002786,0.0],[0.0,0.0,0.0,0.0,0.0,0.0,-0.0024175168132694754,0.002471970478244202],[0.0,0.0,0.0,0.0,0.0,0.0,0.0017638892008694212,-0.0024658650031441085]]}