{"din_name":"flux_level07791.json","din_kind":"RELATIVE","din_start":600.0000006159258,"din_end":660.0000068209429,"din_rules":["Interventions","r1","r1_rev","r2","r3","r4","r5","r6"],"din_hits":[0,27446,27417,30609,3232162,3201548,1000866,1000877],"din_fluxs":[[0.0,0.0,0.0,0.0,0.0,0.0,0.0,0.0],[0.0,-0.0011003345244880631,0.05166220426111946,0.05259310212253466,0.0,-0.002040435316942339,0.0,0.0],[0.0,0.001101554021971261,-0.048184185245299764,-0.09207218437045449,0.0,0.004243030261841893,0.0,0.0],[0.0,0.0,0.0,-0.25937324168110243,0.002931440158537799,0.0,0.004841785135624134,0.0],[0.0,0.0,0.0,0.0038326295460229852,-0.0029237429162800254,0.013169514068255301,-0.00292356633016125,0.0],[0.0,0.0,0.0,0.0,0.00293232944249955,-0.01313896551833042,0.0033914686172687655,0.0],[0.0,0.0,0.0,0.0,0.0,0.0,-0.004951510287871478,0.0014545262706583404],[0.0,0.0,0.0,0.0,0.0,0.0,0.0034844355929125525,-0.0014524128273241748]]}