{"din_name":"flux_level01632.json","din_kind":"RELATIVE","din_start":600.0000245630583,"din_end":660.0000202854367,"din_rules":["Interventions","r1","r1_rev","r2","r3","r4","r5","r6"],"din_hits":[0,77079,77055,28678,1773353,1744667,1210041,1210024],"din_fluxs":[[0.0,0.0,0.0,0.0,0.0,0.0,0.0,0.0],[0.0,-0.0011117314224137057,0.033342093640201076,0.03920923684842259,0.0,-0.0020571838801355822,0.0,0.0],[0.0,0.0011129753301766777,-0.03170098749980635,-0.06132702219384516,0.0,0.0036648813942171082,0.0,0.0],[0.0,0.0,0.0,-0.2107716936934625,0.00291175217670799,0.0,0.0034882161401712294,0.0],[0.0,0.0,0.0,0.005585174756501645,-0.002903152362546014,0.013408011697822311,-0.002905521695792851,0.0],[0.0,0.0,0.0,0.0,0.0029116071998432306,-0.013514010201988938,0.003243582653473616,0.0],[0.0,0.0,0.0,0.0,0.0,0.0,-0.0020226416862462538,0.003921310892856155],[0.0,0.0,0.0,0.0,0.0,0.0,0.001541120548508169,-0.00390595117017816]]}