{"din_name":"flux_level05813.json","din_kind":"RELATIVE","din_start":600.000106669225,"din_end":660.000002463944,"din_rules":["Interventions","r1","r1_rev","r2","r3","r4","r5","r6"],"din_hits":[0,132080,132017,36347,699182,662834,300033,300044],"din_fluxs":[[0.0,0.0,0.0,0.0,0.0,0.0,0.0,0.0],[0.0,-0.001152499516742473,0.015188014867546817,0.021947458880555687,0.0,-0.0021365511983470974,0.0,0.0],[0.0,0.00115384898460777,-0.01469044249251997,-0.02853573480327529,0.0,0.003091999124623474,0.0,0.0],[0.0,0.0,0.0,-0.1762700130585981,0.002564607386043259,0.0,0.003963239418422127,0.0],[0.0,0.0,0.0,0.012714117353220413,-0.0025583782998568343,0.019223948424517398,-0.002547475049132782,0.0],[0.0,0.0,0.0,0.0,0.0025649608673445584,-0.02005729306059238,0.003561623059165251,0.0],[0.0,0.0,0.0,0.0,0.0,0.0,-0.011070948523921348,0.0011445511684909635],[0.0,0.0,0.0,0.0,0.0,0.0,0.008862844070314881,-0.0011432420382067867]]}