{"din_name":"flux_level07506.json","din_kind":"RELATIVE","din_start":600.0000240699937,"din_end":660.0000124091941,"din_rules":["Interventions","r1","r1_rev","r2","r3","r4","r5","r6"],"din_hits":[0,11632,11621,14898,2208434,2193538,1197863,1197880],"din_fluxs":[[0.0,0.0,0.0,0.0,0.0,0.0,0.0,0.0],[0.0,-0.0010946434166054378,0.07144791454703438,0.06691375751042022,0.0,-0.0020600176163798386,0.0,0.0],[0.0,0.0010958530322923317,-0.06520369715526805,-0.12317712243071434,0.0,0.004866738497158218,0.0,0.0],[0.0,0.0,0.0,-0.33678115512975776,0.0027543449862946303,0.0,0.005381178140235443,0.0],[0.0,0.0,0.0,0.0040348661119044065,-0.0027468386981484663,0.015265692871205527,-0.002745626638797018,0.0],[0.0,0.0,0.0,0.0,0.0027544082105571397,-0.0151505137697242,0.003421589666324529,0.0],[0.0,0.0,0.0,0.0,0.0,0.0,-0.004928666528697073,0.0014279429962788706],[0.0,0.0,0.0,0.0,0.0,0.0,0.0037166708094137865,-0.0014259059529792505]]}