{"din_name":"flux_level07327.json","din_kind":"RELATIVE","din_start":600.0000091575914,"din_end":660.0000013927875,"din_rules":["Interventions","r1","r1_rev","r2","r3","r4","r5","r6"],"din_hits":[0,149759,149729,19134,1590551,1571414,409541,409565],"din_fluxs":[[0.0,0.0,0.0,0.0,0.0,0.0,0.0,0.0],[0.0,-0.0011105368530178548,0.03454489492826478,0.045741208383493506,0.0,-0.002057571336773078,0.0,0.0],[0.0,0.0011117748944394013,-0.03282721456242627,-0.06363477523409192,0.0,0.003271387072092315,0.0,0.0],[0.0,0.0,0.0,-0.21504178168547972,0.0030846939766032895,0.0,0.0033368875143049604,0.0],[0.0,0.0,0.0,0.0057532200069777785,-0.0030755775075337714,0.011824757751777826,-0.003073998760780953,0.0],[0.0,0.0,0.0,0.0,0.003085076719487727,-0.011939574954484429,0.003250411850788128,0.0],[0.0,0.0,0.0,0.0,0.0,0.0,-0.0020663911380122872,0.004157139517516581],[0.0,0.0,0.0,0.0,0.0,0.0,0.0014257299223856738,-0.004139875589406169]]}