{"din_name":"flux_level11625.json","din_kind":"RELATIVE","din_start":600.0000147028838,"din_end":660.000001353365,"din_rules":["Interventions","r1","r1_rev","r2","r3","r4","r5","r6"],"din_hits":[0,20551,20535,6048,1170965,1164909,1256288,1256288],"din_fluxs":[[0.0,0.0,0.0,0.0,0.0,0.0,0.0,0.0],[0.0,-0.0010939777503804775,0.07496359833780536,0.07697180117801897,0.0,-0.002034703183526909,0.0,0.0],[0.0,0.0010951816129319571,-0.06823607201589071,-0.1288591632336877,0.0,0.0044973847805222155,0.0,0.0],[0.0,0.0,0.0,-0.3624001154287559,0.0027754627230075096,0.0,0.004798191668740324,0.0],[0.0,0.0,0.0,0.004668028611378852,-0.0027685839377105614,0.014877507679982992,-0.0027674121673486145,0.0],[0.0,0.0,0.0,0.0,0.0027762782534244035,-0.014776086417511857,0.003634270063200618,0.0],[0.0,0.0,0.0,0.0,0.0,0.0,-0.003445167061851903,0.0017806770054367485],[0.0,0.0,0.0,0.0,0.0,0.0,0.0026574324959410325,-0.001777509377068028]]}