{"din_name":"flux_level11211.json","din_kind":"RELATIVE","din_start":600.000002597068,"din_end":660.0000178306757,"din_rules":["Interventions","r1","r1_rev","r2","r3","r4","r5","r6"],"din_hits":[0,88875,88856,19429,3071736,3052295,2143215,2143163],"din_fluxs":[[0.0,0.0,0.0,0.0,0.0,0.0,0.0,0.0],[0.0,-0.0010972327395072604,0.060621423231620855,0.06630217611317515,0.0,-0.0020314204811736317,0.0,0.0],[0.0,0.0010984399449036658,-0.05609049784441582,-0.10608068573535348,0.0,0.0040683100271145314,0.0,0.0],[0.0,0.0,0.0,-0.3173954780328504,0.002861819228598078,0.0,0.0038242536372474914,0.0],[0.0,0.0,0.0,0.004849736794809873,-0.0028537235604330666,0.013810493440733885,-0.0028540909931425774,0.0],[0.0,0.0,0.0,0.0,0.0028618952269425972,-0.01376518394692121,0.0033219808949956657,0.0],[0.0,0.0,0.0,0.0,0.0,0.0,-0.0025825953228154532,0.0023853152311357566],[0.0,0.0,0.0,0.0,0.0,0.0,0.0019316605396186965,-0.0023796314615959135]]}