{"din_name":"flux_level04414.json","din_kind":"RELATIVE","din_start":600.0000271743611,"din_end":660.0000015410466,"din_rules":["Interventions","r1","r1_rev","r2","r3","r4","r5","r6"],"din_hits":[0,115838,115811,26202,1864200,1837988,530764,530756],"din_fluxs":[[0.0,0.0,0.0,0.0,0.0,0.0,0.0,0.0],[0.0,-0.0011117655200236455,0.03332831336271768,0.04219336788893964,0.0,-0.002060667401087772,0.0,0.0],[0.0,0.001113007500854754,-0.031701776216463154,-0.061548050837876345,0.0,0.0033933034361738014,0.0,0.0],[0.0,0.0,0.0,-0.20025750304190373,0.00310878509220321,0.0,0.0034095098460910776,0.0],[0.0,0.0,0.0,0.005155752571231052,-0.003099964940725791,0.011701735387680772,-0.0031014045538001953,0.0],[0.0,0.0,0.0,0.0,0.0031096236952165234,-0.011811019556383577,0.0032833483356014236,0.0],[0.0,0.0,0.0,0.0,0.0,0.0,-0.0019838611394867494,0.004953897298389868],[0.0,0.0,0.0,0.0,0.0,0.0,0.001382143996308332,-0.004929382089929933]]}