{"din_name":"flux_level09416.json","din_kind":"RELATIVE","din_start":600.0000023011405,"din_end":660.0000192756116,"din_rules":["Interventions","r1","r1_rev","r2","r3","r4","r5","r6"],"din_hits":[0,196793,196742,73507,2755668,2682153,457347,457361],"din_fluxs":[[0.0,0.0,0.0,0.0,0.0,0.0,0.0,0.0],[0.0,-0.0011288246726386814,0.022016426635863534,0.03001204785112017,0.0,-0.0020985595619281354,0.0,0.0],[0.0,0.0011301065973739945,-0.02117834645990881,-0.041491372248545565,0.0,0.0031409423853515314,0.0,0.0],[0.0,0.0,0.0,-0.13848954357098825,0.003291988615308701,0.0,0.003463405704966704,0.0],[0.0,0.0,0.0,0.005298786792645629,-0.0032811279532128906,0.010700440093359976,-0.0032814099927878024,0.0],[0.0,0.0,0.0,0.0,0.0032919365024321624,-0.010948661569928233,0.003397950892696866,0.0],[0.0,0.0,0.0,0.0,0.0,0.0,-0.0019017262222169827,0.008004211919794606],[0.0,0.0,0.0,0.0,0.0,0.0,0.0012640205957740736,-0.007940192943256239]]}