{"din_name":"flux_level07418.json","din_kind":"RELATIVE","din_start":600.0000003720093,"din_end":660.0000092834114,"din_rules":["Interventions","r1","r1_rev","r2","r3","r4","r5","r6"],"din_hits":[0,69740,69731,28758,4395640,4366874,1309399,1309402],"din_fluxs":[[0.0,0.0,0.0,0.0,0.0,0.0,0.0,0.0],[0.0,-0.0010947761016458146,0.07083135815259181,0.06847235401108566,0.0,-0.0020333469826541235,0.0,0.0],[0.0,0.0010959774848223736,-0.06481377991659824,-0.12127905079899637,0.0,0.0047749634787117795,0.0,0.0],[0.0,0.0,0.0,-0.36843092213565015,0.002658444562011395,0.0,0.003121601385642151,0.0],[0.0,0.0,0.0,0.005389877601991232,-0.0026518964787742693,0.016863641897988252,-0.0026527861282882857,0.0],[0.0,0.0,0.0,0.0,0.00265895376358813,-0.016732927383067787,0.0027999339793744757,0.0],[0.0,0.0,0.0,0.0,0.0,0.0,-0.0020723892836203733,0.0028554322409361827],[0.0,0.0,0.0,0.0,0.0,0.0,0.001606693050448199,-0.002847285932724756]]}