{"din_name":"flux_level10521.json","din_kind":"RELATIVE","din_start":600.0000168370667,"din_end":660.0000052663215,"din_rules":["Interventions","r1","r1_rev","r2","r3","r4","r5","r6"],"din_hits":[0,189449,189420,19283,1604872,1585605,1008553,1008556],"din_fluxs":[[0.0,0.0,0.0,0.0,0.0,0.0,0.0,0.0],[0.0,-0.0011205753551756727,0.02631802720776389,0.043815493538641524,0.0,-0.002079985213705811,0.0,0.0],[0.0,0.001121836677650577,-0.025211832547731457,-0.04963662510881765,0.0,0.002512786718814042,0.0,0.0],[0.0,0.0,0.0,-0.1117012655149496,0.007015348553417377,0.0,0.008932993776314834,0.0],[0.0,0.0,0.0,0.0025632385399475804,-0.006970520267840302,0.005789160240328057,-0.006969842826624473,0.0],[0.0,0.0,0.0,0.0,0.007019695954519135,-0.00587597839441861,0.008639398310984196,0.0],[0.0,0.0,0.0,0.0,0.0,0.0,-0.0049063448082766,0.005821061060701646],[0.0,0.0,0.0,0.0,0.0,0.0,0.002373074270016128,-0.0057872051175437604]]}