{"din_name":"flux_level05861.json","din_kind":"RELATIVE","din_start":600.000004633216,"din_end":660.0000094379341,"din_rules":["Interventions","r1","r1_rev","r2","r3","r4","r5","r6"],"din_hits":[0,38071,38053,20526,2364782,2344255,1144545,1144583],"din_fluxs":[[0.0,0.0,0.0,0.0,0.0,0.0,0.0,0.0],[0.0,-0.0010971477733950853,0.06107632267261194,0.058592923699824384,0.0,-0.0020457118887084124,0.0,0.0],[0.0,0.0010983573535952125,-0.05645586247216913,-0.10541974804455391,0.0,0.0047690138903907,0.0,0.0],[0.0,0.0,0.0,-0.3538993261643418,0.0025904778498561116,0.0,0.003244903137286904,0.0],[0.0,0.0,0.0,0.006117734486237997,-0.002584255928277594,0.01841304204976575,-0.0025837076909829325,0.0],[0.0,0.0,0.0,0.0,0.0025909579998266634,-0.018277176404494087,0.002807404688037582,0.0],[0.0,0.0,0.0,0.0,0.0,0.0,-0.0022079883748070115,0.0024876572822730473],[0.0,0.0,0.0,0.0,0.0,0.0,0.0017622288484597424,-0.002481472002111599]]}