{"din_name":"flux_level01223.json","din_kind":"RELATIVE","din_start":600.0000155805092,"din_end":660.0000028697424,"din_rules":["Interventions","r1","r1_rev","r2","r3","r4","r5","r6"],"din_hits":[0,1464182,1463805,429959,880587,450621,906171,906179],"din_fluxs":[[0.0,0.0,0.0,0.0,0.0,0.0,0.0,0.0],[0.0,-0.0016488225626268933,0.0028189901049086195,0.0072554579967024375,0.0,-0.0031296547945871872,0.0,0.0],[0.0,0.001651628246044147,-0.0027616073231033996,-0.0055129426426113294,0.0,0.002431229622601534,0.0,0.0],[0.0,0.0,0.0,-0.031336425146364644,0.0034215289034749546,0.0,0.0038954022691036713,0.0],[0.0,0.0,0.0,0.012990714080536453,-0.0034098093072559375,0.008363209735763426,-0.0034093304710073485,0.0],[0.0,0.0,0.0,0.0,0.0034214453462711554,-0.013817947977363411,0.0039453810143374145,0.0],[0.0,0.0,0.0,0.0,0.0,0.0,-0.0021380629298138163,0.00655725868806588],[0.0,0.0,0.0,0.0,0.0,0.0,0.001659127745237389,-0.006514300143018559]]}