{"din_name":"flux_level02071.json","din_kind":"RELATIVE","din_start":600.0000073910164,"din_end":660.0000181127539,"din_rules":["Interventions","r1","r1_rev","r2","r3","r4","r5","r6"],"din_hits":[0,58595,58573,17860,1863073,1845230,1465607,1465657],"din_fluxs":[[0.0,0.0,0.0,0.0,0.0,0.0,0.0,0.0],[0.0,-0.0011048138586604989,0.042496075894965346,0.051356290703195626,0.0,-0.0020578370128717135,0.0,0.0],[0.0,0.0011060415368888687,-0.04002815340614512,-0.07780356628817935,0.0,0.0035780531309322124,0.0,0.0],[0.0,0.0,0.0,-0.21573899520014111,0.0032767775663839625,0.0,0.004462600258285027,0.0],[0.0,0.0,0.0,0.0037955316656353663,-0.003264747731248934,0.010696205632497149,-0.003265542713899529,0.0],[0.0,0.0,0.0,0.0,0.003275438059176669,-0.010731367806607332,0.003938275383770546,0.0],[0.0,0.0,0.0,0.0,0.0,0.0,-0.0027522321109604833,0.0027935011806393623],[0.0,0.0,0.0,0.0,0.0,0.0,0.001918139049879203,-0.002785707707961644]]}