{"din_name":"flux_level11531.json","din_kind":"RELATIVE","din_start":600.0000154986898,"din_end":660.0000001233225,"din_rules":["Interventions","r1","r1_rev","r2","r3","r4","r5","r6"],"din_hits":[0,77541,77520,18408,3155616,3137193,1033690,1033684],"din_fluxs":[[0.0,0.0,0.0,0.0,0.0,0.0,0.0,0.0],[0.0,-0.0010945696149741821,0.0717224017670285,0.07289141730335787,0.0,-0.0020020017187683324,0.0,0.0],[0.0,0.0010957704868044364,-0.0655880400041506,-0.12256777690803618,0.0,0.004590956298790408,0.0,0.0],[0.0,0.0,0.0,-0.3884494653558539,0.0026394811701638426,0.0,0.0029938688389513795,0.0],[0.0,0.0,0.0,0.006134965543986996,-0.0026334096297843754,0.017198834024577593,-0.002634403365315468,0.0],[0.0,0.0,0.0,0.0,0.0026403706211312722,-0.01706661448094749,0.0027785774161879604,0.0],[0.0,0.0,0.0,0.0,0.0,0.0,-0.0019134740597216134,0.0033132512356058275],[0.0,0.0,0.0,0.0,0.0,0.0,0.0014998171378570108,-0.003302283904622125]]}