{"din_name":"flux_level06970.json","din_kind":"RELATIVE","din_start":600.0000004336771,"din_end":660.0000003383491,"din_rules":["Interventions","r1","r1_rev","r2","r3","r4","r5","r6"],"din_hits":[0,56770,56756,38136,3856685,3818528,830515,830505],"din_fluxs":[[0.0,0.0,0.0,0.0,0.0,0.0,0.0,0.0],[0.0,-0.0011018707798784117,0.04795361451073699,0.05078807123115058,0.0,-0.0020365027927819576,0.0,0.0],[0.0,0.001103090286683373,-0.04492657118739544,-0.08658182832785023,0.0,0.004056795862121696,0.0,0.0],[0.0,0.0,0.0,-0.2481458153681763,0.0029828269367524257,0.0,0.0034573923447582524,0.0],[0.0,0.0,0.0,0.004014039429179829,-0.0029746591507937583,0.012688062603012777,-0.0029749638028976947,0.0],[0.0,0.0,0.0,0.0,0.002983546578118959,-0.012681602920624892,0.0031314344967796706,0.0],[0.0,0.0,0.0,0.0,0.0,0.0,-0.0022605152342952766,0.0030361343686472796],[0.0,0.0,0.0,0.0,0.0,0.0,0.001577176879747545,-0.0030269254462264978]]}