{"din_name":"flux_level08898.json","din_kind":"RELATIVE","din_start":600.0000086804544,"din_end":660.0000119471537,"din_rules":["Interventions","r1","r1_rev","r2","r3","r4","r5","r6"],"din_hits":[0,127757,127726,4203,355476,351269,2065570,2065588],"din_fluxs":[[0.0,0.0,0.0,0.0,0.0,0.0,0.0,0.0],[0.0,-0.0011134018377171825,0.031749658774346455,0.050169716440861184,0.0,-0.0020606667770680384,0.0,0.0],[0.0,0.001114647544032315,-0.03024692006877517,-0.05726714684903518,0.0,0.002970278746989598,0.0,0.0],[0.0,0.0,0.0,-0.31554908526422176,0.0025946426897047437,0.0,0.004659193657069807,0.0],[0.0,0.0,0.0,0.013034709470869866,-0.0025879015554600713,0.018105451644957016,-0.002592779478700076,0.0],[0.0,0.0,0.0,0.0,0.0025946178969566145,-0.018306978376119165,0.004444565751123159,0.0],[0.0,0.0,0.0,0.0,0.0,0.0,-0.0028856928227411747,0.0020933447097259902],[0.0,0.0,0.0,0.0,0.0,0.0,0.00257740928758271,-0.0020889672954269366]]}