{"din_name":"flux_level03805.json","din_kind":"RELATIVE","din_start":600.000013480287,"din_end":660.0000062942327,"din_rules":["Interventions","r1","r1_rev","r2","r3","r4","r5","r6"],"din_hits":[0,25543,25527,8944,2255079,2246132,758675,758682],"din_fluxs":[[0.0,0.0,0.0,0.0,0.0,0.0,0.0,0.0],[0.0,-0.0010938334528850632,0.07590149915502956,0.0854401902725157,0.0,-0.0020431425916254175,0.0,0.0],[0.0,0.0010950357845072062,-0.06901731535065214,-0.13063050179338054,0.0,0.003891796929680925,0.0,0.0],[0.0,0.0,0.0,-0.3047517936853216,0.0033313577923811265,0.0,0.0037878384178766746,0.0],[0.0,0.0,0.0,0.002640594955671287,-0.0033229180063022576,0.01032920171821664,-0.003322712320279073,0.0],[0.0,0.0,0.0,0.0,0.003334016457598926,-0.010284288317852108,0.0035478131971013126,0.0],[0.0,0.0,0.0,0.0,0.0,0.0,-0.0020177781504007327,0.006492467534688598],[0.0,0.0,0.0,0.0,0.0,0.0,0.001387555831136702,-0.006450354956995153]]}