{"din_name":"flux_level06956.json","din_kind":"RELATIVE","din_start":600.0000250024434,"din_end":660.0000137027733,"din_rules":["Interventions","r1","r1_rev","r2","r3","r4","r5","r6"],"din_hits":[0,58914,58903,6295,2125968,2119662,2202491,2202536],"din_fluxs":[[0.0,0.0,0.0,0.0,0.0,0.0,0.0,0.0],[0.0,-0.0010897341917500579,0.1075470061534612,0.12197534126560733,0.0,-0.0020105255289450787,0.0,0.0],[0.0,0.0010909240813640033,-0.09455361466021153,-0.16615852795516134,0.0,0.004679064708187138,0.0,0.0],[0.0,0.0,0.0,-0.5128052307249975,0.0025728323102401462,0.0,0.0034235548096988194,0.0],[0.0,0.0,0.0,0.0080902032098532,-0.002565948779522968,0.01863680536872864,-0.0025662594208229867,0.0],[0.0,0.0,0.0,0.0,0.002572551123197453,-0.01841952270082322,0.002987596996321426,0.0],[0.0,0.0,0.0,0.0,0.0,0.0,-0.0022142478332375305,0.0025084380579171958],[0.0,0.0,0.0,0.0,0.0,0.0,0.0018204777287248975,-0.0025021513060428384]]}