{"din_name":"flux_level12810.json","din_kind":"RELATIVE","din_start":600.0000004263693,"din_end":660.0000020086794,"din_rules":["Interventions","r1","r1_rev","r2","r3","r4","r5","r6"],"din_hits":[0,138102,138045,119821,2234684,2114845,1674220,1674282],"din_fluxs":[[0.0,0.0,0.0,0.0,0.0,0.0,0.0,0.0],[0.0,-0.0011522650594552976,0.015219254240832567,0.021413628702747326,0.0,-0.002147752860450761,0.0,0.0],[0.0,0.0011536125997463256,-0.014722183022653487,-0.02872313921086414,0.0,0.0031370833138783145,0.0,0.0],[0.0,0.0,0.0,-0.14191797061489658,0.002757790071158426,0.0,0.003346011955194176,0.0],[0.0,0.0,0.0,0.00938560410898555,-0.0027502669328749144,0.015426857386664251,-0.0027504107676880893,0.0],[0.0,0.0,0.0,0.0,0.0027578592757011027,-0.016101863176726194,0.0031370789270056803,0.0],[0.0,0.0,0.0,0.0,0.0,0.0,-0.0022764328334780957,0.002694533579254046],[0.0,0.0,0.0,0.0,0.0,0.0,0.0017648208146346708,-0.0026872772201400018]]}