{"din_name":"flux_level10990.json","din_kind":"RELATIVE","din_start":600.0000397351754,"din_end":660.0000030592118,"din_rules":["Interventions","r1","r1_rev","r2","r3","r4","r5","r6"],"din_hits":[0,64052,64039,875,1079101,1078235,427398,427421],"din_fluxs":[[0.0,0.0,0.0,0.0,0.0,0.0,0.0,0.0],[0.0,-0.0010903686586415655,0.10191433076662477,0.18573691553672414,0.0,-0.002018559095322796,0.0,0.0],[0.0,0.0010915599477019679,-0.08905227795470892,-0.16840496878055697,0.0,0.0023109730538664252,0.0,0.0],[0.0,0.0,0.0,-0.31407058684894074,0.011005518562455194,0.0,0.014458651673255185,0.0],[0.0,0.0,0.0,0.0019407269570436668,-0.010889875904831158,0.004958637929024089,-0.010874710510918798,0.0],[0.0,0.0,0.0,0.0,0.01101071549911424,-0.0049550922988392965,0.013842025346927599,0.0],[0.0,0.0,0.0,0.0,0.0,0.0,-0.009372847687734756,0.003355652218671101],[0.0,0.0,0.0,0.0,0.0,0.0,0.002433014459257419,-0.003344414081897875]]}