{"din_name":"flux_level12605.json","din_kind":"RELATIVE","din_start":600.0000020450742,"din_end":660.0000138789443,"din_rules":["Interventions","r1","r1_rev","r2","r3","r4","r5","r6"],"din_hits":[0,49315,49288,23296,2427741,2404409,748052,748062],"din_fluxs":[[0.0,0.0,0.0,0.0,0.0,0.0,0.0,0.0],[0.0,-0.0011071096917860846,0.03891127839405773,0.049942369232744976,0.0,-0.002053487975213807,0.0,0.0],[0.0,0.001108344900140399,-0.036774789575460855,-0.07160553260446405,0.0,0.0032770945784365716,0.0,0.0],[0.0,0.0,0.0,-0.17494416929178838,0.0039387082070511895,0.0,0.0045296782889285405,0.0],[0.0,0.0,0.0,0.002628690446753238,-0.003922894809446953,0.008457998418276512,-0.003923168828547535,0.0],[0.0,0.0,0.0,0.0,0.003938363248958719,-0.00849216468503919,0.004239012539407188,0.0],[0.0,0.0,0.0,0.0,0.0,0.0,-0.0024503290145540335,0.005973858356063678],[0.0,0.0,0.0,0.0,0.0,0.0,0.0014807951095390497,-0.005938201477463495]]}