{"din_name":"flux_level03231.json","din_kind":"RELATIVE","din_start":600.0000075244855,"din_end":660.0000004074142,"din_rules":["Interventions","r1","r1_rev","r2","r3","r4","r5","r6"],"din_hits":[0,161122,161033,99645,1347333,1247690,226737,226750],"din_fluxs":[[0.0,0.0,0.0,0.0,0.0,0.0,0.0,0.0],[0.0,-0.0011742137154063161,0.011906445301752154,0.018230008348823958,0.0,-0.0021816108047393664,0.0,0.0],[0.0,0.0011756209075324665,-0.011552481891052884,-0.022685707657721314,0.0,0.002946672645552895,0.0,0.0],[0.0,0.0,0.0,-0.13858630959257592,0.0026371355340543685,0.0,0.0026894854642703957,0.0],[0.0,0.0,0.0,0.012497968514601445,-0.0026305488378438584,0.017490964781056138,-0.002630698568715925,0.0],[0.0,0.0,0.0,0.0,0.0026375176162335874,-0.018633109870742702,0.0026780508074761918,0.0],[0.0,0.0,0.0,0.0,0.0,0.0,-0.001380888149071577,0.023372701276637067],[0.0,0.0,0.0,0.0,0.0,0.0,0.0011389924698324348,-0.022826666890917592]]}