{"din_name":"flux_level13349.json","din_kind":"RELATIVE","din_start":600.0000012377111,"din_end":660.0000134238877,"din_rules":["Interventions","r1","r1_rev","r2","r3","r4","r5","r6"],"din_hits":[0,85991,85973,23883,3898626,3874754,14619,14622],"din_fluxs":[[0.0,0.0,0.0,0.0,0.0,0.0,0.0,0.0],[0.0,-0.0010970704699726328,0.061372008451333615,0.06619184044804435,0.0,-0.002009195252048242,0.0,0.0],[0.0,0.0010982773531725144,-0.056740270298137295,-0.10780947805599067,0.0,0.0039966243086504245,0.0,0.0],[0.0,0.0,0.0,-0.2994478074436133,0.0029909266658331903,0.0,0.01133409363143567,0.0],[0.0,0.0,0.0,0.004093086693036148,-0.002982006187043784,0.012538846594524736,-0.0029520156662152246,0.0],[0.0,0.0,0.0,0.0,0.0029909303081453206,-0.012501648734478307,0.010133928283925816,0.0],[0.0,0.0,0.0,0.0,0.0,0.0,-0.20168784986115548,0.001008610883461973],[0.0,0.0,0.0,0.0,0.0,0.0,0.4457286689791495,-0.0010075949099932998]]}