{"din_name":"flux_level10260.json","din_kind":"RELATIVE","din_start":600.0000035622875,"din_end":660.000017675081,"din_rules":["Interventions","r1","r1_rev","r2","r3","r4","r5","r6"],"din_hits":[0,48602,48590,2625,812536,809909,2031545,2031538],"din_fluxs":[[0.0,0.0,0.0,0.0,0.0,0.0,0.0,0.0],[0.0,-0.0010928962283766113,0.08091664421317456,0.10787694486429568,0.0,-0.0020290604404563086,0.0,0.0],[0.0,0.0010940940330992563,-0.07326589196373202,-0.1324636056774918,0.0,0.003773039174280579,0.0,0.0],[0.0,0.0,0.0,-0.4540857722019223,0.0026965078571044906,0.0,0.004151964062775273,0.0],[0.0,0.0,0.0,0.008509139030460544,-0.0026900462270172403,0.015973119119411173,-0.0026916975733019544,0.0],[0.0,0.0,0.0,0.0,0.0026973076361460797,-0.01587268822379782,0.003725952040752505,0.0],[0.0,0.0,0.0,0.0,0.0,0.0,-0.002523536859492278,0.002418981503293415],[0.0,0.0,0.0,0.0,0.0,0.0,0.002120567242878405,-0.0024131362010579283]]}