{"din_name":"flux_level02309.json","din_kind":"RELATIVE","din_start":600.0000001849304,"din_end":660.0000081348749,"din_rules":["Interventions","r1","r1_rev","r2","r3","r4","r5","r6"],"din_hits":[0,45492,45481,7942,2489829,2481867,108428,108444],"din_fluxs":[[0.0,0.0,0.0,0.0,0.0,0.0,0.0,0.0],[0.0,-0.0010896154776802115,0.11197065352145956,0.11534159789692908,0.0,-0.0020064596920010263,0.0,0.0],[0.0,0.001090805392844307,-0.09554321000085747,-0.1709434909140393,0.0,0.004836680513531692,0.0,0.0],[0.0,0.0,0.0,-0.4900376025135859,0.002622563414870633,0.0,0.00315175738676513,0.0],[0.0,0.0,0.0,0.006444771329123227,-0.002615261107023478,0.01748396266447058,-0.0026169415961437496,0.0],[0.0,0.0,0.0,0.0,0.0026221192684705483,-0.017286733111030735,0.002798075237435938,0.0],[0.0,0.0,0.0,0.0,0.0,0.0,-0.013678603573512823,0.0011084848145904728],[0.0,0.0,0.0,0.0,0.0,0.0,0.010616675689006545,-0.0011072551036751441]]}