{"din_name":"flux_level06931.json","din_kind":"RELATIVE","din_start":600.0000012095974,"din_end":660.0000037123849,"din_rules":["Interventions","r1","r1_rev","r2","r3","r4","r5","r6"],"din_hits":[0,231208,231158,26806,1406819,1380015,994698,994729],"din_fluxs":[[0.0,0.0,0.0,0.0,0.0,0.0,0.0,0.0],[0.0,-0.0011212521565765266,0.025877294993421777,0.03627505392683806,0.0,-0.0020745150137602003,0.0,0.0],[0.0,0.0011225144561934123,-0.024802081258625652,-0.048311410917936656,0.0,0.003102770656383721,0.0,0.0],[0.0,0.0,0.0,-0.19252359622702322,0.0029514257608866177,0.0,0.0035109522855919562,0.0],[0.0,0.0,0.0,0.007383235827231398,-0.0029428259053388296,0.01293518118916026,-0.002943341717292166,0.0],[0.0,0.0,0.0,0.0,0.002951518290838882,-0.013181578679114824,0.0033665227362468316,0.0],[0.0,0.0,0.0,0.0,0.0,0.0,-0.0022620958776446666,0.003135288399699929],[0.0,0.0,0.0,0.0,0.0,0.0,0.0016814152464128158,-0.0031254670032888027]]}