{"din_name":"flux_level09901.json","din_kind":"RELATIVE","din_start":600.0000045902351,"din_end":660.0000080178227,"din_rules":["Interventions","r1","r1_rev","r2","r3","r4","r5","r6"],"din_hits":[0,43248,43226,15390,2148300,2132896,510227,510246],"din_fluxs":[[0.0,0.0,0.0,0.0,0.0,0.0,0.0,0.0],[0.0,-0.0010990498034157826,0.054853045247705345,0.060520024148381334,0.0,-0.002034252931861645,0.0,0.0],[0.0,0.0011002638278016133,-0.05103985414337975,-0.09849888878160495,0.0,0.003942974203467892,0.0,0.0],[0.0,0.0,0.0,-0.26807577405795785,0.0030760768522072024,0.0,0.005699029177968355,0.0],[0.0,0.0,0.0,0.003767898375953942,-0.0030676390973595298,0.011886795084666174,-0.0030619240936200446,0.0],[0.0,0.0,0.0,0.0,0.003077092371706869,-0.011868446318675159,0.003951473380655966,0.0],[0.0,0.0,0.0,0.0,0.0,0.0,-0.010683072442254886,0.0011895282889561422],[0.0,0.0,0.0,0.0,0.0,0.0,0.007169032435055721,-0.0011881150095623993]]}