{"din_name":"flux_level06536.json","din_kind":"RELATIVE","din_start":600.000001381438,"din_end":660.0000043987131,"din_rules":["Interventions","r1","r1_rev","r2","r3","r4","r5","r6"],"din_hits":[0,54190,54178,8524,2625811,2617292,1569695,1569680],"din_fluxs":[[0.0,0.0,0.0,0.0,0.0,0.0,0.0,0.0],[0.0,-0.0010917917254619257,0.08864459799837095,0.09961296438974328,0.0,-0.002021530970966536,0.0,0.0],[0.0,0.001092986654235153,-0.07957714341571756,-0.14711174819665235,0.0,0.004062134960793947,0.0,0.0],[0.0,0.0,0.0,-0.38331467748716136,0.0029789284527658288,0.0,0.003672846283375396,0.0],[0.0,0.0,0.0,0.0041797916174970305,-0.0029692865751470843,0.012569634986051226,-0.002968765947431977,0.0],[0.0,0.0,0.0,0.0,0.002978132007306173,-0.01249438649498667,0.003325820555904788,0.0],[0.0,0.0,0.0,0.0,0.0,0.0,-0.0021788999401533594,0.003434214133090818],[0.0,0.0,0.0,0.0,0.0,0.0,0.0016036971470968634,-0.0034224323320099738]]}