{"din_name":"flux_level06438.json","din_kind":"RELATIVE","din_start":600.0000002085688,"din_end":660.0000019845412,"din_rules":["Interventions","r1","r1_rev","r2","r3","r4","r5","r6"],"din_hits":[0,198229,198180,27825,1507965,1480142,975816,975829],"din_fluxs":[[0.0,0.0,0.0,0.0,0.0,0.0,0.0,0.0],[0.0,-0.001123705994772527,0.02448558211545295,0.036007565877025006,0.0,-0.002082884704405241,0.0,0.0],[0.0,0.001124975076348313,-0.023497351348079742,-0.04605875499891708,0.0,0.0028922908395235705,0.0,0.0],[0.0,0.0,0.0,-0.14088849633722705,0.0036946274748752422,0.0,0.00469769784534995,0.0],[0.0,0.0,0.0,0.004804328130853713,-0.003681764783012096,0.009065232735072657,-0.003683408010608457,0.0],[0.0,0.0,0.0,0.0,0.003695399629959687,-0.009256836010438325,0.00445219172020169,0.0],[0.0,0.0,0.0,0.0,0.0,0.0,-0.0031243353024617533,0.0028246253279559804],[0.0,0.0,0.0,0.0,0.0,0.0,0.0019700416899106586,-0.0028166559847439252]]}