{"din_name":"flux_level01211.json","din_kind":"RELATIVE","din_start":600.0000011142153,"din_end":660.0000027661922,"din_rules":["Interventions","r1","r1_rev","r2","r3","r4","r5","r6"],"din_hits":[0,19820,19799,23931,2418144,2394209,2029126,2029092],"din_fluxs":[[0.0,0.0,0.0,0.0,0.0,0.0,0.0,0.0],[0.0,-0.0010984547542665234,0.05769378470473546,0.05160235425230882,0.0,-0.0019865964065748807,0.0,0.0],[0.0,0.0010996725511933517,-0.05273559738624831,-0.10036662236488524,0.0,0.004796523375606148,0.0,0.0],[0.0,0.0,0.0,-0.3151968105633027,0.0026540964020839368,0.0,0.003770832380993465,0.0],[0.0,0.0,0.0,0.005268787244771823,-0.002647760433632485,0.017049798856928835,-0.0026482825981990464,0.0],[0.0,0.0,0.0,0.0,0.002654799244280744,-0.016950303758959676,0.0030729415734314248,0.0],[0.0,0.0,0.0,0.0,0.0,0.0,-0.002433369118522597,0.0023119572294365565],[0.0,0.0,0.0,0.0,0.0,0.0,0.0019376658700133622,-0.002306616547453996]]}