{"din_name":"flux_level11067.json","din_kind":"RELATIVE","din_start":600.0000321661105,"din_end":660.0000001136083,"din_rules":["Interventions","r1","r1_rev","r2","r3","r4","r5","r6"],"din_hits":[0,43210,43191,25776,2634454,2608684,1914448,1914463],"din_fluxs":[[0.0,0.0,0.0,0.0,0.0,0.0,0.0,0.0],[0.0,-0.0010988243621383891,0.05546249652383323,0.05414578605710681,0.0,-0.002049238627670984,0.0,0.0],[0.0,0.001100037826881582,-0.0515692794524004,-0.09732924832984602,0.0,0.0046601169952501485,0.0,0.0],[0.0,0.0,0.0,-0.32987469426146093,0.0026141732784045165,0.0,0.003791245293926891,0.0],[0.0,0.0,0.0,0.006002861370275094,-0.002607695572836391,0.01788807493761082,-0.002605879074171899,0.0],[0.0,0.0,0.0,0.0,0.0026145191401167572,-0.017785094204783743,0.003033614431301624,0.0],[0.0,0.0,0.0,0.0,0.0,0.0,-0.0028241316777956956,0.0019271902084341227],[0.0,0.0,0.0,0.0,0.0,0.0,0.002249068734300809,-0.0019234793716637812]]}