{"din_name":"flux_level13738.json","din_kind":"RELATIVE","din_start":600.0000043589785,"din_end":660.0000083902702,"din_rules":["Interventions","r1","r1_rev","r2","r3","r4","r5","r6"],"din_hits":[0,40250,40239,17212,3606477,3589257,520738,520723],"din_fluxs":[[0.0,0.0,0.0,0.0,0.0,0.0,0.0,0.0],[0.0,-0.001092017866691232,0.08700100500502093,0.08366697696217776,0.0,-0.002060624928033552,0.0,0.0],[0.0,0.0010932138679919374,-0.07823670938941825,-0.1456896508235261,0.0,0.00489467585824758,0.0,0.0],[0.0,0.0,0.0,-0.39659305373647774,0.002710883198341481,0.0,0.004208277829714303,0.0],[0.0,0.0,0.0,0.004653998059915974,-0.0027037487535616442,0.015872659916752765,-0.0027032757012281665,0.0],[0.0,0.0,0.0,0.0,0.002711082831933409,-0.015728494637595136,0.0030605811037282627,0.0],[0.0,0.0,0.0,0.0,0.0,0.0,-0.008940742525501021,0.001186789525497256],[0.0,0.0,0.0,0.0,0.0,0.0,0.006709091728380704,-0.0011853829265134877]]}