{"din_name":"flux_level07422.json","din_kind":"RELATIVE","din_start":600.0000097881539,"din_end":660.0000027287526,"din_rules":["Interventions","r1","r1_rev","r2","r3","r4","r5","r6"],"din_hits":[0,549,521,34017,2831676,2797635,611423,611390],"din_fluxs":[[0.0,0.0,0.0,0.0,0.0,0.0,0.0,0.0],[0.0,-0.0011050555311047734,0.04925898289013677,0.05346773928887217,0.0,-0.0021193447940983543,0.0,0.0],[0.0,0.001106936708422134,-0.04218769121267466,-0.07876453693366051,0.0,0.003831755093317019,0.0,0.0],[0.0,0.0,0.0,-0.19625829251264887,0.003259185078616247,0.0,0.003729080355465902,0.0],[0.0,0.0,0.0,0.0029968983605932168,-0.0032472017708550954,0.010857092099287183,-0.003247819737725328,0.0],[0.0,0.0,0.0,0.0,0.003257772397727245,-0.01086973152331273,0.003398579506608758,0.0],[0.0,0.0,0.0,0.0,0.0,0.0,-0.001995463828533421,0.00586569088704532],[0.0,0.0,0.0,0.0,0.0,0.0,0.0013386504479298664,-0.005831335043444991]]}