{"din_name":"flux_level06760.json","din_kind":"RELATIVE","din_start":600.0000180395974,"din_end":660.0000015104965,"din_rules":["Interventions","r1","r1_rev","r2","r3","r4","r5","r6"],"din_hits":[0,348851,348792,105705,2552060,2446359,742176,742187],"din_fluxs":[[0.0,0.0,0.0,0.0,0.0,0.0,0.0,0.0],[0.0,-0.0011439931448860613,0.01703363724339343,0.024265620297873675,0.0,-0.00212693774594409,0.0,0.0],[0.0,0.0011453093105398134,-0.016468685489623318,-0.03222304444949754,0.0,0.0030701736732289,0.0,0.0],[0.0,0.0,0.0,-0.1439638070311619,0.002880174228390649,0.0,0.003231766703181385,0.0],[0.0,0.0,0.0,0.008310671006458412,-0.0028722267961038446,0.013778804411916746,-0.002875116212598663,0.0],[0.0,0.0,0.0,0.0,0.002880518814316617,-0.01430060834160889,0.0031132725026662956,0.0],[0.0,0.0,0.0,0.0,0.0,0.0,-0.00277874981946376,0.0021315018339031554],[0.0,0.0,0.0,0.0,0.0,0.0,0.001993849766579502,-0.0021269631408083957]]}