{"din_name":"flux_level03150.json","din_kind":"RELATIVE","din_start":600.0000066502436,"din_end":660.0000059075242,"din_rules":["Interventions","r1","r1_rev","r2","r3","r4","r5","r6"],"din_hits":[0,108662,108632,24770,966463,941691,638056,638051],"din_fluxs":[[0.0,0.0,0.0,0.0,0.0,0.0,0.0,0.0],[0.0,-0.0011223571138763953,0.02524728436065878,0.031846391501655906,0.0,-0.0020819387623395007,0.0,0.0],[0.0,0.0011236261469151668,-0.024197357322905687,-0.04669841910183588,0.0,0.0035437998533527806,0.0,0.0],[0.0,0.0,0.0,-0.23619883397860714,0.0025709061244944985,0.0,0.0028573497254475826,0.0],[0.0,0.0,0.0,0.010224225176110366,-0.0025645128017976948,0.019022481407451493,-0.0025650999043390064,0.0],[0.0,0.0,0.0,0.0,0.0025711138991205925,-0.019310564630788632,0.0027619818261058094,0.0],[0.0,0.0,0.0,0.0,0.0,0.0,-0.0016680042616712255,0.004603695974010676],[0.0,0.0,0.0,0.0,0.0,0.0,0.0013807629375612673,-0.0045825239006640015]]}