{"din_name":"flux_level09356.json","din_kind":"RELATIVE","din_start":600.000004821805,"din_end":660.0000110089263,"din_rules":["Interventions","r1","r1_rev","r2","r3","r4","r5","r6"],"din_hits":[0,12359,12339,10081,1067316,1057225,1137623,1137614],"din_fluxs":[[0.0,0.0,0.0,0.0,0.0,0.0,0.0,0.0],[0.0,-0.0011044019379766081,0.04324611754187662,0.05115424698503867,0.0,-0.0020576857047963394,0.0,0.0],[0.0,0.0011056485645322216,-0.04056022238189101,-0.07850500796382279,0.0,0.003572137123203616,0.0,0.0],[0.0,0.0,0.0,-0.19659434843593973,0.003547511409023787,0.0,0.0047939903966307245,0.0],[0.0,0.0,0.0,0.0027504756352074392,-0.003534707637565061,0.009561642275805129,-0.003535969817729222,0.0],[0.0,0.0,0.0,0.0,0.0035472569965712395,-0.009577757510192877,0.004319432611957724,0.0],[0.0,0.0,0.0,0.0,0.0,0.0,-0.0025676192365079635,0.004096134250177305],[0.0,0.0,0.0,0.0,0.0,0.0,0.0018509043165868026,-0.004079371707789417]]}