{"din_name":"flux_level07914.json","din_kind":"RELATIVE","din_start":600.0000081275247,"din_end":660.0000388288693,"din_rules":["Interventions","r1","r1_rev","r2","r3","r4","r5","r6"],"din_hits":[0,68472,68462,1518,838669,837126,928348,928364],"din_fluxs":[[0.0,0.0,0.0,0.0,0.0,0.0,0.0,0.0],[0.0,-0.0010918189997377295,0.08860081368368529,0.14605923441775887,0.0,-0.0020280775820770746,0.0,0.0],[0.0,0.001093013596090286,-0.0795522655582442,-0.1460142700029227,0.0,0.003007750275659928,0.0,0.0],[0.0,0.0,0.0,-0.428340056236784,0.0032168201919946385,0.0,0.005437894512436982,0.0],[0.0,0.0,0.0,0.007149492611701727,-0.0032065618760689376,0.010796639356087243,-0.0032129405011112376,0.0],[0.0,0.0,0.0,0.0,0.003216889929419911,-0.010778203250442667,0.004935898690098179,0.0],[0.0,0.0,0.0,0.0,0.0,0.0,-0.004938819531175379,0.0016409003038386888],[0.0,0.0,0.0,0.0,0.0,0.0,0.003428573301350922,-0.001638209098836542]]}