{"din_name":"flux_level00743.json","din_kind":"RELATIVE","din_start":600.000000206603,"din_end":660.0000018016569,"din_rules":["Interventions","r1","r1_rev","r2","r3","r4","r5","r6"],"din_hits":[0,49970,49956,18221,3595577,3577340,1957268,1957266],"din_fluxs":[[0.0,0.0,0.0,0.0,0.0,0.0,0.0,0.0],[0.0,-0.0010918479759062496,0.088062734752375,0.08387046056904357,0.0,-0.0020421557027757013,0.0,0.0],[0.0,0.0010930431816574319,-0.07913382780941051,-0.14393057534364628,0.0,0.00510811297442719,0.0,0.0],[0.0,0.0,0.0,-0.4358542133177154,0.002570615751988849,0.0,0.0032772667214936357,0.0],[0.0,0.0,0.0,0.006020609550643918,-0.0025646599836303,0.018804675781206672,-0.0025658725845717667,0.0],[0.0,0.0,0.0,0.0,0.0025712596312421738,-0.018589937787453346,0.002806125942275491,0.0],[0.0,0.0,0.0,0.0,0.0,0.0,-0.0021852989138597336,0.0025012648295122983],[0.0,0.0,0.0,0.0,0.0,0.0,0.0017613644701071518,-0.0024950148525663854]]}