{"din_name":"flux_level13431.json","din_kind":"RELATIVE","din_start":600.0000298681866,"din_end":660.0000437752865,"din_rules":["Interventions","r1","r1_rev","r2","r3","r4","r5","r6"],"din_hits":[0,292320,292264,8477,355755,347259,1478797,1478835],"din_fluxs":[[0.0,0.0,0.0,0.0,0.0,0.0,0.0,0.0],[0.0,-0.0011346725951947995,0.019771637766844444,0.03370613479213521,0.0,-0.0021152282830554387,0.0,0.0],[0.0,0.0011359667774260957,-0.01906301897791189,-0.03667616026594666,0.0,0.0026583815132625557,0.0,0.0],[0.0,0.0,0.0,-0.22167910435590382,0.002655148644157136,0.0,0.004927922397919454,0.0],[0.0,0.0,0.0,0.013505347392248688,-0.0026481155505284496,0.016793118699731584,-0.0026460011333332488,0.0],[0.0,0.0,0.0,0.0,0.002655153271867557,-0.017342531611049372,0.00478930458229037,0.0],[0.0,0.0,0.0,0.0,0.0,0.0,-0.003538408954308486,0.0018140935853346845],[0.0,0.0,0.0,0.0,0.0,0.0,0.003038711092332528,-0.0018108075172714238]]}