{"din_name":"flux_level04990.json","din_kind":"RELATIVE","din_start":600.0000026598358,"din_end":660.0000031337697,"din_rules":["Interventions","r1","r1_rev","r2","r3","r4","r5","r6"],"din_hits":[0,48885,48867,24831,1803912,1779078,76209,76212],"din_fluxs":[[0.0,0.0,0.0,0.0,0.0,0.0,0.0,0.0],[0.0,-0.0011078058285492064,0.03796943320780425,0.04266509697548167,0.0,-0.002041409316052266,0.0,0.0],[0.0,0.0011090418968173824,-0.03591036690242857,-0.06974364882142489,0.0,0.003819233223021281,0.0,0.0],[0.0,0.0,0.0,-0.22118150203324927,0.0029497421616723626,0.0,0.0029783621443219715,0.0],[0.0,0.0,0.0,0.004891117504899597,-0.0029414869916999293,0.013020336475645388,-0.0029416295886559975,0.0],[0.0,0.0,0.0,0.0,0.002950175614570806,-0.01307734933696434,0.00296604477592815,0.0],[0.0,0.0,0.0,0.0,0.0,0.0,-0.0014986055891035692,0.06336830984514344],[0.0,0.0,0.0,0.0,0.0,0.0,0.0011270411672420068,-0.059332928059143995]]}