{"din_name":"flux_level01057.json","din_kind":"RELATIVE","din_start":600.000011419637,"din_end":660.0000044455193,"din_rules":["Interventions","r1","r1_rev","r2","r3","r4","r5","r6"],"din_hits":[0,107700,107677,39282,2570709,2531423,872316,872304],"din_fluxs":[[0.0,0.0,0.0,0.0,0.0,0.0,0.0,0.0],[0.0,-0.001109421876500583,0.035859557913854284,0.04132244124012128,0.0,-0.002071976116985001,0.0,0.0],[0.0,0.0011106582015001157,-0.03402277524531769,-0.06576310844001816,0.0,0.003816797036381969,0.0,0.0],[0.0,0.0,0.0,-0.2357497890812173,0.002795189088627668,0.0,0.003709629570473216,0.0],[0.0,0.0,0.0,0.006107687242022273,-0.0027876230773144486,0.014763933441075145,-0.0027863838278616754,0.0],[0.0,0.0,0.0,0.0,0.0027954228184782935,-0.014843210778569203,0.003193332988600851,0.0],[0.0,0.0,0.0,0.0,0.0,0.0,-0.004359399723710068,0.0015018328059879158],[0.0,0.0,0.0,0.0,0.0,0.0,0.003205444993419102,-0.001499580199505157]]}