{"din_name":"flux_level04964.json","din_kind":"RELATIVE","din_start":600.000010682581,"din_end":660.0000179444706,"din_rules":["Interventions","r1","r1_rev","r2","r3","r4","r5","r6"],"din_hits":[0,48344,48336,2427,1299766,1297350,553392,553375],"din_fluxs":[[0.0,0.0,0.0,0.0,0.0,0.0,0.0,0.0],[0.0,-0.0010892667815856484,0.11313171535959622,0.154757417622619,0.0,-0.0020146983968297445,0.0,0.0],[0.0,0.0010904557054002462,-0.09878304135900821,-0.1739794397139007,0.0,0.0038375431234421217,0.0,0.0],[0.0,0.0,0.0,-0.5045765792741488,0.0028025990711941532,0.0,0.002994570220040332,0.0],[0.0,0.0,0.0,0.007254488215577749,-0.0027936188936352234,0.014369275289946887,-0.002794125060620886,0.0],[0.0,0.0,0.0,0.0,0.0028014465557765576,-0.014257232433473642,0.002930810176297436,0.0],[0.0,0.0,0.0,0.0,0.0,0.0,-0.001559920524022375,0.01089213219495963],[0.0,0.0,0.0,0.0,0.0,0.0,0.0012609576393923197,-0.010773629353831886]]}