{"din_name":"flux_level01281.json","din_kind":"RELATIVE","din_start":600.0000065359199,"din_end":660.000002728704,"din_rules":["Interventions","r1","r1_rev","r2","r3","r4","r5","r6"],"din_hits":[0,162429,162393,28436,1709457,1681025,1094618,1094608],"din_fluxs":[[0.0,0.0,0.0,0.0,0.0,0.0,0.0,0.0],[0.0,-0.001115398778555713,0.029971634939214085,0.038704309173303524,0.0,-0.002064882103568267,0.0,0.0],[0.0,0.0011166484030335792,-0.028607415074721435,-0.055378268013802356,0.0,0.003349761401877946,0.0,0.0],[0.0,0.0,0.0,-0.20590258312282053,0.0029333211314128134,0.0,0.0035006038374240304,0.0],[0.0,0.0,0.0,0.0065027793624433975,-0.0029245324387167522,0.01314343206906997,-0.0029241851233755374,0.0],[0.0,0.0,0.0,0.0,0.002933111642024683,-0.013309835092471184,0.0033039096759985985,0.0],[0.0,0.0,0.0,0.0,0.0,0.0,-0.0022376154616773384,0.0031368471526987273],[0.0,0.0,0.0,0.0,0.0,0.0,0.0016624044133658007,-0.003127019170314369]]}