{"din_name":"flux_level07820.json","din_kind":"RELATIVE","din_start":600.0001232700289,"din_end":660.0000436748402,"din_rules":["Interventions","r1","r1_rev","r2","r3","r4","r5","r6"],"din_hits":[0,43287,43271,278,165425,165149,262257,262256],"din_fluxs":[[0.0,0.0,0.0,0.0,0.0,0.0,0.0,0.0],[0.0,-0.001092859902576725,0.08131335750032473,0.1734777859343607,0.0,-0.0020038512609947892,0.0,0.0],[0.0,0.0010940578800676434,-0.07356159626345872,-0.12426916580310746,0.0,0.002620673750366393,0.0,0.0],[0.0,0.0,0.0,-0.5613484856312022,0.0027264408612665113,0.0,0.0028701630353367927,0.0],[0.0,0.0,0.0,0.015963274285400036,-0.0027221270850460244,0.015288404406738863,-0.0027220666866106646,0.0],[0.0,0.0,0.0,0.0,0.002729565043091201,-0.015236676844709739,0.002864753052848319,0.0],[0.0,0.0,0.0,0.0,0.0,0.0,-0.0014424638501741882,0.02326047623241737],[0.0,0.0,0.0,0.0,0.0,0.0,0.0013594931272815876,-0.02271949401652379]]}