{"din_name":"flux_level07188.json","din_kind":"RELATIVE","din_start":600.0000049537043,"din_end":660.0000133987654,"din_rules":["Interventions","r1","r1_rev","r2","r3","r4","r5","r6"],"din_hits":[0,59154,59140,13109,2928313,2915227,612063,612077],"din_fluxs":[[0.0,0.0,0.0,0.0,0.0,0.0,0.0,0.0],[0.0,-0.0010929108170630317,0.08241650256709507,0.08485388518497558,0.0,-0.0020259315322691527,0.0,0.0],[0.0,0.0010941083297520667,-0.07348066749291791,-0.13662136396831576,0.0,0.004447060853170043,0.0,0.0],[0.0,0.0,0.0,-0.3859048178007008,0.002764776024940996,0.0,0.0040718652079036015,0.0],[0.0,0.0,0.0,0.005014172181413021,-0.0027579446284860553,0.014999460841555085,-0.0027602254203635402,0.0],[0.0,0.0,0.0,0.0,0.0027655787838649797,-0.014890403543930683,0.0031889351273398934,0.0],[0.0,0.0,0.0,0.0,0.0,0.0,-0.007256346670405282,0.0012488518642382162],[0.0,0.0,0.0,0.0,0.0,0.0,0.005358583649408186,-0.0012472937559354807]]}