{"din_name":"flux_level04009.json","din_kind":"RELATIVE","din_start":600.000017114838,"din_end":660.0000233055316,"din_rules":["Interventions","r1","r1_rev","r2","r3","r4","r5","r6"],"din_hits":[0,23470,23459,12268,2418539,2406262,658071,658085],"din_fluxs":[[0.0,0.0,0.0,0.0,0.0,0.0,0.0,0.0],[0.0,-0.0010951008126936046,0.06980309924050637,0.07394408836071868,0.0,-0.002038801902070811,0.0,0.0],[0.0,0.001096306581163151,-0.06383869484254787,-0.12140504455855271,0.0,0.004093755597075386,0.0,0.0],[0.0,0.0,0.0,-0.2926877634786678,0.0031778694154317544,0.0,0.006369004790711176,0.0],[0.0,0.0,0.0,0.002871360615519897,-0.003167980482968824,0.011188978628166889,-0.0031741876616427443,0.0],[0.0,0.0,0.0,0.0,0.003178056992621286,-0.011140317557193979,0.003999531371276537,0.0],[0.0,0.0,0.0,0.0,0.0,0.0,-0.008281055744117645,0.0012680713126712582],[0.0,0.0,0.0,0.0,0.0,0.0,0.005395835007732716,-0.0012664647300937356]]}