{"din_name":"flux_level12319.json","din_kind":"RELATIVE","din_start":600.0000039614773,"din_end":660.0000093466025,"din_rules":["Interventions","r1","r1_rev","r2","r3","r4","r5","r6"],"din_hits":[0,49623,49601,53285,4735510,4682215,380630,380649],"din_fluxs":[[0.0,0.0,0.0,0.0,0.0,0.0,0.0,0.0],[0.0,-0.0010991069719050036,0.05458566709233407,0.0520572116857999,0.0,-0.0020871738265603253,0.0,0.0],[0.0,0.001100320534566159,-0.05080852032141458,-0.09586205139052346,0.0,0.00494415305217177,0.0,0.0],[0.0,0.0,0.0,-0.3418800285312394,0.0025334576974443946,0.0,0.0026206815888894105,0.0],[0.0,0.0,0.0,0.006754678603163437,-0.0025275129544607457,0.020042945409212098,-0.0025274883469297857,0.0],[0.0,0.0,0.0,0.0,0.002533924808326176,-0.019895930335659232,0.002554901094728215,0.0],[0.0,0.0,0.0,0.0,0.0,0.0,-0.0013879709653777605,0.01153958375451748],[0.0,0.0,0.0,0.0,0.0,0.0,0.0011236324503266133,-0.011406505534192257]]}