{"din_name":"flux_level06695.json","din_kind":"RELATIVE","din_start":600.0000015558363,"din_end":660.0000080900111,"din_rules":["Interventions","r1","r1_rev","r2","r3","r4","r5","r6"],"din_hits":[0,81881,81857,9748,1976521,1966765,1929241,1929249],"din_fluxs":[[0.0,0.0,0.0,0.0,0.0,0.0,0.0,0.0],[0.0,-0.00109460674601758,0.07162409599886509,0.0817092948009271,0.0,-0.00202668173005202,0.0,0.0],[0.0,0.001095807374101027,-0.06549906544330389,-0.121624472236949,0.0,0.004201261866508293,0.0,0.0],[0.0,0.0,0.0,-0.40175843584209175,0.002667086622082112,0.0,0.0033462650929730908,0.0],[0.0,0.0,0.0,0.007112805042200366,-0.0026592511580296897,0.016623526092092746,-0.002661495181589813,0.0],[0.0,0.0,0.0,0.0,0.0026663407650336095,-0.016518256805173246,0.0030542967810112238,0.0],[0.0,0.0,0.0,0.0,0.0,0.0,-0.0020437727221184533,0.0030824991183314105],[0.0,0.0,0.0,0.0,0.0,0.0,0.0016538703983462193,-0.0030730059294423917]]}