{"din_name":"flux_level01560.json","din_kind":"RELATIVE","din_start":600.0000107721221,"din_end":660.0000064380529,"din_rules":["Interventions","r1","r1_rev","r2","r3","r4","r5","r6"],"din_hits":[0,204723,204683,10370,615636,605247,793035,793063],"din_fluxs":[[0.0,0.0,0.0,0.0,0.0,0.0,0.0,0.0],[0.0,-0.0011202330938760645,0.026511129504732115,0.03965853254692812,0.0,-0.0020622044306869646,0.0,0.0],[0.0,0.0011214935998320808,-0.02539134459918936,-0.048730048669250126,0.0,0.0030021351787649486,0.0,0.0],[0.0,0.0,0.0,-0.25738247051614904,0.0026405073579064057,0.0,0.004097667620653913,0.0],[0.0,0.0,0.0,0.01166680839664479,-0.002634447282756488,0.017142826330305408,-0.0026349834205368276,0.0],[0.0,0.0,0.0,0.0,0.002641424187111668,-0.017441306409193804,0.0038376417993850535,0.0],[0.0,0.0,0.0,0.0,0.0,0.0,-0.004500890275264821,0.0014830924624343413],[0.0,0.0,0.0,0.0,0.0,0.0,0.0035978434184534887,-0.001480895795943355]]}