{"din_name":"flux_level06910.json","din_kind":"RELATIVE","din_start":600.0001877982859,"din_end":660.0000022396877,"din_rules":["Interventions","r1","r1_rev","r2","r3","r4","r5","r6"],"din_hits":[0,29341,29331,43,67340,67301,409991,409976],"din_fluxs":[[0.0,0.0,0.0,0.0,0.0,0.0,0.0,0.0],[0.0,-0.0010891787061302009,0.11735369773045949,0.2823004217159214,0.0,-0.0020090913912429887,0.0,0.0],[0.0,0.0010903682445198154,-0.09958203462104062,-0.16091050835414958,0.0,0.002257912692506845,0.0,0.0],[0.0,0.0,0.0,-0.5936599928515764,0.0030761416642367083,0.0,0.011359487172883669,0.0],[0.0,0.0,0.0,0.01558661453870048,-0.003065808377884255,0.011602261464003812,-0.0030456369637059206,0.0],[0.0,0.0,0.0,0.0,0.0030752421458207016,-0.011577967222333844,0.011679525459855967,0.0],[0.0,0.0,0.0,0.0,0.0,0.0,-0.008339328658415652,0.0015670050975245646],[0.0,0.0,0.0,0.0,0.0,0.0,0.0070026297517898515,-0.0015645530154626275]]}