{"din_name":"flux_level10813.json","din_kind":"RELATIVE","din_start":600.0000301734484,"din_end":660.0000289039347,"din_rules":["Interventions","r1","r1_rev","r2","r3","r4","r5","r6"],"din_hits":[0,67360,67334,35501,2119726,2084233,244074,244068],"din_fluxs":[[0.0,0.0,0.0,0.0,0.0,0.0,0.0,0.0],[0.0,-0.001107690165228224,0.03809139966918268,0.03988881662182527,0.0,-0.00204246553487988,0.0,0.0],[0.0,0.001108924689237257,-0.03604739544006752,-0.06923539811786276,0.0,0.004307060116725644,0.0,0.0],[0.0,0.0,0.0,-0.2903529901542474,0.0025388968882593616,0.0,0.0033804325717700463,0.0],[0.0,0.0,0.0,0.00820449597161182,-0.0025330216721426084,0.01993002570720193,-0.0025374753171741636,0.0],[0.0,0.0,0.0,0.0,0.002539465679392338,-0.019936066600054377,0.0028184036442608076,0.0],[0.0,0.0,0.0,0.0,0.0,0.0,-0.010663305518001131,0.0011397592832886093],[0.0,0.0,0.0,0.0,0.0,0.0,0.008529713100928375,-0.0011384615645509818]]}