{"din_name":"flux_level04148.json","din_kind":"RELATIVE","din_start":600.0000029906013,"din_end":660.0000035396451,"din_rules":["Interventions","r1","r1_rev","r2","r3","r4","r5","r6"],"din_hits":[0,218454,218360,203292,2663426,2460126,18509,18513],"din_fluxs":[[0.0,0.0,0.0,0.0,0.0,0.0,0.0,0.0],[0.0,-0.0011780200674065106,0.011486929616544411,0.017917060480702362,0.0,-0.0021991567950266355,0.0,0.0],[0.0,0.001179430753627318,-0.011155312924755847,-0.021933063144659985,0.0,0.0028804687618893287,0.0,0.0],[0.0,0.0,0.0,-0.11595160906229979,0.0028081031702445933,0.0,0.0028124630526045876,0.0],[0.0,0.0,0.0,0.010378708816734401,-0.002800327301262942,0.01465879027059955,-0.002800481709837622,0.0],[0.0,0.0,0.0,0.0,0.002808202789151635,-0.015680815925960555,0.0028109446617861724,0.0],[0.0,0.0,0.0,0.0,0.0,0.0,-0.0014192916714698479,0.0805439322797525],[0.0,0.0,0.0,0.0,0.0,0.0,0.001039631399639067,-0.07401011664892584]]}