{"din_name":"flux_level09365.json","din_kind":"RELATIVE","din_start":600.0000015612093,"din_end":660.000018680975,"din_rules":["Interventions","r1","r1_rev","r2","r3","r4","r5","r6"],"din_hits":[0,299021,298933,31130,633291,602139,1048802,1048792],"din_fluxs":[[0.0,0.0,0.0,0.0,0.0,0.0,0.0,0.0],[0.0,-0.0011652637264683758,0.013043001710491248,0.02222473040395408,0.0,-0.002171571404263296,0.0,0.0],[0.0,0.0011666349914099313,-0.012654498666600277,-0.02508121278888233,0.0,0.0025873590267039455,0.0,0.0],[0.0,0.0,0.0,-0.0932187324105002,0.003611065156485423,0.0,0.004702859433536783,0.0],[0.0,0.0,0.0,0.006953479642882865,-0.003598518116712018,0.009291402392212589,-0.003597378129996869,0.0],[0.0,0.0,0.0,0.0,0.003611557880382405,-0.009876005640597737,0.00462218152038949,0.0],[0.0,0.0,0.0,0.0,0.0,0.0,-0.0026157700449179686,0.004440056041897599],[0.0,0.0,0.0,0.0,0.0,0.0,0.002012389195845581,-0.004420363374420247]]}