{"din_name":"flux_level06532.json","din_kind":"RELATIVE","din_start":600.0000005626727,"din_end":660.0000308413538,"din_rules":["Interventions","r1","r1_rev","r2","r3","r4","r5","r6"],"din_hits":[0,46990,46985,6737,2632327,2625583,349626,349618],"din_fluxs":[[0.0,0.0,0.0,0.0,0.0,0.0,0.0,0.0],[0.0,-0.001090241247339962,0.10208069682539966,0.1152541210784921,0.0,-0.002000838543816955,0.0,0.0],[0.0,0.001091432166670399,-0.09028089726826956,-0.16607613977270416,0.0,0.004157947317128669,0.0,0.0],[0.0,0.0,0.0,-0.4161215955940836,0.002976358033327175,0.0,0.0030865711267595154,0.0],[0.0,0.0,0.0,0.004112429821235023,-0.002967456557283359,0.012566016036531033,-0.0029675926937296716,0.0],[0.0,0.0,0.0,0.0,0.0029762936664539203,-0.012478820562142959,0.003033076819114558,0.0],[0.0,0.0,0.0,0.0,0.0,0.0,-0.0015970173133196702,0.015577256711585637],[0.0,0.0,0.0,0.0,0.0,0.0,0.0011752478790495614,-0.015334754735150632]]}