{"din_name":"flux_level06144.json","din_kind":"RELATIVE","din_start":600.0000014735853,"din_end":660.0000108432083,"din_rules":["Interventions","r1","r1_rev","r2","r3","r4","r5","r6"],"din_hits":[0,144864,144836,570,158647,158079,1228907,1228921],"din_fluxs":[[0.0,0.0,0.0,0.0,0.0,0.0,0.0,0.0],[0.0,-0.0011045401605736522,0.04283258458449187,0.08793892305623048,0.0,-0.0020361291910757726,0.0,0.0],[0.0,0.0011057638148490173,-0.04036035220060506,-0.07603223719545983,0.0,0.002297431114098638,0.0,0.0],[0.0,0.0,0.0,-0.34147209350809343,0.003079281995265885,0.0,0.006935096748384254,0.0],[0.0,0.0,0.0,0.011464054813905505,-0.0030666798764343657,0.011631309936601811,-0.0030641535977069968,0.0],[0.0,0.0,0.0,0.0,0.0030761065742801563,-0.011762893774438279,0.00689825451994241,0.0],[0.0,0.0,0.0,0.0,0.0,0.0,-0.004080355928639648,0.00216694063077161],[0.0,0.0,0.0,0.0,0.0,0.0,0.0036056366598913,-0.0021622497661155783]]}