{"din_name":"flux_level12342.json","din_kind":"RELATIVE","din_start":600.0000092763858,"din_end":660.0000263321353,"din_rules":["Interventions","r1","r1_rev","r2","r3","r4","r5","r6"],"din_hits":[0,63182,63164,9220,2834055,2824819,235264,235245],"din_fluxs":[[0.0,0.0,0.0,0.0,0.0,0.0,0.0,0.0],[0.0,-0.0010935259089310124,0.07711177077980032,0.09441747996189027,0.0,-0.002033035993351638,0.0,0.0],[0.0,0.0010947247117033443,-0.07012358901991099,-0.13315101813565225,0.0,0.0035942024775372627,0.0,0.0],[0.0,0.0,0.0,-0.3184059059193104,0.0034403320823393427,0.0,0.004736222321259057,0.0],[0.0,0.0,0.0,0.003179401506989718,-0.0034303721828012417,0.009825651751036855,-0.0034266841684381776,0.0],[0.0,0.0,0.0,0.0,0.003442197254823146,-0.00979552742071477,0.003940138216138268,0.0],[0.0,0.0,0.0,0.0,0.0,0.0,-0.013371585842617651,0.0011580403726317108],[0.0,0.0,0.0,0.0,0.0,0.0,0.007989992453141592,-0.0011566996083573775]]}