{"din_name":"flux_level12201.json","din_kind":"RELATIVE","din_start":600.0000149827883,"din_end":660.0000476382749,"din_rules":["Interventions","r1","r1_rev","r2","r3","r4","r5","r6"],"din_hits":[0,467670,467561,98239,1238074,1139844,582740,582735],"din_fluxs":[[0.0,0.0,0.0,0.0,0.0,0.0,0.0,0.0],[0.0,-0.0011889245344485946,0.010432006900341564,0.017720503835980988,0.0,-0.002232201265691805,0.0,0.0],[0.0,0.0011903518964580572,-0.010149548019333765,-0.02006675582467274,0.0,0.0026876727134094737,0.0,0.0],[0.0,0.0,0.0,-0.1043103636338604,0.002922443308321357,0.0,0.003126966366445859,0.0],[0.0,0.0,0.0,0.010433061015135147,-0.002914132563025666,0.013218486744077107,-0.0029127031032566164,0.0],[0.0,0.0,0.0,0.0,0.002922671800031982,-0.01433312332713369,0.0030997061130133424,0.0],[0.0,0.0,0.0,0.0,0.0,0.0,-0.0017019868939143839,0.007909599477338868],[0.0,0.0,0.0,0.0,0.0,0.0,0.0013231652020099971,-0.007847093742648942]]}