{"din_name":"flux_level11171.json","din_kind":"RELATIVE","din_start":600.0000018876024,"din_end":660.0000114419478,"din_rules":["Interventions","r1","r1_rev","r2","r3","r4","r5","r6"],"din_hits":[0,130608,130524,9273,167611,158315,901713,901724],"din_fluxs":[[0.0,0.0,0.0,0.0,0.0,0.0,0.0,0.0],[0.0,-0.0011666345357045189,0.012862974971270901,0.02155744360552449,0.0,-0.0021812623661170995,0.0,0.0],[0.0,0.0011680252693476137,-0.01246651459348855,-0.024335583468075527,0.0,0.0027387399507213415,0.0,0.0],[0.0,0.0,0.0,-0.17229629806016836,0.0025567968942344596,0.0,0.003039118670355262,0.0],[0.0,0.0,0.0,0.015389670627417544,-0.002550014002223874,0.01921588903349153,-0.0025523506955385947,0.0],[0.0,0.0,0.0,0.0,0.00255652889352504,-0.02036673199266459,0.003029417277119337,0.0],[0.0,0.0,0.0,0.0,0.0,0.0,-0.0015756831388670115,0.006353687125023062],[0.0,0.0,0.0,0.0,0.0,0.0,0.0014908766298372407,-0.006313358423988249]]}