{"din_name":"flux_level05090.json","din_kind":"RELATIVE","din_start":600.0000234616774,"din_end":660.0000052075859,"din_rules":["Interventions","r1","r1_rev","r2","r3","r4","r5","r6"],"din_hits":[0,60802,60783,41341,3049919,3008562,87768,87806],"din_fluxs":[[0.0,0.0,0.0,0.0,0.0,0.0,0.0,0.0],[0.0,-0.0011056908411538168,0.0409665701653462,0.04341729770497523,0.0,-0.002039443725747027,0.0,0.0],[0.0,0.0011069202671958106,-0.03865670793386844,-0.07424982005117062,0.0,0.004094793352714914,0.0,0.0],[0.0,0.0,0.0,-0.24704779793426596,0.00279507974482813,0.0,0.0029147570003582677,0.0],[0.0,0.0,0.0,0.005302530304521445,-0.0027875438489910896,0.014780242887650657,-0.002788482467297029,0.0],[0.0,0.0,0.0,0.0,0.0027953435064069624,-0.014802015686925105,0.002828804097987901,0.0],[0.0,0.0,0.0,0.0,0.0,0.0,-0.003415201941873367,0.0016964467093463116],[0.0,0.0,0.0,0.0,0.0,0.0,0.002456033778193072,-0.0016935643338488674]]}