{"din_name":"flux_level02994.json","din_kind":"RELATIVE","din_start":600.0000096491228,"din_end":660.000006673182,"din_rules":["Interventions","r1","r1_rev","r2","r3","r4","r5","r6"],"din_hits":[0,83741,83703,25137,832760,807630,811351,811371],"din_fluxs":[[0.0,0.0,0.0,0.0,0.0,0.0,0.0,0.0],[0.0,-0.0011277380194658622,0.02253129301610214,0.028517768983755288,0.0,-0.002064607153982166,0.0,0.0],[0.0,0.0011290247975581178,-0.021640384209742427,-0.04214597310429118,0.0,0.0034635865339375797,0.0,0.0],[0.0,0.0,0.0,-0.2033052723563955,0.002639819260318919,0.0,0.0037589031400114235,0.0],[0.0,0.0,0.0,0.009467969265771578,-0.0026331841391177974,0.01743802819593278,-0.002638460511078472,0.0],[0.0,0.0,0.0,0.0,0.0026401483992439384,-0.017802726894887173,0.0033281057383202604,0.0],[0.0,0.0,0.0,0.0,0.0,0.0,-0.0033955064563052618,0.0017062989851083137],[0.0,0.0,0.0,0.0,0.0,0.0,0.002699829292142794,-0.001703391181076478]]}