{"din_name":"flux_level06460.json","din_kind":"RELATIVE","din_start":600.0000104691077,"din_end":660.0000035504252,"din_rules":["Interventions","r1","r1_rev","r2","r3","r4","r5","r6"],"din_hits":[0,36278,36271,2211,1113138,1110917,128706,128713],"din_fluxs":[[0.0,0.0,0.0,0.0,0.0,0.0,0.0,0.0],[0.0,-0.0010892540234895695,0.1163543238272269,0.14779026898615066,0.0,-0.002020677886435262,0.0,0.0],[0.0,0.0010904432007291806,-0.09887525983779832,-0.17474166234166835,0.0,0.003967416195727633,0.0,0.0],[0.0,0.0,0.0,-0.4996511396181488,0.002794400520417376,0.0,0.002845019927248984,0.0],[0.0,0.0,0.0,0.006813691300734558,-0.0027853363217199586,0.014491981935716542,-0.002785683050591044,0.0],[0.0,0.0,0.0,0.0,0.0027931164393362154,-0.014374164291069927,0.0028251930526030974,0.0],[0.0,0.0,0.0,0.0,0.0,0.0,-0.0014333025152707287,0.04150645396776928],[0.0,0.0,0.0,0.0,0.0,0.0,0.0011620058724456318,-0.03978049670989375]]}