{"din_name":"flux_level06616.json","din_kind":"RELATIVE","din_start":600.00001869202,"din_end":660.0000059897776,"din_rules":["Interventions","r1","r1_rev","r2","r3","r4","r5","r6"],"din_hits":[0,1559637,1559296,100066,199114,99031,1561978,1562028],"din_fluxs":[[0.0,0.0,0.0,0.0,0.0,0.0,0.0,0.0],[0.0,-0.001592735918836649,0.003015658619098607,0.006811010101824394,0.0,-0.003010736112462045,0.0,0.0],[0.0,0.001595341633621269,-0.002954113669456304,-0.005869308169204599,0.0,0.002673911916869744,0.0,0.0],[0.0,0.0,0.0,-0.040543753670552754,0.0029137314054592284,0.0,0.005894935628070858,0.0],[0.0,0.0,0.0,0.01474159159121199,-0.002905287122503955,0.012210519156895017,-0.002906143593571017,0.0],[0.0,0.0,0.0,0.0,0.0029137884470151767,-0.01845850830734415,0.005953104359615741,0.0],[0.0,0.0,0.0,0.0,0.0,0.0,-0.0035057229418454343,0.002215458402375036],[0.0,0.0,0.0,0.0,0.0,0.0,0.0031361339042907106,-0.002210554959558394]]}