{"din_name":"flux_level13758.json","din_kind":"RELATIVE","din_start":600.0000011084658,"din_end":660.0000064406798,"din_rules":["Interventions","r1","r1_rev","r2","r3","r4","r5","r6"],"din_hits":[0,209177,209119,139764,4200520,4060765,216127,216117],"din_fluxs":[[0.0,0.0,0.0,0.0,0.0,0.0,0.0,0.0],[0.0,-0.0011284876671970544,0.02215238569963994,0.027295457262897192,0.0,-0.002089594538683918,0.0,0.0],[0.0,0.0011297681140121393,-0.021307346307840896,-0.04155725071346928,0.0,0.003583275910958852,0.0,0.0],[0.0,0.0,0.0,-0.19421201084175715,0.0026451803013604995,0.0,0.0026864248492311647,0.0],[0.0,0.0,0.0,0.008883220745659424,-0.002638523486170605,0.01740046685892961,-0.0026387152069563494,0.0],[0.0,0.0,0.0,0.0,0.002645517368909064,-0.017754962048395866,0.002662968979167529,0.0],[0.0,0.0,0.0,0.0,0.0,0.0,-0.0014750062326179935,0.009697929844424406],[0.0,0.0,0.0,0.0,0.0,0.0,0.0011348695916141894,-0.009604009270148045]]}