{"din_name":"flux_level11533.json","din_kind":"RELATIVE","din_start":600.000022011372,"din_end":660.0000024507142,"din_rules":["Interventions","r1","r1_rev","r2","r3","r4","r5","r6"],"din_hits":[0,61725,61708,3717,905432,901715,1021439,1021469],"din_fluxs":[[0.0,0.0,0.0,0.0,0.0,0.0,0.0,0.0],[0.0,-0.0010945279940419736,0.07289877182165208,0.09532417917402063,0.0,-0.0020269056103985475,0.0,0.0],[0.0,0.001095729356775734,-0.06566211122670772,-0.12106955164968654,0.0,0.0038596159730162733,0.0,0.0],[0.0,0.0,0.0,-0.44056883584789414,0.0026365928567574247,0.0,0.00322706110533605,0.0],[0.0,0.0,0.0,0.009195910672929493,-0.002629122350607023,0.017161925199089136,-0.0026282154672201572,0.0],[0.0,0.0,0.0,0.0,0.0026360531743836726,-0.017060902906628823,0.003025323738544044,0.0],[0.0,0.0,0.0,0.0,0.0,0.0,-0.001941657412019815,0.0033583555143596373],[0.0,0.0,0.0,0.0,0.0,0.0,0.0016008126756481209,-0.0033470845070999304]]}