{"din_name":"flux_level09746.json","din_kind":"RELATIVE","din_start":600.0000071991503,"din_end":660.0000113830317,"din_rules":["Interventions","r1","r1_rev","r2","r3","r4","r5","r6"],"din_hits":[0,16484,16472,5107,1013920,1008813,184703,184667],"din_fluxs":[[0.0,0.0,0.0,0.0,0.0,0.0,0.0,0.0],[0.0,-0.0010936043529717627,0.07664522404871341,0.07541124436593467,0.0,-0.0019915112818904126,0.0,0.0],[0.0,0.0010948082449937764,-0.06963434712185258,-0.12946150318463204,0.0,0.004473172302318327,0.0,0.0],[0.0,0.0,0.0,-0.36306384104285766,0.0027946837335490653,0.0,0.00409217932742551,0.0],[0.0,0.0,0.0,0.004456595855980957,-0.002787389439341436,0.014615698515456396,-0.0027871152852359145,0.0],[0.0,0.0,0.0,0.0,0.0027951868080701306,-0.014515881947138426,0.0031677555315177052,0.0],[0.0,0.0,0.0,0.0,0.0,0.0,-0.007184393820626633,0.0012540038834489913],[0.0,0.0,0.0,0.0,0.0,0.0,0.005257914930049962,-0.001252436516451366]]}