{"din_name":"flux_level05470.json","din_kind":"RELATIVE","din_start":600.0000065897052,"din_end":660.0000001116987,"din_rules":["Interventions","r1","r1_rev","r2","r3","r4","r5","r6"],"din_hits":[0,91382,91351,66111,3964270,3898157,1309425,1309408],"din_fluxs":[[0.0,0.0,0.0,0.0,0.0,0.0,0.0,0.0],[0.0,-0.0011084608424472451,0.03702171741264114,0.039327286937041586,0.0,-0.0020576834934020994,0.0,0.0],[0.0,0.0011096957053052215,-0.03508530861763478,-0.06747514761449218,0.0,0.0041309490592806065,0.0,0.0],[0.0,0.0,0.0,-0.25134076443849424,0.0026746073373957956,0.0,0.0033150196883313973,0.0],[0.0,0.0,0.0,0.0064886125344905616,-0.0026680650512320484,0.01673139137331202,-0.00266942582419904,0.0],[0.0,0.0,0.0,0.0,0.0026752155858251274,-0.0167768376302372,0.0028986656915464043,0.0],[0.0,0.0,0.0,0.0,0.0,0.0,-0.0028754158695816303,0.0019066298867889723],[0.0,0.0,0.0,0.0,0.0,0.0,0.0022038732662157134,-0.0019029984403170122]]}