{"din_name":"flux_level08442.json","din_kind":"RELATIVE","din_start":600.0000059472883,"din_end":660.0000140596434,"din_rules":["Interventions","r1","r1_rev","r2","r3","r4","r5","r6"],"din_hits":[0,106196,106160,56337,2810145,2753816,417531,417542],"din_fluxs":[[0.0,0.0,0.0,0.0,0.0,0.0,0.0,0.0],[0.0,-0.001113381941694494,0.031748712578816216,0.035225006074306266,0.0,-0.0020423825664409555,0.0,0.0],[0.0,0.001114628538893687,-0.030242726853870375,-0.05813291282824672,0.0,0.003902788004218138,0.0,0.0],[0.0,0.0,0.0,-0.23407302511305597,0.0026693383215132226,0.0,0.0027661889363771535,0.0],[0.0,0.0,0.0,0.0072666499496474145,-0.002662419342987541,0.016852056504591675,-0.002662699185537988,0.0],[0.0,0.0,0.0,0.0,0.0026695333341970745,-0.01697489481826785,0.002715909178819003,0.0],[0.0,0.0,0.0,0.0,0.0,0.0,-0.0014653643834815465,0.01156615335122877],[0.0,0.0,0.0,0.0,0.0,0.0,0.0011533136507855888,-0.011432527598325611]]}