{"din_name":"flux_level01028.json","din_kind":"RELATIVE","din_start":600.0000089239885,"din_end":660.0000031617733,"din_rules":["Interventions","r1","r1_rev","r2","r3","r4","r5","r6"],"din_hits":[0,87770,87755,15432,3204877,3189432,488692,488693],"din_fluxs":[[0.0,0.0,0.0,0.0,0.0,0.0,0.0,0.0],[0.0,-0.0010962811758376792,0.06402341505956569,0.07503431851951621,0.0,-0.002029665469947627,0.0,0.0],[0.0,0.0010974860881054654,-0.05903595268656295,-0.11205432931798819,0.0,0.00372375009085871,0.0,0.0],[0.0,0.0,0.0,-0.297462779176523,0.0031841432969862003,0.0,0.0034489713099363616,0.0],[0.0,0.0,0.0,0.0037433072418713684,-0.003173728933383212,0.011124733852112333,-0.0031720180449086545,0.0],[0.0,0.0,0.0,0.0,0.0031838396576979347,-0.011100318630633514,0.0033013055393631896,0.0],[0.0,0.0,0.0,0.0,0.0,0.0,-0.0022168930396345246,0.0036601016678397933],[0.0,0.0,0.0,0.0,0.0,0.0,0.001450055301955727,-0.0036467188759149336]]}