{"din_name":"flux_level03517.json","din_kind":"RELATIVE","din_start":600.000005215081,"din_end":660.0000082297573,"din_rules":["Interventions","r1","r1_rev","r2","r3","r4","r5","r6"],"din_hits":[0,90965,90934,79382,3753295,3673905,1686883,1686851],"din_fluxs":[[0.0,0.0,0.0,0.0,0.0,0.0,0.0,0.0],[0.0,-0.0011138729135703304,0.03129989232016583,0.03488370062522667,0.0,-0.0020794630964452374,0.0,0.0],[0.0,0.0011151217021429937,-0.02982451145386762,-0.05755652244557129,0.0,0.003948598936378714,0.0,0.0],[0.0,0.0,0.0,-0.22318556196810566,0.0027005334503670503,0.0,0.0033110693486081105,0.0],[0.0,0.0,0.0,0.00679805134465947,-0.0026935795739260176,0.016305547859502514,-0.0026926128128776303,0.0],[0.0,0.0,0.0,0.0,0.0027008645288900558,-0.01642914591857714,0.002945083845950148,0.0],[0.0,0.0,0.0,0.0,0.0,0.0,-0.0023851729099473107,0.0023803224468028146],[0.0,0.0,0.0,0.0,0.0,0.0,0.0018351741573121162,-0.002374663899176813]]}