{"din_name":"flux_level03676.json","din_kind":"RELATIVE","din_start":600.0000046724809,"din_end":660.0000313538818,"din_rules":["Interventions","r1","r1_rev","r2","r3","r4","r5","r6"],"din_hits":[0,87609,87593,4443,1298852,1294419,572874,572893],"din_fluxs":[[0.0,0.0,0.0,0.0,0.0,0.0,0.0,0.0],[0.0,-0.0010957997209275307,0.06613957068146276,0.09185039894031954,0.0,-0.002022649841025853,0.0,0.0],[0.0,0.0010970035140573252,-0.06084420247816166,-0.11476667469856826,0.0,0.0032460366616250996,0.0,0.0],[0.0,0.0,0.0,-0.3343271319528288,0.0032167728624897815,0.0,0.004127198664611749,0.0],[0.0,0.0,0.0,0.005447927727837902,-0.0032060610585270587,0.010861850669640962,-0.0032061079580393823,0.0],[0.0,0.0,0.0,0.0,0.003216379170845706,-0.01086215096222445,0.003885865140289619,0.0],[0.0,0.0,0.0,0.0,0.0,0.0,-0.004301871119099533,0.0016745387606198463],[0.0,0.0,0.0,0.0,0.0,0.0,0.0028234445500273874,-0.0016717374872264447]]}