{"din_name":"flux_level04721.json","din_kind":"RELATIVE","din_start":600.0000122527446,"din_end":660.0000358035167,"din_rules":["Interventions","r1","r1_rev","r2","r3","r4","r5","r6"],"din_hits":[0,71660,71643,18215,3685389,3667160,147325,147347],"din_fluxs":[[0.0,0.0,0.0,0.0,0.0,0.0,0.0,0.0],[0.0,-0.0010943865000777504,0.07260223108521828,0.07735450830006525,0.0,-0.002031606896526042,0.0,0.0],[0.0,0.0010955872358887977,-0.06632708687347706,-0.12501019863792956,0.0,0.004233287853383611,0.0,0.0],[0.0,0.0,0.0,-0.34220019572984006,0.002897772738303502,0.0,0.003264892416722292,0.0],[0.0,0.0,0.0,0.004243469267980255,-0.0028895332880780307,0.013393996704263897,-0.0028910741176440967,0.0],[0.0,0.0,0.0,0.0,0.002897911913863403,-0.01332325074440724,0.0030226870831618225,0.0],[0.0,0.0,0.0,0.0,0.0,0.0,-0.008413144800713727,0.0012115813381038654],[0.0,0.0,0.0,0.0,0.0,0.0,0.005891811106133478,-0.0012101146786216996]]}