{"din_name":"flux_level06498.json","din_kind":"RELATIVE","din_start":600.0000126072829,"din_end":660.000021068533,"din_rules":["Interventions","r1","r1_rev","r2","r3","r4","r5","r6"],"din_hits":[0,16609,16587,12884,1447309,1434407,583273,583268],"din_fluxs":[[0.0,0.0,0.0,0.0,0.0,0.0,0.0,0.0],[0.0,-0.0010976209718409808,0.05953057412243002,0.05551367258366168,0.0,-0.002019107930001068,0.0,0.0],[0.0,0.0010988376047588939,-0.05503870829427164,-0.10251697367943349,0.0,0.004673827422434303,0.0,0.0],[0.0,0.0,0.0,-0.323937390416099,0.0026677858690793434,0.0,0.0037802353013478987,0.0],[0.0,0.0,0.0,0.005168025486769627,-0.0026621170741459557,0.016738816753359458,-0.002663334142406489,0.0],[0.0,0.0,0.0,0.0,0.0026692385562133215,-0.01663759516337294,0.00297953813907846,0.0],[0.0,0.0,0.0,0.0,0.0,0.0,-0.0033027665833816537,0.0017143189050582196],[0.0,0.0,0.0,0.0,0.0,0.0,0.0025433403572985448,-0.001711383526786419]]}