{"din_name":"flux_level06925.json","din_kind":"RELATIVE","din_start":600.0000013083093,"din_end":660.0000036426402,"din_rules":["Interventions","r1","r1_rev","r2","r3","r4","r5","r6"],"din_hits":[0,36317,36306,538,438962,438417,619167,619188],"din_fluxs":[[0.0,0.0,0.0,0.0,0.0,0.0,0.0,0.0],[0.0,-0.0010924917094364383,0.08364830338483749,0.14871689494059365,0.0,-0.0020188180437459196,0.0,0.0],[0.0,0.0010936891279625792,-0.07548931033465688,-0.14316078804643023,0.0,0.0023995893122805293,0.0,0.0],[0.0,0.0,0.0,-0.2953837348579569,0.0073114012815189144,0.0,0.013580468259708756,0.0],[0.0,0.0,0.0,0.002797842221886128,-0.0073011226972797974,0.005578930423641911,-0.0073124782151761,0.0],[0.0,0.0,0.0,0.0,0.007355104489545723,-0.00558554615447808,0.012927016383842329,0.0],[0.0,0.0,0.0,0.0,0.0,0.0,-0.007932428817858812,0.003469506068613104],[0.0,0.0,0.0,0.0,0.0,0.0,0.004097616026759607,-0.0034574815569249464]]}