{"din_name":"flux_level04577.json","din_kind":"RELATIVE","din_start":600.0000132149598,"din_end":660.0000024706868,"din_rules":["Interventions","r1","r1_rev","r2","r3","r4","r5","r6"],"din_hits":[0,41859,41849,16863,4670565,4653690,1069694,1069697],"din_fluxs":[[0.0,0.0,0.0,0.0,0.0,0.0,0.0,0.0],[0.0,-0.0010890979938269598,0.11895893401772067,0.10488466412167721,0.0,-0.0020014451923680947,0.0,0.0],[0.0,0.00109028676140259,-0.10071551527928192,-0.17942420485504823,0.0,0.0055050415419356895,0.0,0.0],[0.0,0.0,0.0,-0.48429542678968046,0.0025723323100852696,0.0,0.002920708172290752,0.0],[0.0,0.0,0.0,0.005615775816249272,-0.002566161984566035,0.018710479116035548,-0.002566147730731366,0.0],[0.0,0.0,0.0,0.0,0.0025727677971997573,-0.018461329502380372,0.0026585595165250094,0.0],[0.0,0.0,0.0,0.0,0.0,0.0,-0.0018119951063132259,0.003504933368187075],[0.0,0.0,0.0,0.0,0.0,0.0,0.001442953322370443,-0.003492661608983677]]}