{"din_name":"flux_level12478.json","din_kind":"RELATIVE","din_start":600.0000344687533,"din_end":660.0000210162139,"din_rules":["Interventions","r1","r1_rev","r2","r3","r4","r5","r6"],"din_hits":[0,146135,146098,22494,1400675,1378175,1822874,1822881],"din_fluxs":[[0.0,0.0,0.0,0.0,0.0,0.0,0.0,0.0],[0.0,-0.001113229187237974,0.031927604495174206,0.04026386721271575,0.0,-0.002066852277222617,0.0,0.0],[0.0,0.0011144738646175307,-0.030409775853925566,-0.05857059229586864,0.0,0.003521865059252151,0.0,0.0],[0.0,0.0,0.0,-0.24514832864576636,0.002712864031177161,0.0,0.0041005516559669145,0.0],[0.0,0.0,0.0,0.008026267731414728,-0.0027060890932093153,0.01593939585513476,-0.0027078395879811326,0.0],[0.0,0.0,0.0,0.0,0.0027134443424674196,-0.01608992382038584,0.0036185197974737413,0.0],[0.0,0.0,0.0,0.0,0.0,0.0,-0.0032716475946801666,0.0018224017733766626],[0.0,0.0,0.0,0.0,0.0,0.0,0.0025875239607508517,-0.0018190838694746934]]}