{"din_name":"flux_level13051.json","din_kind":"RELATIVE","din_start":600.0000001741216,"din_end":660.0000096807878,"din_rules":["Interventions","r1","r1_rev","r2","r3","r4","r5","r6"],"din_hits":[0,7237,7201,21179,1486611,1465439,493371,493356],"din_fluxs":[[0.0,0.0,0.0,0.0,0.0,0.0,0.0,0.0],[0.0,-0.0011099581463622056,0.03577127902391894,0.04103283651266336,0.0,-0.0020161022054584,0.0,0.0],[0.0,0.0011112563627503065,-0.03360088019513791,-0.06428035811749018,0.0,0.0035476058697847005,0.0,0.0],[0.0,0.0,0.0,-0.17307680098694836,0.0034162994450965384,0.0,0.00388569898268727,0.0],[0.0,0.0,0.0,0.0031525320691627346,-0.003405546912278109,0.010116784732749455,-0.0034061950586201754,0.0],[0.0,0.0,0.0,0.0,0.003417207535624045,-0.010165971773546084,0.0036351069572050803,0.0],[0.0,0.0,0.0,0.0,0.0,0.0,-0.002053998748804248,0.006801944951700342],[0.0,0.0,0.0,0.0,0.0,0.0,0.0013977069608970814,-0.006755751876665906]]}