{"din_name":"flux_level11989.json","din_kind":"RELATIVE","din_start":600.0000048173234,"din_end":660.0000020002934,"din_rules":["Interventions","r1","r1_rev","r2","r3","r4","r5","r6"],"din_hits":[0,351015,350734,282641,1012010,729374,604093,604077],"din_fluxs":[[0.0,0.0,0.0,0.0,0.0,0.0,0.0,0.0],[0.0,-0.0014311284315201402,0.003945903679207158,0.010028843432062288,0.0,-0.0027008549783304127,0.0,0.0],[0.0,0.001433323126301666,-0.0038522160249232044,-0.007631069558527479,0.0,0.002166916578292296,0.0,0.0],[0.0,0.0,0.0,-0.08088911044913384,0.0025640022790634266,0.0,0.0031705714586307914,0.0],[0.0,0.0,0.0,0.023682067174905647,-0.0025573878592787583,0.017312732902920423,-0.0025545106652234734,0.0],[0.0,0.0,0.0,0.0,0.0025639252999914274,-0.023215090576867707,0.003365807690522381,0.0],[0.0,0.0,0.0,0.0,0.0,0.0,-0.0059880441049997395,0.0012955533445560003],[0.0,0.0,0.0,0.0,0.0,0.0,0.0047897560275974,-0.0012938765926575231]]}