{"din_name":"flux_level10528.json","din_kind":"RELATIVE","din_start":600.0000046870894,"din_end":660.0000025182651,"din_rules":["Interventions","r1","r1_rev","r2","r3","r4","r5","r6"],"din_hits":[0,3654,3645,4869,1257174,1252294,2274260,2274279],"din_fluxs":[[0.0,0.0,0.0,0.0,0.0,0.0,0.0,0.0],[0.0,-0.0010890273149650163,0.11707511874670169,0.10449145615661984,0.0,-0.002096693585435216,0.0,0.0],[0.0,0.0010902294188481797,-0.10153336858583716,-0.18099211266477713,0.0,0.005648874487246363,0.0,0.0],[0.0,0.0,0.0,-0.449811784182511,0.0026437850338355325,0.0,0.004162082414551996,0.0],[0.0,0.0,0.0,0.0040833342689791064,-0.0026365443168850254,0.017111464993338453,-0.0026367260695214366,0.0],[0.0,0.0,0.0,0.0,0.0026435156215642132,-0.01689691869710815,0.0033452870925852886,0.0],[0.0,0.0,0.0,0.0,0.0,0.0,-0.002300505629477189,0.002575458980301619],[0.0,0.0,0.0,0.0,0.0,0.0,0.0019182759690598505,-0.0025688336729827303]]}