{"din_name":"flux_level05116.json","din_kind":"RELATIVE","din_start":600.000008166122,"din_end":660.000003359014,"din_rules":["Interventions","r1","r1_rev","r2","r3","r4","r5","r6"],"din_hits":[0,52457,52448,752,651545,650776,614191,614188],"din_fluxs":[[0.0,0.0,0.0,0.0,0.0,0.0,0.0,0.0],[0.0,-0.0010889589734148497,0.12566042281664505,0.2132072241843273,0.0,-0.0020296636978829464,0.0,0.0],[0.0,0.0010901471262248197,-0.10196431004284773,-0.17456781210145647,0.0,0.003036872028245452,0.0,0.0],[0.0,0.0,0.0,-0.5431954678742564,0.002969294095478325,0.0,0.0032722066076776722,0.0],[0.0,0.0,0.0,0.009855167906839187,-0.0029559684492868723,0.012544072537650193,-0.002957386687424323,0.0],[0.0,0.0,0.0,0.0,0.0029647317846509032,-0.01248110087876089,0.0032385214442890936,0.0],[0.0,0.0,0.0,0.0,0.0,0.0,-0.0017143547580051658,0.008999194571748088],[0.0,0.0,0.0,0.0,0.0,0.0,0.001429548171918585,-0.008918297769834353]]}