{"din_name":"flux_level00957.json","din_kind":"RELATIVE","din_start":600.0000286985025,"din_end":660.0000241412616,"din_rules":["Interventions","r1","r1_rev","r2","r3","r4","r5","r6"],"din_hits":[0,12983,12951,24452,1518146,1493704,776326,776323],"din_fluxs":[[0.0,0.0,0.0,0.0,0.0,0.0,0.0,0.0],[0.0,-0.001106825814945084,0.03955338793708432,0.03966832055686141,0.0,-0.0020313707269409976,0.0,0.0],[0.0,0.0011080817489539532,-0.03721415373172179,-0.07070966210471838,0.0,0.004244951407344807,0.0,0.0],[0.0,0.0,0.0,-0.24410004504355298,0.0027197312791657803,0.0,0.0037635018374226944,0.0],[0.0,0.0,0.0,0.005618772879489819,-0.002713252373884073,0.01595067682312186,-0.0027154085556759374,0.0],[0.0,0.0,0.0,0.0,0.002720651576215736,-0.015971145472883936,0.0030472775634994686,0.0],[0.0,0.0,0.0,0.0,0.0,0.0,-0.0027331994002409094,0.002060108252312455],[0.0,0.0,0.0,0.0,0.0,0.0,0.0020919527695873554,-0.002055868502789315]]}