{"din_name":"flux_level00266.json","din_kind":"RELATIVE","din_start":600.0000010350211,"din_end":660.000007690768,"din_rules":["Interventions","r1","r1_rev","r2","r3","r4","r5","r6"],"din_hits":[0,76806,76790,10285,3612721,3602407,1860382,1860385],"din_fluxs":[[0.0,0.0,0.0,0.0,0.0,0.0,0.0,0.0],[0.0,-0.00109208191650029,0.08672512149404928,0.10460872158091519,0.0,-0.002026854870334955,0.0,0.0],[0.0,0.0010932770186291622,-0.07800548672575877,-0.14591753096188054,0.0,0.0037441189546827845,0.0,0.0],[0.0,0.0,0.0,-0.3560099066344005,0.0032554987699788523,0.0,0.004063076667790352,0.0],[0.0,0.0,0.0,0.003484587033803255,-0.003243105686777818,0.010681953114962893,-0.003243968806364409,0.0],[0.0,0.0,0.0,0.0,0.0032536600399286062,-0.010634525917588612,0.0036909050824499557,0.0],[0.0,0.0,0.0,0.0,0.0,0.0,-0.0025871194404654446,0.002945347761250252],[0.0,0.0,0.0,0.0,0.0,0.0,0.001751999985383745,-0.002936681480905246]]}