{"din_name":"flux_level01379.json","din_kind":"RELATIVE","din_start":600.0000340304417,"din_end":660.0000328250372,"din_rules":["Interventions","r1","r1_rev","r2","r3","r4","r5","r6"],"din_hits":[0,5357,5348,2100,1528510,1526395,41910,41894],"din_fluxs":[[0.0,0.0,0.0,0.0,0.0,0.0,0.0,0.0],[0.0,-0.001089362736230525,0.11286314347298283,0.14909010630793132,0.0,-0.0019942791176091176,0.0,0.0],[0.0,0.001090561418398942,-0.09818027719344345,-0.18491321374171907,0.0,0.0032260862992313233,0.0,0.0],[0.0,0.0,0.0,-0.3410408300694118,0.0047725252725777075,0.0,0.011253861187754103,0.0],[0.0,0.0,0.0,0.0010879050112886982,-0.004748760310203369,0.007038909887561048,-0.004750062053218102,0.0],[0.0,0.0,0.0,0.0,0.0047714601556466596,-0.007003460796580303,0.0062698454559098026,0.0],[0.0,0.0,0.0,0.0,0.0,0.0,-0.06692541424959504,0.0010431845245519292],[0.0,0.0,0.0,0.0,0.0,0.0,0.030702140789300694,-0.0010420952424881292]]}