{"din_name":"flux_level07429.json","din_kind":"RELATIVE","din_start":600.0000077829546,"din_end":660.0000023732412,"din_rules":["Interventions","r1","r1_rev","r2","r3","r4","r5","r6"],"din_hits":[0,528,498,59935,3385805,3325859,2298693,2298686],"din_fluxs":[[0.0,0.0,0.0,0.0,0.0,0.0,0.0,0.0],[0.0,-0.0011060259201374806,0.045484864035365995,0.040542646149734234,0.0,-0.002172260632211214,0.0,0.0],[0.0,0.0011079843790611954,-0.037950840252343694,-0.07305024034919125,0.0,0.004784995631652255,0.0,0.0],[0.0,0.0,0.0,-0.2736360409936673,0.0025615682366068636,0.0,0.0035054814361360626,0.0],[0.0,0.0,0.0,0.006984845925797051,-0.002554643896986442,0.019380805479192235,-0.002555401548179119,0.0],[0.0,0.0,0.0,0.0,0.0025611821688877115,-0.019347034203645645,0.002856744843854993,0.0],[0.0,0.0,0.0,0.0,0.0,0.0,-0.0023412992199080287,0.002282157132813578],[0.0,0.0,0.0,0.0,0.0,0.0,0.0019003294774469074,-0.0022769538426352077]]}