{"din_name":"flux_level10169.json","din_kind":"RELATIVE","din_start":600.0000324463249,"din_end":660.0000046158168,"din_rules":["Interventions","r1","r1_rev","r2","r3","r4","r5","r6"],"din_hits":[0,24705,24689,5349,1337965,1332616,436926,436907],"din_fluxs":[[0.0,0.0,0.0,0.0,0.0,0.0,0.0,0.0],[0.0,-0.001097993236108223,0.0581563903423968,0.08060504655451169,0.0,-0.0020391789890922625,0.0,0.0],[0.0,0.0010992075598354615,-0.053882594901674234,-0.10443567732235157,0.0,0.0030629946506175,0.0,0.0],[0.0,0.0,0.0,-0.2230016202008973,0.004681629140008784,0.0,0.0058389579083077915,0.0],[0.0,0.0,0.0,0.0018848929394473604,-0.004653820021941499,0.007196400698739567,-0.004648089805902395,0.0],[0.0,0.0,0.0,0.0,0.004675596044581276,-0.007192054366944592,0.005241955802957944,0.0],[0.0,0.0,0.0,0.0,0.0,0.0,-0.0034759895400768262,0.0035413131295539335],[0.0,0.0,0.0,0.0,0.0,0.0,0.0017499131292237652,-0.0035287801442031672]]}