{"din_name":"flux_level00364.json","din_kind":"RELATIVE","din_start":600.0000206243842,"din_end":660.0000001938328,"din_rules":["Interventions","r1","r1_rev","r2","r3","r4","r5","r6"],"din_hits":[0,6967,6949,2011,616714,614708,741484,741465],"din_fluxs":[[0.0,0.0,0.0,0.0,0.0,0.0,0.0,0.0],[0.0,-0.0010925467354211316,0.08353323859041296,0.0959452520971712,0.0,-0.002048663521155446,0.0,0.0],[0.0,0.0010937544413565817,-0.07521446395853486,-0.14412418141710437,0.0,0.003925705075076227,0.0,0.0],[0.0,0.0,0.0,-0.3265886036076348,0.003338538304152063,0.0,0.004788264237594778,0.0],[0.0,0.0,0.0,0.002630439640125288,-0.003333306874501861,0.010260193390371186,-0.00333419193710103,0.0],[0.0,0.0,0.0,0.0,0.0033444832554973673,-0.010209549023992508,0.00418487205320294,0.0],[0.0,0.0,0.0,0.0,0.0,0.0,-0.002600225122237531,0.003413651375224677],[0.0,0.0,0.0,0.0,0.0,0.0,0.0019110342782373017,-0.003402010125163475]]}