{"din_name":"flux_level08876.json","din_kind":"RELATIVE","din_start":600.0000052627778,"din_end":660.0000120503983,"din_rules":["Interventions","r1","r1_rev","r2","r3","r4","r5","r6"],"din_hits":[0,82152,82110,24907,2044134,2019206,475490,475492],"din_fluxs":[[0.0,0.0,0.0,0.0,0.0,0.0,0.0,0.0],[0.0,-0.0011153021076445763,0.03006868391605249,0.04386493670212081,0.0,-0.0020726803746417017,0.0,0.0],[0.0,0.0011165551744388455,-0.028678870753292625,-0.056352562185073625,0.0,0.002873631092018692,0.0,0.0],[0.0,0.0,0.0,-0.13354595045113643,0.004881395060324141,0.0,0.005489657379045558,0.0],[0.0,0.0,0.0,0.0025477534475587386,-0.004858323115259794,0.0070492584244267464,-0.004858370880604983,0.0],[0.0,0.0,0.0,0.0,0.004882099085896155,-0.007117574577284867,0.0052421266922900835,0.0],[0.0,0.0,0.0,0.0,0.0,0.0,-0.0030554174955665005,0.0059317125559417766],[0.0,0.0,0.0,0.0,0.0,0.0,0.0015215204508221688,-0.005896558076502808]]}