{"din_name":"flux_level07609.json","din_kind":"RELATIVE","din_start":600.0000144828483,"din_end":660.0000272989943,"din_rules":["Interventions","r1","r1_rev","r2","r3","r4","r5","r6"],"din_hits":[0,218039,217968,177189,2935640,2758445,456750,456756],"din_fluxs":[[0.0,0.0,0.0,0.0,0.0,0.0,0.0,0.0],[0.0,-0.0011573885935992389,0.014266197151087,0.02037448393021537,0.0,-0.002158627701940425,0.0,0.0],[0.0,0.0011587433137397558,-0.013822560256815889,-0.02710385185279076,0.0,0.003167238902923538,0.0,0.0],[0.0,0.0,0.0,-0.16131207953978324,0.002584351212737,0.0,0.0033308688397976666,0.0],[0.0,0.0,0.0,0.012168809672568445,-0.0025778217999849894,0.018792668146360582,-0.002575566730497376,0.0],[0.0,0.0,0.0,0.0,0.002584494924319284,-0.019684275884360537,0.002979407986681795,0.0],[0.0,0.0,0.0,0.0,0.0,0.0,-0.011246848285923063,0.0011357872601995109],[0.0,0.0,0.0,0.0,0.0,0.0,0.008860033738171466,-0.0011344983392891908]]}