{"din_name":"flux_level03652.json","din_kind":"RELATIVE","din_start":600.000023764495,"din_end":660.0000009030616,"din_rules":["Interventions","r1","r1_rev","r2","r3","r4","r5","r6"],"din_hits":[0,14038,14018,27047,2836348,2809290,465435,465437],"din_fluxs":[[0.0,0.0,0.0,0.0,0.0,0.0,0.0,0.0],[0.0,-0.0010963118771197978,0.06407330193415244,0.05686710308807901,0.0,-0.0019994559965853475,0.0,0.0],[0.0,0.0010975260328735924,-0.05895160393414277,-0.11028991834272248,0.0,0.0052252269628835805,0.0,0.0],[0.0,0.0,0.0,-0.36343570858360547,0.002533268394039884,0.0,0.002667520948198446,0.0],[0.0,0.0,0.0,0.006203802345644604,-0.002527271716600292,0.020024036645206758,-0.00252699139913949,0.0],[0.0,0.0,0.0,0.0,0.00253368096806091,-0.01983009272016159,0.002573650196236801,0.0],[0.0,0.0,0.0,0.0,0.0,0.0,-0.0013865973116821912,0.011854011354620024],[0.0,0.0,0.0,0.0,0.0,0.0,0.0011399913640744166,-0.011713594244672224]]}