{"din_name":"flux_level10190.json","din_kind":"RELATIVE","din_start":600.0000298843096,"din_end":660.0000678846629,"din_rules":["Interventions","r1","r1_rev","r2","r3","r4","r5","r6"],"din_hits":[0,25599,25586,38,56311,56261,457126,457145],"din_fluxs":[[0.0,0.0,0.0,0.0,0.0,0.0,0.0,0.0],[0.0,-0.001089868668252779,0.10709015508196632,0.2551469820885014,0.0,-0.001993982900921511,0.0,0.0],[0.0,0.0010910602290025427,-0.09403609671843369,-0.1660152199029747,0.0,0.002186425625221505,0.0,0.0],[0.0,0.0,0.0,-0.4666413200476944,0.003822198448159042,0.0,0.01679278932757573,0.0],[0.0,0.0,0.0,0.011213901517292369,-0.0038419705578047825,0.008390763606963288,-0.0038535975495415766,0.0],[0.0,0.0,0.0,0.0,0.0038568390398150817,-0.008409020066377511,0.016750238652498858,0.0],[0.0,0.0,0.0,0.0,0.0,0.0,-0.009900814017878942,0.0020104666930495104],[0.0,0.0,0.0,0.0,0.0,0.0,0.008426495707658145,-0.0020064282384610185]]}