{"din_name":"flux_level08592.json","din_kind":"RELATIVE","din_start":600.0000003481516,"din_end":660.0000056332306,"din_rules":["Interventions","r1","r1_rev","r2","r3","r4","r5","r6"],"din_hits":[0,82766,82744,2858,813521,810687,166987,166977],"din_fluxs":[[0.0,0.0,0.0,0.0,0.0,0.0,0.0,0.0],[0.0,-0.0010955392752700613,0.06712282674150508,0.09935755726331444,0.0,-0.002017301848149862,0.0,0.0],[0.0,0.0010967423683978395,-0.06169522124783018,-0.1139306852892417,0.0,0.003364863947829809,0.0,0.0],[0.0,0.0,0.0,-0.4188454383209321,0.002752642328196331,0.0,0.0028124109902085263,0.0],[0.0,0.0,0.0,0.009349655817263641,-0.0027468609514921315,0.015041756182710185,-0.002747542329196877,0.0],[0.0,0.0,0.0,0.0,0.0027544360701902866,-0.015002707122692631,0.0028011030709975586,0.0],[0.0,0.0,0.0,0.0,0.0,0.0,-0.001420048042444167,0.03672420897774259],[0.0,0.0,0.0,0.0,0.0,0.0,0.0011987650370711741,-0.035374814895745954]]}