{"din_name":"flux_level07316.json","din_kind":"RELATIVE","din_start":600.0000066571585,"din_end":660.0000095494394,"din_rules":["Interventions","r1","r1_rev","r2","r3","r4","r5","r6"],"din_hits":[0,32278,32263,5970,2732077,2726083,808304,808304],"din_fluxs":[[0.0,0.0,0.0,0.0,0.0,0.0,0.0,0.0],[0.0,-0.0010915207946362406,0.09057607737119409,0.11448953875090108,0.0,-0.002011633651020773,0.0,0.0],[0.0,0.0010927160511622755,-0.08111772607042647,-0.15265752931401996,0.0,0.0033893606918178948,0.0,0.0],[0.0,0.0,0.0,-0.32264308457389823,0.004005691775774241,0.0,0.004594218340628287,0.0],[0.0,0.0,0.0,0.0019989736870017153,-0.003989356468929405,0.008193358467266277,-0.003990212569886107,0.0],[0.0,0.0,0.0,0.0,0.00400535535216694,-0.008160364311979329,0.004307646620630671,0.0],[0.0,0.0,0.0,0.0,0.0,0.0,-0.002483297785797839,0.006055262663873062],[0.0,0.0,0.0,0.0,0.0,0.0,0.0014773867835850755,-0.006018633679513712]]}