{"din_name":"flux_level03538.json","din_kind":"RELATIVE","din_start":600.0000044668851,"din_end":660.0000034871131,"din_rules":["Interventions","r1","r1_rev","r2","r3","r4","r5","r6"],"din_hits":[0,54478,54467,15706,3745690,3729972,435139,435160],"din_fluxs":[[0.0,0.0,0.0,0.0,0.0,0.0,0.0,0.0],[0.0,-0.0010901805134398786,0.10323242465943273,0.10102495452751048,0.0,-0.002014860566118039,0.0,0.0],[0.0,0.0010913715553033214,-0.09111811542946646,-0.16256607134795995,0.0,0.005321267680880398,0.0,0.0],[0.0,0.0,0.0,-0.48872758755020657,0.0025220896921759354,0.0,0.002605376372674677,0.0],[0.0,0.0,0.0,0.00704040567558703,-0.002516165244275112,0.020145732941759427,-0.002516346008350647,0.0],[0.0,0.0,0.0,0.0,0.0025225159906934374,-0.019874348820732708,0.0025514518527095646,0.0],[0.0,0.0,0.0,0.0,0.0,0.0,-0.0013632961755263885,0.013541406760608766],[0.0,0.0,0.0,0.0,0.0,0.0,0.001118270193356537,-0.013358230237310956]]}