{"din_name":"flux_level08578.json","din_kind":"RELATIVE","din_start":600.0000093861912,"din_end":660.0000070430127,"din_rules":["Interventions","r1","r1_rev","r2","r3","r4","r5","r6"],"din_hits":[0,180784,180700,43902,852396,808483,469125,469130],"din_fluxs":[[0.0,0.0,0.0,0.0,0.0,0.0,0.0,0.0],[0.0,-0.001174742707089762,0.011844107352611334,0.02145097365436862,0.0,-0.0021841992271551397,0.0,0.0],[0.0,0.0011761484700996186,-0.011495074101615998,-0.022817030739670542,0.0,0.0023947712087236633,0.0,0.0],[0.0,0.0,0.0,-0.05220335117691702,0.009766346595368411,0.0,0.012460463388384293,0.0],[0.0,0.0,0.0,0.0032610343897968978,-0.009667882447280136,0.005256719173626937,-0.009668737717535068,0.0],[0.0,0.0,0.0,0.0,0.009762706915785343,-0.005557071755395426,0.01213844026560043,0.0],[0.0,0.0,0.0,0.0,0.0,0.0,-0.006874509427540877,0.006247138024577639],[0.0,0.0,0.0,0.0,0.0,0.0,0.0026393433025895746,-0.006208124816857869]]}