{"din_name":"flux_level05687.json","din_kind":"RELATIVE","din_start":600.0000554127987,"din_end":660.0000386371398,"din_rules":["Interventions","r1","r1_rev","r2","r3","r4","r5","r6"],"din_hits":[0,43127,43110,2147,383860,381696,427817,427810],"din_fluxs":[[0.0,0.0,0.0,0.0,0.0,0.0,0.0,0.0],[0.0,-0.0010986978948190728,0.055960757090129765,0.07596743464508564,0.0,-0.0020460201395966953,0.0,0.0],[0.0,0.0010999109519060865,-0.05200139023422315,-0.09601526239081923,0.0,0.003637495537138331,0.0,0.0],[0.0,0.0,0.0,-0.40438047333706334,0.0025866151636171125,0.0,0.006147958209735936,0.0],[0.0,0.0,0.0,0.010629148435324833,-0.0025794472326044846,0.018323765159247433,-0.002591037228453156,0.0],[0.0,0.0,0.0,0.0,0.0025861171802073813,-0.018265324483393297,0.004845703195183382,0.0],[0.0,0.0,0.0,0.0,0.0,0.0,-0.009814949006504958,0.0011876873182671422],[0.0,0.0,0.0,0.0,0.0,0.0,0.007913945028230993,-0.0011862779944037222]]}