{"din_name":"flux_level02647.json","din_kind":"RELATIVE","din_start":600.0000014226622,"din_end":660.0000111371439,"din_rules":["Interventions","r1","r1_rev","r2","r3","r4","r5","r6"],"din_hits":[0,35972,35961,10043,2873878,2863832,922679,922671],"din_fluxs":[[0.0,0.0,0.0,0.0,0.0,0.0,0.0,0.0],[0.0,-0.001089761418939823,0.1083521409849056,0.1055049817989703,0.0,-0.0020371776238121736,0.0,0.0],[0.0,0.0010909520537308987,-0.09398639056967414,-0.16998780896693136,0.0,0.005053281333048094,0.0,0.0],[0.0,0.0,0.0,-0.46143025959704725,0.0026471150276003957,0.0,0.003925541518699105,0.0],[0.0,0.0,0.0,0.005292179801668507,-0.002640294901577886,0.016991840365792665,-0.002637675808831808,0.0],[0.0,0.0,0.0,0.0,0.002647287706467364,-0.016801312425013103,0.0029780313935094745,0.0],[0.0,0.0,0.0,0.0,0.0,0.0,-0.004397024120658033,0.001450845244099535],[0.0,0.0,0.0,0.0,0.0,0.0,0.003394928686878516,-0.0014487423795737891]]}