{"din_name":"flux_level04588.json","din_kind":"RELATIVE","din_start":600.0000018176297,"din_end":660.0000098868622,"din_rules":["Interventions","r1","r1_rev","r2","r3","r4","r5","r6"],"din_hits":[0,23469,23449,27467,2360284,2332810,2131569,2131591],"din_fluxs":[[0.0,0.0,0.0,0.0,0.0,0.0,0.0,0.0],[0.0,-0.0010995796740995167,0.05365881987656532,0.04977570949135295,0.0,-0.00203131403603356,0.0,0.0],[0.0,0.0011007994238543342,-0.049924187154182086,-0.09408488843302858,0.0,0.0049161212125107545,0.0,0.0],[0.0,0.0,0.0,-0.3351269701421306,0.0025358127028799497,0.0,0.0035081368924743173,0.0],[0.0,0.0,0.0,0.006739405919045631,-0.002529827011719193,0.01998235884870372,-0.002530294101357315,0.0],[0.0,0.0,0.0,0.0,0.002536250401127353,-0.019843440129878515,0.0029038379354305124,0.0],[0.0,0.0,0.0,0.0,0.0,0.0,-0.002316389574259586,0.0022978633665333248],[0.0,0.0,0.0,0.0,0.0,0.0,0.0019110078143823378,-0.0022925888459838888]]}