{"din_name":"flux_level02722.json","din_kind":"RELATIVE","din_start":600.0000034934756,"din_end":660.0000012365633,"din_rules":["Interventions","r1","r1_rev","r2","r3","r4","r5","r6"],"din_hits":[0,22638,22630,7839,3573560,3565709,189940,189938],"din_fluxs":[[0.0,0.0,0.0,0.0,0.0,0.0,0.0,0.0],[0.0,-0.0010889288513863057,0.11904540885732899,0.12532922557040746,0.0,-0.0020445316821306563,0.0,0.0],[0.0,0.0010901181869245819,-0.10198057401366224,-0.1873787820769855,0.0,0.004287193264963608,0.0,0.0],[0.0,0.0,0.0,-0.4032395459406264,0.003181402963933993,0.0,0.004932803000300735,0.0],[0.0,0.0,0.0,0.0024756772098674927,-0.0031713931206763324,0.011086454590970367,-0.003172652650822297,0.0],[0.0,0.0,0.0,0.0,0.003181490267676756,-0.01100241817988839,0.003523544693476593,0.0],[0.0,0.0,0.0,0.0,0.0,0.0,-0.015148741769849946,0.0011231699588783136],[0.0,0.0,0.0,0.0,0.0,0.0,0.00976546943316847,-0.0011219097192315302]]}