{"din_name":"flux_level07539.json","din_kind":"RELATIVE","din_start":600.0000142511291,"din_end":660.0000086837473,"din_rules":["Interventions","r1","r1_rev","r2","r3","r4","r5","r6"],"din_hits":[0,29718,29706,20336,3495428,3475088,902788,902798],"din_fluxs":[[0.0,0.0,0.0,0.0,0.0,0.0,0.0,0.0],[0.0,-0.001092494458109556,0.08352100554698652,0.0753559616487272,0.0,-0.002052258230465197,0.0,0.0],[0.0,0.0010936925306095691,-0.07537510013496602,-0.13869212734502048,0.0,0.005225702442198682,0.0,0.0],[0.0,0.0,0.0,-0.403623000315286,0.0026037611281883597,0.0,0.0028528346362832946,0.0],[0.0,0.0,0.0,0.005214375216582861,-0.0025972896479006954,0.01803407837924757,-0.002597193437258899,0.0],[0.0,0.0,0.0,0.0,0.0026040571481618655,-0.017841583823550097,0.0026838557550106913,0.0],[0.0,0.0,0.0,0.0,0.0,0.0,-0.0015517248912402365,0.0064166398945162345],[0.0,0.0,0.0,0.0,0.0,0.0,0.0012439628972151255,-0.006375510970719899]]}