{"din_name":"flux_level03401.json","din_kind":"RELATIVE","din_start":600.000001754649,"din_end":660.0000022219274,"din_rules":["Interventions","r1","r1_rev","r2","r3","r4","r5","r6"],"din_hits":[0,29085,29073,10045,3570209,3560169,1537165,1537157],"din_fluxs":[[0.0,0.0,0.0,0.0,0.0,0.0,0.0,0.0],[0.0,-0.001089550002856549,0.11284688930010099,0.10988385576577872,0.0,-0.0020094977918907577,0.0,0.0],[0.0,0.0010907404888474506,-0.09618457535252431,-0.1765596812971708,0.0,0.004624471296585615,0.0,0.0],[0.0,0.0,0.0,-0.4149215085027139,0.002912069700098971,0.0,0.004534588341799743,0.0],[0.0,0.0,0.0,0.0033167038166716733,-0.0029035267740887554,0.013200386541353087,-0.002904653990043286,0.0],[0.0,0.0,0.0,0.0,0.0029119861054611768,-0.013085082596490872,0.003381664425185834,0.0],[0.0,0.0,0.0,0.0,0.0,0.0,-0.003733313702565699,0.001695656445296518],[0.0,0.0,0.0,0.0,0.0,0.0,0.002668888175842835,-0.0016927838355647966]]}