{"din_name":"flux_level09899.json","din_kind":"RELATIVE","din_start":600.0000044240492,"din_end":660.0000026378807,"din_rules":["Interventions","r1","r1_rev","r2","r3","r4","r5","r6"],"din_hits":[0,74160,74149,14154,2149053,2134892,510913,510934],"din_fluxs":[[0.0,0.0,0.0,0.0,0.0,0.0,0.0,0.0],[0.0,-0.0010990994094290274,0.05475979961971458,0.06394306940027907,0.0,-0.0020389700738232836,0.0,0.0],[0.0,0.001100311015168314,-0.05097145969616854,-0.09709021401885096,0.0,0.0037247145035962767,0.0,0.0],[0.0,0.0,0.0,-0.2785961983541251,0.0030736180629894116,0.0,0.005203902892767717,0.0],[0.0,0.0,0.0,0.004350903226196226,-0.0030659334196472933,0.011867108740063801,-0.0030625810663719266,0.0],[0.0,0.0,0.0,0.0,0.003075380213723891,-0.011861657076524357,0.003953706389080702,0.0],[0.0,0.0,0.0,0.0,0.0,0.0,-0.010649060336769262,0.0011894882733722789],[0.0,0.0,0.0,0.0,0.0,0.0,0.007149050964199904,-0.001188074625071819]]}