{"din_name":"flux_level07695.json","din_kind":"RELATIVE","din_start":600.0000087822021,"din_end":660.0000218484679,"din_rules":["Interventions","r1","r1_rev","r2","r3","r4","r5","r6"],"din_hits":[0,169174,169123,18303,735091,716812,1847547,1847545],"din_fluxs":[[0.0,0.0,0.0,0.0,0.0,0.0,0.0,0.0],[0.0,-0.0011318559036672502,0.020803570099858754,0.031381409659487616,0.0,-0.002108485007436359,0.0,0.0],[0.0,0.0011331466231937796,-0.020030686109746725,-0.039270917660361594,0.0,0.0028851738882632967,0.0,0.0],[0.0,0.0,0.0,-0.1502243785421981,0.0031782017363903466,0.0,0.0051488399668645594,0.0],[0.0,0.0,0.0,0.006943517422313611,-0.0031682804632603033,0.011231885570904303,-0.0031711205283472804,0.0],[0.0,0.0,0.0,0.0,0.003178363224541776,-0.011565139447766841,0.004859096678553432,0.0],[0.0,0.0,0.0,0.0,0.0,0.0,-0.0031486299909139867,0.0025185899928109857],[0.0,0.0,0.0,0.0,0.0,0.0,0.0024915237842219077,-0.0025122534751430103]]}