{"din_name":"flux_level02433.json","din_kind":"RELATIVE","din_start":600.0000010224636,"din_end":660.000001197762,"din_rules":["Interventions","r1","r1_rev","r2","r3","r4","r5","r6"],"din_hits":[0,7596,7583,23290,2373206,2349919,381990,382001],"din_fluxs":[[0.0,0.0,0.0,0.0,0.0,0.0,0.0,0.0],[0.0,-0.0010975899261333215,0.05942956090044967,0.055619826237442826,0.0,-0.002018385786295201,0.0,0.0],[0.0,0.001098817468878288,-0.05480703021476235,-0.10303837410351523,0.0,0.0048726070759725695,0.0,0.0],[0.0,0.0,0.0,-0.3205421709253172,0.0026492730623862743,0.0,0.0027838511284064703,0.0],[0.0,0.0,0.0,0.0050394758298097225,-0.0026422957987676755,0.017165297186646316,-0.002642142168879927,0.0],[0.0,0.0,0.0,0.0,0.002649298831360961,-0.017047916480169407,0.0026950372316371825,0.0],[0.0,0.0,0.0,0.0,0.0,0.0,-0.0014322262610049134,0.013830539812732634],[0.0,0.0,0.0,0.0,0.0,0.0,0.0011459592729781165,-0.013639350735973318]]}