{"din_name":"flux_level10834.json","din_kind":"RELATIVE","din_start":600.0000172598717,"din_end":660.0000061026242,"din_rules":["Interventions","r1","r1_rev","r2","r3","r4","r5","r6"],"din_hits":[0,31886,31867,12978,2860905,2847932,1591608,1591597],"din_fluxs":[[0.0,0.0,0.0,0.0,0.0,0.0,0.0,0.0],[0.0,-0.0010971318144723959,0.060988892533688305,0.07611532299020096,0.0,-0.0020447431561297965,0.0,0.0],[0.0,0.0010983422149165101,-0.05638367707214515,-0.10836016467670478,0.0,0.00340623064530888,0.0,0.0],[0.0,0.0,0.0,-0.24066594117679369,0.0039898231118859475,0.0,0.005843826951769533,0.0],[0.0,0.0,0.0,0.0020081850579996793,-0.003973586542624449,0.008283782218323463,-0.003971272418085123,0.0],[0.0,0.0,0.0,0.0,0.0039894581281224965,-0.008267733385493846,0.004806676002554227,0.0],[0.0,0.0,0.0,0.0,0.0,0.0,-0.0035124209921062015,0.002673264710742255],[0.0,0.0,0.0,0.0,0.0,0.0,0.0020576632950749913,-0.0026661252371589345]]}