{"din_name":"flux_level11039.json","din_kind":"RELATIVE","din_start":600.0000093329542,"din_end":660.000001622052,"din_rules":["Interventions","r1","r1_rev","r2","r3","r4","r5","r6"],"din_hits":[0,27290,27249,87455,3552881,3465416,500338,500312],"din_fluxs":[[0.0,0.0,0.0,0.0,0.0,0.0,0.0,0.0],[0.0,-0.0011177149912313684,0.028299823629907354,0.03157663759403432,0.0,-0.002040827793692246,0.0,0.0],[0.0,0.0011189929285629421,-0.026968557592875947,-0.05174635336601088,0.0,0.0038240739804326334,0.0,0.0],[0.0,0.0,0.0,-0.19403346499788882,0.0027848223817983496,0.0,0.0030490220084940707,0.0],[0.0,0.0,0.0,0.0061616358450123365,-0.0027778598231076464,0.015034138192913403,-0.0027783335619585674,0.0],[0.0,0.0,0.0,0.0,0.0027856210684688728,-0.015192589221979089,0.0028495261619002686,0.0],[0.0,0.0,0.0,0.0,0.0,0.0,-0.0018184885251290878,0.00436104940166575],[0.0,0.0,0.0,0.0,0.0,0.0,0.0013456343534049954,-0.004342060479579223]]}