{"din_name":"flux_level07841.json","din_kind":"RELATIVE","din_start":600.0000713946156,"din_end":660.0001636050367,"din_rules":["Interventions","r1","r1_rev","r2","r3","r4","r5","r6"],"din_hits":[0,11332,11277,25840,810191,784350,293501,293499],"din_fluxs":[[0.0,0.0,0.0,0.0,0.0,0.0,0.0,0.0],[0.0,-0.0011417708531679493,0.017861723603700915,0.02801090530698104,0.0,-0.0021610394890801193,0.0,0.0],[0.0,0.0011432451334036707,-0.01696298423720863,-0.03358879123137746,0.0,0.0027706180400796296,0.0,0.0],[0.0,0.0,0.0,-0.08326929697850027,0.005201718232841627,0.0,0.00564757867933339,0.0],[0.0,0.0,0.0,0.0030068445863587583,-0.005176746589108511,0.0068436497189062985,-0.005178636362939731,0.0],[0.0,0.0,0.0,0.0,0.005203814254836817,-0.0070280825023158805,0.005563702683035212,0.0],[0.0,0.0,0.0,0.0,0.0,0.0,-0.002858453224295847,0.018273190800785065],[0.0,0.0,0.0,0.0,0.0,0.0,0.0018774652788303855,-0.01793988513047278]]}