{"din_name":"flux_level11824.json","din_kind":"RELATIVE","din_start":600.0000307295113,"din_end":660.0000054776102,"din_rules":["Interventions","r1","r1_rev","r2","r3","r4","r5","r6"],"din_hits":[0,89033,89012,36770,3217411,3180630,921566,921591],"din_fluxs":[[0.0,0.0,0.0,0.0,0.0,0.0,0.0,0.0],[0.0,-0.0011009869253659319,0.05078413021951537,0.05018097497537292,0.0,-0.0020388781704241336,0.0,0.0],[0.0,0.0011022032459079914,-0.046776897627886574,-0.08818688733694269,0.0,0.0045659331318555485,0.0,0.0],[0.0,0.0,0.0,-0.3395481523136322,0.0025320015659648504,0.0,0.003431369851417513,0.0],[0.0,0.0,0.0,0.007633387686804013,-0.0025255452920057717,0.02006480254889792,-0.0025269846596985587,0.0],[0.0,0.0,0.0,0.0,0.0025319410396639655,-0.019959810155741473,0.002819563323643319,0.0],[0.0,0.0,0.0,0.0,0.0,0.0,-0.004885157457265932,0.0013623061805417911],[0.0,0.0,0.0,0.0,0.0,0.0,0.003919513540840502,-0.0013604519740957233]]}