{"din_name":"flux_level07717.json","din_kind":"RELATIVE","din_start":600.0000010091699,"din_end":660.0000118011886,"din_rules":["Interventions","r1","r1_rev","r2","r3","r4","r5","r6"],"din_hits":[0,145079,144923,265731,2212442,1946694,601102,601070],"din_fluxs":[[0.0,0.0,0.0,0.0,0.0,0.0,0.0,0.0],[0.0,-0.0012328428015012203,0.00775021595612848,0.01426557378144053,0.0,-0.0023022553318990478,0.0,0.0],[0.0,0.0012344368394655964,-0.007536334937358618,-0.014921693385772141,0.0,0.002488554198046772,0.0,0.0],[0.0,0.0,0.0,-0.050146451249924104,0.0044581904548232736,0.0,0.004917593496866371,0.0],[0.0,0.0,0.0,0.006403603737193787,-0.004438451925732054,0.007489762981357598,-0.004438186276200546,0.0],[0.0,0.0,0.0,0.0,0.004458284908711048,-0.008453595474400605,0.004833701356923471,0.0],[0.0,0.0,0.0,0.0,0.0,0.0,-0.002952772437441685,0.004721015871550411],[0.0,0.0,0.0,0.0,0.0,0.0,0.0015571243717526868,-0.004698744175205863]]}