{"din_name":"flux_level01304.json","din_kind":"RELATIVE","din_start":600.0000000384432,"din_end":660.0000034730944,"din_rules":["Interventions","r1","r1_rev","r2","r3","r4","r5","r6"],"din_hits":[0,113342,113330,30731,3432135,3401378,221498,221497],"din_fluxs":[[0.0,0.0,0.0,0.0,0.0,0.0,0.0,0.0],[0.0,-0.0011005915898942428,0.05089973319743694,0.05519797873475172,0.0,-0.00204018879219402,0.0,0.0],[0.0,0.001101805949535225,-0.0475702528020039,-0.09059375041796004,0.0,0.0040785786453589766,0.0,0.0],[0.0,0.0,0.0,-0.2957801834463365,0.002778262669481137,0.0,0.0038665303347542,0.0],[0.0,0.0,0.0,0.005568264460897717,-0.0027710196093585445,0.01490856627752599,-0.0027716863519443567,0.0],[0.0,0.0,0.0,0.0,0.002778726752151015,-0.014885775114542893,0.003217102500919789,0.0],[0.0,0.0,0.0,0.0,0.0,0.0,-0.021167566780662537,0.0010741532146371425],[0.0,0.0,0.0,0.0,0.0,0.0,0.015663923853148215,-0.0010730005740755726]]}