{"din_name":"flux_level08944.json","din_kind":"RELATIVE","din_start":600.0000061998464,"din_end":660.0000178364235,"din_rules":["Interventions","r1","r1_rev","r2","r3","r4","r5","r6"],"din_hits":[0,50529,50523,1966,920466,918521,1304065,1304096],"din_fluxs":[[0.0,0.0,0.0,0.0,0.0,0.0,0.0,0.0],[0.0,-0.001090098637424133,0.10540523942916137,0.1498750157432449,0.0,-0.002014042571063707,0.0,0.0],[0.0,0.0010912892827721142,-0.09173098214672978,-0.15940021003883584,0.0,0.003866034646542197,0.0,0.0],[0.0,0.0,0.0,-0.529744361929304,0.0026374795177063746,0.0,0.004350296112995375,0.0],[0.0,0.0,0.0,0.010118814998400094,-0.00262982839182174,0.017070628720304497,-0.0026278803628927002,0.0],[0.0,0.0,0.0,0.0,0.0026367638772151524,-0.01691684210839327,0.003745612233714495,0.0],[0.0,0.0,0.0,0.0,0.0,0.0,-0.0039148794298107595,0.001589296526544027],[0.0,0.0,0.0,0.0,0.0,0.0,0.003151472898809183,-0.0015867735173134732]]}