{"din_name":"flux_level03154.json","din_kind":"RELATIVE","din_start":600.0000016658488,"din_end":660.0000594521815,"din_rules":["Interventions","r1","r1_rev","r2","r3","r4","r5","r6"],"din_hits":[0,42921,42909,7242,1760711,1753457,2032884,2032929],"din_fluxs":[[0.0,0.0,0.0,0.0,0.0,0.0,0.0,0.0],[0.0,-0.001093256830147537,0.07889996131716871,0.08682723039625287,0.0,-0.0020197576020682772,0.0,0.0],[0.0,0.001094455799265039,-0.07157352508619128,-0.13314913953354726,0.0,0.004138103320381706,0.0,0.0],[0.0,0.0,0.0,-0.37314481830675317,0.0028735813558060097,0.0,0.0041626419769708375,0.0],[0.0,0.0,0.0,0.00475767481740685,-0.0028650283950166938,0.013624491382154122,-0.0028642123815581593,0.0],[0.0,0.0,0.0,0.0,0.002873263707510909,-0.013546155832084827,0.003562349743513245,0.0],[0.0,0.0,0.0,0.0,0.0,0.0,-0.00257711065300549,0.0024871322957942857],[0.0,0.0,0.0,0.0,0.0,0.0,0.0019879451823288253,-0.002480951638290215]]}