{"din_name":"flux_level12060.json","din_kind":"RELATIVE","din_start":600.0000065281672,"din_end":660.0000006884045,"din_rules":["Interventions","r1","r1_rev","r2","r3","r4","r5","r6"],"din_hits":[0,55918,55909,7653,2282952,2275287,1654269,1654249],"din_fluxs":[[0.0,0.0,0.0,0.0,0.0,0.0,0.0,0.0],[0.0,-0.0010901554826523029,0.10255531439880347,0.1126535830515957,0.0,-0.0020093698368645065,0.0,0.0],[0.0,0.0010913463777826003,-0.09070196844964326,-0.1620192246065863,0.0,0.004807658048608378,0.0,0.0],[0.0,0.0,0.0,-0.4993305050245734,0.00256927629262556,0.0,0.003582771367620632,0.0],[0.0,0.0,0.0,0.007551589433184359,-0.0025627760605705,0.018745942697256598,-0.0025622220327740763,0.0],[0.0,0.0,0.0,0.0,0.0025693634881832493,-0.018526895393645583,0.002988918580646706,0.0],[0.0,0.0,0.0,0.0,0.0,0.0,-0.0029225929412619004,0.001836762118615358],[0.0,0.0,0.0,0.0,0.0,0.0,0.00235532367485916,-0.0018333927144095258]]}