{"din_name":"flux_level04829.json","din_kind":"RELATIVE","din_start":600.0000257508971,"din_end":660.0000101612878,"din_rules":["Interventions","r1","r1_rev","r2","r3","r4","r5","r6"],"din_hits":[0,73711,73701,9661,3364198,3354536,965347,965321],"din_fluxs":[[0.0,0.0,0.0,0.0,0.0,0.0,0.0,0.0],[0.0,-0.001091684468751156,0.09055562564873566,0.1038085884798668,0.0,-0.002022147633753081,0.0,0.0],[0.0,0.0010928786653952411,-0.08008290515094475,-0.14955333664995665,0.0,0.003922323088420075,0.0,0.0],[0.0,0.0,0.0,-0.37318795392262666,0.003097715885897313,0.0,0.003477259810470006,0.0],[0.0,0.0,0.0,0.0039124456374172775,-0.003089627802893287,0.011617459442405281,-0.003089315827608984,0.0],[0.0,0.0,0.0,0.0,0.0030992138558618137,-0.011557249753488092,0.003281980426868437,0.0],[0.0,0.0,0.0,0.0,0.0,0.0,-0.0020541030420987605,0.004327445845704284],[0.0,0.0,0.0,0.0,0.0,0.0,0.0014248832692735725,-0.004308740085738217]]}