{"din_name":"flux_level11305.json","din_kind":"RELATIVE","din_start":600.0000000664226,"din_end":660.0000047503474,"din_rules":["Interventions","r1","r1_rev","r2","r3","r4","r5","r6"],"din_hits":[0,529837,529719,330703,2730838,2400130,1709570,1709591],"din_fluxs":[[0.0,0.0,0.0,0.0,0.0,0.0,0.0,0.0],[0.0,-0.0012274081409942297,0.007970741290400872,0.014414172322478309,0.0,-0.0022945823497282614,0.0,0.0],[0.0,0.001228935589100814,-0.0077716179705757055,-0.015292194233532395,0.0,0.0025970843599320095,0.0,0.0],[0.0,0.0,0.0,-0.10725366638852944,0.002667080165910836,0.0,0.002949417959773317,0.0],[0.0,0.0,0.0,0.014736738480923172,-0.0026601929406495843,0.016627726450769216,-0.0026605617808687864,0.0],[0.0,0.0,0.0,0.0,0.0026673204384145234,-0.01863218304732127,0.0029147518137071855,0.0],[0.0,0.0,0.0,0.0,0.0,0.0,-0.0019225346517595641,0.0034361399612925117],[0.0,0.0,0.0,0.0,0.0,0.0,0.0015279198129559007,-0.003424345770994695]]}