{"din_name":"flux_level00977.json","din_kind":"RELATIVE","din_start":600.0000033087582,"din_end":660.0000175890536,"din_rules":["Interventions","r1","r1_rev","r2","r3","r4","r5","r6"],"din_hits":[0,101591,101570,60687,4100076,4039394,1388367,1388353],"din_fluxs":[[0.0,0.0,0.0,0.0,0.0,0.0,0.0,0.0],[0.0,-0.0011052342272896848,0.041662617799424,0.043357700937652524,0.0,-0.0020763288845218695,0.0,0.0],[0.0,0.0011064604731740651,-0.03930119322971231,-0.07494254981646667,0.0,0.004369989925850365,0.0,0.0],[0.0,0.0,0.0,-0.29226446852748966,0.0025767416729646775,0.0,0.0028593390625777934,0.0],[0.0,0.0,0.0,0.007273717581414931,-0.0025703406709862943,0.01887211904586348,-0.00257054967608544,0.0],[0.0,0.0,0.0,0.0,0.0025769698010393804,-0.018850215047428464,0.0026914985958493205,0.0],[0.0,0.0,0.0,0.0,0.0,0.0,-0.0017250585052726909,0.0040633255686538415],[0.0,0.0,0.0,0.0,0.0,0.0,0.0013869084893058125,-0.004046830835720977]]}