{"din_name":"flux_level08808.json","din_kind":"RELATIVE","din_start":600.0000088855935,"din_end":660.0000009142084,"din_rules":["Interventions","r1","r1_rev","r2","r3","r4","r5","r6"],"din_hits":[0,399481,399355,497605,4392798,3895185,723565,723542],"din_fluxs":[[0.0,0.0,0.0,0.0,0.0,0.0,0.0,0.0],[0.0,-0.0012157763729066934,0.008570183208682029,0.014965980866597084,0.0,-0.0022628555015349575,0.0,0.0],[0.0,0.0012172780069504335,-0.008349472856227632,-0.016428920093213534,0.0,0.0026861432619561757,0.0,0.0],[0.0,0.0,0.0,-0.12536774760348995,0.0025630257557192463,0.0,0.002718485287137544,0.0],[0.0,0.0,0.0,0.016351919502834465,-0.002556485226696033,0.01906884778465586,-0.002556869708210948,0.0],[0.0,0.0,0.0,0.0,0.002563041553272831,-0.021094557011983015,0.0026799587449738106,0.0],[0.0,0.0,0.0,0.0,0.0,0.0,-0.0032907827892982642,0.0016484397402123613],[0.0,0.0,0.0,0.0,0.0,0.0,0.0026002198155837823,-0.0016457256832579622]]}