{"din_name":"flux_level09884.json","din_kind":"RELATIVE","din_start":600.0000173139684,"din_end":660.0000156947099,"din_rules":["Interventions","r1","r1_rev","r2","r3","r4","r5","r6"],"din_hits":[0,139281,139244,19631,1149036,1129411,1784562,1784558],"din_fluxs":[[0.0,0.0,0.0,0.0,0.0,0.0,0.0,0.0],[0.0,-0.0011185720301954407,0.027624174480204648,0.03800261877297174,0.0,-0.002068447638484168,0.0,0.0],[0.0,0.0011198302764831264,-0.026421627158047245,-0.05150425544278065,0.0,0.0031311300993546584,0.0,0.0],[0.0,0.0,0.0,-0.18135362058012414,0.0031361542320928653,0.0,0.0042908295090134324,0.0],[0.0,0.0,0.0,0.006049404462406644,-0.0031263650496460038,0.011502567480887446,-0.003128246052071227,0.0],[0.0,0.0,0.0,0.0,0.003136176524528539,-0.011694459317049719,0.004042920347305673,0.0],[0.0,0.0,0.0,0.0,0.0,0.0,-0.002534727751896132,0.0031524115992248194],[0.0,0.0,0.0,0.0,0.0,0.0,0.0019588974206055385,-0.0031424840509545774]]}