{"din_name":"flux_level07444.json","din_kind":"RELATIVE","din_start":600.0000003335211,"din_end":660.000002954001,"din_rules":["Interventions","r1","r1_rev","r2","r3","r4","r5","r6"],"din_hits":[0,250,232,5296,1009076,1003772,981392,981408],"din_fluxs":[[0.0,0.0,0.0,0.0,0.0,0.0,0.0,0.0],[0.0,-0.0010905444971255117,0.11117179888139148,0.08746226552225325,0.0,-0.002210828148141112,0.0,0.0],[0.0,0.001091960633431044,-0.09197167543225745,-0.1680406209872168,0.0,0.005866430856887395,0.0,0.0],[0.0,0.0,0.0,-0.401181556817262,0.0026257060375496975,0.0,0.004114921135444152,0.0],[0.0,0.0,0.0,0.004179207244110345,-0.002617925520452167,0.017554654716015312,-0.002618394160191424,0.0],[0.0,0.0,0.0,0.0,0.002624794551586028,-0.01734095005165385,0.003086295240080646,0.0],[0.0,0.0,0.0,0.0,0.0,0.0,-0.002433215537142303,0.0022868631554737212],[0.0,0.0,0.0,0.0,0.0,0.0,0.001963322775553008,-0.0022816395028384525]]}