{"din_name":"flux_level10066.json","din_kind":"RELATIVE","din_start":600.0000004540171,"din_end":660.000008519087,"din_rules":["Interventions","r1","r1_rev","r2","r3","r4","r5","r6"],"din_hits":[0,46099,46017,270263,3446963,3176692,1807924,1807949],"din_fluxs":[[0.0,0.0,0.0,0.0,0.0,0.0,0.0,0.0],[0.0,-0.0011789262357505893,0.01145267684893573,0.017721620003933514,0.0,-0.0022012156891459745,0.0,0.0],[0.0,0.001180419388628701,-0.011056165995279787,-0.021563740178256477,0.0,0.002873122202964325,0.0,0.0],[0.0,0.0,0.0,-0.10627859505538803,0.0029017280175690024,0.0,0.003491288250390628,0.0],[0.0,0.0,0.0,0.009399893775369466,-0.0028935685933686238,0.013594847068615749,-0.0028940034241502098,0.0],[0.0,0.0,0.0,0.0,0.0029019910216380364,-0.014546042888768056,0.003260476695708883,0.0],[0.0,0.0,0.0,0.0,0.0,0.0,-0.00260269226828787,0.0023782001343192927],[0.0,0.0,0.0,0.0,0.0,0.0,0.0018998823064512987,-0.002372548052763587]]}