{"din_name":"flux_level06702.json","din_kind":"RELATIVE","din_start":600.0000342686396,"din_end":660.000001952591,"din_rules":["Interventions","r1","r1_rev","r2","r3","r4","r5","r6"],"din_hits":[0,236540,236491,49966,1896003,1846047,883483,883521],"din_fluxs":[[0.0,0.0,0.0,0.0,0.0,0.0,0.0,0.0],[0.0,-0.0011253544695196244,0.023998282579064056,0.030691422067719434,0.0,-0.0020797241965639993,0.0,0.0],[0.0,0.0011266268149826425,-0.0226914023594585,-0.043943283467851216,0.0,0.003371009865604818,0.0,0.0],[0.0,0.0,0.0,-0.2050342211805048,0.002688604036012088,0.0,0.0036430646418093965,0.0],[0.0,0.0,0.0,0.009005295528636104,-0.0026815071853458824,0.01644597868761862,-0.0026798409205677364,0.0],[0.0,0.0,0.0,0.0,0.002688722658546216,-0.016769813378734004,0.003290138747272683,0.0],[0.0,0.0,0.0,0.0,0.0,0.0,-0.005347275506210784,0.0013628578602990873],[0.0,0.0,0.0,0.0,0.0,0.0,0.004087287690323939,-0.0013610015112608062]]}