{"din_name":"flux_level07860.json","din_kind":"RELATIVE","din_start":600.0000122975953,"din_end":660.0000067019331,"din_rules":["Interventions","r1","r1_rev","r2","r3","r4","r5","r6"],"din_hits":[0,47815,47807,22401,3746484,3724079,2159,2159],"din_fluxs":[[0.0,0.0,0.0,0.0,0.0,0.0,0.0,0.0],[0.0,-0.0010942545526481078,0.07342504463507715,0.07080830864830395,0.0,-0.002023333697391664,0.0,0.0],[0.0,0.0010954552400598032,-0.0670134162630676,-0.1264667697399861,0.0,0.004727788244678553,0.0,0.0],[0.0,0.0,0.0,-0.35828366487148494,0.0027275118959321923,0.0,0.0027289397204358205,0.0],[0.0,0.0,0.0,0.0046754957817907545,-0.0027206267188195285,0.015630592391729287,-0.0027206240385891744,0.0],[0.0,0.0,0.0,0.0,0.002728055045287595,-0.015514202472916844,0.0027282396150475367,0.0],[0.0,0.0,0.0,0.0,0.0,0.0,-0.0013617225228363377,14.792346209664649],[0.0,0.0,0.0,0.0,0.0,0.0,0.0010324246744442267,-0.6427678157877313]]}