{"din_name":"flux_level05371.json","din_kind":"RELATIVE","din_start":600.0000013293497,"din_end":660.0000273584449,"din_rules":["Interventions","r1","r1_rev","r2","r3","r4","r5","r6"],"din_hits":[0,55595,55585,1256,574263,573008,1160623,1160620],"din_fluxs":[[0.0,0.0,0.0,0.0,0.0,0.0,0.0,0.0],[0.0,-0.0010944223344685024,0.07272854938026665,0.12094525664875377,0.0,-0.002036683396030745,0.0,0.0],[0.0,0.0010956233845192966,-0.06639913423225043,-0.12528174642078144,0.0,0.002707387780127388,0.0,0.0],[0.0,0.0,0.0,-0.31965272103616177,0.004050743611098689,0.0,0.005482328700889748,0.0],[0.0,0.0,0.0,0.0048327509567465034,-0.004038398541194348,0.008042754144081501,-0.004042255554551221,0.0],[0.0,0.0,0.0,0.0,0.004054805228614748,-0.008059373534552017,0.005377844383247363,0.0],[0.0,0.0,0.0,0.0,0.0,0.0,-0.002929872966872227,0.005088308180425512],[0.0,0.0,0.0,0.0,0.0,0.0,0.002289085907634783,-0.005062444301433402]]}