{"din_name":"flux_level13213.json","din_kind":"RELATIVE","din_start":600.0000047771559,"din_end":660.0000024542983,"din_rules":["Interventions","r1","r1_rev","r2","r3","r4","r5","r6"],"din_hits":[0,543042,542799,462993,1798623,1335619,687077,687098],"din_fluxs":[[0.0,0.0,0.0,0.0,0.0,0.0,0.0,0.0],[0.0,-0.0013888313078122005,0.004341098450226703,0.010128827149758437,0.0,-0.0026056007259331517,0.0,0.0],[0.0,0.0013908370508356237,-0.004243047647274142,-0.008429901105427465,0.0,0.0022474070558199228,0.0,0.0],[0.0,0.0,0.0,-0.055275015881230065,0.0030312895394330516,0.0,0.0033390522556443823,0.0],[0.0,0.0,0.0,0.014551563374763174,-0.003022040604536359,0.011296040435110555,-0.0030225776436454835,0.0],[0.0,0.0,0.0,0.0,0.003031178558150925,-0.014840569282988781,0.003420888882328995,0.0],[0.0,0.0,0.0,0.0,0.0,0.0,-0.003047541638864913,0.002070793910418825],[0.0,0.0,0.0,0.0,0.0,0.0,0.0021071274975752213,-0.0020665079200867346]]}