{"din_name":"flux_level04459.json","din_kind":"RELATIVE","din_start":600.0000194325107,"din_end":660.0000001900338,"din_rules":["Interventions","r1","r1_rev","r2","r3","r4","r5","r6"],"din_hits":[0,42194,42183,1421,466797,465373,995944,995973],"din_fluxs":[[0.0,0.0,0.0,0.0,0.0,0.0,0.0,0.0],[0.0,-0.0010938180727038881,0.07544424555448323,0.11194026518862947,0.0,-0.0020511189373032448,0.0,0.0],[0.0,0.001095018386722036,-0.06870598718396143,-0.12530552061908407,0.0,0.0034802872548445555,0.0,0.0],[0.0,0.0,0.0,-0.4482826931682859,0.002732168411372925,0.0,0.005755931895925563,0.0],[0.0,0.0,0.0,0.009658225150063839,-0.0027239289353060553,0.015378806470555234,-0.0027148169654733845,0.0],[0.0,0.0,0.0,0.0,0.0027313693731105533,-0.015316031107626854,0.0048242549310415364,0.0],[0.0,0.0,0.0,0.0,0.0,0.0,-0.004831448227584806,0.0015165921726917424],[0.0,0.0,0.0,0.0,0.0,0.0,0.0038747970181481936,-0.0015142952601223275]]}