{"din_name":"flux_level08643.json","din_kind":"RELATIVE","din_start":600.0000005548245,"din_end":660.0000039791787,"din_rules":["Interventions","r1","r1_rev","r2","r3","r4","r5","r6"],"din_hits":[0,70901,70882,30234,4388878,4358643,976787,976783],"din_fluxs":[[0.0,0.0,0.0,0.0,0.0,0.0,0.0,0.0],[0.0,-0.0010952706698010414,0.06831898902851773,0.06690504003569521,0.0,-0.002024749635566425,0.0,0.0],[0.0,0.0010964735301116494,-0.06270489839270948,-0.11757648519438026,0.0,0.0047208810287763525,0.0,0.0],[0.0,0.0,0.0,-0.3629374768209952,0.0026548547702495776,0.0,0.003373562308113263,0.0],[0.0,0.0,0.0,0.005430631539548115,-0.0026479981239974897,0.016950355874486067,-0.0026502912556922056,0.0],[0.0,0.0,0.0,0.0,0.002655032477494242,-0.016823131902768733,0.002849212517206697,0.0],[0.0,0.0,0.0,0.0,0.0,0.0,-0.003590219149927454,0.0016047044027261506],[0.0,0.0,0.0,0.0,0.0,0.0,0.0027532840632566776,-0.0016021320930175575]]}