{"din_name":"flux_level09896.json","din_kind":"RELATIVE","din_start":600.0000360291995,"din_end":660.0000869161674,"din_rules":["Interventions","r1","r1_rev","r2","r3","r4","r5","r6"],"din_hits":[0,100671,100646,146,71566,71422,391121,391123],"din_fluxs":[[0.0,0.0,0.0,0.0,0.0,0.0,0.0,0.0],[0.0,-0.0010988629014241262,0.05551619466901832,0.11261382195936435,0.0,-0.002035779279613591,0.0,0.0],[0.0,0.0011000736418672222,-0.05163725837065812,-0.09970731879576844,0.0,0.0021015966507073837,0.0,0.0],[0.0,0.0,0.0,-0.23750576321687303,0.008372824469650627,0.0,0.012649196402874227,0.0],[0.0,0.0,0.0,0.005260618081207985,-0.008237193842093232,0.005312316633068054,-0.00825295455613902,0.0],[0.0,0.0,0.0,0.0,0.00830581080032426,-0.00537938811588435,0.012493968129824442,0.0],[0.0,0.0,0.0,0.0,0.0,0.0,-0.0062802149546874585,0.010637877690870072],[0.0,0.0,0.0,0.0,0.0,0.0,0.005564080286272289,-0.010524654598612874]]}