{"din_name":"flux_level06120.json","din_kind":"RELATIVE","din_start":600.0000042908667,"din_end":660.0000020110498,"din_rules":["Interventions","r1","r1_rev","r2","r3","r4","r5","r6"],"din_hits":[0,46531,46521,12036,2785180,2773120,1116840,1116815],"din_fluxs":[[0.0,0.0,0.0,0.0,0.0,0.0,0.0,0.0],[0.0,-0.0010945819730052775,0.07179097438454483,0.07981173608063816,0.0,-0.002011021904740161,0.0,0.0],[0.0,0.0010957837893575012,-0.06562035467387078,-0.12463003179895168,0.0,0.003901939596936403,0.0,0.0],[0.0,0.0,0.0,-0.3070460704599908,0.003209043780046536,0.0,0.004330285376217685,0.0],[0.0,0.0,0.0,0.0031870472531445896,-0.0031995984879791424,0.010973451126182787,-0.0031988506877416137,0.0],[0.0,0.0,0.0,0.0,0.0032098797687136952,-0.010931755385696913,0.003641396602880127,0.0],[0.0,0.0,0.0,0.0,0.0,0.0,-0.003145446531776394,0.0021560315969459134],[0.0,0.0,0.0,0.0,0.0,0.0,0.002084331985098936,-0.002151389025954591]]}