{"din_name":"flux_level07364.json","din_kind":"RELATIVE","din_start":600.0000351710655,"din_end":660.0000311908589,"din_rules":["Interventions","r1","r1_rev","r2","r3","r4","r5","r6"],"din_hits":[0,68720,68706,236,151237,150991,2240067,2240069],"din_fluxs":[[0.0,0.0,0.0,0.0,0.0,0.0,0.0,0.0],[0.0,-0.001093313537154896,0.07826660775712987,0.1881877606272148,0.0,-0.002023447661244756,0.0,0.0],[0.0,0.0010945117718813232,-0.07108534102649244,-0.1166828946473666,0.0,0.002492583435346143,0.0,0.0],[0.0,0.0,0.0,-0.5937133837796242,0.002614134379232542,0.0,0.00476385679794075,0.0],[0.0,0.0,0.0,0.02161768591038636,-0.00260978266462155,0.01734650401686138,-0.0026158606824928958,0.0],[0.0,0.0,0.0,0.0,0.0026166187304182556,-0.017276093033416352,0.004686622456668936,0.0],[0.0,0.0,0.0,0.0,0.0,0.0,-0.0025745116175367078,0.0025099180780976745],[0.0,0.0,0.0,0.0,0.0,0.0,0.00244230335488884,-0.0025036246301935743]]}