{"din_name":"flux_level13450.json","din_kind":"RELATIVE","din_start":600.0000073596958,"din_end":660.0000005928053,"din_rules":["Interventions","r1","r1_rev","r2","r3","r4","r5","r6"],"din_hits":[0,26639,26621,8674,2113634,2104950,558814,558801],"din_fluxs":[[0.0,0.0,0.0,0.0,0.0,0.0,0.0,0.0],[0.0,-0.001095432642000455,0.06753809811431957,0.07996778656359836,0.0,-0.002021007486734676,0.0,0.0],[0.0,0.001096639224879668,-0.062002291237818155,-0.11913909325252933,0.0,0.003603375096518102,0.0,0.0],[0.0,0.0,0.0,-0.26982608929441465,0.003661510212760472,0.0,0.004153056512676661,0.0],[0.0,0.0,0.0,0.0023175438179179604,-0.0036479565263602626,0.009100099211570361,-0.0036490314771846374,0.0],[0.0,0.0,0.0,0.0,0.0036613261653424176,-0.00907437849017126,0.003886843212883222,0.0],[0.0,0.0,0.0,0.0,0.0,0.0,-0.002247604748802695,0.0060892098580577775],[0.0,0.0,0.0,0.0,0.0,0.0,0.0014071908058633847,-0.006052168045644144]]}