{"din_name":"flux_level06364.json","din_kind":"RELATIVE","din_start":600.0000023203942,"din_end":660.0000071864795,"din_rules":["Interventions","r1","r1_rev","r2","r3","r4","r5","r6"],"din_hits":[0,52882,52867,4054,841163,837104,2329547,2329518],"din_fluxs":[[0.0,0.0,0.0,0.0,0.0,0.0,0.0,0.0],[0.0,-0.0010951084959343613,0.06897128266188278,0.08510504303614505,0.0,-0.0020137938620113528,0.0,0.0],[0.0,0.0010963116503381887,-0.06325872118140545,-0.11557423089792654,0.0,0.003987770763986853,0.0,0.0],[0.0,0.0,0.0,-0.43459319606758967,0.002591754909555974,0.0,0.0039610234227084075,0.0],[0.0,0.0,0.0,0.009190640780947496,-0.002585098806767003,0.018190483722002968,-0.0025870131037544998,0.0],[0.0,0.0,0.0,0.0,0.0025918010167909427,-0.018069683452144505,0.0035520445781427293,0.0],[0.0,0.0,0.0,0.0,0.0,0.0,-0.0024123564584866653,0.002393955343386221],[0.0,0.0,0.0,0.0,0.0,0.0,0.002073029389764293,-0.0023882298501342993]]}