{"din_name":"flux_level11399.json","din_kind":"RELATIVE","din_start":600.0000034420506,"din_end":660.0000173496306,"din_rules":["Interventions","r1","r1_rev","r2","r3","r4","r5","r6"],"din_hits":[0,70272,70258,17017,3475194,3458177,1191605,1191634],"din_fluxs":[[0.0,0.0,0.0,0.0,0.0,0.0,0.0,0.0],[0.0,-0.0010927776968122623,0.08185275038428397,0.08249012882832425,0.0,-0.0020059132253103175,0.0,0.0],[0.0,0.0010939746159486139,-0.07401719333159293,-0.13587196858671652,0.0,0.004701278648039273,0.0,0.0],[0.0,0.0,0.0,-0.4140644121336088,0.0026388902000183704,0.0,0.0036883109311088894,0.0],[0.0,0.0,0.0,0.005858373967820584,-0.0026316572368329395,0.0172114648078905,-0.0026326212747216217,0.0],[0.0,0.0,0.0,0.0,0.0026386021981927785,-0.017054205274320368,0.002972054197599555,0.0],[0.0,0.0,0.0,0.0,0.0,0.0,-0.004168853419700234,0.0014849336383371604],[0.0,0.0,0.0,0.0,0.0,0.0,0.003230008893705582,-0.0014827299868593225]]}