{"din_name":"flux_level12571.json","din_kind":"RELATIVE","din_start":600.000002131774,"din_end":660.0000013429858,"din_rules":["Interventions","r1","r1_rev","r2","r3","r4","r5","r6"],"din_hits":[0,113482,113451,48826,4145190,4096360,592000,591993],"din_fluxs":[[0.0,0.0,0.0,0.0,0.0,0.0,0.0,0.0],[0.0,-0.0011029686499754374,0.045751439692950195,0.04781471283901071,0.0,-0.0020423831922005095,0.0,0.0],[0.0,0.0011041889063880608,-0.0429791606490002,-0.08221984829376126,0.0,0.004268047588724745,0.0,0.0],[0.0,0.0,0.0,-0.2902366622963954,0.002670000747487524,0.0,0.003766915820454682,0.0],[0.0,0.0,0.0,0.006227703708691554,-0.002663435195059322,0.01674098417646898,-0.0026679944384006577,0.0],[0.0,0.0,0.0,0.0,0.0026705573028764423,-0.01671728411425738,0.003040759342191801,0.0],[0.0,0.0,0.0,0.0,0.0,0.0,-0.009905786982279223,0.0011630144217569264],[0.0,0.0,0.0,0.0,0.0,0.0,0.007553326650199067,-0.0011616631635843707]]}