{"din_name":"flux_level03283.json","din_kind":"RELATIVE","din_start":600.0000030675274,"din_end":660.0000084014029,"din_rules":["Interventions","r1","r1_rev","r2","r3","r4","r5","r6"],"din_hits":[0,28671,28658,8703,2108866,2100171,1005471,1005506],"din_fluxs":[[0.0,0.0,0.0,0.0,0.0,0.0,0.0,0.0],[0.0,-0.0010904669138891074,0.10104340354510885,0.09389771372941876,0.0,-0.0020013541996252715,0.0,0.0],[0.0,0.0010916597914607295,-0.0883949257304963,-0.16032250118526525,0.0,0.005193865346427228,0.0,0.0],[0.0,0.0,0.0,-0.46085826794258633,0.00257895733205662,0.0,0.002951535012832062,0.0],[0.0,0.0,0.0,0.005945967046490293,-0.002573858968638941,0.01852745956578042,-0.0025745552730673037,0.0],[0.0,0.0,0.0,0.0,0.002580509157054836,-0.018305375127437438,0.0027295679209085283,0.0],[0.0,0.0,0.0,0.0,0.0,0.0,-0.001667284756888273,0.004612172030743215],[0.0,0.0,0.0,0.0,0.0,0.0,0.0013594440336159998,-0.004590918082523702]]}