{"din_name":"flux_level08386.json","din_kind":"RELATIVE","din_start":600.0000231831318,"din_end":660.0000064267069,"din_rules":["Interventions","r1","r1_rev","r2","r3","r4","r5","r6"],"din_hits":[0,71234,71214,5198,1466460,1461242,510963,510962],"din_fluxs":[[0.0,0.0,0.0,0.0,0.0,0.0,0.0,0.0],[0.0,-0.0010931573958773491,0.07959842296511073,0.10060058268291744,0.0,-0.002023842607520059,0.0,0.0],[0.0,0.0010943549734493577,-0.07216500974459041,-0.13136571084986806,0.0,0.003866744935670112,0.0,0.0],[0.0,0.0,0.0,-0.4258980758504584,0.002749010501682664,0.0,0.004494024011458812,0.0],[0.0,0.0,0.0,0.007149759300863617,-0.0027415003189065904,0.015165991082626956,-0.0027498502662490153,0.0],[0.0,0.0,0.0,0.0,0.0027490398837755354,-0.015078249543536733,0.003600474096816025,0.0],[0.0,0.0,0.0,0.0,0.0,0.0,-0.008990078221093456,0.001199078725316942],[0.0,0.0,0.0,0.0,0.0,0.0,0.006709210204446802,-0.0011976423851987241]]}