{"din_name":"flux_level01348.json","din_kind":"RELATIVE","din_start":600.0000104949386,"din_end":660.0000008172548,"din_rules":["Interventions","r1","r1_rev","r2","r3","r4","r5","r6"],"din_hits":[0,90277,90233,136902,4035711,3898801,2128143,2128171],"din_fluxs":[[0.0,0.0,0.0,0.0,0.0,0.0,0.0,0.0],[0.0,-0.001126033317884068,0.02333736152040809,0.027825125456100785,0.0,-0.002116857302599227,0.0,0.0],[0.0,0.0011273148552385316,-0.022400012143253906,-0.04340194804016465,0.0,0.0037931723570273006,0.0,0.0],[0.0,0.0,0.0,-0.21525977143956598,0.0025478857494480966,0.0,0.0029932915703778156,0.0],[0.0,0.0,0.0,0.009776638854623926,-0.0025418171978476463,0.0198297954011007,-0.0025413570724127444,0.0],[0.0,0.0,0.0,0.0,0.0025483109761349747,-0.020149504870242495,0.002744404478988338,0.0],[0.0,0.0,0.0,0.0,0.0,0.0,-0.0020311294499878213,0.002762223229890667],[0.0,0.0,0.0,0.0,0.0,0.0,0.0016507033902467669,-0.0027546001606394742]]}