{"din_name":"flux_level02484.json","din_kind":"RELATIVE","din_start":600.0000353302078,"din_end":660.0001052779313,"din_rules":["Interventions","r1","r1_rev","r2","r3","r4","r5","r6"],"din_hits":[0,53946,53934,543,303589,303069,626888,626893],"din_fluxs":[[0.0,0.0,0.0,0.0,0.0,0.0,0.0,0.0],[0.0,-0.0010939546479071265,0.07473762186069154,0.13872996508292174,0.0,-0.0020250149298890003,0.0,0.0],[0.0,0.0010951548038127567,-0.06812312635522352,-0.12561278845356913,0.0,0.0026195467165526106,0.0,0.0],[0.0,0.0,0.0,-0.40822202520755874,0.003338453879774549,0.0,0.004636028316377427,0.0],[0.0,0.0,0.0,0.008375702547530107,-0.00333184357320273,0.010134203776744106,-0.0033292111519546207,0.0],[0.0,0.0,0.0,0.0,0.003343005652988169,-0.010152496721490413,0.004532428358568188,0.0],[0.0,0.0,0.0,0.0,0.0,0.0,-0.002668608915225809,0.0034957543301316345],[0.0,0.0,0.0,0.0,0.0,0.0,0.002101182416468819,-0.0034835470920013744]]}