{"din_name":"flux_level06435.json","din_kind":"RELATIVE","din_start":600.0000044658401,"din_end":660.000000707334,"din_rules":["Interventions","r1","r1_rev","r2","r3","r4","r5","r6"],"din_hits":[0,182826,182781,28418,1507269,1478850,416749,416767],"din_fluxs":[[0.0,0.0,0.0,0.0,0.0,0.0,0.0,0.0],[0.0,-0.0011238206691088167,0.024427803991432573,0.035737740933432946,0.0,-0.0020884320972753066,0.0,0.0],[0.0,0.0011250905460718796,-0.02344199730064545,-0.04600989001916802,0.0,0.002917078912653914,0.0,0.0],[0.0,0.0,0.0,-0.1394755617589116,0.003699746093400021,0.0,0.004006635494442736,0.0],[0.0,0.0,0.0,0.004716922790798257,-0.0036858777893085263,0.009060507313017984,-0.00368663856487576,0.0],[0.0,0.0,0.0,0.0,0.0036995247817738467,-0.009250052738789361,0.003930782610823897,0.0],[0.0,0.0,0.0,0.0,0.0,0.0,-0.0022361071150695778,0.006630519523724771],[0.0,0.0,0.0,0.0,0.0,0.0,0.001409290814303616,-0.006586597328277649]]}