{"din_name":"flux_level02377.json","din_kind":"RELATIVE","din_start":600.0000059359512,"din_end":660.00000412313,"din_rules":["Interventions","r1","r1_rev","r2","r3","r4","r5","r6"],"din_hits":[0,61367,61353,2959,1593959,1591013,1970139,1970128],"din_fluxs":[[0.0,0.0,0.0,0.0,0.0,0.0,0.0,0.0],[0.0,-0.0010899956171481478,0.10830006571067428,0.1438469565772274,0.0,-0.00201616220292213,0.0,0.0],[0.0,0.0010911860232403036,-0.09271987961901208,-0.16606762678175413,0.0,0.003607706353806446,0.0,0.0],[0.0,0.0,0.0,-0.45672882401215464,0.002998166683085754,0.0,0.00438629110329032,0.0],[0.0,0.0,0.0,0.006047355942627763,-0.0029878481415311093,0.012333584155608842,-0.00298800248977563,0.0],[0.0,0.0,0.0,0.0,0.002996804099576198,-0.012265175420260031,0.003918897998445887,0.0],[0.0,0.0,0.0,0.0,0.0,0.0,-0.002943097720421576,0.002275683790592103],[0.0,0.0,0.0,0.0,0.0,0.0,0.00221005151068774,-0.002270510616152452]]}