{"din_name":"flux_level04246.json","din_kind":"RELATIVE","din_start":600.000007155654,"din_end":660.0000060733486,"din_rules":["Interventions","r1","r1_rev","r2","r3","r4","r5","r6"],"din_hits":[0,197714,197663,46683,2412800,2366113,343948,343923],"din_fluxs":[[0.0,0.0,0.0,0.0,0.0,0.0,0.0,0.0],[0.0,-0.001123152150155492,0.024755511487755604,0.03499009415743448,0.0,-0.002080257625354316,0.0,0.0],[0.0,0.0011244197746986405,-0.023752301094825623,-0.04679430962475388,0.0,0.0030058519941903498,0.0,0.0],[0.0,0.0,0.0,-0.1364558627147874,0.003731229161233047,0.0,0.00394123084297679,0.0],[0.0,0.0,0.0,0.004295464339870001,-0.0037170464417406596,0.00899717816094623,-0.0037162692299156992,0.0],[0.0,0.0,0.0,0.0,0.003730924532777784,-0.009166820275495105,0.0038639044914757664,0.0],[0.0,0.0,0.0,0.0,0.0,0.0,-0.002252150601787725,0.006260462347910966],[0.0,0.0,0.0,0.0,0.0,0.0,0.001320597915319842,-0.006221351712888291]]}