{"din_name":"flux_level13266.json","din_kind":"RELATIVE","din_start":600.0000045190422,"din_end":660.000010070709,"din_rules":["Interventions","r1","r1_rev","r2","r3","r4","r5","r6"],"din_hits":[0,62907,62889,28396,2917396,2888990,134561,134552],"din_fluxs":[[0.0,0.0,0.0,0.0,0.0,0.0,0.0,0.0],[0.0,-0.0011029900241548822,0.045786743143053615,0.051025714571963504,0.0,-0.0020313046206509263,0.0,0.0],[0.0,0.0011042123830142673,-0.043000363837718186,-0.08262843856819359,0.0,0.003797715467864418,0.0,0.0],[0.0,0.0,0.0,-0.23447658728949833,0.0030980323203739788,0.0,0.0031722489827552824,0.0],[0.0,0.0,0.0,0.0039379727284821215,-0.0030893411354970357,0.011769513547746276,-0.003089232169184445,0.0],[0.0,0.0,0.0,0.0,0.003098930075910131,-0.011782915659748964,0.0031241143122952286,0.0],[0.0,0.0,0.0,0.0,0.0,0.0,-0.0016757601776756193,0.013438884359752623],[0.0,0.0,0.0,0.0,0.0,0.0,0.0011295999417373231,-0.013258268873040702]]}