{"din_name":"flux_level01199.json","din_kind":"RELATIVE","din_start":600.0000286000027,"din_end":660.0000018889324,"din_rules":["Interventions","r1","r1_rev","r2","r3","r4","r5","r6"],"din_hits":[0,59758,59747,15729,4523161,4507415,1298252,1298239],"din_fluxs":[[0.0,0.0,0.0,0.0,0.0,0.0,0.0,0.0],[0.0,-0.0010899636958336062,0.10519296866216483,0.1033053623300507,0.0,-0.002017536980413867,0.0,0.0],[0.0,0.0010911541141600488,-0.0926925132833689,-0.16863236068337897,0.0,0.004987063576235573,0.0,0.0],[0.0,0.0,0.0,-0.4540264963701325,0.002662431505610615,0.0,0.0031544728472587633,0.0],[0.0,0.0,0.0,0.005284138965761492,-0.0026557564132758133,0.01668199731664576,-0.0026568411637503623,0.0],[0.0,0.0,0.0,0.0,0.0026628322581650353,-0.016501872876281267,0.0028169493105686576,0.0],[0.0,0.0,0.0,0.0,0.0,0.0,-0.00227745677710131,0.0024554767870295256],[0.0,0.0,0.0,0.0,0.0,0.0,0.0017550666785937522,-0.002449454151438366]]}