{"din_name":"flux_level07294.json","din_kind":"RELATIVE","din_start":600.0000024999722,"din_end":660.0000311043357,"din_rules":["Interventions","r1","r1_rev","r2","r3","r4","r5","r6"],"din_hits":[0,123501,123471,9464,736875,727403,314309,314301],"din_fluxs":[[0.0,0.0,0.0,0.0,0.0,0.0,0.0,0.0],[0.0,-0.0011099849522807099,0.035264768800633096,0.046966192689521326,0.0,-0.002059231287650966,0.0,0.0],[0.0,0.0011112223453917333,-0.033476797891667784,-0.06319084693024503,0.0,0.0034243605358177734,0.0,0.0],[0.0,0.0,0.0,-0.3070076563992216,0.0025815112676006737,0.0,0.004189065512990394,0.0],[0.0,0.0,0.0,0.010752752677919737,-0.0025749219235737717,0.018548357439180232,-0.0025763656725591435,0.0],[0.0,0.0,0.0,0.0,0.0025815726094770143,-0.01866465640604212,0.0036367156398380007,0.0],[0.0,0.0,0.0,0.0,0.0,0.0,-0.011143793238552318,0.0011454100432720029],[0.0,0.0,0.0,0.0,0.0,0.0,0.008848732672666249,-0.001144098759396621]]}