{"din_name":"flux_level03351.json","din_kind":"RELATIVE","din_start":600.000000455002,"din_end":660.0000008042681,"din_rules":["Interventions","r1","r1_rev","r2","r3","r4","r5","r6"],"din_hits":[0,130742,130696,88856,3180674,3091816,1666839,1666838],"din_fluxs":[[0.0,0.0,0.0,0.0,0.0,0.0,0.0,0.0],[0.0,-0.0011207706839488792,0.02618441579712484,0.030335215596600327,0.0,-0.002068576358804001,0.0,0.0],[0.0,0.0011220347694074625,-0.025080340831489974,-0.04863731895089841,0.0,0.0038489202384771005,0.0,0.0],[0.0,0.0,0.0,-0.231930786484927,0.0025559765173492678,0.0,0.003071135030426177,0.0],[0.0,0.0,0.0,0.009401886512025575,-0.0025498831026287147,0.01953162612302152,-0.0025506220907446624,0.0],[0.0,0.0,0.0,0.0,0.0025564159332629255,-0.01976882251947588,0.0027938732099159606,0.0],[0.0,0.0,0.0,0.0,0.0,0.0,-0.0023535783311574568,0.0022442125626138403],[0.0,0.0,0.0,0.0,0.0,0.0,0.0018985783391985093,-0.0022391810278926676]]}