{"din_name":"flux_level08189.json","din_kind":"RELATIVE","din_start":600.0000052613174,"din_end":660.0000037574606,"din_rules":["Interventions","r1","r1_rev","r2","r3","r4","r5","r6"],"din_hits":[0,2835,2827,5572,1611120,1605516,806530,806533],"din_fluxs":[[0.0,0.0,0.0,0.0,0.0,0.0,0.0,0.0],[0.0,-0.0010902122229641848,0.10325240997112502,0.09134200250464697,0.0,-0.0019664809015556444,0.0,0.0],[0.0,0.0010914238803059286,-0.09059740107089223,-0.16964952200483974,0.0,0.004839653170028173,0.0,0.0],[0.0,0.0,0.0,-0.37579611111520733,0.0029682853693534235,0.0,0.004229390983066608,0.0],[0.0,0.0,0.0,0.002496667029494206,-0.0029594015525433717,0.012705845521058868,-0.0029581298268337,0.0],[0.0,0.0,0.0,0.0,0.002968190982818833,-0.012593962144937647,0.0033105679922440976,0.0],[0.0,0.0,0.0,0.0,0.0,0.0,-0.002444176623317506,0.0027065119959043334],[0.0,0.0,0.0,0.0,0.0,0.0,0.0017642688060933625,-0.002699193695009333]]}