{"din_name":"flux_level06386.json","din_kind":"RELATIVE","din_start":600.0000056546099,"din_end":660.0000063672495,"din_rules":["Interventions","r1","r1_rev","r2","r3","r4","r5","r6"],"din_hits":[0,28288,28283,803,545796,544999,1366796,1366795],"din_fluxs":[[0.0,0.0,0.0,0.0,0.0,0.0,0.0,0.0],[0.0,-0.0010893390936391393,0.11559120148056298,0.17302993108271347,0.0,-0.0020247295946704794,0.0,0.0],[0.0,0.0010905285336850496,-0.09821225871400961,-0.17344013586380233,0.0,0.003402227983764961,0.0,0.0],[0.0,0.0,0.0,-0.500436807162871,0.002950735211243012,0.0,0.005306445615893769,0.0],[0.0,0.0,0.0,0.007791259874534791,-0.0029422783955747388,0.012704154453061264,-0.0029432092485035264,0.0],[0.0,0.0,0.0,0.0,0.0029509656751181878,-0.012632156068241977,0.0046600389272224915,0.0],[0.0,0.0,0.0,0.0,0.0,0.0,-0.003328600825280498,0.002106167947344139],[0.0,0.0,0.0,0.0,0.0,0.0,0.0026608282935498004,-0.0021017365838095735]]}