{"din_name":"flux_level11244.json","din_kind":"RELATIVE","din_start":600.0000087599502,"din_end":660.0000060438748,"din_rules":["Interventions","r1","r1_rev","r2","r3","r4","r5","r6"],"din_hits":[0,155772,155742,14788,1434538,1419740,930412,930415],"din_fluxs":[[0.0,0.0,0.0,0.0,0.0,0.0,0.0,0.0],[0.0,-0.0011122683871730753,0.03279904586637797,0.048793065698874954,0.0,-0.0020650874715942096,0.0,0.0],[0.0,0.0011135104929566523,-0.031218845297674037,-0.06073771004801106,0.0,0.00283871250309783,0.0,0.0],[0.0,0.0,0.0,-0.16728695266033053,0.004034637585928006,0.0,0.006401166899660516,0.0],[0.0,0.0,0.0,0.0040154418571879905,-0.004019002456614323,0.008195318784433733,-0.004023399782450521,0.0],[0.0,0.0,0.0,0.0,0.004035249068899889,-0.008295588567332059,0.005762507463548565,0.0],[0.0,0.0,0.0,0.0,0.0,0.0,-0.00594604429611599,0.0017004279294132148],[0.0,0.0,0.0,0.0,0.0,0.0,0.003347053194281799,-0.0016975392870742735]]}