{"din_name":"flux_level12399.json","din_kind":"RELATIVE","din_start":600.0000046027828,"din_end":660.0000092361682,"din_rules":["Interventions","r1","r1_rev","r2","r3","r4","r5","r6"],"din_hits":[0,176776,176742,32560,2007499,1974911,1053570,1053592],"din_fluxs":[[0.0,0.0,0.0,0.0,0.0,0.0,0.0,0.0],[0.0,-0.0011113403699064646,0.03376817667577256,0.04052812517660531,0.0,-0.0020521276735558434,0.0,0.0],[0.0,0.0011125798198656062,-0.03211296327250529,-0.06124205221114403,0.0,0.0037119622620425826,0.0,0.0],[0.0,0.0,0.0,-0.2731039770813532,0.0026044663517294504,0.0,0.003040922422800622,0.0],[0.0,0.0,0.0,0.008840368981846881,-0.002598214312364161,0.0181095566070852,-0.002598919698804428,0.0],[0.0,0.0,0.0,0.0,0.002604993787366019,-0.0182178073196491,0.002853762696279626,0.0],[0.0,0.0,0.0,0.0,0.0,0.0,-0.002280974531258344,0.0024003385797857274],[0.0,0.0,0.0,0.0,0.0,0.0,0.00181328442445296,-0.0023945836948308986]]}