{"din_name":"flux_level03891.json","din_kind":"RELATIVE","din_start":600.0000162175592,"din_end":660.00001045275,"din_rules":["Interventions","r1","r1_rev","r2","r3","r4","r5","r6"],"din_hits":[0,46283,46268,290,199190,198888,173177,173184],"din_fluxs":[[0.0,0.0,0.0,0.0,0.0,0.0,0.0,0.0],[0.0,-0.0010952739751982762,0.06856810133935413,0.1310407078925502,0.0,-0.0020359610500688295,0.0,0.0],[0.0,0.0010964779131388618,-0.06289590938288642,-0.12108837504610435,0.0,0.002213778548217478,0.0,0.0],[0.0,0.0,0.0,-0.244971126969071,0.011704451850267215,0.0,0.013464901386409087,0.0],[0.0,0.0,0.0,0.00302827684439157,-0.011521560038421,0.004893948008814786,-0.011522200662348252,0.0],[0.0,0.0,0.0,0.0,0.011656931881055058,-0.004917097182695974,0.013324970599986791,0.0],[0.0,0.0,0.0,0.0,0.0,0.0,-0.006655348454661884,0.03178321837606132],[0.0,0.0,0.0,0.0,0.0,0.0,0.00480683953170041,-0.030771535598085327]]}