{"din_name":"flux_level02881.json","din_kind":"RELATIVE","din_start":600.0000147918029,"din_end":660.0000267988414,"din_rules":["Interventions","r1","r1_rev","r2","r3","r4","r5","r6"],"din_hits":[0,158605,158571,1285,148291,147002,561440,561440],"din_fluxs":[[0.0,0.0,0.0,0.0,0.0,0.0,0.0,0.0],[0.0,-0.0011163469032789398,0.02921006860491714,0.05549616089356781,0.0,-0.0020627723815778093,0.0,0.0],[0.0,0.0011175989440841154,-0.02789957862667166,-0.0534584843154254,0.0,0.002353242668620124,0.0,0.0],[0.0,0.0,0.0,-0.24805998713090172,0.0030487454575666424,0.0,0.006751444879724214,0.0],[0.0,0.0,0.0,0.01080369275629599,-0.003039915266502048,0.011859139770616457,-0.003042504685849323,0.0],[0.0,0.0,0.0,0.0,0.003049192979634144,-0.012115790385083092,0.006620198136822011,0.0],[0.0,0.0,0.0,0.0,0.0,0.0,-0.0048125838721438646,0.0017944942132103517],[0.0,0.0,0.0,0.0,0.0,0.0,0.0038982435978988867,-0.0017912772918617964]]}