{"din_name":"flux_level02378.json","din_kind":"RELATIVE","din_start":600.0000052516344,"din_end":660.0000007864984,"din_rules":["Interventions","r1","r1_rev","r2","r3","r4","r5","r6"],"din_hits":[0,61943,61930,8192,3306805,3298617,1577645,1577642],"din_fluxs":[[0.0,0.0,0.0,0.0,0.0,0.0,0.0,0.0],[0.0,-0.0010901088491382682,0.1035878978103845,0.11948105864318702,0.0,-0.002020163757361525,0.0,0.0],[0.0,0.0010912995529931322,-0.09145283807058968,-0.16802059184918908,0.0,0.004091151823008169,0.0,0.0],[0.0,0.0,0.0,-0.4171301257536502,0.0030004316187831207,0.0,0.0037293684750630486,0.0],[0.0,0.0,0.0,0.004188635880413806,-0.0029917391866630307,0.012350319313812941,-0.002990429609417265,0.0],[0.0,0.0,0.0,0.0,0.0030007226373916394,-0.012267180007327919,0.003330722064124384,0.0],[0.0,0.0,0.0,0.0,0.0,0.0,-0.0023969050580133224,0.0028428211703040544],[0.0,0.0,0.0,0.0,0.0,0.0,0.0017129885641077086,-0.0028347477041266167]]}