{"din_name":"flux_level02477.json","din_kind":"RELATIVE","din_start":600.0000294087861,"din_end":660.0000025909928,"din_rules":["Interventions","r1","r1_rev","r2","r3","r4","r5","r6"],"din_hits":[0,280082,279987,1793,34995,33200,1294217,1294236],"din_fluxs":[[0.0,0.0,0.0,0.0,0.0,0.0,0.0,0.0],[0.0,-0.0011810111834460342,0.011172578206438712,0.02201659345024945,0.0,-0.002201833782472437,0.0,0.0],[0.0,0.0011824252755801641,-0.010857109227821472,-0.02143484229525588,0.0,0.0022569834650445547,0.0,0.0],[0.0,0.0,0.0,-0.08486922864612094,0.003859177288232008,0.0,0.0071720435542072985,0.0],[0.0,0.0,0.0,0.008301497794247438,-0.0038446787354495713,0.008417291072484255,-0.003832438519126325,0.0],[0.0,0.0,0.0,0.0,0.003859566387316383,-0.009168035837440114,0.007166038571125969,0.0],[0.0,0.0,0.0,0.0,0.0,0.0,-0.0036096227200028033,0.004025114824025904],[0.0,0.0,0.0,0.0,0.0,0.0,0.0035334075129539815,-0.0040089205680924195]]}