{"din_name":"flux_level11551.json","din_kind":"RELATIVE","din_start":600.0000011894823,"din_end":660.0000178364784,"din_rules":["Interventions","r1","r1_rev","r2","r3","r4","r5","r6"],"din_hits":[0,65075,65049,10377,2446587,2436195,799563,799608],"din_fluxs":[[0.0,0.0,0.0,0.0,0.0,0.0,0.0,0.0],[0.0,-0.0010972116814341043,0.060714588473955035,0.07891580092131613,0.0,-0.002048004817349689,0.0,0.0],[0.0,0.0010984190698389072,-0.056164208790226815,-0.10749907892296434,0.0,0.0032943322680240496,0.0,0.0],[0.0,0.0,0.0,-0.25583455232305086,0.003827987670492127,0.0,0.005191733068829154,0.0],[0.0,0.0,0.0,0.0027288702400196404,-0.0038139967738168093,0.008629664719036114,-0.0038123576660130834,0.0],[0.0,0.0,0.0,0.0,0.0038286183316904553,-0.008624511433972415,0.004483141662194707,0.0],[0.0,0.0,0.0,0.0,0.0,0.0,-0.004465411603243064,0.0018625517476816324],[0.0,0.0,0.0,0.0,0.0,0.0,0.002503172861222815,-0.0018590870784502044]]}