{"din_name":"flux_level03782.json","din_kind":"RELATIVE","din_start":600.0000924803214,"din_end":660.0000107707498,"din_rules":["Interventions","r1","r1_rev","r2","r3","r4","r5","r6"],"din_hits":[0,96630,96566,19159,567354,548189,64264,64260],"din_fluxs":[[0.0,0.0,0.0,0.0,0.0,0.0,0.0,0.0],[0.0,-0.0011340337091791386,0.020001372232896292,0.02749343961152446,0.0,-0.002109913662462322,0.0,0.0],[0.0,0.0011353358409153835,-0.01925898463523903,-0.03730825126146559,0.0,0.0032347360547064887,0.0,0.0],[0.0,0.0,0.0,-0.19766631538152457,0.002625463261190266,0.0,0.002647203202533337,0.0],[0.0,0.0,0.0,0.010579388004713544,-0.0026184070582018332,0.017715349053924325,-0.0026188182109127835,0.0],[0.0,0.0,0.0,0.0,0.002625277187625344,-0.018194552178970643,0.0026441143970010773,0.0],[0.0,0.0,0.0,0.0,0.0,0.0,-0.0013264455984061706,0.10000601069416305],[0.0,0.0,0.0,0.0,0.0,0.0,0.0011652455282785046,-0.08866155032101375]]}