{"din_name":"flux_level13325.json","din_kind":"RELATIVE","din_start":600.000017075097,"din_end":660.0000168239952,"din_rules":["Interventions","r1","r1_rev","r2","r3","r4","r5","r6"],"din_hits":[0,71287,71271,189,68616,68419,724459,724472],"din_fluxs":[[0.0,0.0,0.0,0.0,0.0,0.0,0.0,0.0],[0.0,-0.001100358360127806,0.05145002664625431,0.1223552602774657,0.0,-0.002038306429575798,0.0,0.0],[0.0,0.001101573596740872,-0.04804882025326654,-0.08587258026803815,0.0,0.0023386339569493307,0.0,0.0],[0.0,0.0,0.0,-0.4913898768761636,0.0026531113148017373,0.0,0.011120830935593332,0.0],[0.0,0.0,0.0,0.021040888162250422,-0.0026485529640022645,0.016539962031466605,-0.002652682428536588,0.0],[0.0,0.0,0.0,0.0,0.002655608595218553,-0.016602192683390457,0.01085805457037267,0.0],[0.0,0.0,0.0,0.0,0.0,0.0,-0.00756290000590369,0.0014431521898691521],[0.0,0.0,0.0,0.0,0.0,0.0,0.006848621506993246,-0.0014410716434188882]]}