{"din_name":"flux_level03159.json","din_kind":"RELATIVE","din_start":600.0000050933315,"din_end":660.0000011243703,"din_rules":["Interventions","r1","r1_rev","r2","r3","r4","r5","r6"],"din_hits":[0,41739,41728,13027,2961584,2948544,1869498,1869522],"din_fluxs":[[0.0,0.0,0.0,0.0,0.0,0.0,0.0,0.0],[0.0,-0.0010927943273397651,0.08175729160338162,0.08401692646718774,0.0,-0.002030681352693645,0.0,0.0],[0.0,0.0010939921554199994,-0.07388625796586343,-0.13815726854867175,0.0,0.004424890887497089,0.0,0.0],[0.0,0.0,0.0,-0.3635153373183965,0.002874940959680407,0.0,0.0036837356634302075,0.0],[0.0,0.0,0.0,0.003981089329660027,-0.0028667976928580335,0.013630741889600407,-0.0028659992741760683,0.0],[0.0,0.0,0.0,0.0,0.0028750447001658717,-0.013538619628228731,0.0032158628678194395,0.0],[0.0,0.0,0.0,0.0,0.0,0.0,-0.002171965293846297,0.0031791318991051887],[0.0,0.0,0.0,0.0,0.0,0.0,0.0016364714639573504,-0.0031690343183188915]]}