{"din_name":"flux_level03412.json","din_kind":"RELATIVE","din_start":600.000006365114,"din_end":660.0000037529942,"din_rules":["Interventions","r1","r1_rev","r2","r3","r4","r5","r6"],"din_hits":[0,125897,125874,13221,1633818,1620591,993774,993773],"din_fluxs":[[0.0,0.0,0.0,0.0,0.0,0.0,0.0,0.0],[0.0,-0.0011013350156154106,0.0491929936979545,0.061003852776867866,0.0,-0.002056347758547406,0.0,0.0],[0.0,0.0011025513498737816,-0.04605555986592626,-0.08734592287761783,0.0,0.0037669499035567484,0.0,0.0],[0.0,0.0,0.0,-0.3335100268302293,0.0026789565850631964,0.0,0.003334714233037003,0.0],[0.0,0.0,0.0,0.007899304675696562,-0.0026708148343706386,0.01645101413661419,-0.002671077668651058,0.0],[0.0,0.0,0.0,0.0,0.0026779618362735183,-0.016442359118629905,0.003059596573504282,0.0],[0.0,0.0,0.0,0.0,0.0,0.0,-0.00276237975606174,0.002008145143583338],[0.0,0.0,0.0,0.0,0.0,0.0,0.0021466373232814427,-0.002004116384242738]]}