{"din_name":"flux_level09763.json","din_kind":"RELATIVE","din_start":600.0000213901445,"din_end":660.0000122319176,"din_rules":["Interventions","r1","r1_rev","r2","r3","r4","r5","r6"],"din_hits":[0,72777,72762,2391,531745,529338,1595130,1595128],"din_fluxs":[[0.0,0.0,0.0,0.0,0.0,0.0,0.0,0.0],[0.0,-0.001096918783436304,0.061732687593228655,0.09251853750516796,0.0,-0.0020210315877082483,0.0,0.0],[0.0,0.0010981255886045658,-0.05704904763965539,-0.10206846096593962,0.0,0.003494964099312824,0.0,0.0],[0.0,0.0,0.0,-0.4646304739669887,0.0025313463474923017,0.0,0.004031695534925756,0.0],[0.0,0.0,0.0,0.01319683338414229,-0.0025231255562864095,0.01980288530443012,-0.0025214593702940196,0.0],[0.0,0.0,0.0,0.0,0.0025295012630969903,-0.019696931568399696,0.0036592751868628655,0.0],[0.0,0.0,0.0,0.0,0.0,0.0,-0.002720000423337711,0.002032172869342386],[0.0,0.0,0.0,0.0,0.0,0.0,0.0023515214664290925,-0.0020280474082216902]]}