{"din_name":"flux_level00449.json","din_kind":"RELATIVE","din_start":600.0000343929494,"din_end":660.0000540499329,"din_rules":["Interventions","r1","r1_rev","r2","r3","r4","r5","r6"],"din_hits":[0,56682,56615,5691,211649,205941,429884,429881],"din_fluxs":[[0.0,0.0,0.0,0.0,0.0,0.0,0.0,0.0],[0.0,-0.0011319304001858827,0.020798221161665967,0.030652811124613374,0.0,-0.002102779139573863,0.0,0.0],[0.0,0.0011332347563790509,-0.019985293647739922,-0.03872640893848474,0.0,0.00298829402639235,0.0,0.0],[0.0,0.0,0.0,-0.1858195372730574,0.002788371226915827,0.0,0.003211028792039041,0.0],[0.0,0.0,0.0,0.009382839331297656,-0.002781823835432862,0.014772626825149357,-0.0027859318325294037,0.0],[0.0,0.0,0.0,0.0,0.002789620762144956,-0.015188125080843773,0.003168362349606487,0.0],[0.0,0.0,0.0,0.0,0.0,0.0,-0.0016693171188712742,0.007471417596764381],[0.0,0.0,0.0,0.0,0.0,0.0,0.0014877320721569931,-0.0074156335889519484]]}