{"din_name":"flux_level09696.json","din_kind":"RELATIVE","din_start":600.0000007224538,"din_end":660.0000025182079,"din_rules":["Interventions","r1","r1_rev","r2","r3","r4","r5","r6"],"din_hits":[0,105367,105342,21428,1268424,1246984,1754156,1754173],"din_fluxs":[[0.0,0.0,0.0,0.0,0.0,0.0,0.0,0.0],[0.0,-0.0011128504063584984,0.0322608199061912,0.03880643746271256,0.0,-0.002043773574956845,0.0,0.0],[0.0,0.0011140953932008435,-0.03071535502623848,-0.05884227246018766,0.0,0.003629691744117818,0.0,0.0],[0.0,0.0,0.0,-0.2457214330993453,0.0026927874736585276,0.0,0.004012426885033728,0.0],[0.0,0.0,0.0,0.007865821479333698,-0.002685329518661857,0.01633119109040005,-0.0026842431360507104,0.0],[0.0,0.0,0.0,0.0,0.0026925590215750484,-0.016469453394518593,0.0035135638975325174,0.0],[0.0,0.0,0.0,0.0,0.0,0.0,-0.002951988856403346,0.0019694020894053827],[0.0,0.0,0.0,0.0,0.0,0.0,0.0023642702084589002,-0.001965527145977983]]}