{"din_name":"flux_level12493.json","din_kind":"RELATIVE","din_start":600.000018102692,"din_end":660.0000017219319,"din_rules":["Interventions","r1","r1_rev","r2","r3","r4","r5","r6"],"din_hits":[0,16217,16193,42432,2852115,2809686,2316882,2316881],"din_fluxs":[[0.0,0.0,0.0,0.0,0.0,0.0,0.0,0.0],[0.0,-0.0011032013939632965,0.04544559476521491,0.042700062537369035,0.0,-0.0020398461722581146,0.0,0.0],[0.0,0.0011044383196822675,-0.04257624551585016,-0.08134789496937034,0.0,0.004743688850692965,0.0,0.0],[0.0,0.0,0.0,-0.29872996979043326,0.002555507843794537,0.0,0.003470801915017702,0.0],[0.0,0.0,0.0,0.006846802490119346,-0.002549337320005259,0.01948237239135757,-0.002550266637680658,0.0],[0.0,0.0,0.0,0.0,0.002555860259091951,-0.019406642050227345,0.0028864848251850396,0.0],[0.0,0.0,0.0,0.0,0.0,0.0,-0.00224923506385842,0.0024085470228597345],[0.0,0.0,0.0,0.0,0.0,0.0,0.0018414125185112961,-0.0024027518608260787]]}