{"din_name":"flux_level04907.json","din_kind":"RELATIVE","din_start":600.0000032335253,"din_end":660.0000024388895,"din_rules":["Interventions","r1","r1_rev","r2","r3","r4","r5","r6"],"din_hits":[0,31576,31551,7430,1200809,1193363,1000818,1000824],"din_fluxs":[[0.0,0.0,0.0,0.0,0.0,0.0,0.0,0.0],[0.0,-0.001094308330699184,0.07287485710577966,0.07350384126525156,0.0,-0.002007945008797864,0.0,0.0],[0.0,0.0010955095858385703,-0.06654807723405697,-0.12262254217814933,0.0,0.004778891016784972,0.0,0.0],[0.0,0.0,0.0,-0.4158452765126505,0.0025471377687811287,0.0,0.0031205206216646103,0.0],[0.0,0.0,0.0,0.00717963024364367,-0.002540690253497274,0.01947498061040181,-0.002538762688582137,0.0],[0.0,0.0,0.0,0.0,0.0025471645225000734,-0.01928896424261927,0.002811500655041939,0.0],[0.0,0.0,0.0,0.0,0.0,0.0,-0.0018553598524851114,0.003347473731632571],[0.0,0.0,0.0,0.0,0.0,0.0,0.0015392439614301682,-0.0033362794013324826]]}