{"din_name":"flux_level01209.json","din_kind":"RELATIVE","din_start":600.0000019605161,"din_end":660.0000134284381,"din_rules":["Interventions","r1","r1_rev","r2","r3","r4","r5","r6"],"din_hits":[0,19593,19578,33718,3400115,3366416,1608418,1608400],"din_fluxs":[[0.0,0.0,0.0,0.0,0.0,0.0,0.0,0.0],[0.0,-0.0010982017076760259,0.05775697956042839,0.05269655775603341,0.0,-0.002019848949029024,0.0,0.0],[0.0,0.001099418391862032,-0.05350266776996883,-0.09973332034238032,0.0,0.004770045399615908,0.0,0.0],[0.0,0.0,0.0,-0.3147108213327993,0.0026547119627005357,0.0,0.003951986313367187,0.0],[0.0,0.0,0.0,0.005109110001414231,-0.0026483781373227277,0.017044088608461676,-0.0026487091344421987,0.0],[0.0,0.0,0.0,0.0,0.0026554203232036842,-0.016938016323102077,0.002979007297546157,0.0],[0.0,0.0,0.0,0.0,0.0,0.0,-0.003065310639564966,0.0018096350351815736],[0.0,0.0,0.0,0.0,0.0,0.0,0.002381866900215601,-0.0018063633631689587]]}