{"din_name":"flux_level05302.json","din_kind":"RELATIVE","din_start":600.0000046032917,"din_end":660.0000049722782,"din_rules":["Interventions","r1","r1_rev","r2","r3","r4","r5","r6"],"din_hits":[0,124598,124566,4388,321486,317097,526224,526233],"din_fluxs":[[0.0,0.0,0.0,0.0,0.0,0.0,0.0,0.0],[0.0,-0.0011155045368546907,0.029938203517075976,0.04719074469482442,0.0,-0.002070409069026815,0.0,0.0],[0.0,0.0011167556173129524,-0.028569912427028922,-0.05394956974676726,0.0,0.0029987576089250028,0.0,0.0],[0.0,0.0,0.0,-0.31566914897841414,0.002540405860634951,0.0,0.006506276581138632,0.0],[0.0,0.0,0.0,0.014181668557779465,-0.0025330412281260243,0.01958495097389663,-0.0025230080323623673,0.0],[0.0,0.0,0.0,0.0,0.002539462909453692,-0.01981497886758398,0.005772526791590657,0.0],[0.0,0.0,0.0,0.0,0.0,0.0,-0.010718205361116997,0.001177322166335027],[0.0,0.0,0.0,0.0,0.0,0.0,0.008867163502115243,-0.0011759374099180292]]}