{"din_name":"flux_level03298.json","din_kind":"RELATIVE","din_start":600.0000813188902,"din_end":660.0000254868288,"din_rules":["Interventions","r1","r1_rev","r2","r3","r4","r5","r6"],"din_hits":[0,4612,4588,1851,176697,174828,819802,819814],"din_fluxs":[[0.0,0.0,0.0,0.0,0.0,0.0,0.0,0.0],[0.0,-0.0011065419231967007,0.04027510467601387,0.04910543817512895,0.0,-0.00202908636253368,0.0,0.0],[0.0,0.001107850559516745,-0.037505540369022275,-0.07295606605967585,0.0,0.0034888607335666435,0.0,0.0],[0.0,0.0,0.0,-0.19565151254072827,0.0034269270090269287,0.0,0.010078708054015563,0.0],[0.0,0.0,0.0,0.0034285421095168545,-0.003413225794585299,0.01002001841547135,-0.0034121173087755586,0.0],[0.0,0.0,0.0,0.0,0.0034249065143342194,-0.010062071467868732,0.008576712526063748,0.0],[0.0,0.0,0.0,0.0,0.0,0.0,-0.005649492373231792,0.0019704738367305463],[0.0,0.0,0.0,0.0,0.0,0.0,0.004574176667962115,-0.0019665933833360747]]}