{"din_name":"flux_level13679.json","din_kind":"RELATIVE","din_start":600.0000007659405,"din_end":660.000001776952,"din_rules":["Interventions","r1","r1_rev","r2","r3","r4","r5","r6"],"din_hits":[0,81684,81673,3366,876771,873411,923655,923631],"din_fluxs":[[0.0,0.0,0.0,0.0,0.0,0.0,0.0,0.0],[0.0,-0.001094439637442784,0.07241472054226981,0.10574818406971677,0.0,-0.0020506562710962363,0.0,0.0],[0.0,0.0010956401655836984,-0.06616243508024894,-0.117904136122267,0.0,0.003662713579292063,0.0,0.0],[0.0,0.0,0.0,-0.47617559724833564,0.002567138086805642,0.0,0.0039030915816851454,0.0],[0.0,0.0,0.0,0.01148375061189921,-0.0025598695043803675,0.018758598660608503,-0.002559084673253032,0.0],[0.0,0.0,0.0,0.0,0.0025664386737734232,-0.018626509592676158,0.003439759185788632,0.0],[0.0,0.0,0.0,0.0,0.0,0.0,-0.004247614629776439,0.0014811053527834614],[0.0,0.0,0.0,0.0,0.0,0.0,0.003442954798369895,-0.0014789147274940613]]}