{"din_name":"flux_level00140.json","din_kind":"RELATIVE","din_start":600.0000040087754,"din_end":660.0000053973982,"din_rules":["Interventions","r1","r1_rev","r2","r3","r4","r5","r6"],"din_hits":[0,39288,39270,43986,3991781,3947793,839632,839636],"din_fluxs":[[0.0,0.0,0.0,0.0,0.0,0.0,0.0,0.0],[0.0,-0.001101014053832226,0.04992781496971034,0.049020568676192415,0.0,-0.0020245747555853195,0.0,0.0],[0.0,0.0011022337874194497,-0.04667176694612826,-0.08917910242316128,0.0,0.004426149407735533,0.0,0.0],[0.0,0.0,0.0,-0.2777719527422026,0.0027566650734722107,0.0,0.003039620316381477,0.0],[0.0,0.0,0.0,0.004856762889473265,-0.0027493177993140475,0.015302191836883595,-0.0027473631054620294,0.0],[0.0,0.0,0.0,0.0,0.0027569033225658558,-0.015259505578920559,0.0028427070020990318,0.0],[0.0,0.0,0.0,0.0,0.0,0.0,-0.0017205838033595713,0.0051920663611996765],[0.0,0.0,0.0,0.0,0.0,0.0,0.0013011273962705667,-0.005165134986305258]]}