{"din_name":"flux_level08917.json","din_kind":"RELATIVE","din_start":600.0000043771239,"din_end":660.0000054378198,"din_rules":["Interventions","r1","r1_rev","r2","r3","r4","r5","r6"],"din_hits":[0,1655,1636,26735,4039887,4013142,1211805,1211777],"din_fluxs":[[0.0,0.0,0.0,0.0,0.0,0.0,0.0,0.0],[0.0,-0.0010944891984057705,0.07370071221270652,0.06774764196192146,0.0,-0.0020736447871628635,0.0,0.0],[0.0,0.001095762110932635,-0.06611189330164233,-0.1258871576875188,0.0,0.004996963682867976,0.0,0.0],[0.0,0.0,0.0,-0.316099959527052,0.002837676576814615,0.0,0.003359929168917137,0.0],[0.0,0.0,0.0,0.0032604433887252803,-0.0028296685585009786,0.014157867947936524,-0.0028293817257907835,0.0],[0.0,0.0,0.0,0.0,0.002837702578086033,-0.0140524938784547,0.0029739564508383153,0.0],[0.0,0.0,0.0,0.0,0.0,0.0,-0.0018182316297460275,0.004790693195590112],[0.0,0.0,0.0,0.0,0.0,0.0,0.001362337189984551,-0.004767764139544466]]}