{"din_name":"flux_level10290.json","din_kind":"RELATIVE","din_start":600.0000041140011,"din_end":660.0000032616623,"din_rules":["Interventions","r1","r1_rev","r2","r3","r4","r5","r6"],"din_hits":[0,20967,20954,10535,3794172,3783647,293372,293398],"din_fluxs":[[0.0,0.0,0.0,0.0,0.0,0.0,0.0,0.0],[0.0,-0.0010892853254011584,0.11224433244926028,0.1100788461159215,0.0,-0.0020364588182401966,0.0,0.0],[0.0,0.0010904757873287005,-0.09812155122914572,-0.18152330012284815,0.0,0.004739903011822424,0.0,0.0],[0.0,0.0,0.0,-0.40934546137050726,0.002957788969790978,0.0,0.003886923533426387,0.0],[0.0,0.0,0.0,0.0028897557014845106,-0.0029497405578950615,0.012757893957005937,-0.0029535456106576396,0.0],[0.0,0.0,0.0,0.0,0.002958474144545417,-0.012646037099863889,0.003112944349234337,0.0],[0.0,0.0,0.0,0.0,0.0,0.0,-0.005667822828822108,0.0013617853325434248],[0.0,0.0,0.0,0.0,0.0,0.0,0.003889853395408715,-0.0013599338825000182]]}