{"din_name":"flux_level00681.json","din_kind":"RELATIVE","din_start":600.0000014206863,"din_end":660.0000009665951,"din_rules":["Interventions","r1","r1_rev","r2","r3","r4","r5","r6"],"din_hits":[0,21895,21880,10933,3089238,3078301,1146283,1146249],"din_fluxs":[[0.0,0.0,0.0,0.0,0.0,0.0,0.0,0.0],[0.0,-0.0010921481943187406,0.08590222290027937,0.09079042815585356,0.0,-0.0020119325876912274,0.0,0.0],[0.0,0.0010933464529512124,-0.07731658256836653,-0.146873249837123,0.0,0.004176174206658112,0.0,0.0],[0.0,0.0,0.0,-0.3321581601331449,0.003227333669848655,0.0,0.004185836916627257,0.0],[0.0,0.0,0.0,0.0025175348942649152,-0.0032187782711329406,0.010858717320043412,-0.0032183249037073835,0.0],[0.0,0.0,0.0,0.0,0.0032291866696132544,-0.010794655898206312,0.003539039776078974,0.0],[0.0,0.0,0.0,0.0,0.0,0.0,-0.002496827647410668,0.003031687700746575],[0.0,0.0,0.0,0.0,0.0,0.0,0.0016698454475097997,-0.003022503964425756]]}