{"din_name":"flux_level13717.json","din_kind":"RELATIVE","din_start":600.0000036406774,"din_end":660.0000059826476,"din_rules":["Interventions","r1","r1_rev","r2","r3","r4","r5","r6"],"din_hits":[0,62327,62311,6840,1999144,1992312,1324687,1324677],"din_fluxs":[[0.0,0.0,0.0,0.0,0.0,0.0,0.0,0.0],[0.0,-0.0010912218274843851,0.09305652135764007,0.10599146571019631,0.0,-0.002012765004294723,0.0,0.0],[0.0,0.0010924150910973744,-0.08312694660791577,-0.1487127533139594,0.0,0.004396624592998041,0.0,0.0],[0.0,0.0,0.0,-0.4670144307472233,0.0026332352740592114,0.0,0.0031568368225808746,0.0],[0.0,0.0,0.0,0.007138423952697743,-0.0026263801157310877,0.01724009393401323,-0.0026263083619565363,0.0],[0.0,0.0,0.0,0.0,0.0026332988731094112,-0.01707627081956512,0.002889794616151806,0.0],[0.0,0.0,0.0,0.0,0.0,0.0,-0.001937660362609285,0.003276760794677038],[0.0,0.0,0.0,0.0,0.0,0.0,0.0015558879969082907,-0.0032660348140500202]]}