{"din_name":"flux_level04866.json","din_kind":"RELATIVE","din_start":600.0000265954005,"din_end":660.0000204607688,"din_rules":["Interventions","r1","r1_rev","r2","r3","r4","r5","r6"],"din_hits":[0,151481,151447,7642,899165,891511,109809,109815],"din_fluxs":[[0.0,0.0,0.0,0.0,0.0,0.0,0.0,0.0],[0.0,-0.0011148065081955764,0.030448299404030064,0.0530514869951012,0.0,-0.002070901319020242,0.0,0.0],[0.0,0.0011160549640449851,-0.029048182021378342,-0.0571096745398033,0.0,0.002398631293233595,0.0,0.0],[0.0,0.0,0.0,-0.12535711293608273,0.008299387396655132,0.0,0.008667751427262151,0.0],[0.0,0.0,0.0,0.0025952022398037827,-0.008219041449785391,0.005422113330947895,-0.008220504492502171,0.0],[0.0,0.0,0.0,0.0,0.008287401305227775,-0.0054931295651182,0.008616464611057121,0.0],[0.0,0.0,0.0,0.0,0.0,0.0,-0.0044209864445116055,0.02408032862809348],[0.0,0.0,0.0,0.0,0.0,0.0,0.0017886941096639378,-0.023500772080585264]]}