{"din_name":"flux_level09172.json","din_kind":"RELATIVE","din_start":600.0000150197131,"din_end":660.0000274651046,"din_rules":["Interventions","r1","r1_rev","r2","r3","r4","r5","r6"],"din_hits":[0,54129,54113,4420,1550719,1546292,279630,279623],"din_fluxs":[[0.0,0.0,0.0,0.0,0.0,0.0,0.0,0.0],[0.0,-0.0010897488714637351,0.10883147250764302,0.13334103253439686,0.0,-0.00202204184813291,0.0,0.0],[0.0,0.0010909386589836878,-0.09433599425851243,-0.16411185864165048,0.0,0.00457736124479655,0.0,0.0],[0.0,0.0,0.0,-0.5448425726499943,0.002526372706329638,0.0,0.0026448864666237712,0.0],[0.0,0.0,0.0,0.009573302357933628,-0.0025208763388997204,0.019884923892074826,-0.00251982765177655,0.0],[0.0,0.0,0.0,0.0,0.0025272514970404903,-0.01963640484124341,0.0025773434263582627,0.0],[0.0,0.0,0.0,0.0,0.0,0.0,-0.001491286129165709,0.006654287459548908],[0.0,0.0,0.0,0.0,0.0,0.0,0.0012124498834554488,-0.006610052210500374]]}