{"din_name":"flux_level09976.json","din_kind":"RELATIVE","din_start":600.000002163866,"din_end":660.000007035567,"din_rules":["Interventions","r1","r1_rev","r2","r3","r4","r5","r6"],"din_hits":[0,122185,122093,226651,2733897,2507238,464433,464410],"din_fluxs":[[0.0,0.0,0.0,0.0,0.0,0.0,0.0,0.0],[0.0,-0.0011867649499652394,0.010642338519650178,0.017080363568322963,0.0,-0.0022081272309064123,0.0,0.0],[0.0,0.0011882197397853854,-0.010328160784994354,-0.02040398842122537,0.0,0.002786031112428625,0.0,0.0],[0.0,0.0,0.0,-0.09094861616931883,0.0031102059764339966,0.0,0.004261924050639537,0.0],[0.0,0.0,0.0,0.008465100746190436,-0.003100911684048598,0.011778085484828884,-0.0030969510204100427,0.0],[0.0,0.0,0.0,0.0,0.003110596318250706,-0.012707296871450962,0.003803362603774937,0.0],[0.0,0.0,0.0,0.0,0.0,0.0,-0.011743339776715135,0.001167831886367229],[0.0,0.0,0.0,0.0,0.0,0.0,0.007758471219513564,-0.001166469667578882]]}