{"din_name":"flux_level04988.json","din_kind":"RELATIVE","din_start":600.0000111986878,"din_end":660.0000230304953,"din_rules":["Interventions","r1","r1_rev","r2","r3","r4","r5","r6"],"din_hits":[0,49320,49290,24686,1776854,1752166,435550,435550],"din_fluxs":[[0.0,0.0,0.0,0.0,0.0,0.0,0.0,0.0],[0.0,-0.001108428165450202,0.03722321941510334,0.04258642082475804,0.0,-0.0020669670660916012,0.0,0.0],[0.0,0.001109667053714029,-0.03522937930626101,-0.06808940614205033,0.0,0.003759113255963442,0.0,0.0],[0.0,0.0,0.0,-0.21307918872982903,0.0029979560040386136,0.0,0.00319898068738863,0.0],[0.0,0.0,0.0,0.004708657849012763,-0.002988558116544554,0.012601588635692298,-0.002988011725672613,0.0],[0.0,0.0,0.0,0.0,0.002997515627313481,-0.012664032637703345,0.003101206766451642,0.0],[0.0,0.0,0.0,0.0,0.0,0.0,-0.00167257578000066,0.010528802876856223],[0.0,0.0,0.0,0.0,0.0,0.0,0.001247492300376473,-0.010418027454316903]]}