{"din_name":"flux_level00705.json","din_kind":"RELATIVE","din_start":600.000011087912,"din_end":660.0000220410134,"din_rules":["Interventions","r1","r1_rev","r2","r3","r4","r5","r6"],"din_hits":[0,2155,2143,1501,356327,354788,1536560,1536578],"din_fluxs":[[0.0,0.0,0.0,0.0,0.0,0.0,0.0,0.0],[0.0,-0.0010900024275435777,0.10777027687173825,0.08559490697227025,0.0,-0.0018892932977439582,0.0,0.0],[0.0,0.0010912223403045835,-0.09283858774526058,-0.17085917246393287,0.0,0.005475907789734875,0.0,0.0],[0.0,0.0,0.0,-0.4400348283893446,0.002622820817613633,0.0,0.004328630611189568,0.0],[0.0,0.0,0.0,0.004604303617470958,-0.002615166050797873,0.01757200928731619,-0.0026155844864910573,0.0],[0.0,0.0,0.0,0.0,0.002622024921189877,-0.0173603794333205,0.00376010479671323,0.0],[0.0,0.0,0.0,0.0,0.0,0.0,-0.0023001857213090678,0.002690518443526502],[0.0,0.0,0.0,0.0,0.0,0.0,0.0020421690191622555,-0.0026832860019512543]]}