{"din_name":"flux_level03175.json","din_kind":"RELATIVE","din_start":600.000000129034,"din_end":660.0000064583259,"din_rules":["Interventions","r1","r1_rev","r2","r3","r4","r5","r6"],"din_hits":[0,83630,83609,12625,2252499,2239832,1716638,1716611],"din_fluxs":[[0.0,0.0,0.0,0.0,0.0,0.0,0.0,0.0],[0.0,-0.0010999125468470923,0.05339565426810198,0.06745643649110962,0.0,-0.002032611036379876,0.0,0.0],[0.0,0.0011011264066670232,-0.049052709460364365,-0.09461664372285743,0.0,0.003330031266146413,0.0,0.0],[0.0,0.0,0.0,-0.24285817289746073,0.0035852018147453347,0.0,0.0049994841417623,0.0],[0.0,0.0,0.0,0.003380966703389666,-0.0035720136063035974,0.009345283857513336,-0.0035725245138810173,0.0],[0.0,0.0,0.0,0.0,0.0035848312196793894,-0.009357777843523089,0.004463228224801719,0.0],[0.0,0.0,0.0,0.0,0.0,0.0,-0.0032368073255343082,0.0025840429103931206],[0.0,0.0,0.0,0.0,0.0,0.0,0.002100734198297405,-0.0025773709220790657]]}