{"din_name":"flux_level04764.json","din_kind":"RELATIVE","din_start":600.000012556661,"din_end":660.0000002484605,"din_rules":["Interventions","r1","r1_rev","r2","r3","r4","r5","r6"],"din_hits":[0,16181,16143,46947,2155799,2108839,1790446,1790438],"din_fluxs":[[0.0,0.0,0.0,0.0,0.0,0.0,0.0,0.0],[0.0,-0.0011151636987653585,0.03043485189026373,0.034147312421570625,0.0,-0.0020888418494689263,0.0,0.0],[0.0,0.001116449019392985,-0.0288492799970585,-0.055753777763551525,0.0,0.0038459832172068687,0.0,0.0],[0.0,0.0,0.0,-0.19237391132963036,0.002860479024257656,0.0,0.004166974798229318,0.0],[0.0,0.0,0.0,0.005431041938948021,-0.0028530016968653076,0.014058502289167968,-0.0028527289338185035,0.0],[0.0,0.0,0.0,0.0,0.0028611840953827817,-0.014180476558982196,0.0034272507074789758,0.0],[0.0,0.0,0.0,0.0,0.0,0.0,-0.0027882438701782868,0.0021984807621111416],[0.0,0.0,0.0,0.0,0.0,0.0,0.0021005874775850506,-0.0021936525812002988]]}