{"din_name":"flux_level02696.json","din_kind":"RELATIVE","din_start":600.0000201993062,"din_end":660.0000310108923,"din_rules":["Interventions","r1","r1_rev","r2","r3","r4","r5","r6"],"din_hits":[0,222688,222654,11109,680496,669381,1744334,1744383],"din_fluxs":[[0.0,0.0,0.0,0.0,0.0,0.0,0.0,0.0],[0.0,-0.0011194444538542851,0.026993289786919457,0.04090053414206723,0.0,-0.0020768777082062137,0.0,0.0],[0.0,0.0011207026494193136,-0.025843797263164797,-0.049533324143269664,0.0,0.0029755491699860015,0.0,0.0],[0.0,0.0,0.0,-0.25352143696883966,0.0026828034518259643,0.0,0.003881904850089224,0.0],[0.0,0.0,0.0,0.01109156007877361,-0.0026740997092553824,0.01636257032225987,-0.002678063397810812,0.0],[0.0,0.0,0.0,0.0,0.002681247384115622,-0.016647714567927584,0.0037159724088574515,0.0],[0.0,0.0,0.0,0.0,0.0,0.0,-0.002515686462317854,0.0024067299878625303],[0.0,0.0,0.0,0.0,0.0,0.0,0.0021207771139691487,-0.0024009409088675444]]}