{"din_name":"flux_level01554.json","din_kind":"RELATIVE","din_start":600.0000051994964,"din_end":660.0000358733153,"din_rules":["Interventions","r1","r1_rev","r2","r3","r4","r5","r6"],"din_hits":[0,79903,79871,91044,3953147,3862091,231356,231373],"din_fluxs":[[0.0,0.0,0.0,0.0,0.0,0.0,0.0,0.0],[0.0,-0.0011191877853363513,0.027209952441287124,0.032542907274651735,0.0,-0.0020803787776477547,0.0,0.0],[0.0,0.0011204515590365132,-0.02602334966639644,-0.050801709606459196,0.0,0.0035898158719052963,0.0,0.0],[0.0,0.0,0.0,-0.1699643896003872,0.0030185642818555524,0.0,0.0032232153913343197,0.0],[0.0,0.0,0.0,0.005178480469192696,-0.0030097864008690293,0.012504101716409297,-0.003010970965502155,0.0],[0.0,0.0,0.0,0.0,0.003018885806129369,-0.012667304579827489,0.0030668750370037748,0.0],[0.0,0.0,0.0,0.0,0.0,0.0,-0.0024509728958357862,0.002623921436938793],[0.0,0.0,0.0,0.0,0.0,0.0,0.0016462490774805777,-0.0026170331950525127]]}