{"din_name":"flux_level00596.json","din_kind":"RELATIVE","din_start":600.000045915939,"din_end":660.0000162255201,"din_rules":["Interventions","r1","r1_rev","r2","r3","r4","r5","r6"],"din_hits":[0,38847,38836,528,543714,543172,76421,76417],"din_fluxs":[[0.0,0.0,0.0,0.0,0.0,0.0,0.0,0.0],[0.0,-0.001090709840226411,0.09793828359948686,0.17463658514663932,0.0,-0.002016222958975499,0.0,0.0],[0.0,0.0010919026878423695,-0.08699123927466364,-0.16341997507824785,0.0,0.002494752922947793,0.0,0.0],[0.0,0.0,0.0,-0.35447606188238556,0.0058854838488103375,0.0,0.006127939937549304,0.0],[0.0,0.0,0.0,0.003403424072605752,-0.005859078524933777,0.006143977090236198,-0.005859287737250126,0.0],[0.0,0.0,0.0,0.0,0.005893722711017983,-0.00614580306037777,0.006116873264609013,0.0],[0.0,0.0,0.0,0.0,0.0,0.0,-0.0031529687197579424,0.0211903013074071],[0.0,0.0,0.0,0.0,0.0,0.0,0.0015907721879707306,-0.020741972896554755]]}