{"din_name":"flux_level07426.json","din_kind":"RELATIVE","din_start":600.0000059967557,"din_end":660.0000095295044,"din_rules":["Interventions","r1","r1_rev","r2","r3","r4","r5","r6"],"din_hits":[0,260,249,9374,2855851,2846470,1662019,1662021],"din_fluxs":[[0.0,0.0,0.0,0.0,0.0,0.0,0.0,0.0],[0.0,-0.0010905311909725228,0.10135568158177231,0.09560812769797469,0.0,-0.0020420579862876088,0.0,0.0],[0.0,0.0010920083803492675,-0.08407272872890766,-0.16264117341663006,0.0,0.004666216854867796,0.0,0.0],[0.0,0.0,0.0,-0.34377706482286324,0.0032267409443454526,0.0,0.005601818818896444,0.0],[0.0,0.0,0.0,0.0018500058187206354,-0.0032194951277068388,0.010862852726941128,-0.003220537169719216,0.0],[0.0,0.0,0.0,0.0,0.00322991232138434,-0.01078110785973617,0.003850144923885464,0.0],[0.0,0.0,0.0,0.0,0.0,0.0,-0.003238085024587923,0.0021579897726664568],[0.0,0.0,0.0,0.0,0.0,0.0,0.0021858692150525058,-0.0021533376492956576]]}