{"din_name":"flux_level02680.json","din_kind":"RELATIVE","din_start":600.0000052618,"din_end":660.0000009023305,"din_rules":["Interventions","r1","r1_rev","r2","r3","r4","r5","r6"],"din_hits":[0,250464,250398,157138,4129700,3972544,2016560,2016551],"din_fluxs":[[0.0,0.0,0.0,0.0,0.0,0.0,0.0,0.0],[0.0,-0.0011331236286572105,0.02031571018199781,0.02559569937531834,0.0,-0.0020988896923999334,0.0,0.0],[0.0,0.0011344143815028315,-0.01957650362388344,-0.03804830565121334,0.0,0.003527350015490253,0.0,0.0],[0.0,0.0,0.0,-0.20015284706198047,0.002568221643814769,0.0,0.002918995874388868,0.0],[0.0,0.0,0.0,0.010433842524308628,-0.002562004447800394,0.01922368113018519,-0.002562062222062193,0.0],[0.0,0.0,0.0,0.0,0.002568601716728582,-0.01967872402453147,0.0027542353889144595,0.0],[0.0,0.0,0.0,0.0,0.0,0.0,-0.0019899348955107646,0.0029035941637848488],[0.0,0.0,0.0,0.0,0.0,0.0,0.001605263675835364,-0.0028951718106836537]]}