{"din_name":"flux_level08066.json","din_kind":"RELATIVE","din_start":600.0000223567034,"din_end":660.0000181107019,"din_rules":["Interventions","r1","r1_rev","r2","r3","r4","r5","r6"],"din_hits":[0,99548,99484,156340,2229902,2073556,1123450,1123436],"din_fluxs":[[0.0,0.0,0.0,0.0,0.0,0.0,0.0,0.0],[0.0,-0.0011678429274597924,0.012715921724476543,0.018790826421062886,0.0,-0.0021776739526045918,0.0,0.0],[0.0,0.001169244437217935,-0.012316260167149068,-0.024222758044919235,0.0,0.003059812813154204,0.0,0.0],[0.0,0.0,0.0,-0.140271490160997,0.002645112877469483,0.0,0.0028775328084799648,0.0],[0.0,0.0,0.0,0.011712328082620984,-0.002638238958212422,0.01740283217658379,-0.002638384561542548,0.0],[0.0,0.0,0.0,0.0,0.0026452284100419443,-0.018411761175485625,0.002805380759274517,0.0],[0.0,0.0,0.0,0.0,0.0,0.0,-0.0016657798681011134,0.005131366727298969],[0.0,0.0,0.0,0.0,0.0,0.0,0.0013431797492266032,-0.005105062224196335]]}