{"din_name":"flux_level10718.json","din_kind":"RELATIVE","din_start":600.0000036124754,"din_end":660.0000012685954,"din_rules":["Interventions","r1","r1_rev","r2","r3","r4","r5","r6"],"din_hits":[0,47553,47541,11376,3002634,2991250,1229764,1229745],"din_fluxs":[[0.0,0.0,0.0,0.0,0.0,0.0,0.0,0.0],[0.0,-0.0010899529920848391,0.10865867497939154,0.10571622378709991,0.0,-0.0020536989058016868,0.0,0.0],[0.0,0.001091143659654152,-0.09295729391928606,-0.16623899877745965,0.0,0.005237995165149932,0.0,0.0],[0.0,0.0,0.0,-0.487949083211799,0.002545660155168371,0.0,0.0029818457165085915,0.0],[0.0,0.0,0.0,0.006725011279282864,-0.0025391721926447596,0.019439300243324378,-0.0025392229295187712,0.0],[0.0,0.0,0.0,0.0,0.0025456378643242505,-0.019187171701842844,0.002693961157933299,0.0],[0.0,0.0,0.0,0.0,0.0,0.0,-0.0018852014973492948,0.0031562392716328134],[0.0,0.0,0.0,0.0,0.0,0.0,0.0015283802441109764,-0.003146288792801979]]}