{"din_name":"flux_level01716.json","din_kind":"RELATIVE","din_start":600.0000100398141,"din_end":660.0000261159196,"din_rules":["Interventions","r1","r1_rev","r2","r3","r4","r5","r6"],"din_hits":[0,59857,59844,3919,1700468,1696540,1311403,1311403],"din_fluxs":[[0.0,0.0,0.0,0.0,0.0,0.0,0.0,0.0],[0.0,-0.0010918029213536856,0.08854783436627128,0.11992706317323806,0.0,-0.0020272856576716114,0.0,0.0],[0.0,0.0010929977350302169,-0.0795029097691119,-0.14747743890249243,0.0,0.003380384108356347,0.0,0.0],[0.0,0.0,0.0,-0.37276916381223374,0.0033714402056826847,0.0,0.004172742906533005,0.0],[0.0,0.0,0.0,0.0041835262355157865,-0.0033610330613827247,0.010074286745449353,-0.003361302655109513,0.0],[0.0,0.0,0.0,0.0,0.003372379324050045,-0.010043129525667237,0.003910363981747886,0.0],[0.0,0.0,0.0,0.0,0.0,0.0,-0.0023659616309733614,0.00412082676343867],[0.0,0.0,0.0,0.0,0.0,0.0,0.0016778854599983782,-0.004103862954387047]]}