{"din_name":"flux_level01820.json","din_kind":"RELATIVE","din_start":600.0000068525155,"din_end":660.0000020671368,"din_rules":["Interventions","r1","r1_rev","r2","r3","r4","r5","r6"],"din_hits":[0,42581,42567,8608,1795227,1786617,1317273,1317279],"din_fluxs":[[0.0,0.0,0.0,0.0,0.0,0.0,0.0,0.0],[0.0,-0.0010938236806625275,0.07591304057512852,0.07936301593941318,0.0,-0.0020081616696758786,0.0,0.0],[0.0,0.0010950241709486508,-0.06906471475202548,-0.12794594190713965,0.0,0.004341147834043849,0.0,0.0],[0.0,0.0,0.0,-0.371125587570854,0.0027730170126264424,0.0,0.0034669566240733956,0.0],[0.0,0.0,0.0,0.005066547135413314,-0.0027647372192526887,0.01491125841206243,-0.0027632454332079982,0.0],[0.0,0.0,0.0,0.0,0.002772402753560048,-0.014815380470581245,0.0031100332848614668,0.0],[0.0,0.0,0.0,0.0,0.0,0.0,-0.002069917086356381,0.0032463895947786284],[0.0,0.0,0.0,0.0,0.0,0.0,0.0016129975391271922,-0.003235860744350676]]}