{"din_name":"flux_level03987.json","din_kind":"RELATIVE","din_start":600.0000091101008,"din_end":660.0000029936851,"din_rules":["Interventions","r1","r1_rev","r2","r3","r4","r5","r6"],"din_hits":[0,929018,928154,3291011,3373495,82543,778930,778862],"din_fluxs":[[0.0,0.0,0.0,0.0,0.0,0.0,0.0,0.0],[0.0,-0.007454600704718596,0.0011843989063399449,0.005255563119815087,0.0,-0.014651263906080889,0.0,0.0],[0.0,0.007515740938092424,-0.0011569476287686656,-0.00230843208528195,0.0,0.006653482541432633,0.0,0.0],[0.0,0.0,0.0,-0.016202144721495674,0.0030015020186674366,0.0,0.003145695455295293,0.0],[0.0,0.0,0.0,0.015257443095276414,-0.0029925570042228563,0.003450678604551309,-0.0029921112768207946,0.0],[0.0,0.0,0.0,0.0,0.0030034931843814223,-0.04510850063253774,0.003339165577907729,0.0],[0.0,0.0,0.0,0.0,0.0,0.0,-0.002137724991462286,0.0035182816241315865],[0.0,0.0,0.0,0.0,0.0,0.0,0.0015050077837266678,-0.0035058778922586547]]}