{"din_name":"flux_level02539.json","din_kind":"RELATIVE","din_start":600.00000771948,"din_end":660.0000057078015,"din_rules":["Interventions","r1","r1_rev","r2","r3","r4","r5","r6"],"din_hits":[0,73652,73646,1141,606712,605582,920675,920678],"din_fluxs":[[0.0,0.0,0.0,0.0,0.0,0.0,0.0,0.0],[0.0,-0.001091625991935,0.09133902913894273,0.1613608282938832,0.0,-0.0020039261809440237,0.0,0.0],[0.0,0.0010928197801373318,-0.08068552921264514,-0.13911637324835507,0.0,0.0031037990121409293,0.0,0.0],[0.0,0.0,0.0,-0.5340990440024234,0.002708912314379728,0.0,0.0034037958466910006,0.0],[0.0,0.0,0.0,0.013067631326426332,-0.002702555015178446,0.015651210259823013,-0.0026975359985003996,0.0],[0.0,0.0,0.0,0.0,0.002709883109674878,-0.015566707649877866,0.003269221231093459,0.0],[0.0,0.0,0.0,0.0,0.0,0.0,-0.002076031199097979,0.003193092411829181],[0.0,0.0,0.0,0.0,0.0,0.0,0.0017101235948775082,-0.0031829074325259044]]}