{"din_name":"flux_level08416.json","din_kind":"RELATIVE","din_start":600.0000205415341,"din_end":660.0000055237757,"din_rules":["Interventions","r1","r1_rev","r2","r3","r4","r5","r6"],"din_hits":[0,84398,84382,34235,3919212,3884980,2072003,2071997],"din_fluxs":[[0.0,0.0,0.0,0.0,0.0,0.0,0.0,0.0],[0.0,-0.0010976337616612185,0.05937497743136676,0.05845542595445571,0.0,-0.002040344471902246,0.0,0.0],[0.0,0.0010988419991336449,-0.055001582940900566,-0.10382885059840483,0.0,0.004691905228849125,0.0,0.0],[0.0,0.0,0.0,-0.35524579451469795,0.0025851203656323115,0.0,0.0033298487590526305,0.0],[0.0,0.0,0.0,0.006550266728604106,-0.002578495873785044,0.018544018812246356,-0.0025790635038798197,0.0],[0.0,0.0,0.0,0.0,0.002585164258371053,-0.018418434924294416,0.0028555205850365824,0.0],[0.0,0.0,0.0,0.0,0.0,0.0,-0.0025064562268424773,0.002119544209729468],[0.0,0.0,0.0,0.0,0.0,0.0,0.002001318768203025,-0.002115056159887651]]}