{"din_name":"flux_level10959.json","din_kind":"RELATIVE","din_start":600.0000012191086,"din_end":660.0000010734013,"din_rules":["Interventions","r1","r1_rev","r2","r3","r4","r5","r6"],"din_hits":[0,11693,11680,27936,4122048,4094106,805311,805284],"din_fluxs":[[0.0,0.0,0.0,0.0,0.0,0.0,0.0,0.0],[0.0,-0.0010929390000850385,0.08064501802974783,0.06666250086627715,0.0,-0.002002331832306907,0.0,0.0],[0.0,0.0010941436044746835,-0.0729121022052454,-0.13670998762594963,0.0,0.005538076366746653,0.0,0.0],[0.0,0.0,0.0,-0.3885781349865961,0.0025843279719908723,0.0,0.002960411589747369,0.0],[0.0,0.0,0.0,0.005021102219408676,-0.0025782841475256407,0.01854595681767368,-0.002578389773755107,0.0],[0.0,0.0,0.0,0.0,0.0025849553060431018,-0.018338665715545856,0.0026539675639728768,0.0],[0.0,0.0,0.0,0.0,0.0,0.0,-0.001716439451292671,0.004118697126880076],[0.0,0.0,0.0,0.0,0.0,0.0,0.0013622093978607767,-0.0041017529131682625]]}