{"din_name":"flux_level08827.json","din_kind":"RELATIVE","din_start":600.0000357792516,"din_end":660.0000252199184,"din_rules":["Interventions","r1","r1_rev","r2","r3","r4","r5","r6"],"din_hits":[0,32181,32164,3165,696473,693330,486504,486498],"din_fluxs":[[0.0,0.0,0.0,0.0,0.0,0.0,0.0,0.0],[0.0,-0.0010969587666313629,0.06178880313958645,0.07906516404489054,0.0,-0.002046773379324319,0.0,0.0],[0.0,0.001098168632627218,-0.057056246074277776,-0.10800672820436188,0.0,0.0034674324847007113,0.0,0.0],[0.0,0.0,0.0,-0.3022980528911136,0.003203291588625537,0.0,0.003550499178346621,0.0],[0.0,0.0,0.0,0.0044641261295068685,-0.0031923360685781124,0.010985642060916966,-0.0031909380334241167,0.0],[0.0,0.0,0.0,0.0,0.0032025664873957353,-0.010979480019357913,0.003460516980583853,0.0],[0.0,0.0,0.0,0.0,0.0,0.0,-0.0018224826340266283,0.010355654256048438],[0.0,0.0,0.0,0.0,0.0,0.0,0.0014556395452443702,-0.010248501986825182]]}