{"din_name":"flux_level01387.json","din_kind":"RELATIVE","din_start":600.0000076477099,"din_end":660.0000074009085,"din_rules":["Interventions","r1","r1_rev","r2","r3","r4","r5","r6"],"din_hits":[0,74898,74877,2600,459059,456458,1994485,1994474],"din_fluxs":[[0.0,0.0,0.0,0.0,0.0,0.0,0.0,0.0],[0.0,-0.0011009447349036006,0.05009901193565424,0.07658658473320731,0.0,-0.002031038756952505,0.0,0.0],[0.0,0.001102161477305836,-0.04684648546296456,-0.0885406814756135,0.0,0.0031846335442360287,0.0,0.0],[0.0,0.0,0.0,-0.37107003311474707,0.002722528121785198,0.0,0.00475942522254547,0.0],[0.0,0.0,0.0,0.010362141648434305,-0.002714128291465673,0.015566660694222008,-0.0027108409148207373,0.0],[0.0,0.0,0.0,0.0,0.002721512085519585,-0.015595827629399539,0.0044656616889310035,0.0],[0.0,0.0,0.0,0.0,0.0,0.0,-0.0029257411357887695,0.002190190307354842],[0.0,0.0,0.0,0.0,0.0,0.0,0.0025334834152531227,-0.0021853981782918677]]}