{"din_name":"flux_level08553.json","din_kind":"RELATIVE","din_start":600.0000007028531,"din_end":660.0000031929226,"din_rules":["Interventions","r1","r1_rev","r2","r3","r4","r5","r6"],"din_hits":[0,118196,118159,83956,3291352,3207402,1571015,1571064],"din_fluxs":[[0.0,0.0,0.0,0.0,0.0,0.0,0.0,0.0],[0.0,-0.001122744475502528,0.02497519797814654,0.030575154668787945,0.0,-0.0020670903179734737,0.0,0.0],[0.0,0.0011240143984762852,-0.02394723621287897,-0.04674471457291436,0.0,0.0034908747953920883,0.0,0.0],[0.0,0.0,0.0,-0.1675904539552103,0.002967073791844963,0.0,0.003659386634418962,0.0],[0.0,0.0,0.0,0.005843205606027444,-0.0029588122264310873,0.01294344698052581,-0.002956723576588254,0.0],[0.0,0.0,0.0,0.0,0.002967611442920093,-0.01315900788871235,0.0033052000644534433,0.0],[0.0,0.0,0.0,0.0,0.0,0.0,-0.0025316761888441093,0.0025532150975171777],[0.0,0.0,0.0,0.0,0.0,0.0,0.0018152493793358794,-0.0025467038003028713]]}