{"din_name":"flux_level08011.json","din_kind":"RELATIVE","din_start":600.0000024283921,"din_end":660.0000058573416,"din_rules":["Interventions","r1","r1_rev","r2","r3","r4","r5","r6"],"din_hits":[0,27193,27174,52204,4095242,4043028,1578967,1579010],"din_fluxs":[[0.0,0.0,0.0,0.0,0.0,0.0,0.0,0.0],[0.0,-0.0011026305241478513,0.04642986033981394,0.04571864142156767,0.0,-0.0020659264237961276,0.0,0.0],[0.0,0.0011038578252706623,-0.04350965346516199,-0.08328871227214159,0.0,0.004446500607807934,0.0,0.0],[0.0,0.0,0.0,-0.2674346616712363,0.0027270114415769483,0.0,0.0037329471933904763,0.0],[0.0,0.0,0.0,0.005082904391698382,-0.0027200676450886744,0.015798254310983903,-0.002720395212845856,0.0],[0.0,0.0,0.0,0.0,0.002727495973355186,-0.01576499805959903,0.002991517492903435,0.0],[0.0,0.0,0.0,0.0,0.0,0.0,-0.002840197542226868,0.0019748655978340857],[0.0,0.0,0.0,0.0,0.0,0.0,0.0021514375271139965,-0.001970969221053565]]}