{"din_name":"flux_level09927.json","din_kind":"RELATIVE","din_start":600.0000572991989,"din_end":660.0000770112584,"din_rules":["Interventions","r1","r1_rev","r2","r3","r4","r5","r6"],"din_hits":[0,34202,34188,1995,786418,784425,1032199,1032200],"din_fluxs":[[0.0,0.0,0.0,0.0,0.0,0.0,0.0,0.0],[0.0,-0.0010904563594207558,0.1015433050392729,0.1306187386767713,0.0,-0.002028744233752971,0.0,0.0],[0.0,0.0010916487615140705,-0.08872497852207935,-0.1563090836488574,0.0,0.004071030120821724,0.0,0.0],[0.0,0.0,0.0,-0.5027178263090657,0.0026526210232262356,0.0,0.0031150580837308152,0.0],[0.0,0.0,0.0,0.008461349698909741,-0.002645693104120784,0.016783723923021226,-0.0026454186651301125,0.0],[0.0,0.0,0.0,0.0,0.0026527141015349775,-0.016633166910101988,0.0029657981427632465,0.0],[0.0,0.0,0.0,0.0,0.0,0.0,-0.0016524386907310563,0.00570786628903323],[0.0,0.0,0.0,0.0,0.0,0.0,0.0014171435195869232,-0.005675320745026441]]}