{"din_name":"flux_level12497.json","din_kind":"RELATIVE","din_start":600.0000059118472,"din_end":660.0000113083476,"din_rules":["Interventions","r1","r1_rev","r2","r3","r4","r5","r6"],"din_hits":[0,7078,7067,5554,2253076,2247527,484620,484643],"din_fluxs":[[0.0,0.0,0.0,0.0,0.0,0.0,0.0,0.0],[0.0,-0.0010893019673018339,0.1131196812396316,0.11555986393236627,0.0,-0.00203300615974331,0.0,0.0],[0.0,0.001090498031971784,-0.0985446937536061,-0.18350389390954977,0.0,0.004374513110960959,0.0,0.0],[0.0,0.0,0.0,-0.38171510477594783,0.003239824950847849,0.0,0.0037758610207405258,0.0],[0.0,0.0,0.0,0.002082603648628126,-0.0032294949962604954,0.010769509027867205,-0.0032284027439481284,0.0],[0.0,0.0,0.0,0.0,0.0032399665793014084,-0.010687795895142654,0.003388975975245096,0.0],[0.0,0.0,0.0,0.0,0.0,0.0,-0.0020554674946926445,0.0050226258936327105],[0.0,0.0,0.0,0.0,0.0,0.0,0.0013651790355379623,-0.004997432102365209]]}