{"din_name":"flux_level04805.json","din_kind":"RELATIVE","din_start":600.0000048288538,"din_end":660.0000101038561,"din_rules":["Interventions","r1","r1_rev","r2","r3","r4","r5","r6"],"din_hits":[0,1635207,1634918,407410,1128288,720868,1645547,1645587],"din_fluxs":[[0.0,0.0,0.0,0.0,0.0,0.0,0.0,0.0],[0.0,-0.0015053914569109251,0.0034256554172332762,0.008618693743599292,0.0,-0.0028340993145762744,0.0,0.0],[0.0,0.0015077055427007403,-0.0033552364556488695,-0.006671955595192755,0.0,0.002273898376218651,0.0,0.0],[0.0,0.0,0.0,-0.05474660450612537,0.0027969705485952506,0.0,0.003343160200498541,0.0],[0.0,0.0,0.0,0.01821338622069498,-0.0027892654230699376,0.013030514474166888,-0.0027899893407231967,0.0],[0.0,0.0,0.0,0.0,0.0027971280098851472,-0.018722687215366234,0.003412084037078868,0.0],[0.0,0.0,0.0,0.0,0.0,0.0,-0.0021212407295150386,0.003311806419212454],[0.0,0.0,0.0,0.0,0.0,0.0,0.0017236468171019847,-0.003300853254391182]]}