{"din_name":"flux_level13068.json","din_kind":"RELATIVE","din_start":600.0000044729377,"din_end":660.000000284049,"din_rules":["Interventions","r1","r1_rev","r2","r3","r4","r5","r6"],"din_hits":[0,52777,52763,18627,4198505,4179884,242650,242627],"din_fluxs":[[0.0,0.0,0.0,0.0,0.0,0.0,0.0,0.0],[0.0,-0.001091270348297651,0.093902921243998,0.08713274697709532,0.0,-0.00202814626529584,0.0,0.0],[0.0,0.0010924640429951164,-0.08273146959999902,-0.151418277184104,0.0,0.00501390084601787,0.0,0.0],[0.0,0.0,0.0,-0.42821256672052815,0.0026429226770159995,0.0,0.003003040532141267,0.0],[0.0,0.0,0.0,0.005213930309889231,-0.00263645388934121,0.017110636602625434,-0.002636520604967428,0.0],[0.0,0.0,0.0,0.0,0.0026434278774566623,-0.01693206242193459,0.002717889677514383,0.0],[0.0,0.0,0.0,0.0,0.0,0.0,-0.004773081540248283,0.0013868721650919403],[0.0,0.0,0.0,0.0,0.0,0.0,0.003648398539720062,-0.0013849517189916144]]}