{"din_name":"flux_level04740.json","din_kind":"RELATIVE","din_start":600.0000043299418,"din_end":660.0000187787138,"din_rules":["Interventions","r1","r1_rev","r2","r3","r4","r5","r6"],"din_hits":[0,35634,35614,4517,1864634,1860119,1129037,1129066],"din_fluxs":[[0.0,0.0,0.0,0.0,0.0,0.0,0.0,0.0],[0.0,-0.0010902400233214187,0.10338227480139224,0.11753700727415178,0.0,-0.002039596909085845,0.0,0.0],[0.0,0.0010914308358326164,-0.09014806457396159,-0.1653789909461046,0.0,0.0040646556303860866,0.0,0.0],[0.0,0.0,0.0,-0.41311395317810795,0.0030112939951494563,0.0,0.004395316801831965,0.0],[0.0,0.0,0.0,0.004068263777280882,-0.00300292501134467,0.012261027949544747,-0.0030012431900989017,0.0],[0.0,0.0,0.0,0.0,0.0030119768435512228,-0.012179102300989068,0.0036533771416532657,0.0],[0.0,0.0,0.0,0.0,0.0,0.0,-0.003541619652914353,0.0018368800288430544],[0.0,0.0,0.0,0.0,0.0,0.0,0.002501240064365654,-0.0018335084876217652]]}