{"din_name":"flux_level12834.json","din_kind":"RELATIVE","din_start":600.0000017879379,"din_end":660.0000039120562,"din_rules":["Interventions","r1","r1_rev","r2","r3","r4","r5","r6"],"din_hits":[0,1233822,1233373,1930919,3720523,1789600,546414,546431],"din_fluxs":[[0.0,0.0,0.0,0.0,0.0,0.0,0.0,0.0],[0.0,-0.0018686664487929914,0.0023181556944011604,0.0078441692280182,0.0,-0.003569920654814021,0.0,0.0],[0.0,0.0018723361539987645,-0.0022706767412920366,-0.004503465201856946,0.0,0.002111828619909278,0.0,0.0],[0.0,0.0,0.0,-0.040960599035058345,0.0028749278017515894,0.0,0.0030232783187308463,0.0],[0.0,0.0,0.0,0.021036389167554317,-0.0028664759618639442,0.009902780992387165,-0.0028672556603727894,0.0],[0.0,0.0,0.0,0.0,0.0028744966719749486,-0.01919966341036848,0.0032500176963444352,0.0],[0.0,0.0,0.0,0.0,0.0,0.0,-0.005598049160494202,0.0013602516520166083],[0.0,0.0,0.0,0.0,0.0,0.0,0.003966147306101378,-0.0013584033382475344]]}