{"din_name":"flux_level09364.json","din_kind":"RELATIVE","din_start":600.0000071220228,"din_end":660.0000105061069,"din_rules":["Interventions","r1","r1_rev","r2","r3","r4","r5","r6"],"din_hits":[0,299639,299551,31264,633542,602255,1146848,1146872],"din_fluxs":[[0.0,0.0,0.0,0.0,0.0,0.0,0.0,0.0],[0.0,-0.0011655141127900734,0.013009567955420378,0.02204022713756696,0.0,-0.002169078365745264,0.0,0.0],[0.0,0.0011668860117970167,-0.012622218675189405,-0.024892190390769724,0.0,0.0025857453961544755,0.0,0.0],[0.0,0.0,0.0,-0.09252447550139879,0.0036150516679283548,0.0,0.004674270246253066,0.0],[0.0,0.0,0.0,0.006924485620014855,-0.0036017542054521297,0.009284652046819547,-0.0036045150814956726,0.0],[0.0,0.0,0.0,0.0,0.003614773815919336,-0.009871844181237615,0.00460761966773488,0.0],[0.0,0.0,0.0,0.0,0.0,0.0,-0.0025534490795724126,0.004830768115320857],[0.0,0.0,0.0,0.0,0.0,0.0,0.0020138872798627807,-0.00480744878033937]]}