{"din_name":"flux_level11751.json","din_kind":"RELATIVE","din_start":600.0000078571445,"din_end":660.0000211154041,"din_rules":["Interventions","r1","r1_rev","r2","r3","r4","r5","r6"],"din_hits":[0,444099,444035,65556,1359237,1293667,946108,946105],"din_fluxs":[[0.0,0.0,0.0,0.0,0.0,0.0,0.0,0.0],[0.0,-0.0011669025061543004,0.01281926956375288,0.022243406572179887,0.0,-0.0021740185332784576,0.0,0.0],[0.0,0.0011682737862966303,-0.01244439040447743,-0.024728167139147265,0.0,0.002513146365148982,0.0,0.0],[0.0,0.0,0.0,-0.06916158287045139,0.005174023020580489,0.0,0.006698983833833082,0.0],[0.0,0.0,0.0,0.0046725040723546345,-0.005147406801058754,0.006773024931213011,-0.005149625712855424,0.0],[0.0,0.0,0.0,0.0,0.005174107829973906,-0.007178781260927849,0.006553319697602446,0.0],[0.0,0.0,0.0,0.0,0.0,0.0,-0.004164687510698572,0.0035699108419594227],[0.0,0.0,0.0,0.0,0.0,0.0,0.0022119002178643773,-0.0035571791267053616]]}