{"din_name":"flux_level13760.json","din_kind":"RELATIVE","din_start":600.0000057259803,"din_end":660.0000011370752,"din_rules":["Interventions","r1","r1_rev","r2","r3","r4","r5","r6"],"din_hits":[0,208462,208415,144692,4270477,4125764,1112901,1112920],"din_fluxs":[[0.0,0.0,0.0,0.0,0.0,0.0,0.0,0.0],[0.0,-0.0011283883931056675,0.02220980003614714,0.027181427341914158,0.0,-0.002094109973800512,0.0,0.0],[0.0,0.0011296689134647367,-0.021360300091627718,-0.04139728175755214,0.0,0.0036072444448235425,0.0,0.0],[0.0,0.0,0.0,-0.20163908397660504,0.002603814157432087,0.0,0.0029792423157865245,0.0],[0.0,0.0,0.0,0.009404856335460343,-0.0025974503337202835,0.01832165794695283,-0.0025988892805535193,0.0],[0.0,0.0,0.0,0.0,0.002604231431688603,-0.018684442191592692,0.002766050889390461,0.0],[0.0,0.0,0.0,0.0,0.0,0.0,-0.0028423612719036878,0.001869113052340302],[0.0,0.0,0.0,0.0,0.0,0.0,0.0022236852027730566,-0.0018656236573806207]]}