{"din_name":"flux_level12608.json","din_kind":"RELATIVE","din_start":600.0000041227368,"din_end":660.0000031829051,"din_rules":["Interventions","r1","r1_rev","r2","r3","r4","r5","r6"],"din_hits":[0,111405,111376,57306,3660642,3603322,1380969,1380936],"din_fluxs":[[0.0,0.0,0.0,0.0,0.0,0.0,0.0,0.0],[0.0,-0.0011070780360841088,0.0388824948456576,0.041047907882644716,0.0,-0.0020490011384524,0.0,0.0],[0.0,0.0011083086278642137,-0.03678037302705966,-0.07037132173557099,0.0,0.004197685351877971,0.0,0.0],[0.0,0.0,0.0,-0.275584802869472,0.0026105568991768783,0.0,0.003175770721210191,0.0],[0.0,0.0,0.0,0.007221978446911389,-0.002604314138379259,0.018038878181461725,-0.0026046382384784,0.0],[0.0,0.0,0.0,0.0,0.0026111255182186158,-0.018059294473198675,0.0028246455745208105,0.0],[0.0,0.0,0.0,0.0,0.0,0.0,-0.0026191995215419264,0.0020335794287900987],[0.0,0.0,0.0,0.0,0.0,0.0,0.0020563156410533354,-0.002029448076836258]]}