{"din_name":"flux_level05841.json","din_kind":"RELATIVE","din_start":600.0000011308559,"din_end":660.0000029724835,"din_rules":["Interventions","r1","r1_rev","r2","r3","r4","r5","r6"],"din_hits":[0,43251,43238,29466,4521680,4492208,1935956,1935958],"din_fluxs":[[0.0,0.0,0.0,0.0,0.0,0.0,0.0,0.0],[0.0,-0.0010932523739082107,0.07902923661594854,0.07047071500269203,0.0,-0.002002849187667394,0.0,0.0],[0.0,0.0010944513609338013,-0.07167637762330598,-0.13199292789551467,0.0,0.005221122893395578,0.0,0.0],[0.0,0.0,0.0,-0.40395205524361083,0.0025596094647717766,0.0,0.0032945785043018536,0.0],[0.0,0.0,0.0,0.005813755829391182,-0.002553574675414768,0.01916358221507233,-0.0025550249977060583,0.0],[0.0,0.0,0.0,0.0,0.0025601174795217827,-0.018952816525946256,0.002757151587454027,0.0],[0.0,0.0,0.0,0.0,0.0,0.0,-0.0022970866224860825,0.002308766436907759],[0.0,0.0,0.0,0.0,0.0,0.0,0.0018441579467870202,-0.0023034412618400317]]}