{"din_name":"flux_level00510.json","din_kind":"RELATIVE","din_start":600.0000119507516,"din_end":660.0000067181774,"din_rules":["Interventions","r1","r1_rev","r2","r3","r4","r5","r6"],"din_hits":[0,58297,58261,37825,2971635,2933805,1114566,1114580],"din_fluxs":[[0.0,0.0,0.0,0.0,0.0,0.0,0.0,0.0],[0.0,-0.0011108748332738117,0.03424774765491743,0.04340093806257468,0.0,-0.002058986480720864,0.0,0.0],[0.0,0.0011121188596630238,-0.03252607181272019,-0.06341541143857761,0.0,0.0033089906197222665,0.0,0.0],[0.0,0.0,0.0,-0.1633484014899953,0.003750948439400766,0.0,0.0046323592715422635,0.0],[0.0,0.0,0.0,0.0029953564393789896,-0.0037370333987379067,0.008949910260224792,-0.0037374379639178714,0.0],[0.0,0.0,0.0,0.0,0.0037510688329933264,-0.009008110232177048,0.004158627995270325,0.0],[0.0,0.0,0.0,0.0,0.0,0.0,-0.002743112174030055,0.0035482964750443388],[0.0,0.0,0.0,0.0,0.0,0.0,0.0016600885160383276,-0.0035357187647887616]]}