{"din_name":"flux_level03878.json","din_kind":"RELATIVE","din_start":600.000016809377,"din_end":660.0000003937952,"din_rules":["Interventions","r1","r1_rev","r2","r3","r4","r5","r6"],"din_hits":[0,448067,447988,174437,2967090,2792634,1470202,1470212],"din_fluxs":[[0.0,0.0,0.0,0.0,0.0,0.0,0.0,0.0],[0.0,-0.0011619114496274905,0.013530050790610136,0.020235974164003294,0.0,-0.0021588343607451526,0.0,0.0],[0.0,0.0011632704921721933,-0.013125426324503215,-0.02574857755031292,0.0,0.002961831799313507,0.0,0.0],[0.0,0.0,0.0,-0.1302406130656724,0.0028054572318691184,0.0,0.0033124872898777045,0.0],[0.0,0.0,0.0,0.009797238782488286,-0.002797678190602533,0.0146913292456511,-0.0027952662777278913,0.0],[0.0,0.0,0.0,0.0,0.0028055363986884034,-0.015493538603701677,0.003161803770105209,0.0],[0.0,0.0,0.0,0.0,0.0,0.0,-0.0028261548890163245,0.0020592080620316306],[0.0,0.0,0.0,0.0,0.0,0.0,0.002101655024984681,-0.0020549720708694886]]}