{"din_name":"flux_level02998.json","din_kind":"RELATIVE","din_start":600.0000031782604,"din_end":660.0000055190511,"din_rules":["Interventions","r1","r1_rev","r2","r3","r4","r5","r6"],"din_hits":[0,29428,29417,13725,3421243,3407512,814678,814688],"din_fluxs":[[0.0,0.0,0.0,0.0,0.0,0.0,0.0,0.0],[0.0,-0.0010895544645468116,0.1115829901393472,0.09824553620036906,0.0,-0.0020011143799298294,0.0,0.0],[0.0,0.0010907449595171355,-0.09635596861594251,-0.17343268654120925,0.0,0.005594644197589112,0.0,0.0],[0.0,0.0,0.0,-0.4772979422415943,0.002553636219974701,0.0,0.0027991928308464644,0.0],[0.0,0.0,0.0,0.005754140279697053,-0.0025478597134163186,0.019225176175156768,-0.0025480800418334663,0.0],[0.0,0.0,0.0,0.0,0.0025543727637527833,-0.01896562738623928,0.002624567313449773,0.0],[0.0,0.0,0.0,0.0,0.0,0.0,-0.001537706403573369,0.00604888851890872],[0.0,0.0,0.0,0.0,0.0,0.0,0.0012464864420305235,-0.006012325244318982]]}