{"din_name":"flux_level07594.json","din_kind":"RELATIVE","din_start":600.0000370460023,"din_end":660.0000176254804,"din_rules":["Interventions","r1","r1_rev","r2","r3","r4","r5","r6"],"din_hits":[0,42,26,3038,545952,542912,126528,126526],"din_fluxs":[[0.0,0.0,0.0,0.0,0.0,0.0,0.0,0.0],[0.0,-0.0010908668418542816,0.12750775299433828,0.1951612984258959,0.0,-0.0022351329537267446,0.0,0.0],[0.0,0.0010946799145532405,-0.0701466346426456,-0.14076569285097934,0.0,0.005759240822209303,0.0,0.0],[0.0,0.0,0.0,-0.3320428549841208,0.002879789230722753,0.0,0.002980785541330376,0.0],[0.0,0.0,0.0,0.002892582442197771,-0.0028737837070889932,0.013615080117119855,-0.0028730341667236063,0.0],[0.0,0.0,0.0,0.0,0.002882083376194658,-0.013506083412165661,0.0029412558551682715,0.0],[0.0,0.0,0.0,0.0,0.0,0.0,-0.0014942112591829057,0.032061821007907707],[0.0,0.0,0.0,0.0,0.0,0.0,0.0012379384392326978,-0.03103326649349211]]}