{"din_name":"flux_level06021.json","din_kind":"RELATIVE","din_start":600.0000068832312,"din_end":660.0000182410441,"din_rules":["Interventions","r1","r1_rev","r2","r3","r4","r5","r6"],"din_hits":[0,6088,6071,192,121501,121323,404425,404431],"din_fluxs":[[0.0,0.0,0.0,0.0,0.0,0.0,0.0,0.0],[0.0,-0.0010930316618859388,0.08013280537879586,0.12975733949690627,0.0,-0.00202102797572729,0.0,0.0],[0.0,0.0010942442646703287,-0.07236152232706229,-0.13677810885873753,0.0,0.00264580517264385,0.0,0.0],[0.0,0.0,0.0,-0.29448262567820377,0.00547802496141041,0.0,0.008009857407368827,0.0],[0.0,0.0,0.0,0.0026039741895104566,-0.005455657803226461,0.006414917524093547,-0.005451741540187954,0.0],[0.0,0.0,0.0,0.0,0.0054856654021541666,-0.006414718754771323,0.007844396362739984,0.0],[0.0,0.0,0.0,0.0,0.0,0.0,-0.004059121607269383,0.006920176846850979],[0.0,0.0,0.0,0.0,0.0,0.0,0.003370348548823286,-0.006872299519133994]]}