{"din_name":"flux_level12956.json","din_kind":"RELATIVE","din_start":600.0000090046584,"din_end":660.0000232387956,"din_rules":["Interventions","r1","r1_rev","r2","r3","r4","r5","r6"],"din_hits":[0,61094,61084,4822,2331064,2326244,1004362,1004367],"din_fluxs":[[0.0,0.0,0.0,0.0,0.0,0.0,0.0,0.0],[0.0,-0.0010902711812461187,0.10345622332613082,0.12915270707638904,0.0,-0.0020194795980442493,0.0,0.0],[0.0,0.0010914622846258325,-0.09018757339638114,-0.16504268795542903,0.0,0.0037104873362798925,0.0,0.0],[0.0,0.0,0.0,-0.4137838398245241,0.003151961129324791,0.0,0.004032720193210072,0.0],[0.0,0.0,0.0,0.0043361176905755755,-0.0031413780588231835,0.011238015593507279,-0.0031410342067330695,0.0],[0.0,0.0,0.0,0.0,0.003151283053182177,-0.011179037362887879,0.0035819669365671917,0.0],[0.0,0.0,0.0,0.0,0.0,0.0,-0.0030208994278462476,0.0022077132646421195],[0.0,0.0,0.0,0.0,0.0,0.0,0.002039903116035226,-0.0022028444146616785]]}