{"din_name":"flux_level09443.json","din_kind":"RELATIVE","din_start":600.0000065995881,"din_end":660.0000337813096,"din_rules":["Interventions","r1","r1_rev","r2","r3","r4","r5","r6"],"din_hits":[0,24714,24707,6705,2176106,2169401,796811,796806],"din_fluxs":[[0.0,0.0,0.0,0.0,0.0,0.0,0.0,0.0],[0.0,-0.0010896357213091067,0.1091125477672375,0.11005854463509795,0.0,-0.0020431093996487043,0.0,0.0],[0.0,0.0010908264953170734,-0.095664805346495,-0.17410352624095699,0.0,0.00476872441421303,0.0,0.0],[0.0,0.0,0.0,-0.44265079005946967,0.0027766453677343594,0.0,0.003423494002170015,0.0],[0.0,0.0,0.0,0.004326522740527986,-0.0027690733361915363,0.014799098719428048,-0.002768603508349226,0.0],[0.0,0.0,0.0,0.0,0.002776766138583073,-0.014657283205544575,0.0029866010473584828,0.0],[0.0,0.0,0.0,0.0,0.0,0.0,-0.002257347847810563,0.0026863879049586117],[0.0,0.0,0.0,0.0,0.0,0.0,0.0016919433034008704,-0.002679178203396748]]}