{"din_name":"flux_level12670.json","din_kind":"RELATIVE","din_start":600.0000201166757,"din_end":660.0000062906043,"din_rules":["Interventions","r1","r1_rev","r2","r3","r4","r5","r6"],"din_hits":[0,282809,282693,32644,329586,296920,1394305,1394295],"din_fluxs":[[0.0,0.0,0.0,0.0,0.0,0.0,0.0,0.0],[0.0,-0.0012122332706607617,0.008781424907796717,0.01592751141472283,0.0,-0.0022604295114583813,0.0,0.0],[0.0,0.0012137337592093853,-0.00854933322579603,-0.016815013569293075,0.0,0.002553262053165068,0.0,0.0],[0.0,0.0,0.0,-0.11085893137337335,0.002723947798563614,0.0,0.005062005513229005,0.0],[0.0,0.0,0.0,0.013807943543631145,-0.002716406915149656,0.01560280614234246,-0.0027171337030956993,0.0],[0.0,0.0,0.0,0.0,0.002723794856035744,-0.017281659947818242,0.00495194661491333,0.0],[0.0,0.0,0.0,0.0,0.0,0.0,-0.003538898053216294,0.001879685256016322],[0.0,0.0,0.0,0.0,0.0,0.0,0.003024869873509924,-0.0018761556379301829]]}