{"din_name":"flux_level00616.json","din_kind":"RELATIVE","din_start":600.0000054556855,"din_end":660.000004677607,"din_rules":["Interventions","r1","r1_rev","r2","r3","r4","r5","r6"],"din_hits":[0,7165,7135,37999,3347362,3309358,1534249,1534249],"din_fluxs":[[0.0,0.0,0.0,0.0,0.0,0.0,0.0,0.0],[0.0,-0.001100451086940286,0.05152020769818294,0.04808633131944966,0.0,-0.0019923937713032525,0.0,0.0],[0.0,0.0011016911596818672,-0.04785124015565954,-0.09117612781012709,0.0,0.004566199836136521,0.0,0.0],[0.0,0.0,0.0,-0.27677341107024456,0.0027487902789168285,0.0,0.003509015648678047,0.0],[0.0,0.0,0.0,0.0046024572576443485,-0.0027422464637758977,0.015430947928943763,-0.002742898299742942,0.0],[0.0,0.0,0.0,0.0,0.0027498016741586964,-0.015372917705653064,0.0029752514933408794,0.0],[0.0,0.0,0.0,0.0,0.0,0.0,-0.0021091833525543843,0.003002913144540886],[0.0,0.0,0.0,0.0,0.0,0.0,0.0016151197274897292,-0.0029939049265540426]]}