{"din_name":"flux_level06092.json","din_kind":"RELATIVE","din_start":600.0000002413718,"din_end":660.000016098041,"din_rules":["Interventions","r1","r1_rev","r2","r3","r4","r5","r6"],"din_hits":[0,71846,71825,2954,551161,548196,736527,736508],"din_fluxs":[[0.0,0.0,0.0,0.0,0.0,0.0,0.0,0.0],[0.0,-0.0010982411430218392,0.05731860785017068,0.08392616189258753,0.0,-0.0020491009776778314,0.0,0.0],[0.0,0.0010994512741265212,-0.053209910924524,-0.09687105652917631,0.0,0.0035017004219037844,0.0,0.0],[0.0,0.0,0.0,-0.42963862153755844,0.002570035501248325,0.0,0.0029915794568627775,0.0],[0.0,0.0,0.0,0.01172649780773344,-0.002562652254061818,0.01871511404692285,-0.0025605923019193905,0.0],[0.0,0.0,0.0,0.0,0.0025692343312485625,-0.018649974764800858,0.0029067685013327515,0.0],[0.0,0.0,0.0,0.0,0.0,0.0,-0.00172012344824364,0.0043010450294752095],[0.0,0.0,0.0,0.0,0.0,0.0,0.0014698336095412792,-0.004282566340452519]]}