{"din_name":"flux_level13912.json","din_kind":"RELATIVE","din_start":600.0000031414927,"din_end":660.0000254039373,"din_rules":["Interventions","r1","r1_rev","r2","r3","r4","r5","r6"],"din_hits":[0,44151,44127,8735,973593,964854,563412,563415],"din_fluxs":[[0.0,0.0,0.0,0.0,0.0,0.0,0.0,0.0],[0.0,-0.001100040499471475,0.05227040506593129,0.05830318194014666,0.0,-0.002071178008022846,0.0,0.0],[0.0,0.0011012570095228144,-0.04875142091761443,-0.09182289305977838,0.0,0.004194137960370979,0.0,0.0],[0.0,0.0,0.0,-0.3405496917196199,0.002616160988894211,0.0,0.0028301334522459758,0.0],[0.0,0.0,0.0,0.007312708998302321,-0.0026096613037806054,0.017766749515472975,-0.0026092135869009666,0.0],[0.0,0.0,0.0,0.0,0.002616494842967411,-0.017704782097853485,0.002750369965731056,0.0],[0.0,0.0,0.0,0.0,0.0,0.0,-0.0014807283160794293,0.009348357379375389],[0.0,0.0,0.0,0.0,0.0,0.0,0.0012506909676104636,-0.00926105907910716]]}