{"din_name":"flux_level11260.json","din_kind":"RELATIVE","din_start":600.0000296490857,"din_end":660.0000059679644,"din_rules":["Interventions","r1","r1_rev","r2","r3","r4","r5","r6"],"din_hits":[0,80209,80180,24844,1553980,1529137,658310,658298],"din_fluxs":[[0.0,0.0,0.0,0.0,0.0,0.0,0.0,0.0],[0.0,-0.0011106816246699105,0.03447221880119462,0.039990964682173724,0.0,-0.002069517162012923,0.0,0.0],[0.0,0.0011119229270452808,-0.03274124901131648,-0.06280221732015881,0.0,0.0037663581609875766,0.0,0.0],[0.0,0.0,0.0,-0.2379622832657987,0.0027540700285567103,0.0,0.0044598393021006485,0.0],[0.0,0.0,0.0,0.006606830942004281,-0.002747005718623139,0.01534794688127069,-0.002744506364759435,0.0],[0.0,0.0,0.0,0.0,0.0027545840592049075,-0.015443604396398494,0.0035549866931514373,0.0],[0.0,0.0,0.0,0.0,0.0,0.0,-0.007256528562968476,0.0012589468119053762],[0.0,0.0,0.0,0.0,0.0,0.0,0.005422268205282473,-0.001257363560393171]]}