{"din_name":"flux_level00858.json","din_kind":"RELATIVE","din_start":600.0000202287715,"din_end":660.0000015659747,"din_rules":["Interventions","r1","r1_rev","r2","r3","r4","r5","r6"],"din_hits":[0,49256,49250,3509,1998233,1994729,771042,771052],"din_fluxs":[[0.0,0.0,0.0,0.0,0.0,0.0,0.0,0.0],[0.0,-0.0010898585250458676,0.1079271891542435,0.14356651691263594,0.0,-0.0020267332245044126,0.0,0.0],[0.0,0.0010910486425016264,-0.09362324950926401,-0.17306132633558105,0.0,0.0035026819560776425,0.0,0.0],[0.0,0.0,0.0,-0.40310953669441274,0.0034062400448949454,0.0,0.0038801765757780038,0.0],[0.0,0.0,0.0,0.0037757889579157393,-0.003394970449284828,0.009917247331251149,-0.003394351924497714,0.0],[0.0,0.0,0.0,0.0,0.0034065461061123367,-0.009872472620486895,0.0037053201114780033,0.0],[0.0,0.0,0.0,0.0,0.0,0.0,-0.0022621071239619355,0.004516282842751972],[0.0,0.0,0.0,0.0,0.0,0.0,0.001496983673104531,-0.004495898903574951]]}