{"din_name":"flux_level11660.json","din_kind":"RELATIVE","din_start":600.0000067903806,"din_end":660.0000236949605,"din_rules":["Interventions","r1","r1_rev","r2","r3","r4","r5","r6"],"din_hits":[0,107528,107494,46529,2022566,1976042,725355,725371],"din_fluxs":[[0.0,0.0,0.0,0.0,0.0,0.0,0.0,0.0],[0.0,-0.0011185609981055947,0.028084297914602423,0.033100159055786615,0.0,-0.002082618785021142,0.0,0.0],[0.0,0.0011198207825358522,-0.026440783670618386,-0.05127204773895009,0.0,0.003672971541928907,0.0,0.0],[0.0,0.0,0.0,-0.21004195792693386,0.002725233613393157,0.0,0.003561806987238297,0.0],[0.0,0.0,0.0,0.007358319956187277,-0.00271810751852148,0.015863826943610465,-0.002716860252399447,0.0],[0.0,0.0,0.0,0.0,0.0027255253321445006,-0.016061329378200394,0.003119951893260472,0.0],[0.0,0.0,0.0,0.0,0.0,0.0,-0.004407655957930056,0.0014743819554052934],[0.0,0.0,0.0,0.0,0.0,0.0,0.003320622279160834,-0.0014722095659242087]]}