{"din_name":"flux_level03065.json","din_kind":"RELATIVE","din_start":600.0000048701517,"din_end":660.0000030503595,"din_rules":["Interventions","r1","r1_rev","r2","r3","r4","r5","r6"],"din_hits":[0,420297,420140,568412,2963579,2395128,1221225,1221267],"din_fluxs":[[0.0,0.0,0.0,0.0,0.0,0.0,0.0,0.0],[0.0,-0.00131144651662964,0.0054505981515809,0.01180769911924492,0.0,-0.002472446405096575,0.0,0.0],[0.0,0.0013132232369697093,-0.005321935682715598,-0.010511703143609783,0.0,0.002334532378565146,0.0,0.0],[0.0,0.0,0.0,-0.09131216822856392,0.0026184002400721747,0.0,0.0027577138666917316,0.0],[0.0,0.0,0.0,0.019049990383521304,-0.0026115231868410033,0.017016503071848342,-0.0026117078265410544,0.0],[0.0,0.0,0.0,0.0,0.0026183549293850995,-0.020599307650918917,0.0027755146330042677,0.0],[0.0,0.0,0.0,0.0,0.0,0.0,-0.0017926085225478377,0.003836810338757493],[0.0,0.0,0.0,0.0,0.0,0.0,0.0014267989517909323,-0.003822102567206663]]}