{"din_name":"flux_level02731.json","din_kind":"RELATIVE","din_start":600.000000450063,"din_end":660.0000305200934,"din_rules":["Interventions","r1","r1_rev","r2","r3","r4","r5","r6"],"din_hits":[0,104098,104073,16210,2035557,2019338,1474466,1474440],"din_fluxs":[[0.0,0.0,0.0,0.0,0.0,0.0,0.0,0.0],[0.0,-0.0010992097358204043,0.055306117781874095,0.06102142817070793,0.0,-0.0020314437381145157,0.0,0.0],[0.0,0.0011004212611294794,-0.05072359075730594,-0.09436014721319107,0.0,0.004101541844593286,0.0,0.0],[0.0,0.0,0.0,-0.3525459608142982,0.002622678459074396,0.0,0.00333391643479543,0.0],[0.0,0.0,0.0,0.007458724913714367,-0.0026160285458772356,0.017594636774537802,-0.002615073846290096,0.0],[0.0,0.0,0.0,0.0,0.002622894283528578,-0.017528998165978825,0.0029966361852969852,0.0],[0.0,0.0,0.0,0.0,0.0,0.0,-0.0025013554760752754,0.002183291841392406],[0.0,0.0,0.0,0.0,0.0,0.0,0.0019917004540729293,-0.002178531795072184]]}