{"din_name":"flux_level01722.json","din_kind":"RELATIVE","din_start":600.0000094896055,"din_end":660.0000350563807,"din_rules":["Interventions","r1","r1_rev","r2","r3","r4","r5","r6"],"din_hits":[0,401072,400991,98245,1649517,1551253,1276903,1276920],"din_fluxs":[[0.0,0.0,0.0,0.0,0.0,0.0,0.0,0.0],[0.0,-0.0011708800937395522,0.012295558904605297,0.020081235588028865,0.0,-0.002177238173518786,0.0,0.0],[0.0,0.001172262762834643,-0.011940614925247017,-0.023605038451915104,0.0,0.0026940951467557287,0.0,0.0],[0.0,0.0,0.0,-0.08977520916530887,0.0034724762216779407,0.0,0.004134310388858546,0.0],[0.0,0.0,0.0,0.006951476221001161,-0.0034608959440471,0.009847168001429412,-0.003460226435090766,0.0],[0.0,0.0,0.0,0.0,0.0034729535904051137,-0.01049171920572626,0.004038004293577611,0.0],[0.0,0.0,0.0,0.0,0.0,0.0,-0.0024260448840313074,0.004235583451810122],[0.0,0.0,0.0,0.0,0.0,0.0,0.0016982647224576244,-0.00421766104420647]]}