{"din_name":"flux_level00350.json","din_kind":"RELATIVE","din_start":600.0000053330916,"din_end":660.000010237106,"din_rules":["Interventions","r1","r1_rev","r2","r3","r4","r5","r6"],"din_hits":[0,140266,140221,79392,3035773,2956373,2179949,2179925],"din_fluxs":[[0.0,0.0,0.0,0.0,0.0,0.0,0.0,0.0],[0.0,-0.0011206662655640714,0.02624713747024954,0.03099803811306641,0.0,-0.0020789712723629826,0.0,0.0],[0.0,0.0011219296805014963,-0.02513808722048862,-0.04878617299595302,0.0,0.0037325171069095076,0.0,0.0],[0.0,0.0,0.0,-0.21154875016710586,0.002661036474525148,0.0,0.003299996649029791,0.0],[0.0,0.0,0.0,0.008056031217182373,-0.0026538810897826577,0.01705662522088685,-0.0026532620623581286,0.0],[0.0,0.0,0.0,0.0,0.002660943064001032,-0.017288516712825386,0.002996874167016152,0.0],[0.0,0.0,0.0,0.0,0.0,0.0,-0.0022618757787845538,0.00254384658488409],[0.0,0.0,0.0,0.0,0.0,0.0,0.001791466853063294,-0.0025373809607445786]]}