{"din_name":"flux_level08621.json","din_kind":"RELATIVE","din_start":600.0000063099299,"din_end":660.0000227900738,"din_rules":["Interventions","r1","r1_rev","r2","r3","r4","r5","r6"],"din_hits":[0,6807,6797,192,108556,108360,769591,769629],"din_fluxs":[[0.0,0.0,0.0,0.0,0.0,0.0,0.0,0.0],[0.0,-0.0010912210176466201,0.09268049091069022,0.1432516157337952,0.0,-0.002016177101715035,0.0,0.0],[0.0,0.001092424408025741,-0.08266521318461782,-0.15015322901061126,0.0,0.0031490458124266638,0.0,0.0],[0.0,0.0,0.0,-0.42545541564809386,0.003180527073613153,0.0,0.010479775588726226,0.0],[0.0,0.0,0.0,0.006145463832363993,-0.0031795315230974492,0.010963273589258212,-0.0031841072613016095,0.0],[0.0,0.0,0.0,0.0,0.0031896957805677703,-0.010932405193794226,0.009662780939686498,0.0],[0.0,0.0,0.0,0.0,0.0,0.0,-0.006141860893561714,0.0018321073091281087],[0.0,0.0,0.0,0.0,0.0,0.0,0.005272355572000639,-0.0018287533677342998]]}