{"din_name":"flux_level03064.json","din_kind":"RELATIVE","din_start":600.0000011159758,"din_end":660.0000140389194,"din_rules":["Interventions","r1","r1_rev","r2","r3","r4","r5","r6"],"din_hits":[0,421008,420839,566112,2961476,2395352,261357,261352],"din_fluxs":[[0.0,0.0,0.0,0.0,0.0,0.0,0.0,0.0],[0.0,-0.0013108701762119313,0.005462848515571711,0.01172649651166511,0.0,-0.0024519428733848826,0.0,0.0],[0.0,0.0013126461393010158,-0.0053341784550979465,-0.010605339191848695,0.0,0.0023479853486030027,0.0,0.0],[0.0,0.0,0.0,-0.09150879714290301,0.0026179636320003636,0.0,0.00264222137313055,0.0],[0.0,0.0,0.0,0.019057135633458715,-0.0026110513220258783,0.017029506262315367,-0.0026109589533128714,0.0],[0.0,0.0,0.0,0.0,0.0026178716827364415,-0.020604470699606803,0.0026444295424083706,0.0],[0.0,0.0,0.0,0.0,0.0,0.0,-0.0013989493882858482,0.01572040292444665],[0.0,0.0,0.0,0.0,0.0,0.0,0.0011070717455451031,-0.015473449380263082]]}