{"din_name":"flux_level03493.json","din_kind":"RELATIVE","din_start":600.0000006142706,"din_end":660.0000031859787,"din_rules":["Interventions","r1","r1_rev","r2","r3","r4","r5","r6"],"din_hits":[0,64965,64949,23871,2779097,2755227,447521,447577],"din_fluxs":[[0.0,0.0,0.0,0.0,0.0,0.0,0.0,0.0],[0.0,-0.001097587014043496,0.05937202280857123,0.05875067490587684,0.0,-0.002015274608876516,0.0,0.0],[0.0,0.0010987957624959115,-0.05500535553940615,-0.10388679235807373,0.0,0.004688399786217225,0.0,0.0],[0.0,0.0,0.0,-0.3616776556158626,0.0025689314978267143,0.0,0.0032250314373741132,0.0],[0.0,0.0,0.0,0.006776750626633152,-0.002562738101293632,0.018948049434651705,-0.0025613658469764303,0.0],[0.0,0.0,0.0,0.0,0.002569328112065283,-0.01881344225302395,0.002771665907001585,0.0],[0.0,0.0,0.0,0.0,0.0,0.0,-0.005617272417817839,0.0013041915801831738],[0.0,0.0,0.0,0.0,0.0,0.0,0.004431470488001818,-0.0013024903789948896]]}