{"din_name":"flux_level03536.json","din_kind":"RELATIVE","din_start":600.0000085070096,"din_end":660.000101571354,"din_rules":["Interventions","r1","r1_rev","r2","r3","r4","r5","r6"],"din_hits":[0,117240,117216,7950,1659401,1651447,197438,197442],"din_fluxs":[[0.0,0.0,0.0,0.0,0.0,0.0,0.0,0.0],[0.0,-0.0011032231356635476,0.045250374597405565,0.0715201197496793,0.0,-0.002042334876865827,0.0,0.0],[0.0,0.0011044441677769933,-0.042537290332745815,-0.08282393707975851,0.0,0.002648273769613661,0.0,0.0],[0.0,0.0,0.0,-0.1851502000413898,0.0057139586832442805,0.0,0.005924931375524329,0.0],[0.0,0.0,0.0,0.002567622005480004,-0.005682975134844999,0.006315586249595303,-0.005682545080365481,0.0],[0.0,0.0,0.0,0.0,0.005715552479644591,-0.0063481084963398415,0.005881199159426745,0.0],[0.0,0.0,0.0,0.0,0.0,0.0,-0.002997312740825977,0.030328435184088547],[0.0,0.0,0.0,0.0,0.0,0.0,0.0016203055079755378,-0.029408753801493614]]}