{"din_name":"flux_level08092.json","din_kind":"RELATIVE","din_start":600.0000011078046,"din_end":660.00000736715,"din_rules":["Interventions","r1","r1_rev","r2","r3","r4","r5","r6"],"din_hits":[0,61206,61192,13213,2536108,2522867,960561,960580],"din_fluxs":[[0.0,0.0,0.0,0.0,0.0,0.0,0.0,0.0],[0.0,-0.0010953913124659529,0.06794884907623057,0.07449231663086031,0.0,-0.0020360791231065455,0.0,0.0],[0.0,0.0010965947747859377,-0.0623731213461408,-0.11714866524822568,0.0,0.004074936387927361,0.0,0.0],[0.0,0.0,0.0,-0.32942778006805257,0.0029243445624170914,0.0,0.0037529086901023794,0.0],[0.0,0.0,0.0,0.004362496113875827,-0.0029158098687675693,0.013127542197561015,-0.0029151858048563736,0.0],[0.0,0.0,0.0,0.0,0.0029243419909918793,-0.013072244401216343,0.003258139991927631,0.0],[0.0,0.0,0.0,0.0,0.0,0.0,-0.0030176017700487712,0.002008054937201017],[0.0,0.0,0.0,0.0,0.0,0.0,0.002150529887867216,-0.0020040251750939133]]}