{"din_name":"flux_level13447.json","din_kind":"RELATIVE","din_start":600.0000006362321,"din_end":660.0000014174828,"din_rules":["Interventions","r1","r1_rev","r2","r3","r4","r5","r6"],"din_hits":[0,28167,28135,1312,100390,99076,832599,832591],"din_fluxs":[[0.0,0.0,0.0,0.0,0.0,0.0,0.0,0.0],[0.0,-0.0011193017522457803,0.027163045049812228,0.04416713855111492,0.0,-0.0021029167005165075,0.0,0.0],[0.0,0.0011205838276959678,-0.02591655237392879,-0.05050539525856377,0.0,0.002663491488013309,0.0,0.0],[0.0,0.0,0.0,-0.16345284127091655,0.0036940458262006513,0.0,0.0060941693326733975,0.0],[0.0,0.0,0.0,0.0057597983450472096,-0.003685252811486642,0.008969584046721985,-0.0036834388303727582,0.0],[0.0,0.0,0.0,0.0,0.003698962634231831,-0.009160916453388504,0.00600231474215373,0.0],[0.0,0.0,0.0,0.0,0.0,0.0,-0.0031365074741772454,0.004091280548852336],[0.0,0.0,0.0,0.0,0.0,0.0,0.0028695695924696074,-0.004074554521389919]]}