{"din_name":"flux_level09565.json","din_kind":"RELATIVE","din_start":600.0000029536311,"din_end":660.0000101115307,"din_rules":["Interventions","r1","r1_rev","r2","r3","r4","r5","r6"],"din_hits":[0,139074,139051,47737,3599098,3551341,298434,298449],"din_fluxs":[[0.0,0.0,0.0,0.0,0.0,0.0,0.0,0.0],[0.0,-0.0011070346109817138,0.03897907392033014,0.04429968941248596,0.0,-0.0020642850056762866,0.0,0.0],[0.0,0.0011082643108937876,-0.03687186679705972,-0.07133127781521387,0.0,0.003878107875946226,0.0,0.0],[0.0,0.0,0.0,-0.24369283333190203,0.00282551707819095,0.0,0.002916622050375316,0.0],[0.0,0.0,0.0,0.005722776196312491,-0.002817915002975057,0.014348211291068325,-0.0028175559426925636,0.0],[0.0,0.0,0.0,0.0,0.0028258862232966543,-0.01440129418610207,0.002862536663379532,0.0],[0.0,0.0,0.0,0.0,0.0,0.0,-0.0016368075680878477,0.007421908652957825],[0.0,0.0,0.0,0.0,0.0,0.0,0.0011928920180574339,-0.007366870346336365]]}