{"din_name":"flux_level05336.json","din_kind":"RELATIVE","din_start":600.0000110121272,"din_end":660.0000635362902,"din_rules":["Interventions","r1","r1_rev","r2","r3","r4","r5","r6"],"din_hits":[0,56975,56966,236,229905,229673,651695,651667],"din_fluxs":[[0.0,0.0,0.0,0.0,0.0,0.0,0.0,0.0],[0.0,-0.0010901298881931154,0.10341229403868937,0.23389488347161996,0.0,-0.002034781869105077,0.0,0.0],[0.0,0.0010913207026977145,-0.09132372760404203,-0.14469515830023869,0.0,0.0026202202581138067,0.0,0.0],[0.0,0.0,0.0,-0.6329394464942283,0.002685616916430294,0.0,0.0030539847824285577,0.0],[0.0,0.0,0.0,0.017796283918423285,-0.002678829407397098,0.01598712443487983,-0.0026796345777712225,0.0],[0.0,0.0,0.0,0.0,0.002686027415060805,-0.01588856254795331,0.0030108963889044385,0.0],[0.0,0.0,0.0,0.0,0.0,0.0,-0.0015505188968528377,0.009204344524812528],[0.0,0.0,0.0,0.0,0.0,0.0,0.0014389526638134726,-0.009119708807834822]]}