{"din_name":"flux_level10177.json","din_kind":"RELATIVE","din_start":600.0000057479646,"din_end":660.0000150532782,"din_rules":["Interventions","r1","r1_rev","r2","r3","r4","r5","r6"],"din_hits":[0,127043,127018,23873,2313785,2289887,880959,880995],"din_fluxs":[[0.0,0.0,0.0,0.0,0.0,0.0,0.0,0.0],[0.0,-0.0011032595285511656,0.04520389880433172,0.05135012918896123,0.0,-0.0020317862430675707,0.0,0.0],[0.0,0.001104480446759031,-0.042493430234765026,-0.08118157948073074,0.0,0.003928462381513382,0.0,0.0],[0.0,0.0,0.0,-0.299470468395055,0.002695590207008906,0.0,0.0033237385118111583,0.0],[0.0,0.0,0.0,0.007006224443193515,-0.0026882036072401155,0.016210697112072577,-0.002689129490324077,0.0],[0.0,0.0,0.0,0.0,0.002695451619767541,-0.01621695896696676,0.002994178912301602,0.0],[0.0,0.0,0.0,0.0,0.0,0.0,-0.003223368980475628,0.0017544864720010261],[0.0,0.0,0.0,0.0,0.0,0.0,0.002457323874316288,-0.0017514101019476438]]}