{"din_name":"flux_level08653.json","din_kind":"RELATIVE","din_start":600.0000188417821,"din_end":660.0000158887003,"din_rules":["Interventions","r1","r1_rev","r2","r3","r4","r5","r6"],"din_hits":[0,34167,34158,11063,3161670,3150625,65757,65762],"din_fluxs":[[0.0,0.0,0.0,0.0,0.0,0.0,0.0,0.0],[0.0,-0.0010907027476823134,0.09928693555534752,0.09746979241448145,0.0,-0.002019869631352724,0.0,0.0],[0.0,0.0010918957149136943,-0.0869285089649583,-0.16055488265894288,0.0,0.004622948812615103,0.0,0.0],[0.0,0.0,0.0,-0.40333568916149326,0.002845373130653962,0.0,0.0049373364194732604,0.0],[0.0,0.0,0.0,0.0039059035892014577,-0.0028375465435798975,0.013940100290914335,-0.002846471888046475,0.0],[0.0,0.0,0.0,0.0,0.002845626111725266,-0.013823046553103421,0.0036223566059460873,0.0],[0.0,0.0,0.0,0.0,0.0,0.0,-0.07654415832842262,0.0010209419640737612],[0.0,0.0,0.0,0.0,0.0,0.0,0.06024586397668804,-0.0010199008809196684]]}