{"din_name":"flux_level00543.json","din_kind":"RELATIVE","din_start":600.0000000553368,"din_end":660.0000079131122,"din_rules":["Interventions","r1","r1_rev","r2","r3","r4","r5","r6"],"din_hits":[0,37308,37295,29865,2785840,2755980,705558,705552],"din_fluxs":[[0.0,0.0,0.0,0.0,0.0,0.0,0.0,0.0],[0.0,-0.001102235539425569,0.04713269345957622,0.0489996757583,0.0,-0.0020316723103287887,0.0,0.0],[0.0,0.0011034578204271238,-0.044184292883023196,-0.08458027677518744,0.0,0.00411211502054528,0.0,0.0],[0.0,0.0,0.0,-0.25152113909894774,0.00291406054299881,0.0,0.003426374585881258,0.0],[0.0,0.0,0.0,0.004287381486955941,-0.00290672201846054,0.01334497111605553,-0.0029065606095013755,0.0],[0.0,0.0,0.0,0.0,0.002915212535284959,-0.013337078133431206,0.0030736352128918464,0.0],[0.0,0.0,0.0,0.0,0.0,0.0,-0.0022027909847267,0.003057557051810396],[0.0,0.0,0.0,0.0,0.0,0.0,0.001576203886946982,-0.003048216864009268]]}