{"din_name":"flux_level04470.json","din_kind":"RELATIVE","din_start":600.0000017827656,"din_end":660.0000038725443,"din_rules":["Interventions","r1","r1_rev","r2","r3","r4","r5","r6"],"din_hits":[0,311731,311674,96756,2712298,2615551,772843,772852],"din_fluxs":[[0.0,0.0,0.0,0.0,0.0,0.0,0.0,0.0],[0.0,-0.0011349108844152598,0.019683527783863255,0.026331496656108587,0.0,-0.002103116934524143,0.0,0.0],[0.0,0.001136205317217239,-0.01898223195380591,-0.03717665421745333,0.0,0.003303123545008951,0.0,0.0],[0.0,0.0,0.0,-0.18045631707383286,0.002689897520472101,0.0,0.002955717029020138,0.0],[0.0,0.0,0.0,0.009421306725082493,-0.0026826365106372876,0.016475570242502346,-0.002683101491687875,0.0],[0.0,0.0,0.0,0.0,0.0026898536504779344,-0.01693583321406709,0.0028479870976664177,0.0],[0.0,0.0,0.0,0.0,0.0,0.0,-0.0023283118527792322,0.0024158681429467433],[0.0,0.0,0.0,0.0,0.0,0.0,0.0017770771138965753,-0.0024100389473526527]]}