{"din_name":"flux_level04978.json","din_kind":"RELATIVE","din_start":600.0000055927679,"din_end":660.0000066428519,"din_rules":["Interventions","r1","r1_rev","r2","r3","r4","r5","r6"],"din_hits":[0,37268,37246,46782,3794399,3747622,1487363,1487367],"din_fluxs":[[0.0,0.0,0.0,0.0,0.0,0.0,0.0,0.0],[0.0,-0.001100488340048028,0.051296030584544274,0.04791827431322652,0.0,-0.002032265799632891,0.0,0.0],[0.0,0.00110170715396613,-0.047879218178532926,-0.09135740408064189,0.0,0.004877623088708803,0.0,0.0],[0.0,0.0,0.0,-0.3247913059102164,0.0025431746259418583,0.0,0.003288735852904815,0.0],[0.0,0.0,0.0,0.006742969708349536,-0.0025369666345679055,0.019784420897961105,-0.0025359732345847726,0.0],[0.0,0.0,0.0,0.0,0.002543424180570768,-0.01966384913378212,0.002740451667614465,0.0],[0.0,0.0,0.0,0.0,0.0,0.0,-0.002593796960764069,0.001996088661332957],[0.0,0.0,0.0,0.0,0.0,0.0,0.0020874662305821003,-0.00199210825996204]]}