{"din_name":"flux_level02118.json","din_kind":"RELATIVE","din_start":600.0000005443225,"din_end":660.0000114723257,"din_rules":["Interventions","r1","r1_rev","r2","r3","r4","r5","r6"],"din_hits":[0,2408438,2407953,2426671,4114074,1687397,1894629,1894629],"din_fluxs":[[0.0,0.0,0.0,0.0,0.0,0.0,0.0,0.0],[0.0,-0.0021136712593588973,0.0020084680769288173,0.007719226536838453,0.0,-0.004046576377354149,0.0,0.0],[0.0,0.002118287237775863,-0.001969345096072557,-0.0039119257460784995,0.0,0.002133449578783498,0.0,0.0],[0.0,0.0,0.0,-0.05250276419726904,0.0025469848715366666,0.0,0.0027385343485878933,0.0],[0.0,0.0,0.0,0.03039215996608679,-0.0025403880764879156,0.013166839394729039,-0.002539193773708021,0.0],[0.0,0.0,0.0,0.0,0.0025466803955400273,-0.028508579688593612,0.0029510424482035533,0.0],[0.0,0.0,0.0,0.0,0.0,0.0,-0.003025685388775639,0.0017612436664570744],[0.0,0.0,0.0,0.0,0.0,0.0,0.002437382689838123,-0.0017581448235831055]]}