{"din_name":"flux_level01039.json","din_kind":"RELATIVE","din_start":600.0000022794039,"din_end":660.0001615689497,"din_rules":["Interventions","r1","r1_rev","r2","r3","r4","r5","r6"],"din_hits":[0,9579,9566,1994,458852,456855,195027,195027],"din_fluxs":[[0.0,0.0,0.0,0.0,0.0,0.0,0.0,0.0],[0.0,-0.0010912753674411416,0.09277808768421743,0.08901190804324491,0.0,-0.0019759534617864397,0.0,0.0],[0.0,0.0010924760029483117,-0.08276469461842972,-0.14754932290066963,0.0,0.005052743167106656,0.0,0.0],[0.0,0.0,0.0,-0.4733117530281473,0.002526444860234195,0.0,0.003684898728901894,0.0],[0.0,0.0,0.0,0.007118240439168311,-0.002517814399536389,0.020104064075077276,-0.0025154419250259675,0.0],[0.0,0.0,0.0,0.0,0.0025241620301553283,-0.019852818188224167,0.0028701790372768175,0.0],[0.0,0.0,0.0,0.0,0.0,0.0,-0.0041478914663546276,0.0014563294110647705],[0.0,0.0,0.0,0.0,0.0,0.0,0.003355612293198017,-0.0014542106208449872]]}