{"din_name":"flux_level04519.json","din_kind":"RELATIVE","din_start":600.0000138658417,"din_end":660.0000384574676,"din_rules":["Interventions","r1","r1_rev","r2","r3","r4","r5","r6"],"din_hits":[0,30926,30910,9524,2004808,1995278,764057,764052],"din_fluxs":[[0.0,0.0,0.0,0.0,0.0,0.0,0.0,0.0],[0.0,-0.0010953961491504628,0.06776301482057442,0.07535815778217943,0.0,-0.0020144242096934834,0.0,0.0],[0.0,0.0010966019293562317,-0.0621991880696551,-0.11849393252778824,0.0,0.00385836249400372,0.0,0.0],[0.0,0.0,0.0,-0.29169849417250776,0.0032687248448005825,0.0,0.005377232212872102,0.0],[0.0,0.0,0.0,0.0030369242714111708,-0.003258732807392794,0.010659617935440168,-0.003260591458657793,0.0],[0.0,0.0,0.0,0.0,0.00326939858122828,-0.010624778349535763,0.0040361815489891335,0.0],[0.0,0.0,0.0,0.0,0.0,0.0,-0.0054774062694253585,0.001484269928394007],[0.0,0.0,0.0,0.0,0.0,0.0,0.003521333621564653,-0.0014820692585676702]]}