{"din_name":"flux_level05853.json","din_kind":"RELATIVE","din_start":600.0000278798683,"din_end":660.0000056742766,"din_rules":["Interventions","r1","r1_rev","r2","r3","r4","r5","r6"],"din_hits":[0,22136,22130,956,697870,696907,1845348,1845340],"din_fluxs":[[0.0,0.0,0.0,0.0,0.0,0.0,0.0,0.0],[0.0,-0.0010895500530395494,0.10946671031535102,0.15905403629938905,0.0,-0.002025922624833875,0.0,0.0],[0.0,0.001090740661030313,-0.09604429600505195,-0.17666507589696678,0.0,0.003223229114484523,0.0,0.0],[0.0,0.0,0.0,-0.41195811856602127,0.0036383634678943304,0.0,0.005938254230250906,0.0],[0.0,0.0,0.0,0.003948856101542304,-0.003625520422889001,0.009067949477540796,-0.0036278391752902744,0.0],[0.0,0.0,0.0,0.0,0.0036387271639548827,-0.009035794376753392,0.005510946409814141,0.0],[0.0,0.0,0.0,0.0,0.0,0.0,-0.0032297079406142736,0.003243581765931843],[0.0,0.0,0.0,0.0,0.0,0.0,0.002536462607229881,-0.0032330712687570567]]}