{"din_name":"flux_level04641.json","din_kind":"RELATIVE","din_start":600.0000047114937,"din_end":660.0000128992364,"din_rules":["Interventions","r1","r1_rev","r2","r3","r4","r5","r6"],"din_hits":[0,154215,154187,63437,3826696,3763241,1303261,1303252],"din_fluxs":[[0.0,0.0,0.0,0.0,0.0,0.0,0.0,0.0],[0.0,-0.0011087597199817797,0.03666261322783534,0.03981434076396783,0.0,-0.0020438359666111188,0.0,0.0],[0.0,0.0011099933634616704,-0.034765541742803455,-0.066357512729011,0.0,0.004078748052543288,0.0,0.0],[0.0,0.0,0.0,-0.27365394046141145,0.0025948449643702783,0.0,0.0028865184598094473,0.0],[0.0,0.0,0.0,0.007754674396848485,-0.0025884514511106634,0.018413277124811275,-0.0025876515493553,0.0],[0.0,0.0,0.0,0.0,0.002595176781794434,-0.018459146119970484,0.002719527511426289,0.0],[0.0,0.0,0.0,0.0,0.0,0.0,-0.001812606142176407,0.003614694118538695],[0.0,0.0,0.0,0.0,0.0,0.0,0.0014447488639430116,-0.0036016409106162865]]}