{"din_name":"flux_level04207.json","din_kind":"RELATIVE","din_start":600.0000345620147,"din_end":660.0000207807258,"din_rules":["Interventions","r1","r1_rev","r2","r3","r4","r5","r6"],"din_hits":[0,3816,3797,3180,823964,820782,293547,293539],"din_fluxs":[[0.0,0.0,0.0,0.0,0.0,0.0,0.0,0.0],[0.0,-0.0011004569262528063,0.05231679430712145,0.08142380060284124,0.0,-0.0020566002580893485,0.0,0.0],[0.0,0.0011017309670280208,-0.04822847891939665,-0.09343393169194808,0.0,0.002670602119475236,0.0,0.0],[0.0,0.0,0.0,-0.1821771453603822,0.007314396629694068,0.0,0.013136914664384677,0.0],[0.0,0.0,0.0,0.0009840352457045054,-0.007253473470131464,0.005671982917469953,-0.007249207246418134,0.0],[0.0,0.0,0.0,0.0,0.007306668327339194,-0.005664502854782199,0.009183045868196717,0.0],[0.0,0.0,0.0,0.0,0.0,0.0,-0.007738317868535227,0.0022719955882547892],[0.0,0.0,0.0,0.0,0.0,0.0,0.0025866841499768184,-0.002266837929665309]]}