{"din_name":"flux_level06025.json","din_kind":"RELATIVE","din_start":600.0000159700464,"din_end":660.0000418265065,"din_rules":["Interventions","r1","r1_rev","r2","r3","r4","r5","r6"],"din_hits":[0,6015,6004,1529,776824,775290,453318,453310],"din_fluxs":[[0.0,0.0,0.0,0.0,0.0,0.0,0.0,0.0],[0.0,-0.001092690001719346,0.08182422133629104,0.11635032615518127,0.0,-0.002011235267871845,0.0,0.0],[0.0,0.0010939011434816656,-0.07384044466060391,-0.14133165871102185,0.0,0.0029504453354635787,0.0,0.0],[0.0,0.0,0.0,-0.2748201967833845,0.005498462921708569,0.0,0.007008103380020557,0.0],[0.0,0.0,0.0,0.0011819964815072122,-0.005468181988615561,0.006437058627127523,-0.0054659485500743845,0.0],[0.0,0.0,0.0,0.0,0.005498323652053673,-0.006415554785083046,0.006451289998211352,0.0],[0.0,0.0,0.0,0.0,0.0,0.0,-0.003628220693747732,0.006175723681257027],[0.0,0.0,0.0,0.0,0.0,0.0,0.002016258824496455,-0.006137601160897106]]}