{"din_name":"flux_level02767.json","din_kind":"RELATIVE","din_start":600.0000012594384,"din_end":660.0000581322613,"din_rules":["Interventions","r1","r1_rev","r2","r3","r4","r5","r6"],"din_hits":[0,60837,60822,153,124968,124806,1170470,1170493],"din_fluxs":[[0.0,0.0,0.0,0.0,0.0,0.0,0.0,0.0],[0.0,-0.0010926530363162684,0.0841535122263659,0.20014799215395868,0.0,-0.002012062080063846,0.0,0.0],[0.0,0.0010938498667983363,-0.07489186696783007,-0.11886912284257846,0.0,0.0024499166644230412,0.0,0.0],[0.0,0.0,0.0,-0.6121708761387769,0.0025978671976984637,0.0,0.006908587284963407,0.0],[0.0,0.0,0.0,0.022484030539306626,-0.00258938351278285,0.017806219433420884,-0.0026000033872961965,0.0],[0.0,0.0,0.0,0.0,0.002596107266551927,-0.017713736825886922,0.00657773490813152,0.0],[0.0,0.0,0.0,0.0,0.0,0.0,-0.004390386387500391,0.001662753786877267],[0.0,0.0,0.0,0.0,0.0,0.0,0.003987652176672598,-0.0016599914923714756]]}