{"din_name":"flux_level01687.json","din_kind":"RELATIVE","din_start":600.0000423595917,"din_end":660.0000428600356,"din_rules":["Interventions","r1","r1_rev","r2","r3","r4","r5","r6"],"din_hits":[0,304783,304568,84193,392349,308125,108174,108178],"din_fluxs":[[0.0,0.0,0.0,0.0,0.0,0.0,0.0,0.0],[0.0,-0.001323824924305412,0.005230301028286881,0.010841973227416602,0.0,-0.002483624902436964,0.0,0.0],[0.0,0.0013256642758414123,-0.0051030441694317336,-0.010158479484550039,0.0,0.0023856989826968188,0.0,0.0],[0.0,0.0,0.0,-0.03661780849531802,0.004652326501942978,0.0,0.004988168970386686,0.0],[0.0,0.0,0.0,0.0077614546575109095,-0.004630478267103522,0.006936889599186734,-0.0046295617074618165,0.0],[0.0,0.0,0.0,0.0,0.004652018250187992,-0.008651328141740902,0.004997215390125868,0.0],[0.0,0.0,0.0,0.0,0.0,0.0,-0.002746273927205427,0.008254626406421838],[0.0,0.0,0.0,0.0,0.0,0.0,0.001515972746004675,-0.008186478871300177]]}