{"din_name":"flux_level13774.json","din_kind":"RELATIVE","din_start":600.0000001613098,"din_end":660.0000254626176,"din_rules":["Interventions","r1","r1_rev","r2","r3","r4","r5","r6"],"din_hits":[0,20456,20441,7512,1699775,1692275,112799,112811],"din_fluxs":[[0.0,0.0,0.0,0.0,0.0,0.0,0.0,0.0],[0.0,-0.0010932579227105688,0.07900702024648951,0.08163026015631589,0.0,-0.0020212776316466266,0.0,0.0],[0.0,0.0010944597208054406,-0.07156400214921602,-0.13434157775856573,0.0,0.004309545288125065,0.0,0.0],[0.0,0.0,0.0,-0.3400189654591856,0.0029844984976311363,0.0,0.003032837289405566,0.0],[0.0,0.0,0.0,0.0034286262089760528,-0.0029777319555098504,0.012550718565422812,-0.002977657750178745,0.0],[0.0,0.0,0.0,0.0,0.002986640435542211,-0.01247612658196757,0.0030115114774010424,0.0],[0.0,0.0,0.0,0.0,0.0,0.0,-0.0015270711006267592,0.04709424496975037],[0.0,0.0,0.0,0.0,0.0,0.0,0.0011541959874179014,-0.04487583994992861]]}