{"din_name":"flux_level05010.json","din_kind":"RELATIVE","din_start":600.0000025179827,"din_end":660.0000103174474,"din_rules":["Interventions","r1","r1_rev","r2","r3","r4","r5","r6"],"din_hits":[0,70152,70125,53221,3144610,3091396,1831604,1831585],"din_fluxs":[[0.0,0.0,0.0,0.0,0.0,0.0,0.0,0.0],[0.0,-0.0011076153151921373,0.038237896617378864,0.03981814640651676,0.0,-0.002053036909367012,0.0,0.0],[0.0,0.0011088494264452744,-0.03618017759215877,-0.06941413543809369,0.0,0.004302896493780507,0.0,0.0],[0.0,0.0,0.0,-0.27253646848345003,0.0025905070684079296,0.0,0.0031469646718077036,0.0],[0.0,0.0,0.0,0.007293535715715167,-0.0025842837098150797,0.018552138140110867,-0.0025847359638545113,0.0],[0.0,0.0,0.0,0.0,0.002590990060566486,-0.018570301983404862,0.0028206847341010733,0.0],[0.0,0.0,0.0,0.0,0.0,0.0,-0.0020339946079125765,0.002856420708418029],[0.0,0.0,0.0,0.0,0.0,0.0,0.0016389350753176332,-0.002848268352576431]]}