{"din_name":"flux_level00692.json","din_kind":"RELATIVE","din_start":600.0000059101634,"din_end":660.0000139281187,"din_rules":["Interventions","r1","r1_rev","r2","r3","r4","r5","r6"],"din_hits":[0,70301,70283,1773,618250,616463,2232461,2232441],"din_fluxs":[[0.0,0.0,0.0,0.0,0.0,0.0,0.0,0.0],[0.0,-0.0010942434917334094,0.07317579614364929,0.11836993624015199,0.0,-0.0020212344453027793,0.0,0.0],[0.0,0.0010954438815666807,-0.06682503793324333,-0.12178210704899216,0.0,0.0031907633034230416,0.0,0.0],[0.0,0.0,0.0,-0.45102491443598663,0.0027843616851331125,0.0,0.004425384642205782,0.0],[0.0,0.0,0.0,0.010164442979784303,-0.002779307823190621,0.01454399696194248,-0.002784819943125132,0.0],[0.0,0.0,0.0,0.0,0.002787065687479127,-0.014504410528825205,0.004181060004740656,0.0],[0.0,0.0,0.0,0.0,0.0,0.0,-0.0026255012692026802,0.0025276115369816917],[0.0,0.0,0.0,0.0,0.0,0.0,0.0022493681887278145,-0.002521228677324209]]}