{"din_name":"flux_level07957.json","din_kind":"RELATIVE","din_start":600.0000055812787,"din_end":660.0000009593393,"din_rules":["Interventions","r1","r1_rev","r2","r3","r4","r5","r6"],"din_hits":[0,391007,390855,175788,1057611,881810,1551623,1551648],"din_fluxs":[[0.0,0.0,0.0,0.0,0.0,0.0,0.0,0.0],[0.0,-0.0012798703851934622,0.006150998568965391,0.012222141094269098,0.0,-0.0023935912804941752,0.0,0.0],[0.0,0.0012815561804355642,-0.006002529247899891,-0.011910121101627332,0.0,0.0024137086532628484,0.0,0.0],[0.0,0.0,0.0,-0.05569849873788402,0.003454242414232954,0.0,0.0049096628659210445,0.0],[0.0,0.0,0.0,0.009762910757592457,-0.003441905274826482,0.009613444364165632,-0.0034391566575482464,0.0],[0.0,0.0,0.0,0.0,0.0034537174873220016,-0.011404137094325941,0.004904407121429074,0.0],[0.0,0.0,0.0,0.0,0.0,0.0,-0.003381693196123748,0.002494327812313096],[0.0,0.0,0.0,0.0,0.0,0.0,0.002408044117950526,-0.002488110801779464]]}