{"din_name":"flux_level00204.json","din_kind":"RELATIVE","din_start":600.0000043910852,"din_end":660.0000253582568,"din_rules":["Interventions","r1","r1_rev","r2","r3","r4","r5","r6"],"din_hits":[0,79734,79709,163,130196,130035,1091338,1091337],"din_fluxs":[[0.0,0.0,0.0,0.0,0.0,0.0,0.0,0.0],[0.0,-0.0010935341704371056,0.07707181795049317,0.17650372022637303,0.0,-0.002027338647888629,0.0,0.0],[0.0,0.0010947320246620148,-0.07008640442560639,-0.12743649819513148,0.0,0.002224418877222332,0.0,0.0],[0.0,0.0,0.0,-0.4460085866034829,0.0035339751993673143,0.0,0.006426974211516717,0.0],[0.0,0.0,0.0,0.010740338416096706,-0.0035147840558838123,0.009351300866970901,-0.0035157036812301147,0.0],[0.0,0.0,0.0,0.0,0.0035271840745699804,-0.009389415258395505,0.00633377929395274,0.0],[0.0,0.0,0.0,0.0,0.0,0.0,-0.0033859293866452924,0.003307062863023846],[0.0,0.0,0.0,0.0,0.0,0.0,0.003064264257479541,-0.003296136429858334]]}