{"din_name":"flux_level03264.json","din_kind":"RELATIVE","din_start":600.000005180614,"din_end":660.0000038578941,"din_rules":["Interventions","r1","r1_rev","r2","r3","r4","r5","r6"],"din_hits":[0,148156,148122,24472,1851443,1826971,75739,75752],"din_fluxs":[[0.0,0.0,0.0,0.0,0.0,0.0,0.0,0.0],[0.0,-0.0011173443620992565,0.028491319507809528,0.04269516160808617,0.0,-0.002080425459739499,0.0,0.0],[0.0,0.0011185991759324221,-0.02723302449457449,-0.05348499613339694,0.0,0.0028213136005129794,0.0,0.0],[0.0,0.0,0.0,-0.13567657150792867,0.004568232927084665,0.0,0.004632700116869606,0.0],[0.0,0.0,0.0,0.0032589875634820758,-0.0045480455823347496,0.007383035624829983,-0.004548452759473585,0.0],[0.0,0.0,0.0,0.0,0.0045688703609596485,-0.007485173643931385,0.004614527217408078,0.0],[0.0,0.0,0.0,0.0,0.0,0.0,-0.0023472622147048938,0.040808189238868635],[0.0,0.0,0.0,0.0,0.0,0.0,0.0012513144620001258,-0.03913811571871573]]}