{"din_name":"flux_level10170.json","din_kind":"RELATIVE","din_start":600.000004969192,"din_end":660.0000421623565,"din_rules":["Interventions","r1","r1_rev","r2","r3","r4","r5","r6"],"din_hits":[0,24793,24770,2519,690419,687902,604962,604967],"din_fluxs":[[0.0,0.0,0.0,0.0,0.0,0.0,0.0,0.0],[0.0,-0.0010979331007969384,0.058483633993154885,0.08379401767861201,0.0,-0.0020225968518094357,0.0,0.0],[0.0,0.0010991470747000343,-0.05416552508366955,-0.10417040619535364,0.0,0.0029270204343774357,0.0,0.0],[0.0,0.0,0.0,-0.23152055146789596,0.004673198517151792,0.0,0.007478420085233253,0.0],[0.0,0.0,0.0,0.0024273347298443427,-0.004652112769212392,0.007178393806332173,-0.004650486369192465,0.0],[0.0,0.0,0.0,0.0,0.004673899097795435,-0.007185077488066691,0.006527720591636262,0.0],[0.0,0.0,0.0,0.0,0.0,0.0,-0.004693588798004844,0.0025595669059235784],[0.0,0.0,0.0,0.0,0.0,0.0,0.0026132219307098675,-0.002553021575414517]]}