{"din_name":"flux_level01982.json","din_kind":"RELATIVE","din_start":600.0000092426989,"din_end":660.0000048732236,"din_rules":["Interventions","r1","r1_rev","r2","r3","r4","r5","r6"],"din_hits":[0,44325,44308,12156,3284624,3272474,867762,867778],"din_fluxs":[[0.0,0.0,0.0,0.0,0.0,0.0,0.0,0.0],[0.0,-0.0010896197012548853,0.11028822002549005,0.10490769490986084,0.0,-0.0020165181795019213,0.0,0.0],[0.0,0.0010908092355902622,-0.09542447516692455,-0.1713658890556285,0.0,0.005327030845770627,0.0,0.0],[0.0,0.0,0.0,-0.4919005448246982,0.002550221493651065,0.0,0.0028129368640446334,0.0],[0.0,0.0,0.0,0.006501730091315767,-0.0025437572793739665,0.01930768859258158,-0.002544875279285349,0.0],[0.0,0.0,0.0,0.0,0.002550246491972958,-0.019052859969613492,0.002634463297245616,0.0],[0.0,0.0,0.0,0.0,0.0,0.0,-0.0016277776683782449,0.004718515144585045],[0.0,0.0,0.0,0.0,0.0,0.0,0.0013172815728186048,-0.0046962737819289495]]}