{"din_name":"flux_level04865.json","din_kind":"RELATIVE","din_start":600.0000003034343,"din_end":660.0000138563081,"din_rules":["Interventions","r1","r1_rev","r2","r3","r4","r5","r6"],"din_hits":[0,149344,149318,8739,598805,590075,1360836,1360829],"din_fluxs":[[0.0,0.0,0.0,0.0,0.0,0.0,0.0,0.0],[0.0,-0.001114833352725247,0.03047466985628248,0.043363289050501505,0.0,-0.002056453101836827,0.0,0.0],[0.0,0.0011160816546628115,-0.029069852104488415,-0.055101729072731344,0.0,0.0031790647586185236,0.0,0.0],[0.0,0.0,0.0,-0.2844019922709741,0.0026027586210958715,0.0,0.004035423574484953,0.0],[0.0,0.0,0.0,0.011469765293007311,-0.0025960903007199165,0.018006554470966576,-0.002600683975466321,0.0],[0.0,0.0,0.0,0.0,0.0026028510216222615,-0.01821666879175686,0.0037459560272725175,0.0],[0.0,0.0,0.0,0.0,0.0,0.0,-0.0030130937924158128,0.0019069125008310658],[0.0,0.0,0.0,0.0,0.0,0.0,0.0025221848909897167,-0.001903280015723185]]}