{"din_name":"flux_level01402.json","din_kind":"RELATIVE","din_start":600.0000023226972,"din_end":660.0000094360693,"din_rules":["Interventions","r1","r1_rev","r2","r3","r4","r5","r6"],"din_hits":[0,23330,23319,9989,1083482,1073495,2167538,2167533],"din_fluxs":[[0.0,0.0,0.0,0.0,0.0,0.0,0.0,0.0],[0.0,-0.0010977607066768899,0.058936619666675925,0.057933818737730014,0.0,-0.002039577717316669,0.0,0.0],[0.0,0.0010989736077786341,-0.05456627930969175,-0.10251311168323303,0.0,0.004756759911568932,0.0,0.0],[0.0,0.0,0.0,-0.3631936264239648,0.002546882414035151,0.0,0.0038882854423624505,0.0],[0.0,0.0,0.0,0.006994876600306735,-0.002540339224627011,0.019582798190921433,-0.002540926213046262,0.0],[0.0,0.0,0.0,0.0,0.0025468102025025413,-0.0194376044243128,0.0032546393789918623,0.0],[0.0,0.0,0.0,0.0,0.0,0.0,-0.002340395886334211,0.0023630561655263085],[0.0,0.0,0.0,0.0,0.0,0.0,0.0019913220584282724,-0.0023574778917756444]]}