{"din_name":"flux_level01475.json","din_kind":"RELATIVE","din_start":600.0000239132715,"din_end":660.0000049813452,"din_rules":["Interventions","r1","r1_rev","r2","r3","r4","r5","r6"],"din_hits":[0,94920,94905,1054,476048,474972,1876610,1876607],"din_fluxs":[[0.0,0.0,0.0,0.0,0.0,0.0,0.0,0.0],[0.0,-0.0010952855417636139,0.06854229963113863,0.12483328781683023,0.0,-0.002021146945240788,0.0,0.0],[0.0,0.0010964879794228615,-0.06287189286579507,-0.11403940604684366,0.0,0.0027501088538040832,0.0,0.0],[0.0,0.0,0.0,-0.4307112267757714,0.002950390154906546,0.0,0.004733552543331627,0.0],[0.0,0.0,0.0,0.010599919844023366,-0.002940765491017508,0.01269554782226038,-0.0029388429230334796,0.0],[0.0,0.0,0.0,0.0,0.002949442119046292,-0.012703856566343607,0.0046216890198359315,0.0],[0.0,0.0,0.0,0.0,0.0,0.0,-0.0028053513348602313,0.0026321543982826276],[0.0,0.0,0.0,0.0,0.0,0.0,0.0023903463394808937,-0.002625233114842229]]}