{"din_name":"flux_level13516.json","din_kind":"RELATIVE","din_start":600.0000027447009,"din_end":660.0000340751692,"din_rules":["Interventions","r1","r1_rev","r2","r3","r4","r5","r6"],"din_hits":[0,68009,67997,418,507686,507274,342988,342982],"din_fluxs":[[0.0,0.0,0.0,0.0,0.0,0.0,0.0,0.0],[0.0,-0.0010905992486974555,0.09828401984967529,0.18947686156205326,0.0,-0.002026365269976154,0.0,0.0],[0.0,0.001091791032258533,-0.08733905295084367,-0.16472534999332794,0.0,0.00224990905563065,0.0,0.0],[0.0,0.0,0.0,-0.329043075092098,0.009657553355637382,0.0,0.01145515534147563,0.0],[0.0,0.0,0.0,0.003147807318279249,-0.009588734171575537,0.005103181103634697,-0.00958929625198148,0.0],[0.0,0.0,0.0,0.0,0.009682194315473904,-0.005110474168672083,0.011384420085523723,0.0],[0.0,0.0,0.0,0.0,0.0,0.0,-0.005832317876169466,0.01573517866842858],[0.0,0.0,0.0,0.0,0.0,0.0,0.0033764675863481447,-0.0154876853157083]]}