{"din_name":"flux_level01788.json","din_kind":"RELATIVE","din_start":600.0000181343413,"din_end":660.0000193559421,"din_rules":["Interventions","r1","r1_rev","r2","r3","r4","r5","r6"],"din_hits":[0,40520,40510,3110,1504610,1501508,132000,131999],"din_fluxs":[[0.0,0.0,0.0,0.0,0.0,0.0,0.0,0.0],[0.0,-0.0010891850452544895,0.1209296436050455,0.14122800929976495,0.0,-0.0020486746970425147,0.0,0.0],[0.0,0.0010903740678122286,-0.09967031917317154,-0.1770723855959161,0.0,0.004133947009789396,0.0,0.0],[0.0,0.0,0.0,-0.482306258587675,0.0028066906763386983,0.0,0.005920959077124638,0.0],[0.0,0.0,0.0,0.0059957419333451145,-0.002799492764598323,0.014321952793807637,-0.002796588263480845,0.0],[0.0,0.0,0.0,0.0,0.0028073566609583323,-0.014202714820691768,0.003969857312899395,0.0],[0.0,0.0,0.0,0.0,0.0,0.0,-0.040533559263931825,0.0010408219482525864],[0.0,0.0,0.0,0.0,0.0,0.0,0.03039235225380051,-0.0010397397549250674]]}