{"din_name":"flux_level09999.json","din_kind":"RELATIVE","din_start":600.0000081655485,"din_end":660.0000051407268,"din_rules":["Interventions","r1","r1_rev","r2","r3","r4","r5","r6"],"din_hits":[0,67421,67415,7871,3186879,3179025,796798,796802],"din_fluxs":[[0.0,0.0,0.0,0.0,0.0,0.0,0.0,0.0],[0.0,-0.0010908345539970296,0.09809699742261535,0.11587490863074111,0.0,-0.002021657985323746,0.0,0.0],[0.0,0.0010920266171201005,-0.08602811720976862,-0.15943477621615756,0.0,0.003851605643450693,0.0,0.0],[0.0,0.0,0.0,-0.3915418729737121,0.0031360982364498848,0.0,0.004223010141777423,0.0],[0.0,0.0,0.0,0.0038782663114767936,-0.003126894214142694,0.011350789813383574,-0.003125317966652858,0.0],[0.0,0.0,0.0,0.0,0.003136710499921565,-0.011288538496424775,0.003596567480026528,0.0],[0.0,0.0,0.0,0.0,0.0,0.0,-0.00519005115977968,0.0014665209247622965],[0.0,0.0,0.0,0.0,0.0,0.0,0.0034146263300137546,-0.001464372405361052]]}