{"din_name":"flux_level06982.json","din_kind":"RELATIVE","din_start":600.0000003305299,"din_end":660.0000060616454,"din_rules":["Interventions","r1","r1_rev","r2","r3","r4","r5","r6"],"din_hits":[0,15293,15273,19687,3107456,3087758,690185,690175],"din_fluxs":[[0.0,0.0,0.0,0.0,0.0,0.0,0.0,0.0],[0.0,-0.001093755362669117,0.07598605795144205,0.06942646119745942,0.0,-0.002074823452423232,0.0,0.0],[0.0,0.001094959655734692,-0.06907834991550586,-0.12946397601049672,0.0,0.004965064384973865,0.0,0.0],[0.0,0.0,0.0,-0.3517421912199179,0.0027315222465222515,0.0,0.004261920770735177,0.0],[0.0,0.0,0.0,0.004093964715834766,-0.0027247483700708957,0.015594284420373137,-0.0027261876093942904,0.0],[0.0,0.0,0.0,0.0,0.0027322004779788576,-0.01546438198165666,0.002985054151339294,0.0],[0.0,0.0,0.0,0.0,0.0,0.0,-0.004389054299849661,0.001470961291275642],[0.0,0.0,0.0,0.0,0.0,0.0,0.003279464229781444,-0.0014687994130149222]]}