{"din_name":"flux_level01643.json","din_kind":"RELATIVE","din_start":600.0000001003598,"din_end":660.0000020383872,"din_rules":["Interventions","r1","r1_rev","r2","r3","r4","r5","r6"],"din_hits":[0,59703,59688,2196,1732736,1730539,115859,115861],"din_fluxs":[[0.0,0.0,0.0,0.0,0.0,0.0,0.0,0.0],[0.0,-0.001091460988638415,0.090880665382676,0.14987055485622058,0.0,-0.0020289909629231276,0.0,0.0],[0.0,0.0010926549394956997,-0.08142995629797693,-0.15439842396133865,0.0,0.0026049149311337867,0.0,0.0],[0.0,0.0,0.0,-0.3035106687730315,0.0064758459366667,0.0,0.006649160425410745,0.0],[0.0,0.0,0.0,0.0020125480038656286,-0.00644409825413675,0.005887252433825823,-0.006443143367687314,0.0],[0.0,0.0,0.0,0.0,0.006486051778147371,-0.005879649253120534,0.006612752367897425,0.0],[0.0,0.0,0.0,0.0,0.0,0.0,-0.003368381996691002,0.03373785824588751],[0.0,0.0,0.0,0.0,0.0,0.0,0.0014902899795609871,-0.032599091884709025]]}