{"din_name":"flux_level11700.json","din_kind":"RELATIVE","din_start":600.0000022109908,"din_end":660.0000237663847,"din_rules":["Interventions","r1","r1_rev","r2","r3","r4","r5","r6"],"din_hits":[0,25961,25939,8294,941963,933669,1437437,1437448],"din_fluxs":[[0.0,0.0,0.0,0.0,0.0,0.0,0.0,0.0],[0.0,-0.0010988008509185355,0.055639143702920085,0.05843927518923582,0.0,-0.0020894347836326287,0.0,0.0],[0.0,0.0011000172912679674,-0.051694951161288145,-0.09725106756742195,0.0,0.004392439490513164,0.0,0.0],[0.0,0.0,0.0,-0.3320195007516133,0.002652248910976589,0.0,0.004615998494117552,0.0],[0.0,0.0,0.0,0.0061393262430578105,-0.002645682163729924,0.017026492859263595,-0.0026437046667050932,0.0],[0.0,0.0,0.0,0.0,0.002652707020812554,-0.016948833751590345,0.0036197324943858787,0.0],[0.0,0.0,0.0,0.0,0.0,0.0,-0.0032722378558861617,0.001793572897341144],[0.0,0.0,0.0,0.0,0.0,0.0,0.002646723022595776,-0.0017903592058551125]]}