{"din_name":"flux_level02073.json","din_kind":"RELATIVE","din_start":600.0000309846273,"din_end":660.0000026227442,"din_rules":["Interventions","r1","r1_rev","r2","r3","r4","r5","r6"],"din_hits":[0,8993,8951,8879,444978,436107,1513303,1513313],"din_fluxs":[[0.0,0.0,0.0,0.0,0.0,0.0,0.0,0.0],[0.0,-0.0011175738458936153,0.028613633667666644,0.03495069160682222,0.0,-0.0020699229443659766,0.0,0.0],[0.0,0.0011189059431316252,-0.0270240137007017,-0.0529905609717482,0.0,0.00349167828634135,0.0,0.0],[0.0,0.0,0.0,-0.16058113337757565,0.0032408221971187666,0.0,0.005216322766315576,0.0],[0.0,0.0,0.0,0.004296774913865155,-0.00323127788993413,0.010985815328512087,-0.003233281749613046,0.0],[0.0,0.0,0.0,0.0,0.0032417777377233576,-0.011113700372493585,0.004824013593808971,0.0],[0.0,0.0,0.0,0.0,0.0,0.0,-0.002794671789030886,0.0032037406075527946],[0.0,0.0,0.0,0.0,0.0,0.0,0.0023376528978625763,-0.0031934861490021385]]}