{"din_name":"flux_level05865.json","din_kind":"RELATIVE","din_start":600.0000008784058,"din_end":660.0000022245775,"din_rules":["Interventions","r1","r1_rev","r2","r3","r4","r5","r6"],"din_hits":[0,80985,80966,17638,2365585,2347935,1453290,1453311],"din_fluxs":[[0.0,0.0,0.0,0.0,0.0,0.0,0.0,0.0],[0.0,-0.0010970975920506373,0.06115811062842367,0.06477000052156794,0.0,-0.002038798629977377,0.0,0.0],[0.0,0.0010983046582084257,-0.05655256325945293,-0.10571582308408199,0.0,0.004457896999949296,0.0,0.0],[0.0,0.0,0.0,-0.37402303885915594,0.0025883890569255723,0.0,0.0029764189751532505,0.0],[0.0,0.0,0.0,0.0071405090487068066,-0.0025825646897468186,0.01838505508285949,-0.002582894596111818,0.0],[0.0,0.0,0.0,0.0,0.0025892604131241494,-0.018265803358676322,0.0027860910500849424,0.0],[0.0,0.0,0.0,0.0,0.0,0.0,-0.0017374449548347006,0.004122327107287325],[0.0,0.0,0.0,0.0,0.0,0.0,0.0014206123733948972,-0.004105352021892794]]}