{"din_name":"flux_level02181.json","din_kind":"RELATIVE","din_start":600.0000129514464,"din_end":660.0000053536227,"din_rules":["Interventions","r1","r1_rev","r2","r3","r4","r5","r6"],"din_hits":[0,394187,394120,147742,2582558,2434809,329539,329533],"din_fluxs":[[0.0,0.0,0.0,0.0,0.0,0.0,0.0,0.0],[0.0,-0.0011569761223491721,0.014331331056101076,0.02086628384379308,0.0,-0.0021506430366108977,0.0,0.0],[0.0,0.0011583237241183102,-0.013891923880544865,-0.02711234260428442,0.0,0.003086762424148568,0.0,0.0],[0.0,0.0,0.0,-0.16569994018395412,0.002580490499638549,0.0,0.0027251801278719576,0.0],[0.0,0.0,0.0,0.01250919911162621,-0.0025739633606373007,0.018836743262364012,-0.0025717476822132513,0.0],[0.0,0.0,0.0,0.0,0.0025806150039220403,-0.019733778317002647,0.0026760358791225554,0.0],[0.0,0.0,0.0,0.0,0.0,0.0,-0.0033675399905920065,0.0016294973210453892],[0.0,0.0,0.0,0.0,0.0,0.0,0.0026349410305680485,-0.0016268460389275]]}