{"din_name":"flux_level01571.json","din_kind":"RELATIVE","din_start":600.0000176550668,"din_end":660.0000206697716,"din_rules":["Interventions","r1","r1_rev","r2","r3","r4","r5","r6"],"din_hits":[0,167247,167199,41898,1492034,1450106,48673,48673],"din_fluxs":[[0.0,0.0,0.0,0.0,0.0,0.0,0.0,0.0],[0.0,-0.0011343484360302487,0.019877751961846248,0.028894821090421317,0.0,-0.0020961698168033708,0.0,0.0],[0.0,0.0011356456067500575,-0.0191569926627481,-0.03775746891248284,0.0,0.0029323641995483408,0.0,0.0],[0.0,0.0,0.0,-0.11986801813298832,0.0036102841148921054,0.0,0.009256690146248043,0.0],[0.0,0.0,0.0,0.005065065279616062,-0.003596100034905495,0.009384820125190246,-0.0035972024564420104,0.0],[0.0,0.0,0.0,0.0,0.0036090567258331486,-0.009657708814495217,0.007143869480899345,0.0],[0.0,0.0,0.0,0.0,0.0,0.0,-0.11468356357021683,0.001020236448543837],[0.0,0.0,0.0,0.0,0.0,0.0,0.07843850137739589,-0.0010191966074277524]]}