{"din_name":"flux_level04632.json","din_kind":"RELATIVE","din_start":600.0000027096215,"din_end":660.0000533937656,"din_rules":["Interventions","r1","r1_rev","r2","r3","r4","r5","r6"],"din_hits":[0,70968,70951,7037,707333,700309,1154652,1154651],"din_fluxs":[[0.0,0.0,0.0,0.0,0.0,0.0,0.0,0.0],[0.0,-0.0011045963906510768,0.04277472935125875,0.05328733667495878,0.0,-0.0020417621356576096,0.0,0.0],[0.0,0.0011058220949781608,-0.04029399479743864,-0.07627875666572105,0.0,0.003682559262526126,0.0,0.0],[0.0,0.0,0.0,-0.3218782292866912,0.002620545772450734,0.0,0.004914263030069113,0.0],[0.0,0.0,0.0,0.008947503300132005,-0.002614547312114735,0.017617487277572112,-0.0026089815984966444,0.0],[0.0,0.0,0.0,0.0,0.0026214119325339937,-0.01764284347407487,0.004090726950152747,0.0],[0.0,0.0,0.0,0.0,0.0,0.0,-0.00465511001431788,0.0014696080193588468],[0.0,0.0,0.0,0.0,0.0,0.0,0.003775382470263482,-0.0014674503743412936]]}