{"din_name":"flux_level00860.json","din_kind":"RELATIVE","din_start":600.0000011471077,"din_end":660.0000043469562,"din_rules":["Interventions","r1","r1_rev","r2","r3","r4","r5","r6"],"din_hits":[0,49010,48997,9421,2663224,2653795,1821380,1821362],"din_fluxs":[[0.0,0.0,0.0,0.0,0.0,0.0,0.0,0.0],[0.0,-0.0010898019083293007,0.10838957900623786,0.1092146677219498,0.0,-0.0020090146386486213,0.0,0.0],[0.0,0.0010909921393288868,-0.09398438215445171,-0.1673569953436513,0.0,0.0050762452467277095,0.0,0.0],[0.0,0.0,0.0,-0.49679519198122307,0.0025503043286038457,0.0,0.0035372204534705083,0.0],[0.0,0.0,0.0,0.0070462465274231416,-0.0025448959959378614,0.019254592087188833,-0.0025445751530560556,0.0],[0.0,0.0,0.0,0.0,0.0025513950061720803,-0.019009927955049143,0.0029159235003096114,0.0],[0.0,0.0,0.0,0.0,0.0,0.0,-0.002757610010981161,0.001912394639388463],[0.0,0.0,0.0,0.0,0.0,0.0,0.00223485650052453,-0.0019087401920764846]]}