{"din_name":"flux_level03575.json","din_kind":"RELATIVE","din_start":600.000001419435,"din_end":660.000020057316,"din_rules":["Interventions","r1","r1_rev","r2","r3","r4","r5","r6"],"din_hits":[0,248942,248878,70755,1996580,1925800,1483548,1483583],"din_fluxs":[[0.0,0.0,0.0,0.0,0.0,0.0,0.0,0.0],[0.0,-0.0011406487648996577,0.017911830118933242,0.025922970152561283,0.0,-0.0021215609696233926,0.0,0.0],[0.0,0.0011419587591465045,-0.017299834351597893,-0.034086438398521546,0.0,0.0029963504713077732,0.0,0.0],[0.0,0.0,0.0,-0.12539000129956576,0.003225571686656466,0.0,0.004273261578167319,0.0],[0.0,0.0,0.0,0.006337430247745625,-0.00321479049641284,0.0110508226872043,-0.0032135608404407707,0.0],[0.0,0.0,0.0,0.0,0.003225151877985655,-0.011437012432037819,0.0039790348560980945,0.0],[0.0,0.0,0.0,0.0,0.0,0.0,-0.0032172305987037742,0.0022015000934090235],[0.0,0.0,0.0,0.0,0.0,0.0,0.0022063395585018605,-0.002196658870992393]]}