{"din_name":"flux_level05855.json","din_kind":"RELATIVE","din_start":600.0000100754102,"din_end":660.00000406101,"din_rules":["Interventions","r1","r1_rev","r2","r3","r4","r5","r6"],"din_hits":[0,47452,47441,782,700132,699338,1847097,1847097],"din_fluxs":[[0.0,0.0,0.0,0.0,0.0,0.0,0.0,0.0],[0.0,-0.0010896664752515477,0.11161883872210718,0.18761288604633172,0.0,-0.002010218457114654,0.0,0.0],[0.0,0.0010908564581063244,-0.09523496566679571,-0.17334045141148083,0.0,0.0028365780426654217,0.0,0.0],[0.0,0.0,0.0,-0.438897183762009,0.0036362962905742246,0.0,0.005646619583477433,0.0],[0.0,0.0,0.0,0.006149989486446984,-0.0036202435873132306,0.009051056773618966,-0.003621111512512495,0.0],[0.0,0.0,0.0,0.0,0.003633408787039866,-0.009034391539669537,0.005500493079487854,0.0],[0.0,0.0,0.0,0.0,0.0,0.0,-0.003225077028567117,0.003237484981479634],[0.0,0.0,0.0,0.0,0.0,0.0,0.0025316674523708166,-0.0032270148320268574]]}