{"din_name":"flux_level01587.json","din_kind":"RELATIVE","din_start":600.0000153574492,"din_end":660.0000033014534,"din_rules":["Interventions","r1","r1_rev","r2","r3","r4","r5","r6"],"din_hits":[0,59172,59160,6085,1377666,1371581,1178300,1178298],"din_fluxs":[[0.0,0.0,0.0,0.0,0.0,0.0,0.0,0.0],[0.0,-0.001093832464748846,0.07562078015775428,0.08962855697318232,0.0,-0.00202685179394635,0.0,0.0],[0.0,0.0010950321433389578,-0.0688429073148514,-0.12608449006759198,0.0,0.004133281376918814,0.0,0.0],[0.0,0.0,0.0,-0.42314465137496887,0.0026602575776450386,0.0,0.0033871530521956414,0.0],[0.0,0.0,0.0,0.0072934581528124945,-0.002653660641977936,0.016710003143639077,-0.002653699050679944,0.0],[0.0,0.0,0.0,0.0,0.002660726020728117,-0.01659417646490475,0.0030532416162555496,0.0],[0.0,0.0,0.0,0.0,0.0,0.0,-0.0022423286376514937,0.002594567495559578],[0.0,0.0,0.0,0.0,0.0,0.0,0.0017902757414726752,-0.002587842385140973]]}