{"din_name":"flux_level05081.json","din_kind":"RELATIVE","din_start":600.0000044235505,"din_end":660.0000102361281,"din_rules":["Interventions","r1","r1_rev","r2","r3","r4","r5","r6"],"din_hits":[0,2714327,2713853,670343,1011542,341202,1427110,1427080],"din_fluxs":[[0.0,0.0,0.0,0.0,0.0,0.0,0.0,0.0],[0.0,-0.0021131810388325444,0.002008713529063008,0.0066134820942687,0.0,-0.004047403177865463,0.0,0.0],[0.0,0.002117779247348781,-0.0019698892355280474,-0.003909648979247249,0.0,0.0024962568260887903,0.0,0.0],[0.0,0.0,0.0,-0.052968763896917764,0.002478465440295975,0.0,0.0029343892979019665,0.0],[0.0,0.0,0.0,0.029869861870197675,-0.002472373619746022,0.016017794980555715,-0.002473745119884628,0.0],[0.0,0.0,0.0,0.0,0.0024785768104248446,-0.03350392460008906,0.003055319755133526,0.0],[0.0,0.0,0.0,0.0,0.0,0.0,-0.002308679281694867,0.002264331446599334],[0.0,0.0,0.0,0.0,0.0,0.0,0.001965326849779676,-0.0022592092152307515]]}