{"din_name":"flux_level07371.json","din_kind":"RELATIVE","din_start":600.0000020387223,"din_end":660.0000347018075,"din_rules":["Interventions","r1","r1_rev","r2","r3","r4","r5","r6"],"din_hits":[0,16341,16334,6870,1381566,1374690,1727650,1727662],"din_fluxs":[[0.0,0.0,0.0,0.0,0.0,0.0,0.0,0.0],[0.0,-0.0010933517789183853,0.07809543328070548,0.079402286524833,0.0,-0.002037283678406491,0.0,0.0],[0.0,0.0010945533853948268,-0.07085879993660499,-0.13305819886225764,0.0,0.00450817394252987,0.0,0.0],[0.0,0.0,0.0,-0.35203068632474527,0.002861676774937835,0.0,0.004436978624760293,0.0],[0.0,0.0,0.0,0.0038877945437886343,-0.002854309657554629,0.013792500774484177,-0.002851235267754482,0.0],[0.0,0.0,0.0,0.0,0.0028624883616587067,-0.013700052254588974,0.003616270088046615,0.0],[0.0,0.0,0.0,0.0,0.0,0.0,-0.002661077944655195,0.0023855480997734524],[0.0,0.0,0.0,0.0,0.0,0.0,0.0020635090244727197,-0.002379862911817789]]}