{"din_name":"flux_level01894.json","din_kind":"RELATIVE","din_start":600.0000185923143,"din_end":660.0000015148872,"din_rules":["Interventions","r1","r1_rev","r2","r3","r4","r5","r6"],"din_hits":[0,368111,368032,148781,2049650,1900875,1463284,1463335],"din_fluxs":[[0.0,0.0,0.0,0.0,0.0,0.0,0.0,0.0],[0.0,-0.0011761253650754977,0.011682962356901591,0.01827002919853747,0.0,-0.0021823986148417516,0.0,0.0],[0.0,0.001177522371064746,-0.01135079275137202,-0.022289724490729503,0.0,0.002874544773126554,0.0,0.0],[0.0,0.0,0.0,-0.12777619910434826,0.0027210728628606915,0.0,0.0033883539068238202,0.0],[0.0,0.0,0.0,0.011489562765413238,-0.002713768032899265,0.01590171491062467,-0.002716512530669653,0.0],[0.0,0.0,0.0,0.0,0.002721161882528488,-0.01698645497848802,0.003217817943677078,0.0],[0.0,0.0,0.0,0.0,0.0,0.0,-0.003018887295466424,0.0018964795936295814],[0.0,0.0,0.0,0.0,0.0,0.0,0.0023263363300955043,-0.0018928867676570552]]}