{"din_name":"flux_level13611.json","din_kind":"RELATIVE","din_start":600.0000120083076,"din_end":660.0000536651487,"din_rules":["Interventions","r1","r1_rev","r2","r3","r4","r5","r6"],"din_hits":[0,70200,70171,1917,549998,548087,1073613,1073627],"din_fluxs":[[0.0,0.0,0.0,0.0,0.0,0.0,0.0,0.0],[0.0,-0.0011006749479075956,0.052315101826516865,0.08480213624084532,0.0,-0.002040662691531261,0.0,0.0],[0.0,0.001101890825463476,-0.04743709941813645,-0.09156151243424604,0.0,0.0025277432993345288,0.0,0.0],[0.0,0.0,0.0,-0.216225245254432,0.005474296127961453,0.0,0.008695303195522542,0.0],[0.0,0.0,0.0,0.0034962349506990615,-0.00544196489947747,0.006434288838988716,-0.005438724975741447,0.0],[0.0,0.0,0.0,0.0,0.005471815100177194,-0.006476270387244187,0.008400736328109762,0.0],[0.0,0.0,0.0,0.0,0.0,0.0,-0.004705158454557809,0.004434992225236351],[0.0,0.0,0.0,0.0,0.0,0.0,0.0032358118582888943,-0.004415342925971622]]}