{"din_name":"flux_level07933.json","din_kind":"RELATIVE","din_start":600.0000036286389,"din_end":660.0000042746785,"din_rules":["Interventions","r1","r1_rev","r2","r3","r4","r5","r6"],"din_hits":[0,19573,19553,14953,1504209,1489264,1749030,1749068],"din_fluxs":[[0.0,0.0,0.0,0.0,0.0,0.0,0.0,0.0],[0.0,-0.0011004415192559646,0.05160405624552419,0.05219906562862803,0.0,-0.002042051593531284,0.0,0.0],[0.0,0.0011016659107510745,-0.048075093373643636,-0.09129816806180423,0.0,0.0043233362284393565,0.0,0.0],[0.0,0.0,0.0,-0.27760709790406013,0.002802987910642157,0.0,0.003768478156709872,0.0],[0.0,0.0,0.0,0.004608757353210225,-0.00279550345701722,0.014630603014112441,-0.0027938281231255093,0.0],[0.0,0.0,0.0,0.0,0.002803347267833683,-0.014590923464232047,0.0033118651590614023,0.0],[0.0,0.0,0.0,0.0,0.0,0.0,-0.002144065070430213,0.0032029633514979727],[0.0,0.0,0.0,0.0,0.0,0.0,0.0017084691459953994,-0.0031927144719512807]]}