{"din_name":"flux_level13307.json","din_kind":"RELATIVE","din_start":600.0000129893538,"din_end":660.0000019689015,"din_rules":["Interventions","r1","r1_rev","r2","r3","r4","r5","r6"],"din_hits":[0,1100,1086,2786,937988,935199,775575,775571],"din_fluxs":[[0.0,0.0,0.0,0.0,0.0,0.0,0.0,0.0],[0.0,-0.0010969107212721405,0.06314653494209155,0.093482518131486,0.0,-0.0020369815472596185,0.0,0.0],[0.0,0.0010982615270183687,-0.0564324293515985,-0.11060025134328258,0.0,0.00282295140692059,0.0,0.0],[0.0,0.0,0.0,-0.21320166559695924,0.006642900016114079,0.0,0.00971619300530791,0.0],[0.0,0.0,0.0,0.0008610240392455096,-0.0066021963861064795,0.0058833572329087536,-0.006605749165898682,0.0],[0.0,0.0,0.0,0.0,0.006646249520260056,-0.005867154075855706,0.008616807449400021,0.0],[0.0,0.0,0.0,0.0,0.0,0.0,-0.004932468837613515,0.00525263083561619],[0.0,0.0,0.0,0.0,0.0,0.0,0.0025969915887709815,-0.005225061260819274]]}