{"din_name":"flux_level11600.json","din_kind":"RELATIVE","din_start":600.0000132706223,"din_end":660.0000117077467,"din_rules":["Interventions","r1","r1_rev","r2","r3","r4","r5","r6"],"din_hits":[0,56035,56016,24501,2269006,2244506,1347404,1347420],"din_fluxs":[[0.0,0.0,0.0,0.0,0.0,0.0,0.0,0.0],[0.0,-0.0011022792468693206,0.04696759804163431,0.04941697337512718,0.0,-0.0020423171214398734,0.0,0.0],[0.0,0.0011035004301497323,-0.0440577844709886,-0.08485214049685155,0.0,0.004212114089127896,0.0,0.0],[0.0,0.0,0.0,-0.2781583988294953,0.0027599608772396855,0.0,0.004201072391524294,0.0],[0.0,0.0,0.0,0.0054358252353714845,-0.0027528930716545696,0.015220811028058804,-0.002751719882724726,0.0],[0.0,0.0,0.0,0.0,0.0027605015226315234,-0.015205845841030527,0.003314415661414624,0.0],[0.0,0.0,0.0,0.0,0.0,0.0,-0.003764197771006906,0.0016339034601654979],[0.0,0.0,0.0,0.0,0.0,0.0,0.0028402762208824374,-0.0016312362834525267]]}