{"din_name":"flux_level13353.json","din_kind":"RELATIVE","din_start":600.0000115292308,"din_end":660.0000055376819,"din_rules":["Interventions","r1","r1_rev","r2","r3","r4","r5","r6"],"din_hits":[0,29602,29583,66627,4591256,4524611,12668,12692],"din_fluxs":[[0.0,0.0,0.0,0.0,0.0,0.0,0.0,0.0],[0.0,-0.001102689716246756,0.04608291360345098,0.04348854874025902,0.0,-0.0020351150809051364,0.0,0.0],[0.0,0.0011039163589291663,-0.043237629207347035,-0.08192006528129803,0.0,0.004771044792999846,0.0,0.0],[0.0,0.0,0.0,-0.30795803181026954,0.0025368922937806576,0.0,0.0025730437871295197,0.0],[0.0,0.0,0.0,0.007003595936329591,-0.0025311068038257113,0.020009333954499994,-0.0025314385840069036,0.0],[0.0,0.0,0.0,0.0,0.002537541012427424,-0.019915581143543967,0.002567718029675559,0.0],[0.0,0.0,0.0,0.0,0.0,0.0,-0.01042104496133105,0.0011397331135644603],[0.0,0.0,0.0,0.0,0.0,0.0,0.008308774072612045,-0.0011384426693561466]]}