{"din_name":"flux_level06690.json","din_kind":"RELATIVE","din_start":600.0000105048327,"din_end":660.0000038054054,"din_rules":["Interventions","r1","r1_rev","r2","r3","r4","r5","r6"],"din_hits":[0,39536,39528,822,660563,659743,1373335,1373348],"din_fluxs":[[0.0,0.0,0.0,0.0,0.0,0.0,0.0,0.0],[0.0,-0.0010893365446157405,0.11418082105660274,0.1851888604399678,0.0,-0.002024637391970899,0.0,0.0],[0.0,0.00109052588418768,-0.09834152428060131,-0.17475876394601095,0.0,0.003137827974996807,0.0,0.0],[0.0,0.0,0.0,-0.4844419942300981,0.003163716428274293,0.0,0.005687969137510703,0.0],[0.0,0.0,0.0,0.007317264553022742,-0.0031524400522948905,0.011105547815463766,-0.003150909978828472,0.0],[0.0,0.0,0.0,0.0,0.0031624151416479772,-0.01106180002778274,0.005219321890143204,0.0],[0.0,0.0,0.0,0.0,0.0,0.0,-0.0039588356532201645,0.001974850683839264],[0.0,0.0,0.0,0.0,0.0,0.0,0.0029900101586917325,-0.0019709551223150226]]}