{"din_name":"flux_level10090.json","din_kind":"RELATIVE","din_start":600.0000051223085,"din_end":660.0000103165958,"din_rules":["Interventions","r1","r1_rev","r2","r3","r4","r5","r6"],"din_hits":[0,155975,155940,90509,4205756,4115244,151579,151572],"din_fluxs":[[0.0,0.0,0.0,0.0,0.0,0.0,0.0,0.0],[0.0,-0.0011136296956012664,0.03153809003261201,0.03483782823594328,0.0,-0.0020576304064913176,0.0,0.0],[0.0,0.0011148751414848809,-0.0300602767912925,-0.05809498681840095,0.0,0.004056772339066315,0.0,0.0],[0.0,0.0,0.0,-0.2583158330314685,0.0025543545858708215,0.0,0.002957908996449522,0.0],[0.0,0.0,0.0,0.008668640092082822,-0.0025481624151614756,0.019535852665227116,-0.002549726987982782,0.0],[0.0,0.0,0.0,0.0,0.002554681169870376,-0.019646679974323174,0.002691443205206341,0.0],[0.0,0.0,0.0,0.0,0.0,0.0,-0.01371573208365976,0.0011047201262983095],[0.0,0.0,0.0,0.0,0.0,0.0,0.010911327503003925,-0.0011035004743506817]]}