{"din_name":"flux_level03131.json","din_kind":"RELATIVE","din_start":600.0000080903391,"din_end":660.000018206493,"din_rules":["Interventions","r1","r1_rev","r2","r3","r4","r5","r6"],"din_hits":[0,61413,61397,6893,2379814,2372930,676099,676094],"din_fluxs":[[0.0,0.0,0.0,0.0,0.0,0.0,0.0,0.0],[0.0,-0.0010898937444986678,0.10783103548757762,0.12252047844934787,0.0,-0.002036515847912424,0.0,0.0],[0.0,0.001091083776761359,-0.09353546070820142,-0.16645548060498516,0.0,0.004594730934672645,0.0,0.0],[0.0,0.0,0.0,-0.49325857366295495,0.002627073732089457,0.0,0.002944890592942939,0.0],[0.0,0.0,0.0,0.0071188132269363715,-0.0026190927011431066,0.01738003898619897,-0.0026193162167653422,0.0],[0.0,0.0,0.0,0.0,0.002625969676582827,-0.017194924965468227,0.0027611818058684433,0.0],[0.0,0.0,0.0,0.0,0.0,0.0,-0.002121779282046636,0.002672400864725264],[0.0,0.0,0.0,0.0,0.0,0.0,0.0016574748105924841,-0.002665266872253042]]}