{"din_name":"flux_level11708.json","din_kind":"RELATIVE","din_start":600.0000056852925,"din_end":660.000014540987,"din_rules":["Interventions","r1","r1_rev","r2","r3","r4","r5","r6"],"din_hits":[0,27297,27275,54388,3582464,3528081,2102724,2102734],"din_fluxs":[[0.0,0.0,0.0,0.0,0.0,0.0,0.0,0.0],[0.0,-0.001106874946618423,0.039381709695152055,0.04112010003094757,0.0,-0.002050923308330626,0.0,0.0],[0.0,0.001108115384943667,-0.037153469304538556,-0.07178083172450214,0.0,0.0041457819179408235,0.0,0.0],[0.0,0.0,0.0,-0.230542516251571,0.002823193348916257,0.0,0.003878123811372689,0.0],[0.0,0.0,0.0,0.004908140308297275,-0.0028158548630513,0.014449361146724593,-0.002816224698256244,0.0],[0.0,0.0,0.0,0.0,0.0028238196766974207,-0.014475177860861091,0.0032014828206587548,0.0],[0.0,0.0,0.0,0.0,0.0,0.0,-0.0025860374214344696,0.0023167914024803293],[0.0,0.0,0.0,0.0,0.0,0.0,0.0019391557326342752,-0.002311429161589094]]}