{"din_name":"flux_level04731.json","din_kind":"RELATIVE","din_start":600.0000837409427,"din_end":660.0000112188366,"din_rules":["Interventions","r1","r1_rev","r2","r3","r4","r5","r6"],"din_hits":[0,56825,56812,621,537421,536784,157396,157420],"din_fluxs":[[0.0,0.0,0.0,0.0,0.0,0.0,0.0,0.0],[0.0,-0.0010912842218931099,0.09418354543827752,0.1679070607640757,0.0,-0.0020236030777727493,0.0,0.0],[0.0,0.0010924778601740192,-0.0829030986816284,-0.1543480278040222,0.0,0.002496403317110808,0.0,0.0],[0.0,0.0,0.0,-0.35977615338856067,0.004871450236492694,0.0,0.011461878865523367,0.0],[0.0,0.0,0.0,0.004794374909177166,-0.004838871562989895,0.0068914112585338385,-0.004846090522953176,0.0],[0.0,0.0,0.0,0.0,0.004862439127289316,-0.0069008730255982085,0.011043191502455326,0.0],[0.0,0.0,0.0,0.0,0.0,0.0,-0.0349085210272546,0.0011346163608770823],[0.0,0.0,0.0,0.0,0.0,0.0,0.015817764270866633,-0.0011333281431967705]]}