{"din_name":"flux_level00403.json","din_kind":"RELATIVE","din_start":600.0000137006658,"din_end":660.0000087597774,"din_rules":["Interventions","r1","r1_rev","r2","r3","r4","r5","r6"],"din_hits":[0,73479,73447,29294,2442072,2412786,624290,624301],"din_fluxs":[[0.0,0.0,0.0,0.0,0.0,0.0,0.0,0.0],[0.0,-0.00110634456196843,0.04000776248943153,0.04575568382427624,0.0,-0.002053437241452013,0.0,0.0],[0.0,0.0011075749339950404,-0.03779097705006868,-0.07276253413213218,0.0,0.003748433295790422,0.0,0.0],[0.0,0.0,0.0,-0.22280020508646098,0.0030194810911078848,0.0,0.0033284394055351197,0.0],[0.0,0.0,0.0,0.00454514254193118,-0.003010441334935514,0.012392547798946977,-0.003010645681311539,0.0],[0.0,0.0,0.0,0.0,0.0030195376394855484,-0.012437681052128356,0.0031600364471322914,0.0],[0.0,0.0,0.0,0.0,0.0,0.0,-0.0018909035927084734,0.00526668145844899],[0.0,0.0,0.0,0.0,0.0,0.0,0.0013432555331521147,-0.005238976614958255]]}