{"din_name":"flux_level00943.json","din_kind":"RELATIVE","din_start":600.0000040537777,"din_end":660.0000103671183,"din_rules":["Interventions","r1","r1_rev","r2","r3","r4","r5","r6"],"din_hits":[0,85064,85041,35724,3406005,3370280,613141,613164],"din_fluxs":[[0.0,0.0,0.0,0.0,0.0,0.0,0.0,0.0],[0.0,-0.0010995512462407336,0.05351343304790568,0.053311286320478615,0.0,-0.002039934359689018,0.0,0.0],[0.0,0.0011007641383942194,-0.04987582850460728,-0.09326909876165793,0.0,0.004618674563029857,0.0,0.0],[0.0,0.0,0.0,-0.3488156430569444,0.0025406254896217697,0.0,0.0031525904250326174,0.0],[0.0,0.0,0.0,0.007347814148298995,-0.00253463187472929,0.019772760500273247,-0.0025357656189054847,0.0],[0.0,0.0,0.0,0.0,0.0025410792557012986,-0.019652296979005324,0.0027210456763737587,0.0],[0.0,0.0,0.0,0.0,0.0,0.0,-0.004670184740954937,0.0013822652423037187],[0.0,0.0,0.0,0.0,0.0,0.0,0.0037234008932278636,-0.001380357646980124]]}