{"din_name":"flux_level10576.json","din_kind":"RELATIVE","din_start":600.0000189950047,"din_end":660.0000031236474,"din_rules":["Interventions","r1","r1_rev","r2","r3","r4","r5","r6"],"din_hits":[0,133926,133905,15660,2000139,1984484,1251167,1251164],"din_fluxs":[[0.0,0.0,0.0,0.0,0.0,0.0,0.0,0.0],[0.0,-0.0011024920641632542,0.04662117570640769,0.0585909998406881,0.0,-0.0020395595301767686,0.0,0.0],[0.0,0.0011037110091613894,-0.04376247273380666,-0.0837457297504364,0.0,0.003500060620391226,0.0,0.0],[0.0,0.0,0.0,-0.27451242869667036,0.002971365134936045,0.0,0.003749120175467248,0.0],[0.0,0.0,0.0,0.005724606670201923,-0.0029631815816459246,0.012687130903557737,-0.002961675722320284,0.0],[0.0,0.0,0.0,0.0,0.0029719981736075138,-0.01272140311452498,0.00344007035892879,0.0],[0.0,0.0,0.0,0.0,0.0,0.0,-0.0026768938871462207,0.002399320899102829],[0.0,0.0,0.0,0.0,0.0,0.0,0.001936438062665753,-0.002393570156277026]]}