{"din_name":"flux_level08353.json","din_kind":"RELATIVE","din_start":600.0000434820212,"din_end":660.0000006046602,"din_rules":["Interventions","r1","r1_rev","r2","r3","r4","r5","r6"],"din_hits":[0,10695,10688,5984,2276069,2270078,61920,61922],"din_fluxs":[[0.0,0.0,0.0,0.0,0.0,0.0,0.0,0.0],[0.0,-0.001089446221482317,0.11165470551380768,0.1100054668052989,0.0,-0.001995983575362368,0.0,0.0],[0.0,0.0010906392927515927,-0.09749700624631043,-0.18066489437260747,0.0,0.004490888980576854,0.0,0.0],[0.0,0.0,0.0,-0.39371368255031375,0.0030889342907126304,0.0,0.0031177717192135733,0.0],[0.0,0.0,0.0,0.0025017226108703674,-0.003079487061378016,0.011704967381199595,-0.0030794869535330283,0.0],[0.0,0.0,0.0,0.0,0.0030890060606609147,-0.011610884865766453,0.0031007554281392235,0.0],[0.0,0.0,0.0,0.0,0.0,0.0,-0.0015612568876041868,0.09026158936033957],[0.0,0.0,0.0,0.0,0.0,0.0,0.0011332805229721397,-0.08200937710989634]]}