{"din_name":"flux_level00729.json","din_kind":"RELATIVE","din_start":600.0000065022166,"din_end":660.0000018485852,"din_rules":["Interventions","r1","r1_rev","r2","r3","r4","r5","r6"],"din_hits":[0,32298,32262,20446,1085926,1065478,577099,577097],"din_fluxs":[[0.0,0.0,0.0,0.0,0.0,0.0,0.0,0.0],[0.0,-0.001114426747018916,0.030900282197766263,0.03592339262044891,0.0,-0.0020411348974679073,0.0,0.0],[0.0,0.0011156895804970528,-0.02939664352249022,-0.05737997228635741,0.0,0.0036579003397813835,0.0,0.0],[0.0,0.0,0.0,-0.1913566089443219,0.0029700509079431336,0.0,0.0036123993372488205,0.0],[0.0,0.0,0.0,0.005272921853816081,-0.0029624349825363014,0.012870606105994824,-0.0029618200345527803,0.0],[0.0,0.0,0.0,0.0,0.002971264911610073,-0.012995243376182712,0.003287288300802282,0.0],[0.0,0.0,0.0,0.0,0.0,0.0,-0.0022153650657241166,0.0032670364738660706],[0.0,0.0,0.0,0.0,0.0,0.0,0.0016179693263564958,-0.0032563750270764085]]}