{"din_name":"flux_level13422.json","din_kind":"RELATIVE","din_start":600.000005750281,"din_end":660.0000042222164,"din_rules":["Interventions","r1","r1_rev","r2","r3","r4","r5","r6"],"din_hits":[0,43628,43622,5470,2108481,2103028,564267,564266],"din_fluxs":[[0.0,0.0,0.0,0.0,0.0,0.0,0.0,0.0],[0.0,-0.0010915999852447566,0.09018077917190873,0.10928800495475773,0.0,-0.002022502261364346,0.0,0.0],[0.0,0.001092794281100346,-0.08081054718144397,-0.15111739179119865,0.0,0.003707555591709211,0.0,0.0],[0.0,0.0,0.0,-0.35895276243183977,0.0033121249597887186,0.0,0.005117202109461666,0.0],[0.0,0.0,0.0,0.0033857029726482536,-0.0033003574605352183,0.010383150488863178,-0.003296070758474952,0.0],[0.0,0.0,0.0,0.0,0.003311292023802638,-0.010336915939208423,0.004020886072509538,0.0],[0.0,0.0,0.0,0.0,0.0,0.0,-0.006866994966348719,0.0013543931690653502],[0.0,0.0,0.0,0.0,0.0,0.0,0.004306791679184739,-0.0013525606285157137]]}