{"din_name":"flux_level06109.json","din_kind":"RELATIVE","din_start":600.0000043376496,"din_end":660.0000119609811,"din_rules":["Interventions","r1","r1_rev","r2","r3","r4","r5","r6"],"din_hits":[0,2160,2120,76371,3607529,3531133,365609,365601],"din_fluxs":[[0.0,0.0,0.0,0.0,0.0,0.0,0.0,0.0],[0.0,-0.0011111672347921388,0.03528296434364736,0.03729509207712898,0.0,-0.002063155460229341,0.0,0.0],[0.0,0.001112630755995717,-0.032256177384611076,-0.0609775699109799,0.0,0.004098242737907518,0.0,0.0],[0.0,0.0,0.0,-0.23571684429709197,0.0026392212020381295,0.0,0.0027335305325981263,0.0],[0.0,0.0,0.0,0.006710811482329474,-0.00263242113944833,0.017533669889007914,-0.002632408605343534,0.0],[0.0,0.0,0.0,0.0,0.002639375088782101,-0.017597623103118014,0.0026684461946032073,0.0],[0.0,0.0,0.0,0.0,0.0,0.0,-0.00141604723796102,0.014992437353551874],[0.0,0.0,0.0,0.0,0.0,0.0,0.0011204543942212046,-0.014767808488583547]]}