{"din_name":"flux_level00945.json","din_kind":"RELATIVE","din_start":600.0000016256492,"din_end":660.0000024026514,"din_rules":["Interventions","r1","r1_rev","r2","r3","r4","r5","r6"],"din_hits":[0,85148,85125,9848,1197728,1187879,1008294,1008317],"din_fluxs":[[0.0,0.0,0.0,0.0,0.0,0.0,0.0,0.0],[0.0,-0.0010998666054263329,0.052750948242874664,0.06217733518476643,0.0,-0.0020489246172363217,0.0,0.0],[0.0,0.0011010802763578562,-0.04919401466027006,-0.09137064402127745,0.0,0.004073371229226855,0.0,0.0],[0.0,0.0,0.0,-0.3803955752998065,0.002537782906672719,0.0,0.0033421580544615082,0.0],[0.0,0.0,0.0,0.009377278703295217,-0.002531819928709388,0.019728050548765953,-0.00253006447127914,0.0],[0.0,0.0,0.0,0.0,0.002538252116230502,-0.019641868770366527,0.002984292543644649,0.0],[0.0,0.0,0.0,0.0,0.0,0.0,-0.002848286610127295,0.0018596033939828566],[0.0,0.0,0.0,0.0,0.0,0.0,0.002326523303779867,-0.0018561500441164353]]}