{"din_name":"flux_level11082.json","din_kind":"RELATIVE","din_start":600.0000148304042,"din_end":660.0000059130773,"din_rules":["Interventions","r1","r1_rev","r2","r3","r4","r5","r6"],"din_hits":[0,1177550,1176931,384741,490878,106166,156243,156242],"din_fluxs":[[0.0,0.0,0.0,0.0,0.0,0.0,0.0,0.0],[0.0,-0.002575416499143182,0.0017052907815957258,0.005945636768792853,0.0,-0.0049734905209694175,0.0,0.0],[0.0,0.002582570485725341,-0.0016696853682428758,-0.003330544163808496,0.0,0.0028917598779394163,0.0,0.0],[0.0,0.0,0.0,-0.039887370987893446,0.002550137875685609,0.0,0.0026443131584293856,0.0],[0.0,0.0,0.0,0.026335456052684832,-0.002543729148269651,0.012824521365844142,-0.0025413844574326597,0.0],[0.0,0.0,0.0,0.0,0.002550528336182689,-0.034104169501362705,0.0026699402501798816,0.0],[0.0,0.0,0.0,0.0,0.0,0.0,-0.0016632600014324533,0.004396142459343387],[0.0,0.0,0.0,0.0,0.0,0.0,0.0013491536875197465,-0.004376834051427373]]}