{"din_name":"flux_level07793.json","din_kind":"RELATIVE","din_start":600.000010261483,"din_end":660.000008416418,"din_rules":["Interventions","r1","r1_rev","r2","r3","r4","r5","r6"],"din_hits":[0,45041,45006,58151,3069039,3010893,977412,977408],"din_fluxs":[[0.0,0.0,0.0,0.0,0.0,0.0,0.0,0.0],[0.0,-0.0011145709329633618,0.030748864525427962,0.035669927762243696,0.0,-0.0020719860587494598,0.0,0.0],[0.0,0.0011158287137103017,-0.029281522190771275,-0.05705855682167617,0.0,0.00366879211296997,0.0,0.0],[0.0,0.0,0.0,-0.1766721076498617,0.0030934167666114643,0.0,0.004678973931023014,0.0],[0.0,0.0,0.0,0.004469403376926872,-0.003083875769728821,0.011918316193428816,-0.00308437888630038,0.0],[0.0,0.0,0.0,0.0,0.003093421904226716,-0.012025734277984602,0.0036151023337229297,0.0],[0.0,0.0,0.0,0.0,0.0,0.0,-0.004978189565372936,0.0014947149360004317],[0.0,0.0,0.0,0.0,0.0,0.0,0.0033400919566580044,-0.0014924828943044756]]}