{"din_name":"flux_level02653.json","din_kind":"RELATIVE","din_start":600.000009476881,"din_end":660.0000227702952,"din_rules":["Interventions","r1","r1_rev","r2","r3","r4","r5","r6"],"din_hits":[0,36391,36384,10154,2870725,2860579,1027460,1027443],"din_fluxs":[[0.0,0.0,0.0,0.0,0.0,0.0,0.0,0.0],[0.0,-0.001089903493597682,0.10744699321716089,0.10237453334387615,0.0,-0.0020215185950197916,0.0,0.0],[0.0,0.0010910942101941172,-0.09321842033140523,-0.168499744796732,0.0,0.0050486274217890394,0.0,0.0],[0.0,0.0,0.0,-0.45923616247699767,0.0026469335962770813,0.0,0.003787737174767271,0.0],[0.0,0.0,0.0,0.005304583803888568,-0.0026400098601471133,0.01699932620022163,-0.00264080943093419,0.0],[0.0,0.0,0.0,0.0,0.0026470007839829255,-0.016809890079202618,0.0029792099236617513,0.0],[0.0,0.0,0.0,0.0,0.0,0.0,-0.003947911165213355,0.0015291482783764735],[0.0,0.0,0.0,0.0,0.0,0.0,0.0030505027513008493,-0.0015268127189481627]]}