{"din_name":"flux_level04243.json","din_kind":"RELATIVE","din_start":600.0000113872796,"din_end":660.0000032243547,"din_rules":["Interventions","r1","r1_rev","r2","r3","r4","r5","r6"],"din_hits":[0,197668,197617,97414,3423862,3326441,462834,462850],"din_fluxs":[[0.0,0.0,0.0,0.0,0.0,0.0,0.0,0.0],[0.0,-0.0011232533158514707,0.024720214916911617,0.02995013483053906,0.0,-0.0020929169214865566,0.0,0.0],[0.0,0.001124521196711517,-0.023718100721894453,-0.04597944653712733,0.0,0.0036655888312983253,0.0,0.0],[0.0,0.0,0.0,-0.21263595311633648,0.002622382630405859,0.0,0.002731443278083872,0.0],[0.0,0.0,0.0,0.008855150516370305,-0.0026157340778692442,0.017860578651735265,-0.002615088518943641,0.0],[0.0,0.0,0.0,0.0,0.0026226028498244403,-0.018141416907616705,0.002671749533008548,0.0],[0.0,0.0,0.0,0.0,0.0,0.0,-0.0016749825090779998,0.004662613798355543],[0.0,0.0,0.0,0.0,0.0,0.0,0.0013045043426248156,-0.004640899346079643]]}