{"din_name":"flux_level12960.json","din_kind":"RELATIVE","din_start":600.0000081246959,"din_end":660.0000243135273,"din_rules":["Interventions","r1","r1_rev","r2","r3","r4","r5","r6"],"din_hits":[0,37592,37576,11501,3221758,3210242,1212218,1212215],"din_fluxs":[[0.0,0.0,0.0,0.0,0.0,0.0,0.0,0.0],[0.0,-0.0010923970552790393,0.08423033536755209,0.08992676667868742,0.0,-0.0020213335331399815,0.0,0.0],[0.0,0.0010935941723317656,-0.07595921195983318,-0.14382377229562626,0.0,0.004114088344214901,0.0,0.0],[0.0,0.0,0.0,-0.33891166455631555,0.003158770558753742,0.0,0.00398241354737663,0.0],[0.0,0.0,0.0,0.0029987591483170402,-0.0031482397730583146,0.011268082559963465,-0.0031474717022394343,0.0],[0.0,0.0,0.0,0.0,0.0031581873584395305,-0.011205717602887652,0.0034636898279162207,0.0],[0.0,0.0,0.0,0.0,0.0,0.0,-0.002502365153987996,0.002882953561057683],[0.0,0.0,0.0,0.0,0.0,0.0,0.001698942090093634,-0.0028746498731094536]]}