{"din_name":"flux_level08919.json","din_kind":"RELATIVE","din_start":600.0000136827583,"din_end":660.0000005722558,"din_rules":["Interventions","r1","r1_rev","r2","r3","r4","r5","r6"],"din_hits":[0,56665,56655,11411,3379333,3367928,1372847,1372852],"din_fluxs":[[0.0,0.0,0.0,0.0,0.0,0.0,0.0,0.0],[0.0,-0.0010898821688400527,0.10913401666675611,0.10834537165927857,0.0,-0.0020076478070687664,0.0,0.0],[0.0,0.0010910724397168595,-0.09334439204913463,-0.16808667780799222,0.0,0.004980409895934453,0.0,0.0],[0.0,0.0,0.0,-0.47762336588350435,0.0026089200911406226,0.0,0.003300507108399145,0.0],[0.0,0.0,0.0,0.006159805939796579,-0.0026030350520164394,0.01778067734640124,-0.0026043888941922767,0.0],[0.0,0.0,0.0,0.0,0.0026098338610164224,-0.017575514277521645,0.0028437890143928153,0.0],[0.0,0.0,0.0,0.0,0.0,0.0,-0.0026239614387178153,0.002031134488504413],[0.0,0.0,0.0,0.0,0.0,0.0,0.0020638734808489058,-0.002027012955619157]]}