{"din_name":"flux_level08120.json","din_kind":"RELATIVE","din_start":600.0000093513796,"din_end":660.0000188432889,"din_rules":["Interventions","r1","r1_rev","r2","r3","r4","r5","r6"],"din_hits":[0,26529,26522,5936,1640475,1634526,1634856,1634837],"din_fluxs":[[0.0,0.0,0.0,0.0,0.0,0.0,0.0,0.0],[0.0,-0.001090519115771746,0.0993157077091576,0.10013095852922571,0.0,-0.0020432855819003067,0.0,0.0],[0.0,0.0010917119051648129,-0.08809235928809044,-0.16060584471428294,0.0,0.004810515606681747,0.0,0.0],[0.0,0.0,0.0,-0.4464251327572723,0.002679507927067509,0.0,0.003990141742864766,0.0],[0.0,0.0,0.0,0.00539213065035953,-0.002673572484611347,0.016345353395747383,-0.0026738769994671375,0.0],[0.0,0.0,0.0,0.0,0.0026807471668891954,-0.01618267603658653,0.003247204592429245,0.0],[0.0,0.0,0.0,0.0,0.0,0.0,-0.0026969362326637043,0.002099563594912824],[0.0,0.0,0.0,0.0,0.0,0.0,0.002137961868595189,-0.002095159980989404]]}