{"din_name":"flux_level06573.json","din_kind":"RELATIVE","din_start":600.0000028457042,"din_end":660.0000417257418,"din_rules":["Interventions","r1","r1_rev","r2","r3","r4","r5","r6"],"din_hits":[0,59118,59108,2079,858485,856393,1752323,1752325],"din_fluxs":[[0.0,0.0,0.0,0.0,0.0,0.0,0.0,0.0],[0.0,-0.0010919322904409175,0.08759252212367974,0.1276506774920463,0.0,-0.002018145261354267,0.0,0.0],[0.0,0.001093127344846993,-0.07871468391192871,-0.14002813360059133,0.0,0.003556136405231063,0.0,0.0],[0.0,0.0,0.0,-0.47727921510770993,0.0027427170610310365,0.0,0.003917416666825869,0.0],[0.0,0.0,0.0,0.009033320665652324,-0.0027328389046128616,0.015236440546224183,-0.002730892948151585,0.0],[0.0,0.0,0.0,0.0,0.002740325871578402,-0.015145731153118534,0.003593751054425838,0.0],[0.0,0.0,0.0,0.0,0.0,0.0,-0.0023839691655533537,0.002647217154240461],[0.0,0.0,0.0,0.0,0.0,0.0,0.001972269572573658,-0.0026402165752664147]]}