{"din_name":"flux_level02795.json","din_kind":"RELATIVE","din_start":600.0000241728636,"din_end":660.0000076963324,"din_rules":["Interventions","r1","r1_rev","r2","r3","r4","r5","r6"],"din_hits":[0,30560,30551,871,1110075,1109201,141106,141096],"din_fluxs":[[0.0,0.0,0.0,0.0,0.0,0.0,0.0,0.0],[0.0,-0.001089146410277622,0.11898376576842104,0.19958723935277692,0.0,-0.0020155230694445386,0.0,0.0],[0.0,0.0010903357568869928,-0.09962759045417507,-0.18720640103827527,0.0,0.002470859887956878,0.0,0.0],[0.0,0.0,0.0,-0.34257456729368435,0.00851663898976769,0.0,0.008922753786664198,0.0],[0.0,0.0,0.0,0.0016519463277353487,-0.008411091003107338,0.005314288253845107,-0.008409274269421356,0.0],[0.0,0.0,0.0,0.0,0.008482785848484463,-0.005302610496331876,0.00883000428817261,0.0],[0.0,0.0,0.0,0.0,0.0,0.0,-0.004522887238110774,0.02485294156054839],[0.0,0.0,0.0,0.0,0.0,0.0,0.0018306656566726093,-0.024235444519583236]]}