{"din_name":"flux_level10301.json","din_kind":"RELATIVE","din_start":600.0000309681102,"din_end":660.0000079510671,"din_rules":["Interventions","r1","r1_rev","r2","r3","r4","r5","r6"],"din_hits":[0,105580,105555,10119,1283255,1273135,1708791,1708794],"din_fluxs":[[0.0,0.0,0.0,0.0,0.0,0.0,0.0,0.0],[0.0,-0.001100385009756425,0.05142978187133249,0.06257654686377566,0.0,-0.0020462036986837987,0.0,0.0],[0.0,0.001101599378157071,-0.04803882215601969,-0.08910863872471697,0.0,0.003865055759336244,0.0,0.0],[0.0,0.0,0.0,-0.3671165508795774,0.002578844574686959,0.0,0.0036274566193502085,0.0],[0.0,0.0,0.0,0.009143947907343696,-0.0025729985616380997,0.018572264769016213,-0.002570907173559936,0.0],[0.0,0.0,0.0,0.0,0.0025796444120613294,-0.018520063902647366,0.0032387193438691273,0.0],[0.0,0.0,0.0,0.0,0.0,0.0,-0.0027339353693407852,0.001995238442445476],[0.0,0.0,0.0,0.0,0.0,0.0,0.0022461854672715547,-0.001991261447662418]]}