{"din_name":"flux_level00976.json","din_kind":"RELATIVE","din_start":600.000006562285,"din_end":660.0000114530055,"din_rules":["Interventions","r1","r1_rev","r2","r3","r4","r5","r6"],"din_hits":[0,101855,101832,16945,2368518,2351586,894974,894958],"din_fluxs":[[0.0,0.0,0.0,0.0,0.0,0.0,0.0,0.0],[0.0,-0.0011051014855578986,0.04250947578570685,0.05844669234335772,0.0,-0.0020444791138322974,0.0,0.0],[0.0,0.001106327479997069,-0.039490309216834975,-0.07681774618130534,0.0,0.0030086045075147084,0.0,0.0],[0.0,0.0,0.0,-0.18627031433047034,0.004293698299508893,0.0,0.0049243118430987295,0.0],[0.0,0.0,0.0,0.002800323273109994,-0.0042765047459513775,0.0077376608382982315,-0.004276577823880929,0.0],[0.0,0.0,0.0,0.0,0.004294907683252655,-0.0077740481888787846,0.004711664013832452,0.0],[0.0,0.0,0.0,0.0,0.0,0.0,-0.002675696471749357,0.006326117570552431],[0.0,0.0,0.0,0.0,0.0,0.0,0.0015847491541371064,-0.006286140560295922]]}