{"din_name":"flux_level12654.json","din_kind":"RELATIVE","din_start":600.0000162576832,"din_end":660.0000090109849,"din_rules":["Interventions","r1","r1_rev","r2","r3","r4","r5","r6"],"din_hits":[0,184521,184490,39745,2371055,2331293,204666,204671],"din_fluxs":[[0.0,0.0,0.0,0.0,0.0,0.0,0.0,0.0],[0.0,-0.0011131962031765915,0.03195476924243609,0.038789857739230105,0.0,-0.002048790813935853,0.0,0.0],[0.0,0.0011144399942988072,-0.03044079324582831,-0.058837400965992215,0.0,0.0035915889871060954,0.0,0.0],[0.0,0.0,0.0,-0.2328565736936878,0.002761215010663708,0.0,0.0028312091877953655,0.0],[0.0,0.0,0.0,0.007252381741400014,-0.002753404224165388,0.015221948980627422,-0.002753963004578683,0.0],[0.0,0.0,0.0,0.0,0.0027610065239468,-0.015363331170801601,0.002798733595467666,0.0],[0.0,0.0,0.0,0.0,0.0,0.0,-0.0016406780237414023,0.00638773729129119],[0.0,0.0,0.0,0.0,0.0,0.0,0.001215563232299864,-0.006346966440354435]]}