{"din_name":"flux_level03007.json","din_kind":"RELATIVE","din_start":600.0000049359054,"din_end":660.000009637273,"din_rules":["Interventions","r1","r1_rev","r2","r3","r4","r5","r6"],"din_hits":[0,3183,3170,17120,3454475,3437364,1309505,1309525],"din_fluxs":[[0.0,0.0,0.0,0.0,0.0,0.0,0.0,0.0],[0.0,-0.0010895305133976905,0.10881001593338492,0.10525676480367963,0.0,-0.002140240894597879,0.0,0.0],[0.0,0.001090737191739776,-0.09525391414153554,-0.1717278435030414,0.0,0.006116277290963552,0.0,0.0],[0.0,0.0,0.0,-0.46052024526347557,0.002525157791535639,0.0,0.0035481921388335136,0.0],[0.0,0.0,0.0,0.005246220259459169,-0.002519875149450598,0.020117880996396394,-0.0025207485640463333,0.0],[0.0,0.0,0.0,0.0,0.0025262482537551497,-0.019819153189214553,0.0026961366558608574,0.0],[0.0,0.0,0.0,0.0,0.0,0.0,-0.0023464857917919702,0.0022051078583628157],[0.0,0.0,0.0,0.0,0.0,0.0,0.001902905167826772,-0.0022002499058589664]]}