{"din_name":"flux_level01154.json","din_kind":"RELATIVE","din_start":600.0000158867874,"din_end":660.0000013999125,"din_rules":["Interventions","r1","r1_rev","r2","r3","r4","r5","r6"],"din_hits":[0,19824,19814,1227,979551,978332,917000,917025],"din_fluxs":[[0.0,0.0,0.0,0.0,0.0,0.0,0.0,0.0],[0.0,-0.001090082837210509,0.10378321753228642,0.15629259020731678,0.0,-0.002028699413050779,0.0,0.0],[0.0,0.001091275731730115,-0.09164677396639917,-0.17157201402568095,0.0,0.0029021918432333565,0.0,0.0],[0.0,0.0,0.0,-0.3417595077733923,0.005036246131108244,0.0,0.008900680285765909,0.0],[0.0,0.0,0.0,0.0020184348082854194,-0.005007359199245651,0.0067671085210938165,-0.005007654396122727,0.0],[0.0,0.0,0.0,0.0,0.005032610527206214,-0.006747330127694669,0.0075925160047893205,0.0],[0.0,0.0,0.0,0.0,0.0,0.0,-0.0056824000885690755,0.0023580583664274393],[0.0,0.0,0.0,0.0,0.0,0.0,0.0030055366581901496,-0.0023525037844831327]]}