{"din_name":"flux_level05962.json","din_kind":"RELATIVE","din_start":600.0000110880244,"din_end":660.0000120869037,"din_rules":["Interventions","r1","r1_rev","r2","r3","r4","r5","r6"],"din_hits":[0,55942,55925,5064,2134798,2129728,636889,636882],"din_fluxs":[[0.0,0.0,0.0,0.0,0.0,0.0,0.0,0.0],[0.0,-0.0010931463620440125,0.07911141294342156,0.10827436478569055,0.0,-0.0020122605567403037,0.0,0.0],[0.0,0.0010943444859181923,-0.07180622335389879,-0.1365556870563392,0.0,0.003145650463195723,0.0,0.0],[0.0,0.0,0.0,-0.30549933397585005,0.004117311837533207,0.0,0.005116481210925341,0.0],[0.0,0.0,0.0,0.0026501924434486996,-0.004098813764036513,0.00797051341550647,-0.004100376945851814,0.0],[0.0,0.0,0.0,0.0,0.0041157038879173794,-0.007955269484572975,0.0046519786841791,0.0],[0.0,0.0,0.0,0.0,0.0,0.0,-0.0037498671995349533,0.0024037204178810737],[0.0,0.0,0.0,0.0,0.0,0.0,0.001995840252577108,-0.002397947633101724]]}