{"din_name":"flux_level13063.json","din_kind":"RELATIVE","din_start":600.0000051539636,"din_end":660.0000032914295,"din_rules":["Interventions","r1","r1_rev","r2","r3","r4","r5","r6"],"din_hits":[0,52622,52612,18350,4195471,4177107,301649,301649],"din_fluxs":[[0.0,0.0,0.0,0.0,0.0,0.0,0.0,0.0],[0.0,-0.0010911916308600506,0.09354395475199807,0.09092513177275197,0.0,-0.0020339909175810535,0.0,0.0],[0.0,0.001092385099700558,-0.08352328007008503,-0.15313957973287712,0.0,0.005017501922572849,0.0,0.0],[0.0,0.0,0.0,-0.4297900996868361,0.002643116658564816,0.0,0.0038363364901428097,0.0],[0.0,0.0,0.0,0.005252230357833408,-0.0026360042113310455,0.017117194985707195,-0.0026331426241840345,0.0],[0.0,0.0,0.0,0.0,0.00264297303303028,-0.016937261335160513,0.002899907271932725,0.0],[0.0,0.0,0.0,0.0,0.0,0.0,-0.013265089286091535,0.001114389191552672],[0.0,0.0,0.0,0.0,0.0,0.0,0.010231567577210846,-0.0011131485645883199]]}