{"din_name":"flux_level01671.json","din_kind":"RELATIVE","din_start":600.0000241064001,"din_end":660.0000356823183,"din_rules":["Interventions","r1","r1_rev","r2","r3","r4","r5","r6"],"din_hits":[0,499502,499380,96901,681174,584249,1207126,1207128],"din_fluxs":[[0.0,0.0,0.0,0.0,0.0,0.0,0.0,0.0],[0.0,-0.0012557889498506984,0.006851785878598263,0.01327573037979281,0.0,-0.002347430052480046,0.0,0.0],[0.0,0.0012573952571724913,-0.006686036259437534,-0.01328928396173296,0.0,0.002447393794586478,0.0,0.0],[0.0,0.0,0.0,-0.06856513971280842,0.0031677941187116462,0.0,0.005108703058996104,0.0],[0.0,0.0,0.0,0.010742041584088516,-0.0031578627208443464,0.011070788143450656,-0.0031613240063829906,0.0],[0.0,0.0,0.0,0.0,0.0031678885992677537,-0.01281748909133792,0.0050741742219765655,0.0],[0.0,0.0,0.0,0.0,0.0,0.0,-0.004050946405138688,0.0019105714420055166],[0.0,0.0,0.0,0.0,0.0,0.0,0.0029977554431815405,-0.0019069248207732954]]}