{"din_name":"flux_level09610.json","din_kind":"RELATIVE","din_start":600.0000019097221,"din_end":660.0000059956839,"din_rules":["Interventions","r1","r1_rev","r2","r3","r4","r5","r6"],"din_hits":[0,14093,14083,13250,2914924,2901676,1818991,1818986],"din_fluxs":[[0.0,0.0,0.0,0.0,0.0,0.0,0.0,0.0],[0.0,-0.0010925884165931326,0.08309925080625384,0.07915521192043358,0.0,-0.002019897946326282,0.0,0.0],[0.0,0.0010937899195547776,-0.07495292367024842,-0.13999054387586388,0.0,0.00454958493126599,0.0,0.0],[0.0,0.0,0.0,-0.3386622868024907,0.0029752483278059497,0.0,0.0039513629048083115,0.0],[0.0,0.0,0.0,0.002909396844863326,-0.00296822344361712,0.012652892595144263,-0.0029688892387513075,0.0],[0.0,0.0,0.0,0.0,0.002977073413328036,-0.012562755226538097,0.0033461003834275964,0.0],[0.0,0.0,0.0,0.0,0.0,0.0,-0.0022269469087127483,0.0032839759182835427],[0.0,0.0,0.0,0.0,0.0,0.0,0.0016417313040783658,-0.0032732028875528106]]}