{"din_name":"flux_level10670.json","din_kind":"RELATIVE","din_start":600.0000154904469,"din_end":660.0000001794792,"din_rules":["Interventions","r1","r1_rev","r2","r3","r4","r5","r6"],"din_hits":[0,14375,14348,55366,3130170,3074799,1235294,1235312],"din_fluxs":[[0.0,0.0,0.0,0.0,0.0,0.0,0.0,0.0],[0.0,-0.0011064042187384894,0.039952312301789465,0.04034209253589061,0.0,-0.0020998756660257326,0.0,0.0],[0.0,0.0011076563226117475,-0.037600380117934075,-0.07236484545268924,0.0,0.00458955804337073,0.0,0.0],[0.0,0.0,0.0,-0.2780969592700854,0.002559193524810648,0.0,0.0029935071813019204,0.0],[0.0,0.0,0.0,0.007187103732728126,-0.0025533894763423077,0.019407977745020774,-0.0025532725720275916,0.0],[0.0,0.0,0.0,0.0,0.002559941143414332,-0.01938438915045767,0.0026926251214010287,0.0],[0.0,0.0,0.0,0.0,0.0,0.0,-0.0017979374376330688,0.0035720308805777872],[0.0,0.0,0.0,0.0,0.0,0.0,0.0014550137294527625,-0.0035592868911979037]]}