{"din_name":"flux_level04646.json","din_kind":"RELATIVE","din_start":600.0000015768286,"din_end":660.0000223044578,"din_rules":["Interventions","r1","r1_rev","r2","r3","r4","r5","r6"],"din_hits":[0,64901,64892,5195,2495959,2490779,1110776,1110784],"din_fluxs":[[0.0,0.0,0.0,0.0,0.0,0.0,0.0,0.0],[0.0,-0.0010902742511161496,0.10360066332637337,0.13079928213129302,0.0,-0.0020279262758640076,0.0,0.0],[0.0,0.0010914652640212558,-0.09028981856631993,-0.16648091689567704,0.0,0.0037185283802438638,0.0,0.0],[0.0,0.0,0.0,-0.41318685278206496,0.0031546928253195663,0.0,0.0036631680857913632,0.0],[0.0,0.0,0.0,0.004363691927959957,-0.003145220151679164,0.011212732861458383,-0.0031454168664714083,0.0],[0.0,0.0,0.0,0.0,0.003155151497238425,-0.011154061418239781,0.003440098676735133,0.0],[0.0,0.0,0.0,0.0,0.0,0.0,-0.0021278602339271863,0.004248382334394598],[0.0,0.0,0.0,0.0,0.0,0.0,0.0014965249509880142,-0.004230349008966361]]}