{"din_name":"flux_level13797.json","din_kind":"RELATIVE","din_start":600.0000070556033,"din_end":660.0000015953109,"din_rules":["Interventions","r1","r1_rev","r2","r3","r4","r5","r6"],"din_hits":[0,105424,105399,12223,2437830,2425588,1940612,1940593],"din_fluxs":[[0.0,0.0,0.0,0.0,0.0,0.0,0.0,0.0],[0.0,-0.0010983243831280691,0.057034884910330166,0.07247915473136275,0.0,-0.0020204734880619785,0.0,0.0],[0.0,0.0010995337240097397,-0.052975047336144714,-0.10102391932314739,0.0,0.0033924526455007447,0.0,0.0],[0.0,0.0,0.0,-0.27378567027702666,0.003352636731584903,0.0,0.004622365319468,0.0],[0.0,0.0,0.0,0.003989094228739821,-0.003341530924369112,0.010230450933310792,-0.0033404832403776323,0.0],[0.0,0.0,0.0,0.0,0.0033527439821852568,-0.010235499825448958,0.004143410580884698,0.0],[0.0,0.0,0.0,0.0,0.0,0.0,-0.0030549543867237116,0.0025018017194279375],[0.0,0.0,0.0,0.0,0.0,0.0,0.0020745409788575416,-0.0024955490374103328]]}