{"din_name":"flux_level03085.json","din_kind":"RELATIVE","din_start":600.0000157372418,"din_end":660.0000030363851,"din_rules":["Interventions","r1","r1_rev","r2","r3","r4","r5","r6"],"din_hits":[0,29819,29783,35552,3015281,2979744,672889,672887],"din_fluxs":[[0.0,0.0,0.0,0.0,0.0,0.0,0.0,0.0],[0.0,-0.0011047019612650632,0.04266575812068614,0.046633817084986956,0.0,-0.0020663366295089057,0.0,0.0],[0.0,0.0011059330052752806,-0.04014061354289255,-0.07736868006328747,0.0,0.003928163760324571,0.0,0.0],[0.0,0.0,0.0,-0.21955054309678035,0.00307274216674481,0.0,0.004925508342763841,0.0],[0.0,0.0,0.0,0.003745772833316867,-0.003062982022159484,0.012007657890385753,-0.0030588115589219186,0.0],[0.0,0.0,0.0,0.0,0.0030723943026667185,-0.012022938246268716,0.0035254707831380676,0.0],[0.0,0.0,0.0,0.0,0.0,0.0,-0.006097038258340263,0.001363077101587161],[0.0,0.0,0.0,0.0,0.0,0.0,0.004078951116207606,-0.0013612209223265949]]}