{"din_name":"flux_level04158.json","din_kind":"RELATIVE","din_start":600.0000127662886,"din_end":660.0000121377003,"din_rules":["Interventions","r1","r1_rev","r2","r3","r4","r5","r6"],"din_hits":[0,5488,5479,15758,4017193,4001445,1513722,1513718],"din_fluxs":[[0.0,0.0,0.0,0.0,0.0,0.0,0.0,0.0],[0.0,-0.0010897580284286454,0.10634101303071535,0.09245776344587785,0.0,-0.002046361984864464,0.0,0.0],[0.0,0.0010909579689500426,-0.09357812438152914,-0.17592180060035786,0.0,0.005478310405373038,0.0,0.0],[0.0,0.0,0.0,-0.40808352201382403,0.002758843044450837,0.0,0.004428493084869851,0.0],[0.0,0.0,0.0,0.003231834963602522,-0.0027514821705593995,0.01512047353647512,-0.002751496595326584,0.0],[0.0,0.0,0.0,0.0,0.0027590780343327197,-0.014956889986327266,0.0030406347514026896,0.0],[0.0,0.0,0.0,0.0,0.0,0.0,-0.002953197742348101,0.001928524311923682],[0.0,0.0,0.0,0.0,0.0,0.0,0.00221308469816966,-0.0019248089529016943]]}