{"din_name":"flux_level07271.json","din_kind":"RELATIVE","din_start":600.0000025044518,"din_end":660.0000016614456,"din_rules":["Interventions","r1","r1_rev","r2","r3","r4","r5","r6"],"din_hits":[0,331690,331603,215280,2799760,2584471,1559967,1559965],"din_fluxs":[[0.0,0.0,0.0,0.0,0.0,0.0,0.0,0.0],[0.0,-0.0011813498791093263,0.011134568666948808,0.017749749626486153,0.0,-0.0021980762424778453,0.0,0.0],[0.0,0.0011827620836673827,-0.010822560209893254,-0.02133101083732159,0.0,0.002803635664516287,0.0,0.0],[0.0,0.0,0.0,-0.10301419439231956,0.0029620825439927445,0.0,0.0034270946961283367,0.0],[0.0,0.0,0.0,0.00931992956788971,-0.002953421986256887,0.012940806685613926,-0.0029554691275487017,0.0],[0.0,0.0,0.0,0.0,0.002962183555807411,-0.013900294948464727,0.0033167820596874797,0.0],[0.0,0.0,0.0,0.0,0.0,0.0,-0.0023437013968592105,0.002907708028069044],[0.0,0.0,0.0,0.0,0.0,0.0,0.0017069379555346498,-0.0028992624287103763]]}