{"din_name":"flux_level10388.json","din_kind":"RELATIVE","din_start":600.0000032097225,"din_end":660.0000110062624,"din_rules":["Interventions","r1","r1_rev","r2","r3","r4","r5","r6"],"din_hits":[0,187357,187324,104919,4665176,4560240,1042272,1042287],"din_fluxs":[[0.0,0.0,0.0,0.0,0.0,0.0,0.0,0.0],[0.0,-0.0011149609264670744,0.030333243872993555,0.034092992588176614,0.0,-0.002076520958520593,0.0,0.0],[0.0,0.0011162089356684893,-0.028944597297094535,-0.05572709150185295,0.0,0.003972934245303256,0.0,0.0],[0.0,0.0,0.0,-0.24885563481343306,0.00256941333870377,0.0,0.0030964228585344603,0.0],[0.0,0.0,0.0,0.008607088432474354,-0.0025631189389893495,0.01913063195648029,-0.0025631206279578566,0.0],[0.0,0.0,0.0,0.0,0.0025697144109570217,-0.019269309620768126,0.0027671153329388216,0.0],[0.0,0.0,0.0,0.0,0.0,0.0,-0.004110720951248817,0.001467206497001611],[0.0,0.0,0.0,0.0,0.0,0.0,0.003245053358723799,-0.0014650557814148506]]}