{"din_name":"flux_level06397.json","din_kind":"RELATIVE","din_start":600.0000097821367,"din_end":660.0000085976708,"din_rules":["Interventions","r1","r1_rev","r2","r3","r4","r5","r6"],"din_hits":[0,31951,31945,1653,889657,888010,1024825,1024818],"din_fluxs":[[0.0,0.0,0.0,0.0,0.0,0.0,0.0,0.0],[0.0,-0.0010892935816795425,0.11845683813025736,0.15568803561332248,0.0,-0.0020445244627570556,0.0,0.0],[0.0,0.0010904829109989434,-0.09903819177094007,-0.1745341590152623,0.0,0.0037646475560934307,0.0,0.0],[0.0,0.0,0.0,-0.48328905726189786,0.0028782407149247342,0.0,0.0038445742767043976,0.0],[0.0,0.0,0.0,0.0066215018933986755,-0.002870926998117931,0.01345057236515365,-0.002873547662274222,0.0],[0.0,0.0,0.0,0.0,0.002879198863890001,-0.013356155193942041,0.0035033136648781175,0.0],[0.0,0.0,0.0,0.0,0.0,0.0,-0.002378471903795538,0.0028120794149932003],[0.0,0.0,0.0,0.0,0.0,0.0,0.001847305202176639,-0.002804180094060641]]}