{"din_name":"flux_level00447.json","din_kind":"RELATIVE","din_start":600.0000063450311,"din_end":660.0000337772547,"din_rules":["Interventions","r1","r1_rev","r2","r3","r4","r5","r6"],"din_hits":[0,20114,20098,2211,775013,772824,825596,825586],"din_fluxs":[[0.0,0.0,0.0,0.0,0.0,0.0,0.0,0.0],[0.0,-0.0010951733258784543,0.06869428616326195,0.09658646237399876,0.0,-0.0020195191680975793,0.0,0.0],[0.0,0.0010963808885479148,-0.06294049369130017,-0.12101005045499987,0.0,0.003015999047769755,0.0,0.0],[0.0,0.0,0.0,-0.2626062818121875,0.004608246524053165,0.0,0.006182354081781761,0.0],[0.0,0.0,0.0,0.00225017978091822,-0.004585035709611646,0.007248955643363112,-0.0045861879110100446,0.0],[0.0,0.0,0.0,0.0,0.004606186087355352,-0.007242655770894887,0.005765163189965527,0.0],[0.0,0.0,0.0,0.0,0.0,0.0,-0.0032373021936651066,0.005264437240836726],[0.0,0.0,0.0,0.0,0.0,0.0,0.0021668542535268477,-0.005236749369166851]]}