{"din_name":"flux_level09730.json","din_kind":"RELATIVE","din_start":600.0000333439049,"din_end":660.0000394951916,"din_rules":["Interventions","r1","r1_rev","r2","r3","r4","r5","r6"],"din_hits":[0,26249,26235,12065,2211693,2199624,374710,374713],"din_fluxs":[[0.0,0.0,0.0,0.0,0.0,0.0,0.0,0.0],[0.0,-0.001094436782842601,0.07226864745567183,0.07283329432705367,0.0,-0.0020295932232121095,0.0,0.0],[0.0,0.0010956406340339251,-0.06602099982463035,-0.12436786398208163,0.0,0.004400055721494538,0.0,0.0],[0.0,0.0,0.0,-0.33073366113239594,0.002907314543859484,0.0,0.003196715207018792,0.0],[0.0,0.0,0.0,0.003757620354001352,-0.002899770000592003,0.013314119629748754,-0.0028990663568010987,0.0],[0.0,0.0,0.0,0.0,0.0029082125762066157,-0.013237457190192294,0.002994807819056042,0.0],[0.0,0.0,0.0,0.0,0.0,0.0,-0.0018139421240515661,0.005215047413235521],[0.0,0.0,0.0,0.0,0.0,0.0,0.0013024119279462074,-0.005187880679077541]]}