{"din_name":"flux_level09622.json","din_kind":"RELATIVE","din_start":600.000007734084,"din_end":660.0000187919801,"din_rules":["Interventions","r1","r1_rev","r2","r3","r4","r5","r6"],"din_hits":[0,166138,166110,7332,557920,550587,720508,720513],"din_fluxs":[[0.0,0.0,0.0,0.0,0.0,0.0,0.0,0.0],[0.0,-0.0011220039978131952,0.025428753766314774,0.043008170378616824,0.0,-0.002085743885443472,0.0,0.0],[0.0,0.0011232692806935408,-0.0243773416665785,-0.04797360295688664,0.0,0.002514212160462607,0.0,0.0],[0.0,0.0,0.0,-0.13188574810656262,0.004771772859546069,0.0,0.006671520850736043,0.0],[0.0,0.0,0.0,0.004563551235626042,-0.004745631712504192,0.0070783840120442676,-0.0047443922653549716,0.0],[0.0,0.0,0.0,0.0,0.004768258892197163,-0.007247293072652784,0.006508617983166339,0.0],[0.0,0.0,0.0,0.0,0.0,0.0,-0.0038012035423499874,0.004113803317690072],[0.0,0.0,0.0,0.0,0.0,0.0,0.0024747502971648972,-0.004096895357344175]]}