{"din_name":"flux_level03102.json","din_kind":"RELATIVE","din_start":600.0000021865333,"din_end":660.0000032037765,"din_rules":["Interventions","r1","r1_rev","r2","r3","r4","r5","r6"],"din_hits":[0,65983,65974,2173,1158740,1156565,1771721,1771723],"din_fluxs":[[0.0,0.0,0.0,0.0,0.0,0.0,0.0,0.0],[0.0,-0.0010902052110128178,0.1025860049928011,0.15372916977594253,0.0,-0.0020197431207080664,0.0,0.0],[0.0,0.0010913960469906864,-0.09068374363012957,-0.15945416256032044,0.0,0.00354737490875207,0.0,0.0],[0.0,0.0,0.0,-0.5026010880791005,0.0027945581797756912,0.0,0.004351382160883611,0.0],[0.0,0.0,0.0,0.008640364726551655,-0.002788241281494688,0.0144230274275604,-0.002785413990224277,0.0],[0.0,0.0,0.0,0.0,0.0027960436704070543,-0.014328206194660948,0.003928819361402411,0.0],[0.0,0.0,0.0,0.0,0.0,0.0,-0.0033525999887084167,0.001867574451788414],[0.0,0.0,0.0,0.0,0.0,0.0,0.0026255389127163727,-0.0018640901531381741]]}