{"din_name":"flux_level10785.json","din_kind":"RELATIVE","din_start":600.0000075919911,"din_end":660.0000227363755,"din_rules":["Interventions","r1","r1_rev","r2","r3","r4","r5","r6"],"din_hits":[0,16930,16918,214,222207,221991,1398127,1398127],"din_fluxs":[[0.0,0.0,0.0,0.0,0.0,0.0,0.0,0.0],[0.0,-0.0010892081125709896,0.11498074635680872,0.2056649514842059,0.0,-0.0020260894578617104,0.0,0.0],[0.0,0.0010903990894539494,-0.09907633716108967,-0.17770024359198566,0.0,0.0026740156173332393,0.0,0.0],[0.0,0.0,0.0,-0.45134644891335585,0.003923219978971898,0.0,0.006763197071437364,0.0],[0.0,0.0,0.0,0.0056807213590504314,-0.003916903119851298,0.008266941342352466,-0.003916051402781477,0.0],[0.0,0.0,0.0,0.0,0.003932334221309285,-0.008255128759539007,0.006552241285010829,0.0],[0.0,0.0,0.0,0.0,0.0,0.0,-0.0034719547898742595,0.003973880515649701],[0.0,0.0,0.0,0.0,0.0,0.0,0.0030695664021142734,-0.0039581039084401436]]}