{"din_name":"flux_level07498.json","din_kind":"RELATIVE","din_start":600.0000000842981,"din_end":660.00000117964,"din_rules":["Interventions","r1","r1_rev","r2","r3","r4","r5","r6"],"din_hits":[0,3868221,3867471,2545133,2847252,302161,923864,923840],"din_fluxs":[[0.0,0.0,0.0,0.0,0.0,0.0,0.0,0.0],[0.0,-0.0038259076517741354,0.0013908056909844471,0.0058410360488793745,0.0,-0.007443107998249642,0.0,0.0],[0.0,0.003841010713053025,-0.0013646346916578167,-0.0027178248849751433,0.0,0.003599315708840941,0.0,0.0],[0.0,0.0,0.0,-0.03429438709438057,0.002516140860483638,0.0,0.002722244604013508,0.0],[0.0,0.0,0.0,0.027493807454547246,-0.002509842724360144,0.010355855335565975,-0.002511075523959675,0.0],[0.0,0.0,0.0,0.0,0.0025163251268138275,-0.044280675835144036,0.002852836755637852,0.0],[0.0,0.0,0.0,0.0,0.0,0.0,-0.003395152059046678,0.0016084139032648413],[0.0,0.0,0.0,0.0,0.0,0.0,0.002750322034234363,-0.001605828745070613]]}