{"din_name":"flux_level04663.json","din_kind":"RELATIVE","din_start":600.0000119141206,"din_end":660.0000045634038,"din_rules":["Interventions","r1","r1_rev","r2","r3","r4","r5","r6"],"din_hits":[0,47413,47400,2648,1630063,1627422,1324152,1324157],"din_fluxs":[[0.0,0.0,0.0,0.0,0.0,0.0,0.0,0.0],[0.0,-0.0010895378871425734,0.11724863918438787,0.15225458412292994,0.0,-0.0020156947777848653,0.0,0.0],[0.0,0.0010907275117066776,-0.09693627391162693,-0.17624075609877346,0.0,0.0034620156211850055,0.0,0.0],[0.0,0.0,0.0,-0.4232992479307146,0.003320193334508884,0.0,0.004823233913337087,0.0],[0.0,0.0,0.0,0.0044142096082656936,-0.0033092825251271538,0.010292203453127702,-0.003309381126679687,0.0],[0.0,0.0,0.0,0.0,0.0033202794102878057,-0.010244765659733552,0.004257672997664232,0.0],[0.0,0.0,0.0,0.0,0.0,0.0,-0.003483538750754152,0.00212258400902851],[0.0,0.0,0.0,0.0,0.0,0.0,0.002350561245711508,-0.002118083338600191]]}