{"din_name":"flux_level08496.json","din_kind":"RELATIVE","din_start":600.0000016725828,"din_end":660.0000019148463,"din_rules":["Interventions","r1","r1_rev","r2","r3","r4","r5","r6"],"din_hits":[0,138208,138158,33389,969151,935777,1815764,1815793],"din_fluxs":[[0.0,0.0,0.0,0.0,0.0,0.0,0.0,0.0],[0.0,-0.0011388289925597422,0.018457938930720497,0.02662677190216036,0.0,-0.002127136506244493,0.0,0.0],[0.0,0.0011401399285053064,-0.017807512143483337,-0.03475256915715117,0.0,0.0030021327657790216,0.0,0.0],[0.0,0.0,0.0,-0.13629469205475242,0.0030926830874367342,0.0,0.00496600831959463,0.0],[0.0,0.0,0.0,0.0069065207756412285,-0.0030832739019737623,0.011878176953183635,-0.0030841177387712104,0.0],[0.0,0.0,0.0,0.0,0.003092819381583535,-0.012277908556933385,0.004549968436065792,0.0],[0.0,0.0,0.0,0.0,0.0,0.0,-0.003277567866698733,0.002224744350267354],[0.0,0.0,0.0,0.0,0.0,0.0,0.0025078140650899136,-0.002219798961694469]]}