{"din_name":"flux_level07850.json","din_kind":"RELATIVE","din_start":600.0000162403701,"din_end":660.0000012433211,"din_rules":["Interventions","r1","r1_rev","r2","r3","r4","r5","r6"],"din_hits":[0,56800,56769,3655,534723,531039,613429,613477],"din_fluxs":[[0.0,0.0,0.0,0.0,0.0,0.0,0.0,0.0],[0.0,-0.0011078864562586908,0.03783838446412202,0.05988508573460546,0.0,-0.0020542632092231503,0.0,0.0],[0.0,0.0011091226436371192,-0.03580729867972734,-0.06994475422319323,0.0,0.0026609148222612247,0.0,0.0],[0.0,0.0,0.0,-0.16926011534677657,0.005066272247407143,0.0,0.007961513914275048,0.0],[0.0,0.0,0.0,0.00323176462319821,-0.005051535576087545,0.006784212124174922,-0.0050448612380753835,0.0],[0.0,0.0,0.0,0.0,0.0050773360025109324,-0.0068480426475730095,0.00750052782836741,0.0],[0.0,0.0,0.0,0.0,0.0,0.0,-0.0048957595433434,0.0029895422182684528],[0.0,0.0,0.0,0.0,0.0,0.0,0.002816580979913798,-0.002980599933016759]]}