{"din_name":"flux_level00404.json","din_kind":"RELATIVE","din_start":600.0000000174484,"din_end":660.0000284819856,"din_rules":["Interventions","r1","r1_rev","r2","r3","r4","r5","r6"],"din_hits":[0,73314,73289,1067,185185,184106,1486699,1486707],"din_fluxs":[[0.0,0.0,0.0,0.0,0.0,0.0,0.0,0.0],[0.0,-0.0011062363521180713,0.040186703737317406,0.07078479901173038,0.0,-0.00206538984282997,0.0,0.0],[0.0,0.001107466614446914,-0.03795388180369765,-0.07208174007676847,0.0,0.0026326202478419193,0.0,0.0],[0.0,0.0,0.0,-0.299395096026919,0.0030013354013672393,0.0,0.006556010295015576,0.0],[0.0,0.0,0.0,0.009858447242101777,-0.0029907387459764253,0.012284404306343186,-0.002991997500234965,0.0],[0.0,0.0,0.0,0.0,0.002999713370442277,-0.012421054589811702,0.006396660461986208,0.0],[0.0,0.0,0.0,0.0,0.0,0.0,-0.003762987277976676,0.0022089120316242878],[0.0,0.0,0.0,0.0,0.0,0.0,0.00335605400315414,-0.0022040375754238907]]}