{"din_name":"flux_level10547.json","din_kind":"RELATIVE","din_start":600.0000084861391,"din_end":660.0000133799073,"din_rules":["Interventions","r1","r1_rev","r2","r3","r4","r5","r6"],"din_hits":[0,63648,63633,3019,1339756,1336723,1463405,1463430],"din_fluxs":[[0.0,0.0,0.0,0.0,0.0,0.0,0.0,0.0],[0.0,-0.0010937609724767047,0.07585624453864945,0.11217536489503703,0.0,-0.002028334402810181,0.0,0.0],[0.0,0.0010949604200604685,-0.06907361593952954,-0.1304966305423338,0.0,0.002941208213107477,0.0,0.0],[0.0,0.0,0.0,-0.3080902900581384,0.004171323851530422,0.0,0.006051578951834748,0.0],[0.0,0.0,0.0,0.00339939362989043,-0.004153313746829864,0.00785504845082515,-0.004154243261563343,0.0],[0.0,0.0,0.0,0.0,0.004170660512741433,-0.007853816520369362,0.005632780001490678,0.0],[0.0,0.0,0.0,0.0,0.0,0.0,-0.0036376271838420063,0.0030840799447452703],[0.0,0.0,0.0,0.0,0.0,0.0,0.002321772618034419,-0.0030745798269196972]]}