{"din_name":"flux_level12138.json","din_kind":"RELATIVE","din_start":600.0000088492568,"din_end":660.0000293774796,"din_rules":["Interventions","r1","r1_rev","r2","r3","r4","r5","r6"],"din_hits":[0,19936,19913,12739,1787930,1775200,587209,587227],"din_fluxs":[[0.0,0.0,0.0,0.0,0.0,0.0,0.0,0.0],[0.0,-0.0011035625301551624,0.04466948919872647,0.05849599247399673,0.0,-0.002039353582737426,0.0,0.0],[0.0,0.0011047971879336376,-0.04191509249275534,-0.08176021944729639,0.0,0.003187013017903497,0.0,0.0],[0.0,0.0,0.0,-0.18247742867711336,0.004406647845734502,0.0,0.009248151796699617,0.0],[0.0,0.0,0.0,0.001962757939155581,-0.004389103468073384,0.007594085153727421,-0.004391277940474656,0.0],[0.0,0.0,0.0,0.0,0.004408497837259163,-0.007603126351391346,0.005923184162477822,0.0],[0.0,0.0,0.0,0.0,0.0,0.0,-0.0088504429764214,0.0014241698082959986],[0.0,0.0,0.0,0.0,0.0,0.0,0.004357083553575965,-0.001422143340478798]]}