{"din_name":"flux_level11763.json","din_kind":"RELATIVE","din_start":600.0000078102709,"din_end":660.0000075774338,"din_rules":["Interventions","r1","r1_rev","r2","r3","r4","r5","r6"],"din_hits":[0,204792,204691,433700,4341955,3908253,773402,773421],"din_fluxs":[[0.0,0.0,0.0,0.0,0.0,0.0,0.0,0.0],[0.0,-0.0012000661235097103,0.00956292861819601,0.015840143897734502,0.0,-0.0022326189044829443,0.0,0.0],[0.0,0.001201541365631259,-0.009299395463009756,-0.0183122672912419,0.0,0.00279977021746291,0.0,0.0],[0.0,0.0,0.0,-0.12777174940909838,0.0025908209606358874,0.0,0.002739432121791583,0.0],[0.0,0.0,0.0,0.014755810252883696,-0.002584105792479026,0.018475167922736662,-0.0025846959620906686,0.0],[0.0,0.0,0.0,0.0,0.002590800947277779,-0.02014106355804802,0.002683694545999387,0.0],[0.0,0.0,0.0,0.0,0.0,0.0,-0.002428783843643147,0.002162050784010104],[0.0,0.0,0.0,0.0,0.0,0.0,0.0019026050163630623,-0.002157381348963955]]}