{"din_name":"flux_level02605.json","din_kind":"RELATIVE","din_start":600.0000001316706,"din_end":660.0000008323575,"din_rules":["Interventions","r1","r1_rev","r2","r3","r4","r5","r6"],"din_hits":[0,14199,14188,12423,2351244,2338822,1137007,1136978],"din_fluxs":[[0.0,0.0,0.0,0.0,0.0,0.0,0.0,0.0],[0.0,-0.0010914649207114566,0.09372668239566252,0.0778746279670567,0.0,-0.001983252447001309,0.0,0.0],[0.0,0.0010926632882542044,-0.08242736818106246,-0.1515790649726834,0.0,0.0054613416446297955,0.0,0.0],[0.0,0.0,0.0,-0.42034576119146333,0.0025910916912929255,0.0,0.0037996048061558468,0.0],[0.0,0.0,0.0,0.0050282153817240785,-0.0025849428057518335,0.018317320532772262,-0.0025840887704513807,0.0],[0.0,0.0,0.0,0.0,0.0025916471699479657,-0.01810087313922731,0.0028858933531921618,0.0],[0.0,0.0,0.0,0.0,0.0,0.0,-0.002917375038669828,0.0018396963027600551],[0.0,0.0,0.0,0.0,0.0,0.0,0.0023153165338944226,-0.0018363156774736254]]}