{"din_name":"flux_level08676.json","din_kind":"RELATIVE","din_start":600.0000013041328,"din_end":660.000024180177,"din_rules":["Interventions","r1","r1_rev","r2","r3","r4","r5","r6"],"din_hits":[0,180505,180474,19485,1020771,1001286,615141,615162],"din_fluxs":[[0.0,0.0,0.0,0.0,0.0,0.0,0.0,0.0],[0.0,-0.0011175650220051272,0.0283118492193835,0.0377573963348451,0.0,-0.0020739184929228415,0.0,0.0],[0.0,0.0011188194010748889,-0.027068111106014744,-0.051632349106594096,0.0,0.0033979712407751447,0.0,0.0],[0.0,0.0,0.0,-0.2691618846003468,0.002560375552749738,0.0,0.0035000675527774683,0.0],[0.0,0.0,0.0,0.011033911279150141,-0.0025532938759609235,0.01920896300736448,-0.0025561085496567373,0.0],[0.0,0.0,0.0,0.0,0.002559821326647896,-0.019434547473030424,0.003174146867415964,0.0],[0.0,0.0,0.0,0.0,0.0,0.0,-0.004950156419570239,0.00137465570132402],[0.0,0.0,0.0,0.0,0.0,0.0,0.003967172993000907,-0.0013727685956108615]]}