{"din_name":"flux_level08002.json","din_kind":"RELATIVE","din_start":600.0000124930302,"din_end":660.0000121516554,"din_rules":["Interventions","r1","r1_rev","r2","r3","r4","r5","r6"],"din_hits":[0,110574,110544,1951,224574,222619,184857,184850],"din_fluxs":[[0.0,0.0,0.0,0.0,0.0,0.0,0.0,0.0],[0.0,-0.0011124348181460006,0.03265108114965362,0.056936321243531346,0.0,-0.0020873351685823456,0.0,0.0],[0.0,0.00111367879197357,-0.03107452095285606,-0.059533145714106735,0.0,0.0026632405323211788,0.0,0.0],[0.0,0.0,0.0,-0.27972394361138986,0.0028537900239403538,0.0,0.003020769499055895,0.0],[0.0,0.0,0.0,0.010736253504573526,-0.002844068521949685,0.013756112277752431,-0.0028441560441909174,0.0],[0.0,0.0,0.0,0.0,0.0028521703045465397,-0.01395951257567351,0.0030084444868255966,0.0],[0.0,0.0,0.0,0.0,0.0,0.0,-0.0015383463562349637,0.016763909060203707],[0.0,0.0,0.0,0.0,0.0,0.0,0.0013515515169302702,-0.016483300607090308]]}