{"din_name":"flux_level04744.json","din_kind":"RELATIVE","din_start":600.0000024033478,"din_end":660.0000344321106,"din_rules":["Interventions","r1","r1_rev","r2","r3","r4","r5","r6"],"din_hits":[0,357945,357845,175107,1816772,1641640,928887,928900],"din_fluxs":[[0.0,0.0,0.0,0.0,0.0,0.0,0.0,0.0],[0.0,-0.0012045491235447455,0.009252321805082831,0.015909649518341746,0.0,-0.0022452531795398144,0.0,0.0],[0.0,0.0012060221963912576,-0.009007325168335644,-0.01781783011933778,0.0,0.002644115560484994,0.0,0.0],[0.0,0.0,0.0,-0.0856500094493957,0.0030941144191340623,0.0,0.003652173965174184,0.0],[0.0,0.0,0.0,0.009488793981835794,-0.003084821071701172,0.01178635290537121,-0.0030858641454156685,0.0],[0.0,0.0,0.0,0.0,0.0030944012366738802,-0.012959497704889415,0.0035628901912386902,0.0],[0.0,0.0,0.0,0.0,0.0,0.0,-0.0029508499149891064,0.002232382635299892],[0.0,0.0,0.0,0.0,0.0,0.0,0.0020386072146490663,-0.0022274032061906203]]}