{"din_name":"flux_level11852.json","din_kind":"RELATIVE","din_start":600.0000375322682,"din_end":660.0000131498641,"din_rules":["Interventions","r1","r1_rev","r2","r3","r4","r5","r6"],"din_hits":[0,37339,37320,5664,1619052,1613388,9220,9220],"din_fluxs":[[0.0,0.0,0.0,0.0,0.0,0.0,0.0,0.0],[0.0,-0.001093341534846164,0.07838810129509999,0.09186082814173217,0.0,-0.0020245342562631944,0.0,0.0],[0.0,0.001094540898256748,-0.07115105818742219,-0.13387290223416157,0.0,0.003804074178259347,0.0,0.0],[0.0,0.0,0.0,-0.33950679460146954,0.0031719248745165855,0.0,0.003175442399550564,0.0],[0.0,0.0,0.0,0.003685899549667056,-0.003162384995504739,0.01116123741514139,-0.003162437441269747,0.0],[0.0,0.0,0.0,0.0,0.0031724263028970693,-0.011116383882922009,0.003174828790335507,0.0],[0.0,0.0,0.0,0.0,0.0,0.0,-0.0015838105843160324,20.31216687847404],[0.0,0.0,0.0,0.0,0.0,0.0,0.0011753211127440409,-0.499454042282134]]}