{"din_name":"flux_level11813.json","din_kind":"RELATIVE","din_start":600.0000822186748,"din_end":660.0000941345488,"din_rules":["Interventions","r1","r1_rev","r2","r3","r4","r5","r6"],"din_hits":[0,8535,8506,7102,753526,746418,372490,372474],"din_fluxs":[[0.0,0.0,0.0,0.0,0.0,0.0,0.0,0.0],[0.0,-0.0011004211496663105,0.05144844873008105,0.051421652200885334,0.0,-0.0019946295775334225,0.0,0.0],[0.0,0.0011016575956744987,-0.04783422887352538,-0.09194910641311131,0.0,0.0042043196243344415,0.0,0.0],[0.0,0.0,0.0,-0.26077056242721863,0.0029321437993862455,0.0,0.00579761043124586,0.0],[0.0,0.0,0.0,0.003998917711546965,-0.0029227585881963446,0.013170518468976785,-0.0029223440635472438,0.0],[0.0,0.0,0.0,0.0,0.0029313232439191045,-0.013145620334725114,0.0038060807833159246,0.0],[0.0,0.0,0.0,0.0,0.0,0.0,-0.006053402136334827,0.001364280924024106],[0.0,0.0,0.0,0.0,0.0,0.0,0.00431294195375036,-0.0013624222533333348]]}