{"din_name":"flux_level03313.json","din_kind":"RELATIVE","din_start":600.0000020094926,"din_end":660.0000222792726,"din_rules":["Interventions","r1","r1_rev","r2","r3","r4","r5","r6"],"din_hits":[0,27215,27198,28070,4083720,4055647,993556,993534],"din_fluxs":[[0.0,0.0,0.0,0.0,0.0,0.0,0.0,0.0],[0.0,-0.001094762356218528,0.07078690714252221,0.06520522713933628,0.0,-0.002040467664934238,0.0,0.0],[0.0,0.0010959669725346872,-0.06475840668457766,-0.12158985909383284,0.0,0.004868018619363154,0.0,0.0],[0.0,0.0,0.0,-0.34077976499410445,0.002728598595694225,0.0,0.0034092146253585326,0.0],[0.0,0.0,0.0,0.004276795913668518,-0.002721657451542985,0.01565424099630167,-0.002721411846979634,0.0],[0.0,0.0,0.0,0.0,0.0027290915371853412,-0.015535677011070701,0.0028733134998444837,0.0],[0.0,0.0,0.0,0.0,0.0,0.0,-0.002384173004966925,0.002384900659452476],[0.0,0.0,0.0,0.0,0.0,0.0,0.0017933544203846384,-0.002379218253548937]]}