{"din_name":"flux_level01866.json","din_kind":"RELATIVE","din_start":600.0000001771092,"din_end":660.0000018271884,"din_rules":["Interventions","r1","r1_rev","r2","r3","r4","r5","r6"],"din_hits":[0,65735,65723,1580,885679,884104,1307227,1307226],"din_fluxs":[[0.0,0.0,0.0,0.0,0.0,0.0,0.0,0.0],[0.0,-0.0010907340257894052,0.09867068012196441,0.157659444028519,0.0,-0.0020318552044368823,0.0,0.0],[0.0,0.0010919261657169382,-0.08649021178646346,-0.15319667035982273,0.0,0.0032496315430472406,0.0,0.0],[0.0,0.0,0.0,-0.4876634349614864,0.0029030105049092972,0.0,0.0037529543802304137,0.0],[0.0,0.0,0.0,0.008744457758887478,-0.0028926391461579107,0.013187480266489448,-0.002894504045577631,0.0],[0.0,0.0,0.0,0.0,0.0029010314715853256,-0.01312617802012213,0.003578561506466766,0.0],[0.0,0.0,0.0,0.0,0.0,0.0,-0.002236693028305539,0.0032711597790889154],[0.0,0.0,0.0,0.0,0.0,0.0,0.0017860404433216483,-0.0032604705316563376]]}