{"din_name":"flux_level02443.json","din_kind":"RELATIVE","din_start":600.000007802716,"din_end":660.0000022517108,"din_rules":["Interventions","r1","r1_rev","r2","r3","r4","r5","r6"],"din_hits":[0,34755,34743,5248,1223090,1217834,1374573,1374588],"din_fluxs":[[0.0,0.0,0.0,0.0,0.0,0.0,0.0,0.0],[0.0,-0.0010927218883779535,0.08241539198883671,0.09006544771261112,0.0,-0.0020345089217362446,0.0,0.0],[0.0,0.001093920072748542,-0.07444165793387668,-0.13686092036779718,0.0,0.00443257687736876,0.0,0.0],[0.0,0.0,0.0,-0.41784141084373905,0.0026754903668619917,0.0,0.003576843001537901,0.0],[0.0,0.0,0.0,0.006250596136184511,-0.0026681023506778573,0.01645438981086998,-0.0026686994329200553,0.0],[0.0,0.0,0.0,0.0,0.0026752417554343644,-0.016322144171536625,0.0031601518388182496,0.0],[0.0,0.0,0.0,0.0,0.0,0.0,-0.0022109142495258705,0.0027194088989857712],[0.0,0.0,0.0,0.0,0.0,0.0,0.001786024490974733,-0.002712022462347575]]}