{"din_name":"flux_level03467.json","din_kind":"RELATIVE","din_start":600.0000003176757,"din_end":660.0000016104239,"din_rules":["Interventions","r1","r1_rev","r2","r3","r4","r5","r6"],"din_hits":[0,609372,609248,381497,3648030,3266521,772979,772939],"din_fluxs":[[0.0,0.0,0.0,0.0,0.0,0.0,0.0,0.0],[0.0,-0.0012137117083944986,0.008683300785737588,0.015276367619356888,0.0,-0.002270414855864663,0.0,0.0],[0.0,0.001215200491033142,-0.008462764489287655,-0.016748255893496503,0.0,0.0025992361686702553,0.0,0.0],[0.0,0.0,0.0,-0.07544252629563894,0.0032640501758649455,0.0,0.0037152307040356543,0.0],[0.0,0.0,0.0,0.008834171228504573,-0.003253338021878353,0.010737134009857756,-0.00325357320408493,0.0],[0.0,0.0,0.0,0.0,0.0032639555048524505,-0.011908228136094245,0.003621369751332242,0.0],[0.0,0.0,0.0,0.0,0.0,0.0,-0.004523332522787542,0.0016024762440358278],[0.0,0.0,0.0,0.0,0.0,0.0,0.0028600829630754027,-0.0015999105672303462]]}