{"din_name":"flux_level02811.json","din_kind":"RELATIVE","din_start":600.0000034443342,"din_end":660.0000048437735,"din_rules":["Interventions","r1","r1_rev","r2","r3","r4","r5","r6"],"din_hits":[0,79168,79151,4160,1449584,1445421,248018,248014],"din_fluxs":[[0.0,0.0,0.0,0.0,0.0,0.0,0.0,0.0],[0.0,-0.001094512791449225,0.07187500124271592,0.10123228630844006,0.0,-0.0020185297393308377,0.0,0.0],[0.0,0.0010957136676995835,-0.06573594493839006,-0.12406595368030918,0.0,0.003182923369388803,0.0,0.0],[0.0,0.0,0.0,-0.3346059056679821,0.0034357615683362265,0.0,0.0035559530285166913,0.0],[0.0,0.0,0.0,0.004594768409450924,-0.0034229770812640695,0.009816929967594566,-0.003422582581702506,0.0],[0.0,0.0,0.0,0.0,0.0034347419688414444,-0.009811370912972621,0.0035274919762859854,0.0],[0.0,0.0,0.0,0.0,0.0,0.0,-0.0018264291429166974,0.01951857194665123],[0.0,0.0,0.0,0.0,0.0,0.0,0.0012881930937308128,-0.019137902139801346]]}