{"din_name":"flux_level11443.json","din_kind":"RELATIVE","din_start":600.0000023385226,"din_end":660.0000052698965,"din_rules":["Interventions","r1","r1_rev","r2","r3","r4","r5","r6"],"din_hits":[0,87052,87032,7893,2673417,2665526,861643,861618],"din_fluxs":[[0.0,0.0,0.0,0.0,0.0,0.0,0.0,0.0],[0.0,-0.0010941926265027725,0.0734799804330437,0.09806876915711335,0.0,-0.002032527573959737,0.0,0.0],[0.0,0.001095392481689167,-0.06708420494613064,-0.12739116274421278,0.0,0.003285588663397437,0.0,0.0],[0.0,0.0,0.0,-0.3075646406207147,0.003682303912055247,0.0,0.004321793018716176,0.0],[0.0,0.0,0.0,0.0032759333789526587,-0.0036695923913612084,0.008984459670615706,-0.0036688769106806313,0.0],[0.0,0.0,0.0,0.0,0.0036831248904892998,-0.00897056689489413,0.004038100387911049,0.0],[0.0,0.0,0.0,0.0,0.0,0.0,-0.0027275339306687754,0.0033726151651934425],[0.0,0.0,0.0,0.0,0.0,0.0,0.0016412186376955939,-0.003361249682374763]]}