{"din_name":"flux_level08051.json","din_kind":"RELATIVE","din_start":600.0000074529549,"din_end":660.0000407190053,"din_rules":["Interventions","r1","r1_rev","r2","r3","r4","r5","r6"],"din_hits":[0,248831,248783,19295,703438,684126,1938232,1938251],"din_fluxs":[[0.0,0.0,0.0,0.0,0.0,0.0,0.0,0.0],[0.0,-0.0011366006577216827,0.019129599060558666,0.029946606878678877,0.0,-0.002109594635289047,0.0,0.0],[0.0,0.0011379004712574346,-0.018454017677206874,-0.03605554168539802,0.0,0.0027871826122604867,0.0,0.0],[0.0,0.0,0.0,-0.15520138774079778,0.0030350096747631004,0.0,0.004945765853662152,0.0],[0.0,0.0,0.0,0.008281200940036128,-0.0030255648035508722,0.012189618788782832,-0.0030251421130800637,0.0],[0.0,0.0,0.0,0.0,0.0030347469198770357,-0.012615774655900528,0.004706346873268062,0.0],[0.0,0.0,0.0,0.0,0.0,0.0,-0.0031003781237498138,0.0023838591487353425],[0.0,0.0,0.0,0.0,0.0,0.0,0.0025037904259783694,-0.0023781820088508345]]}