{"din_name":"flux_level08408.json","din_kind":"RELATIVE","din_start":600.000053110379,"din_end":660.000001071657,"din_rules":["Interventions","r1","r1_rev","r2","r3","r4","r5","r6"],"din_hits":[0,466392,466122,472063,1548485,1076405,260685,260697],"din_fluxs":[[0.0,0.0,0.0,0.0,0.0,0.0,0.0,0.0],[0.0,-0.0014571654764873186,0.0037408281535159936,0.009511237243881695,0.0,-0.0027439980371543166,0.0,0.0],[0.0,0.0014594159981452903,-0.003655408882789033,-0.007247678641621816,0.0,0.002169702567658006,0.0,0.0],[0.0,0.0,0.0,-0.055285900647696604,0.0029024007677774387,0.0,0.0037164927353647782,0.0],[0.0,0.0,0.0,0.017145782891978715,-0.002893892370150476,0.011943679256485247,-0.002888856545029064,0.0],[0.0,0.0,0.0,0.0,0.0029022498958667102,-0.01664937066789997,0.004093470105847898,0.0],[0.0,0.0,0.0,0.0,0.0,0.0,-0.019618366781056423,0.0010903301815614914],[0.0,0.0,0.0,0.0,0.0,0.0,0.0139329771088886,-0.0010891424222327947]]}