{"din_name":"flux_level13501.json","din_kind":"RELATIVE","din_start":600.0001684381726,"din_end":660.0001605839477,"din_rules":["Interventions","r1","r1_rev","r2","r3","r4","r5","r6"],"din_hits":[0,78751,78719,329,70553,70213,229158,229165],"din_fluxs":[[0.0,0.0,0.0,0.0,0.0,0.0,0.0,0.0],[0.0,-0.0011064703257511865,0.03982249979782943,0.08471943030040328,0.0,-0.0020441837325588675,0.0,0.0],[0.0,0.0011077006935302832,-0.037622411548597495,-0.07005560888406762,0.0,0.002340975293941768,0.0,0.0],[0.0,0.0,0.0,-0.38584267638145064,0.0027558444571470987,0.0,0.0030757155203624967,0.0],[0.0,0.0,0.0,0.015780445781319378,-0.0027507192334145247,0.014841952928336049,-0.0027513847458997247,0.0],[0.0,0.0,0.0,0.0,0.00275833007208368,-0.015000244063193006,0.0030923419487212285,0.0],[0.0,0.0,0.0,0.0,0.0,0.0,-0.0015774613932488491,0.010166287956732223],[0.0,0.0,0.0,0.0,0.0,0.0,0.001477640788409005,-0.010063019659711632]]}