{"din_name":"flux_level04714.json","din_kind":"RELATIVE","din_start":600.0000015325701,"din_end":660.000007798458,"din_rules":["Interventions","r1","r1_rev","r2","r3","r4","r5","r6"],"din_hits":[0,50838,50809,64252,3352430,3288186,1249387,1249373],"din_fluxs":[[0.0,0.0,0.0,0.0,0.0,0.0,0.0,0.0],[0.0,-0.0011092927345867157,0.036051679970407306,0.036970563575621174,0.0,-0.0020508037321217963,0.0,0.0],[0.0,0.0011105337830437218,-0.0341682513350301,-0.06563721912050052,0.0,0.0043165091696083565,0.0,0.0],[0.0,0.0,0.0,-0.26478599598364105,0.0025728079627049647,0.0,0.003005752210972645,0.0],[0.0,0.0,0.0,0.007559851280023216,-0.002567013286450687,0.019033079261738643,-0.00256783394927835,0.0],[0.0,0.0,0.0,0.0,0.0025736377636911404,-0.01906825207219055,0.0027214250640377586,0.0],[0.0,0.0,0.0,0.0,0.0,0.0,-0.0020028483473315695,0.0028635379341746285],[0.0,0.0,0.0,0.0,0.0,0.0,0.001603400895576434,-0.002855346559578369]]}