{"din_name":"flux_level13749.json","din_kind":"RELATIVE","din_start":600.0000105486512,"din_end":660.0000011204587,"din_rules":["Interventions","r1","r1_rev","r2","r3","r4","r5","r6"],"din_hits":[0,31431,31413,1485,285129,283650,1060738,1060751],"din_fluxs":[[0.0,0.0,0.0,0.0,0.0,0.0,0.0,0.0],[0.0,-0.0010983863709870046,0.056979357787553954,0.07886797307113068,0.0,-0.002023392884628734,0.0,0.0],[0.0,0.0010996003397177544,-0.05287550802432083,-0.09859103769541942,0.0,0.003574871146823086,0.0,0.0],[0.0,0.0,0.0,-0.3993712934467067,0.0026214676062644576,0.0,0.004648921235845582,0.0],[0.0,0.0,0.0,0.01023210530168301,-0.0026146997771780496,0.017482363806903736,-0.0026144432490074294,0.0],[0.0,0.0,0.0,0.0,0.002621556596740412,-0.017435149054905324,0.004192781498136597,0.0],[0.0,0.0,0.0,0.0,0.0,0.0,-0.0029913090794614723,0.002000029423400303],[0.0,0.0,0.0,0.0,0.0,0.0,0.0025791470559403907,-0.001996033036426375]]}