{"din_name":"flux_level02976.json","din_kind":"RELATIVE","din_start":600.0000043104886,"din_end":660.0000069174623,"din_rules":["Interventions","r1","r1_rev","r2","r3","r4","r5","r6"],"din_hits":[0,166403,166361,40659,2550769,2510101,786637,786613],"din_fluxs":[[0.0,0.0,0.0,0.0,0.0,0.0,0.0,0.0],[0.0,-0.0011149806465270003,0.0303146855901743,0.039320996131952994,0.0,-0.002071907597317481,0.0,0.0],[0.0,0.0011162289928505792,-0.02892582214222456,-0.05617067161167013,0.0,0.0032875832468892245,0.0,0.0],[0.0,0.0,0.0,-0.1792633841215366,0.003224001075803531,0.0,0.003542494502599729,0.0],[0.0,0.0,0.0,0.0049357242311067395,-0.0032139113032914855,0.011003087067443611,-0.003213538833532839,0.0],[0.0,0.0,0.0,0.0,0.0032242860637291446,-0.011136160860577823,0.003417326018863908,0.0],[0.0,0.0,0.0,0.0,0.0,0.0,-0.002004251242278485,0.005604415497224872],[0.0,0.0,0.0,0.0,0.0,0.0,0.0013798494809775196,-0.005573040289599033]]}