{"din_name":"flux_level02893.json","din_kind":"RELATIVE","din_start":600.0000314508052,"din_end":660.0000050302685,"din_rules":["Interventions","r1","r1_rev","r2","r3","r4","r5","r6"],"din_hits":[0,18500,18478,1953,561240,559288,356511,356533],"din_fluxs":[[0.0,0.0,0.0,0.0,0.0,0.0,0.0,0.0],[0.0,-0.0010982327801889059,0.057295513691521714,0.08495836492614475,0.0,-0.00202270567266846,0.0,0.0],[0.0,0.001099450411493501,-0.05312042493870502,-0.1025799016024281,0.0,0.0028197129363958192,0.0,0.0],[0.0,0.0,0.0,-0.22256826971755053,0.005274055866176563,0.0,0.0064399753280997805,0.0],[0.0,0.0,0.0,0.002085202945754019,-0.0052474658308886415,0.006611595212698019,-0.005245325785661447,0.0],[0.0,0.0,0.0,0.0,0.005275216398400621,-0.006616815084681476,0.006148860847448617,0.0],[0.0,0.0,0.0,0.0,0.0,0.0,-0.003372802095048287,0.007086412791453846],[0.0,0.0,0.0,0.0,0.0,0.0,0.002014261548899466,-0.007036219484740068]]}