{"din_name":"flux_level11010.json","din_kind":"RELATIVE","din_start":600.0000025318865,"din_end":660.0000034721902,"din_rules":["Interventions","r1","r1_rev","r2","r3","r4","r5","r6"],"din_hits":[0,16633,16619,6228,1863051,1856829,363938,363932],"din_fluxs":[[0.0,0.0,0.0,0.0,0.0,0.0,0.0,0.0],[0.0,-0.0010904649190291978,0.09993672592535856,0.09936550766645717,0.0,-0.002034069990986201,0.0,0.0],[0.0,0.0010916594577903445,-0.08855425293282136,-0.16456553093264284,0.0,0.004666075432062328,0.0,0.0],[0.0,0.0,0.0,-0.3981159455439948,0.002889428486830676,0.0,0.004686726175276752,0.0],[0.0,0.0,0.0,0.0035033534431379875,-0.002881243558260697,0.013448731344971519,-0.0028788875666806574,0.0],[0.0,0.0,0.0,0.0,0.0028895740301322715,-0.013336687406946166,0.003302167651707313,0.0],[0.0,0.0,0.0,0.0,0.0,0.0,-0.006888392895625081,0.0012816154552760042],[0.0,0.0,0.0,0.0,0.0,0.0,0.004873599089944308,-0.0012799749851008313]]}