{"din_name":"flux_level12296.json","din_kind":"RELATIVE","din_start":600.0000309780089,"din_end":660.0000192715123,"din_rules":["Interventions","r1","r1_rev","r2","r3","r4","r5","r6"],"din_hits":[0,30272,30260,865,353392,352531,746264,746273],"din_fluxs":[[0.0,0.0,0.0,0.0,0.0,0.0,0.0,0.0],[0.0,-0.0010923789659565881,0.08458318877115176,0.13116468916354065,0.0,-0.0020402971870752324,0.0,0.0],[0.0,0.0010935766810676738,-0.07623052604290446,-0.1356840397584716,0.0,0.003346098750336947,0.0,0.0],[0.0,0.0,0.0,-0.47848388915398726,0.0027787504290992557,0.0,0.004865811133054554,0.0],[0.0,0.0,0.0,0.009657140449272149,-0.0027698834143774992,0.014677067335493298,-0.002766464195244937,0.0],[0.0,0.0,0.0,0.0,0.0027775778606550033,-0.01460757870609177,0.00431599669273377,0.0],[0.0,0.0,0.0,0.0,0.0,0.0,-0.0035933889596714524,0.0018040542724939966],[0.0,0.0,0.0,0.0,0.0,0.0,0.0028798018557549122,-0.0018008030474820917]]}