{"din_name":"flux_level06248.json","din_kind":"RELATIVE","din_start":600.0000283568561,"din_end":660.0000083030008,"din_rules":["Interventions","r1","r1_rev","r2","r3","r4","r5","r6"],"din_hits":[0,15892,15880,2249,619107,616865,470780,470784],"din_fluxs":[[0.0,0.0,0.0,0.0,0.0,0.0,0.0,0.0],[0.0,-0.0010936853681951762,0.07648540744475599,0.09192859377722219,0.0,-0.002021798972597073,0.0,0.0],[0.0,0.0010948897460902017,-0.06950054919758293,-0.13121873754228777,0.0,0.003716446489376673,0.0,0.0],[0.0,0.0,0.0,-0.3350490772604666,0.003199290928482326,0.0,0.003840662372545549,0.0],[0.0,0.0,0.0,0.003833612296386647,-0.003187262081364409,0.011007879969691391,-0.003188464078215145,0.0],[0.0,0.0,0.0,0.0,0.003197454670331139,-0.010969754121476369,0.003612789784041628,0.0],[0.0,0.0,0.0,0.0,0.0,0.0,-0.002097583418447964,0.004946840270191694],[0.0,0.0,0.0,0.0,0.0,0.0,0.0015593316849052106,-0.00492239555964896]]}