{"din_name":"flux_level11034.json","din_kind":"RELATIVE","din_start":600.0000044559642,"din_end":660.0000031782095,"din_rules":["Interventions","r1","r1_rev","r2","r3","r4","r5","r6"],"din_hits":[0,14008,13984,34181,3574160,3539980,587824,587818],"din_fluxs":[[0.0,0.0,0.0,0.0,0.0,0.0,0.0,0.0],[0.0,-0.0010987028458831335,0.056071851645892075,0.05257539800638058,0.0,-0.0020142737742528164,0.0,0.0],[0.0,0.0010999250286806844,-0.05197014746588022,-0.0977659536942932,0.0,0.004579956745591042,0.0,0.0],[0.0,0.0,0.0,-0.29052217923271173,0.002768607772637521,0.0,0.0029581938073698685,0.0],[0.0,0.0,0.0,0.004280988799323288,-0.002761817562133227,0.015111285977476418,-0.00276187831462126,0.0],[0.0,0.0,0.0,0.0,0.0027694780563019003,-0.015037089429934052,0.0028289719717660587,0.0],[0.0,0.0,0.0,0.0,0.0,0.0,-0.0015496886756497389,0.009792762262302204],[0.0,0.0,0.0,0.0,0.0,0.0,0.0011865337477114336,-0.00969690495288252]]}