{"din_name":"flux_level12855.json","din_kind":"RELATIVE","din_start":600.0000062844022,"din_end":660.0000242932978,"din_rules":["Interventions","r1","r1_rev","r2","r3","r4","r5","r6"],"din_hits":[0,81757,81742,15388,3014641,2999258,1351790,1351793],"din_fluxs":[[0.0,0.0,0.0,0.0,0.0,0.0,0.0,0.0],[0.0,-0.0010984751551359104,0.05662801656233395,0.07085927497182153,0.0,-0.002030461694209422,0.0,0.0],[0.0,0.0010996854256104048,-0.05261309840358316,-0.10118026655832338,0.0,0.0034048106936655905,0.0,0.0],[0.0,0.0,0.0,-0.24883638123233962,0.003634507432676399,0.0,0.004868640035920192,0.0],[0.0,0.0,0.0,0.0029824348059035205,-0.0036228500591972287,0.009181985193034032,-0.003619677249034312,0.0],[0.0,0.0,0.0,0.0,0.0036360447102194837,-0.009181296843347385,0.00424915042472305,0.0],[0.0,0.0,0.0,0.0,0.0,0.0,-0.0034393676244465383,0.002317717521073532],[0.0,0.0,0.0,0.0,0.0,0.0,0.002085855575612548,-0.0023123511774005736]]}