{"din_name":"flux_level01268.json","din_kind":"RELATIVE","din_start":600.0000158575913,"din_end":660.000000816137,"din_rules":["Interventions","r1","r1_rev","r2","r3","r4","r5","r6"],"din_hits":[0,28722,28716,10526,2141546,2131020,376975,376945],"din_fluxs":[[0.0,0.0,0.0,0.0,0.0,0.0,0.0,0.0],[0.0,-0.0010918395004951946,0.08811111107146653,0.08000483684621446,0.0,-0.0019453812377418136,0.0,0.0],[0.0,0.0010930350918550477,-0.07913625671218751,-0.14405508964192998,0.0,0.005066532452609102,0.0,0.0],[0.0,0.0,0.0,-0.42815810763121415,0.0025933424365939955,0.0,0.004885807240882706,0.0],[0.0,0.0,0.0,0.005653656779607118,-0.0025867202798151795,0.01824255708413316,-0.002582781162032869,0.0],[0.0,0.0,0.0,0.0,0.002593431383003166,-0.01804217720706923,0.0031690366044025,0.0],[0.0,0.0,0.0,0.0,0.0,0.0,-0.013924733888746502,0.0011094769301599786],[0.0,0.0,0.0,0.0,0.0,0.0,0.010980226388208844,-0.001108248287698826]]}