{"din_name":"flux_level13077.json","din_kind":"RELATIVE","din_start":600.0000112773154,"din_end":660.0000051076779,"din_rules":["Interventions","r1","r1_rev","r2","r3","r4","r5","r6"],"din_hits":[0,49642,49636,3374,728402,725040,1180161,1180157],"din_fluxs":[[0.0,0.0,0.0,0.0,0.0,0.0,0.0,0.0],[0.0,-0.001096626825193309,0.06300642813971571,0.08222241037297454,0.0,-0.002049033958198274,0.0,0.0],[0.0,0.0010978325850435847,-0.05812310216825283,-0.10842050277858976,0.0,0.003595671940722024,0.0,0.0],[0.0,0.0,0.0,-0.36447062504989536,0.0028326853624121907,0.0,0.005524959758955631,0.0],[0.0,0.0,0.0,0.006862248446399711,-0.0028257013294482347,0.014047042011957995,-0.0028274280021243514,0.0],[0.0,0.0,0.0,0.0,0.002833717018635692,-0.014018287015352633,0.0046023734346814504,0.0],[0.0,0.0,0.0,0.0,0.0,0.0,-0.004673658313316313,0.0015595623677447882],[0.0,0.0,0.0,0.0,0.0,0.0,0.003610284353561046,-0.001557132578471242]]}