{"din_name":"flux_level05839.json","din_kind":"RELATIVE","din_start":600.0000032145193,"din_end":660.000001567608,"din_rules":["Interventions","r1","r1_rev","r2","r3","r4","r5","r6"],"din_hits":[0,51155,51145,28861,4518727,4489865,1937995,1937993],"din_fluxs":[[0.0,0.0,0.0,0.0,0.0,0.0,0.0,0.0],[0.0,-0.0010932909659917588,0.07844654993850896,0.07187003196099843,0.0,-0.0020225418157827644,0.0,0.0],[0.0,0.0010944894833275283,-0.07123184526750495,-0.13240430492695637,0.0,0.005222374199416472,0.0,0.0],[0.0,0.0,0.0,-0.40699847730395167,0.0025592426391843177,0.0,0.0032595412522352543,0.0],[0.0,0.0,0.0,0.00597955195217433,-0.0025531118054630546,0.019167457334760517,-0.0025531393282008773,0.0],[0.0,0.0,0.0,0.0,0.002559651510972003,-0.01895944910643813,0.0027551830489495055,0.0],[0.0,0.0,0.0,0.0,0.0,0.0,-0.0022965044672484418,0.0023084246682966774],[0.0,0.0,0.0,0.0,0.0,0.0,0.0018451880318637475,-0.0023031012839881447]]}