{"din_name":"flux_level12353.json","din_kind":"RELATIVE","din_start":600.0000061283145,"din_end":660.0000002138032,"din_rules":["Interventions","r1","r1_rev","r2","r3","r4","r5","r6"],"din_hits":[0,20051,20044,4134,2008650,2004515,855600,855638],"din_fluxs":[[0.0,0.0,0.0,0.0,0.0,0.0,0.0,0.0],[0.0,-0.0010896615340323201,0.10855091639990305,0.12313221372983285,0.0,-0.002016909230711221,0.0,0.0],[0.0,0.0010908528763030148,-0.09530182256455423,-0.17690032201268846,0.0,0.003941765947734615,0.0,0.0],[0.0,0.0,0.0,-0.38231988135906897,0.0033593708891000206,0.0,0.004908084820893503,0.0],[0.0,0.0,0.0,0.0025222608035225017,-0.0033450575938419077,0.010170585992386622,-0.0033450099089951486,0.0],[0.0,0.0,0.0,0.0,0.0033562877387789585,-0.010107420426933644,0.003915307654665273,0.0],[0.0,0.0,0.0,0.0,0.0,0.0,-0.0035668318093452092,0.0020087672610239428],[0.0,0.0,0.0,0.0,0.0,0.0,0.002279853626591794,-0.0020047347955654132]]}