{"din_name":"flux_level02252.json","din_kind":"RELATIVE","din_start":600.0000409638856,"din_end":660.0000001505801,"din_rules":["Interventions","r1","r1_rev","r2","r3","r4","r5","r6"],"din_hits":[0,36482,36461,3343,682522,679173,1094589,1094581],"din_fluxs":[[0.0,0.0,0.0,0.0,0.0,0.0,0.0,0.0],[0.0,-0.0010968575940613554,0.06201659374308366,0.07828237861149014,0.0,-0.0020326322821499956,0.0,0.0],[0.0,0.0010980664556617258,-0.057269654938213926,-0.10882227296800429,0.0,0.0036356804925923216,0.0,0.0],[0.0,0.0,0.0,-0.3358808460551281,0.002958105461800923,0.0,0.006282492336111184,0.0],[0.0,0.0,0.0,0.00574594000568754,-0.0029462541691595667,0.012786494138155977,-0.002942768648777193,0.0],[0.0,0.0,0.0,0.0,0.002954950078812094,-0.012769900967251939,0.005142609603698855,0.0],[0.0,0.0,0.0,0.0,0.0,0.0,-0.005347490480488474,0.0015214004948437033],[0.0,0.0,0.0,0.0,0.0,0.0,0.004016695422343079,-0.0015190885700592772]]}