{"din_name":"flux_level01447.json","din_kind":"RELATIVE","din_start":600.0000043893634,"din_end":660.0000177829702,"din_rules":["Interventions","r1","r1_rev","r2","r3","r4","r5","r6"],"din_hits":[0,588083,587970,5084,79946,74821,1071779,1071827],"din_fluxs":[[0.0,0.0,0.0,0.0,0.0,0.0,0.0,0.0],[0.0,-0.001192753328393598,0.010107906024875846,0.0199118185503039,0.0,-0.0022231888824872765,0.0,0.0],[0.0,0.001194188005044773,-0.009838350633774293,-0.019413361464612578,0.0,0.0022849980861177057,0.0,0.0],[0.0,0.0,0.0,-0.08728573223122958,0.0034773398061515256,0.0,0.006395810916762447,0.0],[0.0,0.0,0.0,0.009319207084799068,-0.00346433272724242,0.009578829750080677,-0.003464292932527553,0.0],[0.0,0.0,0.0,0.0,0.0034763681079092845,-0.010513861687076525,0.0064014581985302795,0.0],[0.0,0.0,0.0,0.0,0.0,0.0,-0.003334556576391818,0.0033794255487228785],[0.0,0.0,0.0,0.0,0.0,0.0,0.0031285457418916036,-0.0033680061285906383]]}