{"din_name":"flux_level12403.json","din_kind":"RELATIVE","din_start":600.000003054401,"din_end":660.0000030272349,"din_rules":["Interventions","r1","r1_rev","r2","r3","r4","r5","r6"],"din_hits":[0,66367,66332,37905,2003578,1965659,630663,630670],"din_fluxs":[[0.0,0.0,0.0,0.0,0.0,0.0,0.0,0.0],[0.0,-0.0011110779074269455,0.03410739055428166,0.03760867904366357,0.0,-0.0020665631729787377,0.0,0.0],[0.0,0.001112321520607156,-0.03239332240175069,-0.062263683233678334,0.0,0.004056703602238724,0.0,0.0],[0.0,0.0,0.0,-0.2566372033389684,0.0026057232942297837,0.0,0.0033171823671981435,0.0],[0.0,0.0,0.0,0.007660619699305149,-0.0025994184378125866,0.018188842389083467,-0.0025990403823704152,0.0],[0.0,0.0,0.0,0.0,0.002606204655988115,-0.018266177276861105,0.002869372771789498,0.0],[0.0,0.0,0.0,0.0,0.0,0.0,-0.003807192729082145,0.0015405671993026194],[0.0,0.0,0.0,0.0,0.0,0.0,0.0029797810883453327,-0.0015381962250344237]]}