{"din_name":"flux_level08622.json","din_kind":"RELATIVE","din_start":600.0000094763024,"din_end":660.0000456212924,"din_rules":["Interventions","r1","r1_rev","r2","r3","r4","r5","r6"],"din_hits":[0,6525,6508,10800,3526933,3516132,981797,981831],"din_fluxs":[[0.0,0.0,0.0,0.0,0.0,0.0,0.0,0.0],[0.0,-0.0010904394755689199,0.10118650607468455,0.09899860685325748,0.0,-0.002041829990520831,0.0,0.0],[0.0,0.0010916385078644313,-0.08842649243143337,-0.16486818617447332,0.0,0.004445369782321984,0.0,0.0],[0.0,0.0,0.0,-0.3534821107232905,0.0031982151102737007,0.0,0.00676206161673199,0.0],[0.0,0.0,0.0,0.001997270734141935,-0.0031892717307623218,0.01102436631681063,-0.0031907650328534083,0.0],[0.0,0.0,0.0,0.0,0.0031994871642490735,-0.010941390024140166,0.0037676914171889918,0.0],[0.0,0.0,0.0,0.0,0.0,0.0,-0.005662271919496294,0.00143543669043636],[0.0,0.0,0.0,0.0,0.0,0.0,0.0036769967707391276,-0.0014333780880454456]]}