{"din_name":"flux_level02076.json","din_kind":"RELATIVE","din_start":600.0000084664315,"din_end":660.0000173976186,"din_rules":["Interventions","r1","r1_rev","r2","r3","r4","r5","r6"],"din_hits":[0,8839,8809,12552,528320,515766,1776942,1776970],"din_fluxs":[[0.0,0.0,0.0,0.0,0.0,0.0,0.0,0.0],[0.0,-0.001116512886062619,0.029473014938042965,0.032760364752037884,0.0,-0.002102842105324825,0.0,0.0],[0.0,0.0011178382034628769,-0.027837572136671422,-0.05336369576992896,0.0,0.00388029742771959,0.0,0.0],[0.0,0.0,0.0,-0.2076659236746942,0.00272219306715392,0.0,0.004263844621764686,0.0],[0.0,0.0,0.0,0.006704843257943002,-0.0027143483037349245,0.015989909675141883,-0.0027122870121831745,0.0],[0.0,0.0,0.0,0.0,0.0027217282819368806,-0.016143999888023616,0.003825196581873346,0.0],[0.0,0.0,0.0,0.0,0.0,0.0,-0.00238122270234774,0.002725694517175778],[0.0,0.0,0.0,0.0,0.0,0.0,0.0020565009937134338,-0.002718269916172617]]}