{"din_name":"flux_level09900.json","din_kind":"RELATIVE","din_start":600.0000131583344,"din_end":660.0000003467371,"din_rules":["Interventions","r1","r1_rev","r2","r3","r4","r5","r6"],"din_hits":[0,2265797,2265208,1747953,2290044,542102,516067,516085],"din_fluxs":[[0.0,0.0,0.0,0.0,0.0,0.0,0.0,0.0],[0.0,-0.0025767577853375015,0.0017025297551641724,0.006285769147668813,0.0,-0.004976266113829344,0.0,0.0],[0.0,0.0025836820731875007,-0.0016693225793710444,-0.00332965312147529,0.0,0.0027038006642656157,0.0,0.0],[0.0,0.0,0.0,-0.029039536164829214,0.0028865720245851065,0.0,0.003521205878475123,0.0],[0.0,0.0,0.0,0.019902629557753505,-0.002878249756670312,0.00796302643837817,-0.0028758057112249057,0.0],[0.0,0.0,0.0,0.0,0.0028865327041607295,-0.023374768576434602,0.003948150299279212,0.0],[0.0,0.0,0.0,0.0,0.0,0.0,-0.01058219446779701,0.0011750891649350708],[0.0,0.0,0.0,0.0,0.0,0.0,0.007546211521925984,-0.001173709782144803]]}