{"din_name":"flux_level07546.json","din_kind":"RELATIVE","din_start":600.0000111648287,"din_end":660.0000166837624,"din_rules":["Interventions","r1","r1_rev","r2","r3","r4","r5","r6"],"din_hits":[0,50590,50583,1704,1339611,1337910,1500561,1500587],"din_fluxs":[[0.0,0.0,0.0,0.0,0.0,0.0,0.0,0.0],[0.0,-0.0010904786401516968,0.09979881662528679,0.15558702723748802,0.0,-0.0020162242567765155,0.0,0.0],[0.0,0.0010916702664815578,-0.08847365854890152,-0.1655911034126196,0.0,0.0028525119961451384,0.0,0.0],[0.0,0.0,0.0,-0.35999418369427344,0.004553619809743436,0.0,0.006470862214433121,0.0],[0.0,0.0,0.0,0.0031693288701546527,-0.004534294035770745,0.0072625304466392895,-0.004533656138543172,0.0],[0.0,0.0,0.0,0.0,0.004554985920429493,-0.007250234534142843,0.006051290907608794,0.0],[0.0,0.0,0.0,0.0,0.0,0.0,-0.003625540278220223,0.0038589848332198514],[0.0,0.0,0.0,0.0,0.0,0.0,0.0023111147968705036,-0.0038441039271199344]]}