{"din_name":"flux_level12822.json","din_kind":"RELATIVE","din_start":600.0000329392187,"din_end":660.0001842736522,"din_rules":["Interventions","r1","r1_rev","r2","r3","r4","r5","r6"],"din_hits":[0,77760,77748,39,31251,31227,247435,247451],"din_fluxs":[[0.0,0.0,0.0,0.0,0.0,0.0,0.0,0.0],[0.0,-0.0010947164963891352,0.07114483319200902,0.15905457354355063,0.0,-0.0020314294011471493,0.0,0.0],[0.0,0.001095917800451189,-0.06508404164762231,-0.12180851080065644,0.0,0.0020778143894639254,0.0,0.0],[0.0,0.0,0.0,-0.3391095732815925,0.004686887459508557,0.0,0.006947352675938525,0.0],[0.0,0.0,0.0,0.008157132411370381,-0.0046868565601673245,0.007015422680513232,-0.004660158462077788,0.0],[0.0,0.0,0.0,0.0,0.004708967561832414,-0.007072016240689142,0.007154422880494444,0.0],[0.0,0.0,0.0,0.0,0.0,0.0,-0.003642287462895188,0.0060484320581974185],[0.0,0.0,0.0,0.0,0.0,0.0,0.0033450375419673806,-0.00601182986203753]]}