{"din_name":"flux_level10494.json","din_kind":"RELATIVE","din_start":600.0000064461747,"din_end":660.0000050746825,"din_rules":["Interventions","r1","r1_rev","r2","r3","r4","r5","r6"],"din_hits":[0,48551,48539,5011,2238502,2233509,368017,368009],"din_fluxs":[[0.0,0.0,0.0,0.0,0.0,0.0,0.0,0.0],[0.0,-0.0010891325348148944,0.12353589364376612,0.1368545499209894,0.0,-0.0020353833876588204,0.0,0.0],[0.0,0.001090321179353613,-0.10034774204431211,-0.17929711904943046,0.0,0.004224744263212525,0.0,0.0],[0.0,0.0,0.0,-0.47159527548328734,0.002828801500987532,0.0,0.0030282278627690898,0.0],[0.0,0.0,0.0,0.005421693014214131,-0.002821266021549373,0.014058745671485911,-0.002820504462107066,0.0],[0.0,0.0,0.0,0.0,0.0028292530648543783,-0.01394027793035358,0.0029186530996497206,0.0],[0.0,0.0,0.0,0.0,0.0,0.0,-0.001966601354638745,0.003635559023483958],[0.0,0.0,0.0,0.0,0.0,0.0,0.001430984421517233,-0.0036223541051023742]]}