{"din_name":"flux_level13670.json","din_kind":"RELATIVE","din_start":600.0000055746117,"din_end":660.0000249900502,"din_rules":["Interventions","r1","r1_rev","r2","r3","r4","r5","r6"],"din_hits":[0,150761,150705,126423,2774468,2648047,609059,609064],"din_fluxs":[[0.0,0.0,0.0,0.0,0.0,0.0,0.0,0.0],[0.0,-0.001146227186604529,0.016507583303094406,0.022970932372186507,0.0,-0.0021402617642028252,0.0,0.0],[0.0,0.0011475569474504756,-0.015954172648761925,-0.0314598952815324,0.0,0.003153934669077815,0.0,0.0],[0.0,0.0,0.0,-0.1280808498115668,0.002984052785965628,0.0,0.0031666714819528394,0.0],[0.0,0.0,0.0,0.007230215168931674,-0.0029755225882870957,0.012825587215530239,-0.0029756326274191086,0.0],[0.0,0.0,0.0,0.0,0.0029844248986129725,-0.013315730046395965,0.0030891000297416397,0.0],[0.0,0.0,0.0,0.0,0.0,0.0,-0.001750000408737588,0.007218666113028631],[0.0,0.0,0.0,0.0,0.0,0.0,0.00126490032862283,-0.007166602869150669]]}