{"din_name":"flux_level03803.json","din_kind":"RELATIVE","din_start":600.0000324003186,"din_end":660.0000027765988,"din_rules":["Interventions","r1","r1_rev","r2","r3","r4","r5","r6"],"din_hits":[0,70558,70541,7357,2275271,2267905,758689,758726],"din_fluxs":[[0.0,0.0,0.0,0.0,0.0,0.0,0.0,0.0],[0.0,-0.0010937573829776308,0.07932281693249009,0.09548745776612971,0.0,-0.002019836690819044,0.0,0.0],[0.0,0.0010949566139782558,-0.06911480133496956,-0.13040367958731391,0.0,0.0035163956251212203,0.0,0.0],[0.0,0.0,0.0,-0.3316705454335824,0.0033277023710386816,0.0,0.0036798981241794575,0.0],[0.0,0.0,0.0,0.003819294031998407,-0.0033172323086662022,0.01030913153649882,-0.0033174261393571066,0.0],[0.0,0.0,0.0,0.0,0.003328284214385933,-0.010282052456046489,0.003541051097279427,0.0],[0.0,0.0,0.0,0.0,0.0,0.0,-0.0020134706942623124,0.006488670343329493],[0.0,0.0,0.0,0.0,0.0,0.0,0.0013833569777081378,-0.006446618361110828]]}