{"din_name":"flux_level12324.json","din_kind":"RELATIVE","din_start":600.0000053435723,"din_end":660.0000069176064,"din_rules":["Interventions","r1","r1_rev","r2","r3","r4","r5","r6"],"din_hits":[0,21253,21224,135211,3457191,3321959,846598,846633],"din_fluxs":[[0.0,0.0,0.0,0.0,0.0,0.0,0.0,0.0],[0.0,-0.0011324299767519548,0.020694384838237028,0.025269037511784033,0.0,-0.002120780064203117,0.0,0.0],[0.0,0.001133767405853974,-0.019803764907603605,-0.03878860617190197,0.0,0.003613122600256506,0.0,0.0],[0.0,0.0,0.0,-0.17466900204871577,0.0026799156531045754,0.0,0.0029714727992334266,0.0],[0.0,0.0,0.0,0.00843674204245942,-0.0026728197546011952,0.016793701910855493,-0.0026734051859509823,0.0],[0.0,0.0,0.0,0.0,0.002679988230933863,-0.017185322684424343,0.0027782865751970363,0.0],[0.0,0.0,0.0,0.0,0.0,0.0,-0.001833815624412188,0.0038099164654550777],[0.0,0.0,0.0,0.0,0.0,0.0,0.001413373086247674,-0.0037954264493684936]]}