{"din_name":"flux_level13570.json","din_kind":"RELATIVE","din_start":600.000002464671,"din_end":660.0000070926794,"din_rules":["Interventions","r1","r1_rev","r2","r3","r4","r5","r6"],"din_hits":[0,71797,71787,8730,1632705,1623972,673590,673625],"din_fluxs":[[0.0,0.0,0.0,0.0,0.0,0.0,0.0,0.0],[0.0,-0.0010960942419928144,0.06485255796400763,0.07493778163160095,0.0,-0.002018217767555677,0.0,0.0],[0.0,0.0010972987520651584,-0.0597425216293713,-0.11197347842581788,0.0,0.003983219898407305,0.0,0.0],[0.0,0.0,0.0,-0.3655704479243879,0.0027602196585839586,0.0,0.003128753291027909,0.0],[0.0,0.0,0.0,0.0062950321631001505,-0.0027528974910428087,0.01506374289567301,-0.002753271205525362,0.0],[0.0,0.0,0.0,0.0,0.00276050171097324,-0.015002505884043293,0.002949843120657509,0.0],[0.0,0.0,0.0,0.0,0.0,0.0,-0.0019215334522295485,0.003718255594763367],[0.0,0.0,0.0,0.0,0.0,0.0,0.001469207128674424,-0.0037044494237756095]]}