{"din_name":"flux_level11401.json","din_kind":"RELATIVE","din_start":600.0000110301949,"din_end":660.0000194012674,"din_rules":["Interventions","r1","r1_rev","r2","r3","r4","r5","r6"],"din_hits":[0,2418,2401,11465,1727921,1716447,1179067,1179102],"din_fluxs":[[0.0,0.0,0.0,0.0,0.0,0.0,0.0,0.0],[0.0,-0.0010929677257633297,0.08126533104731362,0.06952886410958409,0.0,-0.0020639290062696453,0.0,0.0],[0.0,0.001094205053414146,-0.07289224768337563,-0.13606813024809267,0.0,0.005401224596846559,0.0,0.0],[0.0,0.0,0.0,-0.3729335046319163,0.0026387970645166295,0.0,0.00530078429836778,0.0],[0.0,0.0,0.0,0.0044386749211654825,-0.0026333195514685187,0.01727865160796991,-0.002633552246551886,0.0],[0.0,0.0,0.0,0.0,0.002640284721892384,-0.017100124070166214,0.0032663356885758547,0.0],[0.0,0.0,0.0,0.0,0.0,0.0,-0.0042202028130435745,0.0014985912609816014],[0.0,0.0,0.0,0.0,0.0,0.0,0.0033140361651390364,-0.0014963486526938386]]}