{"din_name":"flux_level13089.json","din_kind":"RELATIVE","din_start":600.0000001242653,"din_end":660.0000158472137,"din_rules":["Interventions","r1","r1_rev","r2","r3","r4","r5","r6"],"din_hits":[0,105849,105827,26495,3112452,3085952,884078,884067],"din_fluxs":[[0.0,0.0,0.0,0.0,0.0,0.0,0.0,0.0],[0.0,-0.001101925536955703,0.04792374968519178,0.055035652635093246,0.0,-0.0020325399672030298,0.0,0.0],[0.0,0.0011031436864581304,-0.04492068082435286,-0.08655162321525189,0.0,0.003764989315594258,0.0,0.0],[0.0,0.0,0.0,-0.25656584303786145,0.0030290295175731943,0.0,0.003680241865571166,0.0],[0.0,0.0,0.0,0.0045151324552211115,-0.0030205638732395544,0.012250396787027851,-0.0030173358420807145,0.0],[0.0,0.0,0.0,0.0,0.003029727005600615,-0.012262463156242165,0.0032985360781934247,0.0],[0.0,0.0,0.0,0.0,0.0,0.0,-0.0030030270993547446,0.002081026377110763],[0.0,0.0,0.0,0.0,0.0,0.0,0.0020604303743007096,-0.002076701545313887]]}