{"din_name":"flux_level04051.json","din_kind":"RELATIVE","din_start":600.0000834560525,"din_end":660.0000090735261,"din_rules":["Interventions","r1","r1_rev","r2","r3","r4","r5","r6"],"din_hits":[0,69074,69056,729,344314,343596,346732,346738],"din_fluxs":[[0.0,0.0,0.0,0.0,0.0,0.0,0.0,0.0],[0.0,-0.0010934274920904677,0.07788340834794123,0.15196136707351207,0.0,-0.0020438673616042604,0.0,0.0],[0.0,0.001094625910303119,-0.07072938804386368,-0.12156139281146774,0.0,0.002922962187236566,0.0,0.0],[0.0,0.0,0.0,-0.5307807860290903,0.0026416232903862646,0.0,0.004027106280152761,0.0],[0.0,0.0,0.0,0.015802655703803997,-0.0026318524253724396,0.016948179439135222,-0.002637301388206769,0.0],[0.0,0.0,0.0,0.0,0.002638792337462665,-0.016868454533507306,0.0039596612919930935,0.0],[0.0,0.0,0.0,0.0,0.0,0.0,-0.00602756386654701,0.0013249559394936518],[0.0,0.0,0.0,0.0,0.0,0.0,0.0047727283234919515,-0.001323202257126785]]}