{"din_name":"flux_level08843.json","din_kind":"RELATIVE","din_start":600.0000202759991,"din_end":660.0000007997213,"din_rules":["Interventions","r1","r1_rev","r2","r3","r4","r5","r6"],"din_hits":[0,144383,144360,39452,2992595,2953136,1181098,1181134],"din_fluxs":[[0.0,0.0,0.0,0.0,0.0,0.0,0.0,0.0],[0.0,-0.0011099015092348923,0.03533686849102636,0.04385613546750327,0.0,-0.002071082366254951,0.0,0.0],[0.0,0.0011111379347516495,-0.03355043526986284,-0.06496282114833887,0.0,0.003474937982211943,0.0,0.0],[0.0,0.0,0.0,-0.2022835816004627,0.0031389757384365927,0.0,0.004276733991913039,0.0],[0.0,0.0,0.0,0.004723801004020646,-0.0031299223089106478,0.011506020689395775,-0.0031328243511216853,0.0],[0.0,0.0,0.0,0.0,0.003139766632860239,-0.011592119280253547,0.0036963439244647894,0.0],[0.0,0.0,0.0,0.0,0.0,0.0,-0.004167159801983657,0.0016710540272881463],[0.0,0.0,0.0,0.0,0.0,0.0,0.0027858276622695815,-0.0016682643694259768]]}