{"din_name":"flux_level04882.json","din_kind":"RELATIVE","din_start":600.0000084514762,"din_end":660.0000070923963,"din_rules":["Interventions","r1","r1_rev","r2","r3","r4","r5","r6"],"din_hits":[0,9593,9578,15117,2220134,2205004,1148328,1148307],"din_fluxs":[[0.0,0.0,0.0,0.0,0.0,0.0,0.0,0.0],[0.0,-0.0010937544279253084,0.07581737947839037,0.06582942220267905,0.0,-0.002005029316613708,0.0,0.0],[0.0,0.001094964060495186,-0.06888173811234248,-0.1307235839814226,0.0,0.005218619461270083,0.0,0.0],[0.0,0.0,0.0,-0.3635014215754401,0.0026542835154516734,0.0,0.0044660801743511966,0.0],[0.0,0.0,0.0,0.004562526778475129,-0.0026473875326642046,0.016992047411486955,-0.0026464931123047863,0.0],[0.0,0.0,0.0,0.0,0.0026544179863511918,-0.016833345626580034,0.003082251192772506,0.0],[0.0,0.0,0.0,0.0,0.0,0.0,-0.0036871082633019832,0.0016019003678539583],[0.0,0.0,0.0,0.0,0.0,0.0,0.0028671426713248968,-0.0015993378744041254]]}