{"din_name":"flux_level04020.json","din_kind":"RELATIVE","din_start":600.0000316018807,"din_end":660.0000027846029,"din_rules":["Interventions","r1","r1_rev","r2","r3","r4","r5","r6"],"din_hits":[0,58669,58658,910,416149,415242,1213259,1213240],"din_fluxs":[[0.0,0.0,0.0,0.0,0.0,0.0,0.0,0.0],[0.0,-0.0010922675347238876,0.08519498477695535,0.15434856490290605,0.0,-0.0020271107080280485,0.0,0.0],[0.0,0.0010934634443409818,-0.0767624149716231,-0.13068516428332214,0.0,0.003152187009654175,0.0,0.0],[0.0,0.0,0.0,-0.5489013503370583,0.002607889207694802,0.0,0.0034801800658909522,0.0],[0.0,0.0,0.0,0.015110443098657243,-0.0026012742619675555,0.017629856001655165,-0.002603702507932753,0.0],[0.0,0.0,0.0,0.0,0.002608061241391488,-0.017513033089447,0.0033635707038328615,0.0],[0.0,0.0,0.0,0.0,0.0,0.0,-0.0020300472364116477,0.0031716060069181097],[0.0,0.0,0.0,0.0,0.0,0.0,0.0017768063464671682,-0.0031615583732896445]]}