{"din_name":"flux_level11093.json","din_kind":"RELATIVE","din_start":600.0000050499387,"din_end":660.0000147153543,"din_rules":["Interventions","r1","r1_rev","r2","r3","r4","r5","r6"],"din_hits":[0,1531900,1531192,590731,650738,60035,614522,614456],"din_fluxs":[[0.0,0.0,0.0,0.0,0.0,0.0,0.0,0.0],[0.0,-0.0032310665349365164,0.0014960468663295957,0.004557220427275118,0.0,-0.0062893742399795045,0.0,0.0],[0.0,0.00324221904029688,-0.0014655287174513611,-0.0029300946330195646,0.0,0.004150953323924177,0.0,0.0],[0.0,0.0,0.0,-0.0208134243453864,0.0029782791045423404,0.0,0.003499957399524333,0.0],[0.0,0.0,0.0,0.015518004897526265,-0.0029695176518667317,0.00800643742895453,-0.0029716061794560597,0.0],[0.0,0.0,0.0,0.0,0.002979332864510974,-0.028951910891495552,0.0035988601272870834,0.0],[0.0,0.0,0.0,0.0,0.0,0.0,-0.0023002724330288666,0.003187444452549663],[0.0,0.0,0.0,0.0,0.0,0.0,0.0017493687121426882,-0.0031772635470412873]]}