{"din_name":"flux_level08153.json","din_kind":"RELATIVE","din_start":600.000004895476,"din_end":660.0000047716271,"din_rules":["Interventions","r1","r1_rev","r2","r3","r4","r5","r6"],"din_hits":[0,7685,7670,7319,1594539,1587215,409099,409099],"din_fluxs":[[0.0,0.0,0.0,0.0,0.0,0.0,0.0,0.0],[0.0,-0.001095713115253094,0.06722636928456852,0.07669529717298011,0.0,-0.002017159810524453,0.0,0.0],[0.0,0.0010969338733708308,-0.06144037342361096,-0.11759241811996361,0.0,0.0036769449777231543,0.0,0.0],[0.0,0.0,0.0,-0.25554965293927107,0.003708288530155593,0.0,0.010920806212467854,0.0],[0.0,0.0,0.0,0.0019169839107550238,-0.0036956438498018224,0.008978115952604927,-0.003683866236946666,0.0],[0.0,0.0,0.0,0.0,0.003709372908521028,-0.00894665834986598,0.005291585448392092,0.0],[0.0,0.0,0.0,0.0,0.0,0.0,-0.013697778261373274,0.001196292365651243],[0.0,0.0,0.0,0.0,0.0,0.0,0.0077681619499746155,-0.0011948626785513647]]}