{"din_name":"flux_level07808.json","din_kind":"RELATIVE","din_start":600.0000146016176,"din_end":660.000001381793,"din_rules":["Interventions","r1","r1_rev","r2","r3","r4","r5","r6"],"din_hits":[0,58566,58549,4719,1353549,1348829,1087775,1087741],"din_fluxs":[[0.0,0.0,0.0,0.0,0.0,0.0,0.0,0.0],[0.0,-0.001091705781535482,0.08932885584722612,0.10799827919014544,0.0,-0.0019912052438467148,0.0,0.0],[0.0,0.0010929002503989454,-0.08013426072687128,-0.14217454762789702,0.0,0.004303859902494098,0.0,0.0],[0.0,0.0,0.0,-0.4934377125206733,0.00256436456387133,0.0,0.0029730505955959394,0.0],[0.0,0.0,0.0,0.00906764123396302,-0.002556796165571858,0.018884463771015936,-0.002557153219595839,0.0],[0.0,0.0,0.0,0.0,0.002563348662326354,-0.018693624276055806,0.002800090438538908,0.0],[0.0,0.0,0.0,0.0,0.0,0.0,-0.0017259245294331527,0.004111523355635611],[0.0,0.0,0.0,0.0,0.0,0.0,0.0014358643618945057,-0.0040946283074690575]]}