{"din_name":"flux_level08576.json","din_kind":"RELATIVE","din_start":600.0000013264441,"din_end":660.0000359548353,"din_rules":["Interventions","r1","r1_rev","r2","r3","r4","r5","r6"],"din_hits":[0,59825,59795,46653,2946529,2899877,1267732,1267739],"din_fluxs":[[0.0,0.0,0.0,0.0,0.0,0.0,0.0,0.0],[0.0,-0.0011085225465395014,0.03699388453468546,0.040460781172422695,0.0,-0.0020776577996734088,0.0,0.0],[0.0,0.001109760130537901,-0.03504496835645764,-0.06746929309679409,0.0,0.0040107267178788085,0.0,0.0],[0.0,0.0,0.0,-0.22994771134739642,0.002802776246318079,0.0,0.0035462754016495025,0.0],[0.0,0.0,0.0,0.005467518293439843,-0.002795118056642041,0.014705851855199986,-0.0027968079469800336,0.0],[0.0,0.0,0.0,0.0,0.00280295913657079,-0.014760732426099838,0.003083971620572168,0.0],[0.0,0.0,0.0,0.0,0.0,0.0,-0.002554165444889423,0.002299309850464655],[0.0,0.0,0.0,0.0,0.0,0.0,0.00190310008095771,-0.0022940281418844448]]}