{"din_name":"flux_level07400.json","din_kind":"RELATIVE","din_start":600.0000075874353,"din_end":660.0000356999485,"din_rules":["Interventions","r1","r1_rev","r2","r3","r4","r5","r6"],"din_hits":[0,109815,109728,79780,1581695,1501893,291255,291224],"din_fluxs":[[0.0,0.0,0.0,0.0,0.0,0.0,0.0,0.0],[0.0,-0.0011569990069841632,0.014354856178846642,0.021737497155088808,0.0,-0.00215298610829866,0.0,0.0],[0.0,0.00115836479623495,-0.013890736310113444,-0.027498407016088505,0.0,0.0028765767294868646,0.0,0.0],[0.0,0.0,0.0,-0.09309141213316921,0.0035836055522925556,0.0,0.0039669935961512155,0.0],[0.0,0.0,0.0,0.005648959235685816,-0.0035712402722152784,0.009525729290183771,-0.0035706770487148134,0.0],[0.0,0.0,0.0,0.0,0.0035840777662983292,-0.009983657437837273,0.0038133727736799666,0.0],[0.0,0.0,0.0,0.0,0.0,0.0,-0.003039159459913778,0.0025365712545377663],[0.0,0.0,0.0,0.0,0.0,0.0,0.001784818837770958,-0.002530153437653703]]}