{"din_name":"flux_level00568.json","din_kind":"RELATIVE","din_start":600.0000044907781,"din_end":660.0000042652819,"din_rules":["Interventions","r1","r1_rev","r2","r3","r4","r5","r6"],"din_hits":[0,173502,173408,197912,2353799,2155874,1635701,1635681],"din_fluxs":[[0.0,0.0,0.0,0.0,0.0,0.0,0.0,0.0],[0.0,-0.0011841133325327588,0.010877051032951316,0.017169491121039257,0.0,-0.0022047464312748453,0.0,0.0],[0.0,0.0011855472500626847,-0.010562994996124193,-0.02074461146495416,0.0,0.002889251752239828,0.0,0.0],[0.0,0.0,0.0,-0.13113464481196538,0.0026343375824196416,0.0,0.003232750540643692,0.0],[0.0,0.0,0.0,0.012968327562075502,-0.002627382436162765,0.017551734738321004,-0.0026260813807065853,0.0],[0.0,0.0,0.0,0.0,0.002634303248881628,-0.018855962709490182,0.003053497808166509,0.0],[0.0,0.0,0.0,0.0,0.0,0.0,-0.002898639965551245,0.0018945890710362525],[0.0,0.0,0.0,0.0,0.0,0.0,0.002287220434018923,-0.0018910032787846241]]}