{"din_name":"flux_level12302.json","din_kind":"RELATIVE","din_start":600.0000030081962,"din_end":660.0000004111808,"din_rules":["Interventions","r1","r1_rev","r2","r3","r4","r5","r6"],"din_hits":[0,55270,55263,4020,2067299,2063285,871164,871170],"din_fluxs":[[0.0,0.0,0.0,0.0,0.0,0.0,0.0,0.0],[0.0,-0.001089152711633024,0.12332069452334982,0.14555835355628116,0.0,-0.0020105740580231377,0.0,0.0],[0.0,0.0010903411744335836,-0.1002357210188224,-0.17847446960482338,0.0,0.003957508424341194,0.0,0.0],[0.0,0.0,0.0,-0.47558034952478684,0.0028984751491332272,0.0,0.00391885233137207,0.0],[0.0,0.0,0.0,0.005725073017983061,-0.002889669367001738,0.013266813318233256,-0.0028906187074447458,0.0],[0.0,0.0,0.0,0.0,0.0028980474507512787,-0.013168622709426552,0.0033982708212562085,0.0],[0.0,0.0,0.0,0.0,0.0,0.0,-0.004048681733116159,0.0016045718842907938],[0.0,0.0,0.0,0.0,0.0,0.0,0.0028979754484875944,-0.0016019998234142387]]}