{"din_name":"flux_level07453.json","din_kind":"RELATIVE","din_start":600.0000089403837,"din_end":660.0000044414857,"din_rules":["Interventions","r1","r1_rev","r2","r3","r4","r5","r6"],"din_hits":[0,29201,29164,109209,3927431,3818222,1363320,1363325],"din_fluxs":[[0.0,0.0,0.0,0.0,0.0,0.0,0.0,0.0],[0.0,-0.001118810415997731,0.02752046674689249,0.030371212699517116,0.0,-0.002077395362516866,0.0,0.0],[0.0,0.0011200906275044963,-0.026240165767300497,-0.050385875558910685,0.0,0.004000665119076945,0.0,0.0],[0.0,0.0,0.0,-0.22212962035326497,0.0025915092443375,0.0,0.0031911734102968007,0.0],[0.0,0.0,0.0,0.008220300659374305,-0.002585024043431172,0.018660386177894825,-0.002584649684290682,0.0],[0.0,0.0,0.0,0.0,0.002591732132991801,-0.01884557394535626,0.002770704724100185,0.0],[0.0,0.0,0.0,0.0,0.0,0.0,-0.002540343573541574,0.002078877995064595],[0.0,0.0,0.0,0.0,0.0,0.0,0.002006590967421283,-0.0020745601096254485]]}