{"din_name":"flux_level01029.json","din_kind":"RELATIVE","din_start":600.0000061828883,"din_end":660.0000012290701,"din_rules":["Interventions","r1","r1_rev","r2","r3","r4","r5","r6"],"din_hits":[0,87254,87237,15552,3203203,3187632,1140553,1140539],"din_fluxs":[[0.0,0.0,0.0,0.0,0.0,0.0,0.0,0.0],[0.0,-0.0010962649202872117,0.06535383058421301,0.07551097211010567,0.0,-0.0020235568234237855,0.0,0.0],[0.0,0.0010974698384569248,-0.05931906354777565,-0.11294754947096482,0.0,0.003729450894409081,0.0,0.0],[0.0,0.0,0.0,-0.2986050121367034,0.003182730919953867,0.0,0.0035908783540358007,0.0],[0.0,0.0,0.0,0.0037956222661204688,-0.003173033886612339,0.011126939227942459,-0.003174094191505567,0.0],[0.0,0.0,0.0,0.0,0.003183143448757632,-0.011103001236633745,0.0034039129875009554,0.0],[0.0,0.0,0.0,0.0,0.0,0.0,-0.0020256508787719354,0.005121646896019353],[0.0,0.0,0.0,0.0,0.0,0.0,0.001415162521602227,-0.0050954428158487535]]}