{"din_name":"flux_level05473.json","din_kind":"RELATIVE","din_start":600.0000136165236,"din_end":660.0000050606857,"din_rules":["Interventions","r1","r1_rev","r2","r3","r4","r5","r6"],"din_hits":[0,91491,91468,55733,3681571,3625826,1746402,1746427],"din_fluxs":[[0.0,0.0,0.0,0.0,0.0,0.0,0.0,0.0],[0.0,-0.0011087497968204478,0.03671652197187684,0.04090351670985688,0.0,-0.0020584452066151463,0.0,0.0],[0.0,0.001109985187220622,-0.034800315157354454,-0.06741820479201956,0.0,0.0038912769598593317,0.0,0.0],[0.0,0.0,0.0,-0.22115639199652176,0.0028826531936897745,0.0,0.003472886125993873,0.0],[0.0,0.0,0.0,0.005175258075357148,-0.002874841285098309,0.013723664556811257,-0.0028751233442940315,0.0],[0.0,0.0,0.0,0.0,0.0028831417436553783,-0.01378775569211997,0.003147839778629752,0.0],[0.0,0.0,0.0,0.0,0.0,0.0,-0.002156880524492208,0.0031961682323351634],[0.0,0.0,0.0,0.0,0.0,0.0,0.0015990285025054142,-0.003185962856860727]]}