{"din_name":"flux_level08765.json","din_kind":"RELATIVE","din_start":600.0000024619976,"din_end":660.0000012527025,"din_rules":["Interventions","r1","r1_rev","r2","r3","r4","r5","r6"],"din_hits":[0,11494,11485,14880,3631693,3616794,742630,742609],"din_fluxs":[[0.0,0.0,0.0,0.0,0.0,0.0,0.0,0.0],[0.0,-0.0010898194891318768,0.1073311102823614,0.08904612580388013,0.0,-0.0019636829284828605,0.0,0.0],[0.0,0.0010910138285591797,-0.09421841967048297,-0.1696684656938898,0.0,0.005342921641632501,0.0,0.0],[0.0,0.0,0.0,-0.4248545687115079,0.002686307192070086,0.0,0.0033854311676681267,0.0],[0.0,0.0,0.0,0.003901493816118771,-0.0026794402415875732,0.016292429441937043,-0.0026795230697756727,0.0],[0.0,0.0,0.0,0.0,0.0026866431961521877,-0.016105681167220637,0.002794350930901167,0.0],[0.0,0.0,0.0,0.0,0.0,0.0,-0.002196652643055696,0.0026169280367048862],[0.0,0.0,0.0,0.0,0.0,0.0,0.0016754207855900526,-0.0026100873672993984]]}