{"din_name":"flux_level07091.json","din_kind":"RELATIVE","din_start":600.0000038498971,"din_end":660.0000048957467,"din_rules":["Interventions","r1","r1_rev","r2","r3","r4","r5","r6"],"din_hits":[0,11903,11890,1995,501267,499262,1899872,1899829],"din_fluxs":[[0.0,0.0,0.0,0.0,0.0,0.0,0.0,0.0],[0.0,-0.001091633783112916,0.08988438621402896,0.09616230590112564,0.0,-0.002024761444216954,0.0,0.0],[0.0,0.0010928339453932549,-0.0804673895857433,-0.1481264166022082,0.0,0.004660281482660272,0.0,0.0],[0.0,0.0,0.0,-0.44296234888397057,0.0026391293391511013,0.0,0.005009457659771684,0.0],[0.0,0.0,0.0,0.0063990074286396385,-0.0026316278106620038,0.017169464760059833,-0.002630682179620689,0.0],[0.0,0.0,0.0,0.0,0.002638571224451426,-0.017005926693668388,0.004184875029505573,0.0],[0.0,0.0,0.0,0.0,0.0,0.0,-0.0029130946328603524,0.0020699349703704583],[0.0,0.0,0.0,0.0,0.0,0.0,0.002514374110805765,-0.00206565292882978]]}