{"din_name":"flux_level08081.json","din_kind":"RELATIVE","din_start":600.000000003386,"din_end":660.0000031031365,"din_rules":["Interventions","r1","r1_rev","r2","r3","r4","r5","r6"],"din_hits":[0,50894,50880,14078,3807841,3793752,1423762,1423794],"din_fluxs":[[0.0,0.0,0.0,0.0,0.0,0.0,0.0,0.0],[0.0,-0.0010926771243433757,0.08256686486389324,0.0900187650441493,0.0,-0.0020320018682865155,0.0,0.0],[0.0,0.001093874342516017,-0.0746073216559586,-0.13980567864844934,0.0,0.0040599176938629425,0.0,0.0],[0.0,0.0,0.0,-0.3418170004250449,0.0031308106016985637,0.0,0.004393743259840049,0.0],[0.0,0.0,0.0,0.0031863802328140484,-0.003121575448727806,0.011438227274198229,-0.0031214044060135296,0.0],[0.0,0.0,0.0,0.0,0.003131359088012586,-0.01137669674735043,0.0035573219424999535,0.0],[0.0,0.0,0.0,0.0,0.0,0.0,-0.003413429165190194,0.0019281417002374912],[0.0,0.0,0.0,0.0,0.0,0.0,0.002294791638538588,-0.0019244269415754861]]}