{"din_name":"flux_level10333.json","din_kind":"RELATIVE","din_start":600.000011328033,"din_end":660.0000107292144,"din_rules":["Interventions","r1","r1_rev","r2","r3","r4","r5","r6"],"din_hits":[0,722,715,6219,1538177,1531949,175584,175586],"din_fluxs":[[0.0,0.0,0.0,0.0,0.0,0.0,0.0,0.0],[0.0,-0.0010890522854933302,0.12256662972082216,0.10033924232019271,0.0,-0.002070717779313133,0.0,0.0],[0.0,0.001090308596000762,-0.1025828109396173,-0.19333057360302797,0.0,0.006136701138267223,0.0,0.0],[0.0,0.0,0.0,-0.4365765445672873,0.0026435945560118624,0.0,0.010431208715529881,0.0],[0.0,0.0,0.0,0.003786838755894238,-0.002636666384649491,0.017123738447838037,-0.0026431893548342395,0.0],[0.0,0.0,0.0,0.0,0.002643639747513775,-0.016903429396315492,0.0035825624918205553,0.0],[0.0,0.0,0.0,0.0,0.0,0.0,-0.03117803982565819,0.0010495558020057073],[0.0,0.0,0.0,0.0,0.0,0.0,0.02455965825806541,-0.0010484553670992087]]}