{"din_name":"flux_level03232.json","din_kind":"RELATIVE","din_start":600.0000031076797,"din_end":660.0000055190668,"din_rules":["Interventions","r1","r1_rev","r2","r3","r4","r5","r6"],"din_hits":[0,160724,160628,111439,1513913,1402483,2339477,2339457],"din_fluxs":[[0.0,0.0,0.0,0.0,0.0,0.0,0.0,0.0],[0.0,-0.0011736811013719204,0.011975718583303662,0.01824369672331018,0.0,-0.002176960185959186,0.0,0.0],[0.0,0.0011750865022157222,-0.011619472235379501,-0.022823570854874423,0.0,0.0029583750213934947,0.0,0.0],[0.0,0.0,0.0,-0.1385770690610402,0.0026372307222959955,0.0,0.003558080913388508,0.0],[0.0,0.0,0.0,0.012384937856576865,-0.002630440563941803,0.01750800056398564,-0.0026315247087135007,0.0],[0.0,0.0,0.0,0.0,0.0026373922545131732,-0.018635040997264648,0.0033511730110787974,0.0],[0.0,0.0,0.0,0.0,0.0,0.0,-0.0025605845731808035,0.002216923987568548],[0.0,0.0,0.0,0.0,0.0,0.0,0.0020989745962157694,-0.0022120153222569094]]}