{"din_name":"flux_level09754.json","din_kind":"RELATIVE","din_start":600.0000105292477,"din_end":660.0000070111104,"din_rules":["Interventions","r1","r1_rev","r2","r3","r4","r5","r6"],"din_hits":[0,79253,79242,11129,2636956,2625829,1676829,1676829],"din_fluxs":[[0.0,0.0,0.0,0.0,0.0,0.0,0.0,0.0],[0.0,-0.0010934383224208638,0.07768448004216187,0.08823083925943172,0.0,-0.002030530377029509,0.0,0.0],[0.0,0.0010946365584842885,-0.07059610629626432,-0.13112465680389881,0.0,0.004137058167301354,0.0,0.0],[0.0,0.0,0.0,-0.38913928104538875,0.002793449542616363,0.0,0.00399066455942006,0.0],[0.0,0.0,0.0,0.005519241556611074,-0.002786392065886006,0.014575128183697494,-0.0027875522639153054,0.0],[0.0,0.0,0.0,0.0,0.002794184399707951,-0.01448698923805652,0.003340674380056473,0.0],[0.0,0.0,0.0,0.0,0.0,0.0,-0.003365556532080587,0.0017801861418824745],[0.0,0.0,0.0,0.0,0.0,0.0,0.0025251794110132185,-0.0017770202662655548]]}