{"din_name":"flux_level00170.json","din_kind":"RELATIVE","din_start":600.0000026709853,"din_end":660.0000131911743,"din_rules":["Interventions","r1","r1_rev","r2","r3","r4","r5","r6"],"din_hits":[0,32113,32097,20558,2643580,2623025,1479515,1479520],"din_fluxs":[[0.0,0.0,0.0,0.0,0.0,0.0,0.0,0.0],[0.0,-0.0010961651519820217,0.065045780834308,0.062302246711679984,0.0,-0.0020249143459862796,0.0,0.0],[0.0,0.0010973728386662592,-0.05985646456882731,-0.1125791109184469,0.0,0.004788457515487423,0.0,0.0],[0.0,0.0,0.0,-0.3451521135417825,0.0026558843386850707,0.0,0.004354840993755331,0.0],[0.0,0.0,0.0,0.005215516161736126,-0.002649792781814948,0.01694743554448109,-0.0026520480656881317,0.0],[0.0,0.0,0.0,0.0,0.002656842909297053,-0.016825346239855273,0.003171060305610685,0.0],[0.0,0.0,0.0,0.0,0.0,0.0,-0.004047711967220762,0.0015270093148273263],[0.0,0.0,0.0,0.0,0.0,0.0,0.0031474296604348034,-0.00152467999460122]]}