{"din_name":"flux_level13544.json","din_kind":"RELATIVE","din_start":600.0000006225363,"din_end":660.0000418874848,"din_rules":["Interventions","r1","r1_rev","r2","r3","r4","r5","r6"],"din_hits":[0,347654,347580,28417,589951,561514,557137,557158],"din_fluxs":[[0.0,0.0,0.0,0.0,0.0,0.0,0.0,0.0],[0.0,-0.001163788776245763,0.013260875104567478,0.022394349589522734,0.0,-0.0021597375632728777,0.0,0.0],[0.0,0.0011651547172180433,-0.012865528876804904,-0.025320123392016794,0.0,0.002606671610726211,0.0,0.0],[0.0,0.0,0.0,-0.11134895859771475,0.003181783618681298,0.0,0.00528441904040624,0.0],[0.0,0.0,0.0,0.008609668732983636,-0.0031716032647974993,0.01116455165639428,-0.0031735296457431053,0.0],[0.0,0.0,0.0,0.0,0.003181701265610539,-0.0118585125282387,0.0050951558428884835,0.0],[0.0,0.0,0.0,0.0,0.0,0.0,-0.006278454858600616,0.0014477606335849416],[0.0,0.0,0.0,0.0,0.0,0.0,0.004304994054706972,-0.0014456672285367903]]}