{"din_name":"flux_level04489.json","din_kind":"RELATIVE","din_start":600.0000069523797,"din_end":660.000009267538,"din_rules":["Interventions","r1","r1_rev","r2","r3","r4","r5","r6"],"din_hits":[0,3238,3224,16685,2959332,2942626,1530023,1530043],"din_fluxs":[[0.0,0.0,0.0,0.0,0.0,0.0,0.0,0.0],[0.0,-0.0010907480132745385,0.09925360583615113,0.08418623483921982,0.0,-0.0019055106815277444,0.0,0.0],[0.0,0.0010919615033367677,-0.0874695437722364,-0.15876127228512305,0.0,0.005826921167641527,0.0,0.0],[0.0,0.0,0.0,-0.4359704096905082,0.0025336142238658113,0.0,0.003140576843358358,0.0],[0.0,0.0,0.0,0.005257526342550506,-0.0025274157731540064,0.019909068680559583,-0.0025272298043456454,0.0],[0.0,0.0,0.0,0.0,0.0025338228568065955,-0.019631375691985937,0.002695131181579861,0.0],[0.0,0.0,0.0,0.0,0.0,0.0,-0.0017587390199212717,0.0037029356751919094],[0.0,0.0,0.0,0.0,0.0,0.0,0.0014474784308687804,-0.0036892348866494665]]}