{"din_name":"flux_level13331.json","din_kind":"RELATIVE","din_start":600.000006659612,"din_end":660.0000062375645,"din_rules":["Interventions","r1","r1_rev","r2","r3","r4","r5","r6"],"din_hits":[0,648987,648843,318882,2149520,1830640,391591,391592],"din_fluxs":[[0.0,0.0,0.0,0.0,0.0,0.0,0.0,0.0],[0.0,-0.0012584762219017072,0.006759881314003846,0.013078880915677946,0.0,-0.002340725572638093,0.0,0.0],[0.0,0.0012600844437818171,-0.006599105307976883,-0.013000917560213092,0.0,0.002476007903642819,0.0,0.0],[0.0,0.0,0.0,-0.10278283411327073,0.0026222714813616526,0.0,0.003372815103700275,0.0],[0.0,0.0,0.0,0.01699053336572469,-0.0026153796251622906,0.01732384239697769,-0.002614439739443058,0.0],[0.0,0.0,0.0,0.0,0.0026222347421518757,-0.01998189091937452,0.0033049418892820166,0.0],[0.0,0.0,0.0,0.0,0.0,0.0,-0.015277093482739812,0.001100865074069838],[0.0,0.0,0.0,0.0,0.0,0.0,0.011922896060991593,-0.001099654407273325]]}