{"din_name":"flux_level09842.json","din_kind":"RELATIVE","din_start":600.0000193382599,"din_end":660.0000108782962,"din_rules":["Interventions","r1","r1_rev","r2","r3","r4","r5","r6"],"din_hits":[0,82605,82591,9475,2745539,2736076,1480724,1480729],"din_fluxs":[[0.0,0.0,0.0,0.0,0.0,0.0,0.0,0.0],[0.0,-0.0010965922837462292,0.0630317745357403,0.08701942753689676,0.0,-0.002022589847824955,0.0,0.0],[0.0,0.001097798006166312,-0.0581677256252081,-0.11161251821007001,0.0,0.0030595907263483014,0.0,0.0],[0.0,0.0,0.0,-0.25277338241179736,0.004339726483356206,0.0,0.005562435791902906,0.0],[0.0,0.0,0.0,0.002509147126228326,-0.004319456462208776,0.007621781366833992,-0.004319926583528233,0.0],[0.0,0.0,0.0,0.0,0.004338219790108552,-0.007620798411207732,0.005118125710402117,0.0],[0.0,0.0,0.0,0.0,0.0,0.0,-0.0033038993362258023,0.0035479497005981905],[0.0,0.0,0.0,0.0,0.0,0.0,0.0018796448365454728,-0.0035353739675839176]]}