{"din_name":"flux_level08362.json","din_kind":"RELATIVE","din_start":600.0000060360917,"din_end":660.0000008050538,"din_rules":["Interventions","r1","r1_rev","r2","r3","r4","r5","r6"],"din_hits":[0,51976,51967,15712,3280665,3264960,2027514,2027482],"din_fluxs":[[0.0,0.0,0.0,0.0,0.0,0.0,0.0,0.0],[0.0,-0.0010919485776272845,0.0872851821718567,0.08469625065358317,0.0,-0.0020180478581492407,0.0,0.0],[0.0,0.0010931437923774833,-0.07849859211720363,-0.14489199507916467,0.0,0.005011123274837404,0.0,0.0],[0.0,0.0,0.0,-0.42965625556293546,0.002602644406862846,0.0,0.003584147412463689,0.0],[0.0,0.0,0.0,0.005872680198087642,-0.0025955478858882765,0.018019475911671863,-0.002594458525789376,0.0],[0.0,0.0,0.0,0.0,0.002602302918818629,-0.017829195278120626,0.002943754722067326,0.0],[0.0,0.0,0.0,0.0,0.0,0.0,-0.0026775085006010262,0.002004098635798958],[0.0,0.0,0.0,0.0,0.0,0.0,0.002132108210183505,-0.00200008756885111]]}