{"din_name":"flux_level00143.json","din_kind":"RELATIVE","din_start":600.0000222670782,"din_end":660.0000029144441,"din_rules":["Interventions","r1","r1_rev","r2","r3","r4","r5","r6"],"din_hits":[0,3930,3915,2766,823493,820725,944067,944047],"din_fluxs":[[0.0,0.0,0.0,0.0,0.0,0.0,0.0,0.0],[0.0,-0.0010908332832629296,0.09770493699197483,0.09499379761401072,0.0,-0.0020325113966189476,0.0,0.0],[0.0,0.0010920426785738806,-0.0865032766305871,-0.16385110858236712,0.0,0.004604524524219357,0.0,0.0],[0.0,0.0,0.0,-0.3625270325873381,0.0030369151543193614,0.0,0.004337397336819525,0.0],[0.0,0.0,0.0,0.002617801139777809,-0.0030294594914636037,0.012110954803116063,-0.003028476906371355,0.0],[0.0,0.0,0.0,0.0,0.003038676850295824,-0.012017574554769725,0.0036897393688808365,0.0],[0.0,0.0,0.0,0.0,0.0,0.0,-0.002371001730674638,0.00319817107594707],[0.0,0.0,0.0,0.0,0.0,0.0,0.0018092711899197055,-0.003187957146050469]]}