{"din_name":"flux_level02927.json","din_kind":"RELATIVE","din_start":600.0000026809986,"din_end":660.0000075005169,"din_rules":["Interventions","r1","r1_rev","r2","r3","r4","r5","r6"],"din_hits":[0,76722,76711,13031,2623971,2610951,336439,336424],"din_fluxs":[[0.0,0.0,0.0,0.0,0.0,0.0,0.0,0.0],[0.0,-0.0010943246261043062,0.07296114141849537,0.08038862748637213,0.0,-0.002031884262832816,0.0,0.0],[0.0,0.0010955249761745172,-0.0666385724825561,-0.12452986061916475,0.0,0.004236890830957706,0.0,0.0],[0.0,0.0,0.0,-0.37693120948063763,0.0027556804658768115,0.0,0.0028690914291060535,0.0],[0.0,0.0,0.0,0.0056570820894407976,-0.0027473084417101107,0.015153914661555393,-0.0027472792661966832,0.0],[0.0,0.0,0.0,0.0,0.002754876224910457,-0.015063379149040556,0.0028001818024119707,0.0],[0.0,0.0,0.0,0.0,0.0,0.0,-0.0015021614882245998,0.01245664141074068],[0.0,0.0,0.0,0.0,0.0,0.0,0.00115146770143927,-0.012301646991250774]]}