{"din_name":"flux_level09467.json","din_kind":"RELATIVE","din_start":600.0000249951934,"din_end":660.000018360202,"din_rules":["Interventions","r1","r1_rev","r2","r3","r4","r5","r6"],"din_hits":[0,56548,56520,7488,563788,556294,1771940,1771923],"din_fluxs":[[0.0,0.0,0.0,0.0,0.0,0.0,0.0,0.0],[0.0,-0.0011095323173766953,0.03584391568040722,0.044631940042830096,0.0,-0.002048169098025666,0.0,0.0],[0.0,0.0011107730751108848,-0.03398511154810907,-0.06475310119905336,0.0,0.003558643493835839,0.0,0.0],[0.0,0.0,0.0,-0.2686623835877738,0.0026982710928871397,0.0,0.004898026493142826,0.0],[0.0,0.0,0.0,0.008055274905496575,-0.002690753533621093,0.01617176518339011,-0.002692121476272424,0.0],[0.0,0.0,0.0,0.0,0.0026980128774747683,-0.016272961552079614,0.004279775800219873,0.0],[0.0,0.0,0.0,0.0,0.0,0.0,-0.003129488702268478,0.001985777053758096],[0.0,0.0,0.0,0.0,0.0,0.0,0.0026363231645158054,-0.0019818377136694796]]}