{"din_name":"flux_level13131.json","din_kind":"RELATIVE","din_start":600.0000238361757,"din_end":660.0000016181471,"din_rules":["Interventions","r1","r1_rev","r2","r3","r4","r5","r6"],"din_hits":[0,92583,92527,57308,1325507,1268188,1188277,1188305],"din_fluxs":[[0.0,0.0,0.0,0.0,0.0,0.0,0.0,0.0],[0.0,-0.0011428607096804772,0.017356356898713628,0.02345887171642149,0.0,-0.0021107202433559747,0.0,0.0],[0.0,0.0011441897231154268,-0.016747354114251226,-0.03289194428167864,0.0,0.0032280627531254065,0.0,0.0],[0.0,0.0,0.0,-0.1446768328136873,0.0028413944079359295,0.0,0.003607442650282312,0.0],[0.0,0.0,0.0,0.008089017954069331,-0.002833227695358441,0.014295065093726822,-0.002834441727849547,0.0],[0.0,0.0,0.0,0.0,0.0028412767252144707,-0.014800126088203436,0.0033403980669240423,0.0],[0.0,0.0,0.0,0.0,0.0,0.0,-0.0023988665976912072,0.00265421259680151],[0.0,0.0,0.0,0.0,0.0,0.0,0.0018404046467771773,-0.00264717241257837]]}