{"din_name":"flux_level08364.json","din_kind":"RELATIVE","din_start":600.0000117859137,"din_end":660.0000032097122,"din_rules":["Interventions","r1","r1_rev","r2","r3","r4","r5","r6"],"din_hits":[0,51692,51678,14128,3169716,3155583,1447635,1447692],"din_fluxs":[[0.0,0.0,0.0,0.0,0.0,0.0,0.0,0.0],[0.0,-0.0010920784218690876,0.08672951901389286,0.08712200551044508,0.0,-0.0020219214029327985,0.0,0.0],[0.0,0.0010932741366197773,-0.07801323141982033,-0.1436562075601653,0.0,0.00473284111248313,0.0,0.0],[0.0,0.0,0.0,-0.40747097143549754,0.0026932039851524123,0.0,0.003310356340258132,0.0],[0.0,0.0,0.0,0.0051225137315050046,-0.002685929757506373,0.0161606828027873,-0.002684955269851657,0.0],[0.0,0.0,0.0,0.0,0.0026931661179698026,-0.016016046953451466,0.0029145982925684526,0.0],[0.0,0.0,0.0,0.0,0.0,0.0,-0.00213504821043749,0.0028073328162841918],[0.0,0.0,0.0,0.0,0.0,0.0,0.0016541407588741522,-0.0027994615964658533]]}