{"din_name":"flux_level07477.json","din_kind":"RELATIVE","din_start":600.0000260161294,"din_end":660.0000145825023,"din_rules":["Interventions","r1","r1_rev","r2","r3","r4","r5","r6"],"din_hits":[0,43916,43895,4178,629979,625787,1057669,1057702],"din_fluxs":[[0.0,0.0,0.0,0.0,0.0,0.0,0.0,0.0],[0.0,-0.0010988685776344724,0.055637386675144465,0.06799796604930788,0.0,-0.002031836144090968,0.0,0.0],[0.0,0.0011000820792172702,-0.051703363417736646,-0.09705630425636118,0.0,0.0037899232647084645,0.0,0.0],[0.0,0.0,0.0,-0.3541685248400167,0.00269769043851233,0.0,0.0033678034094098397,0.0],[0.0,0.0,0.0,0.007785819149070868,-0.0026897180163765314,0.01607919121090054,-0.0026892132790917096,0.0],[0.0,0.0,0.0,0.0,0.0026969709945806014,-0.016047426811447236,0.0031799850421638264,0.0],[0.0,0.0,0.0,0.0,0.0,0.0,-0.0018632551139658538,0.004104667492845175],[0.0,0.0,0.0,0.0,0.0,0.0,0.00157925547251,-0.004087833546307597]]}