{"din_name":"flux_level02727.json","din_kind":"RELATIVE","din_start":600.00002613328,"din_end":660.0000006766654,"din_rules":["Interventions","r1","r1_rev","r2","r3","r4","r5","r6"],"din_hits":[0,101663,101575,262871,3866744,3603856,1121456,1121470],"din_fluxs":[[0.0,0.0,0.0,0.0,0.0,0.0,0.0,0.0],[0.0,-0.0011682433882460846,0.012662618418961788,0.01882361402545572,0.0,-0.0021671973327204827,0.0,0.0],[0.0,0.0011696470193513799,-0.01226427181850244,-0.024102913537900013,0.0,0.0029717211540924815,0.0,0.0],[0.0,0.0,0.0,-0.11042542855866624,0.002940744702545021,0.0,0.003357005136675149,0.0],[0.0,0.0,0.0,0.00860304234771128,-0.0029324234420083826,0.013221407370919877,-0.0029322697794213763,0.0],[0.0,0.0,0.0,0.0,0.00294107549382224,-0.014009208947954009,0.0031511597163473783,0.0],[0.0,0.0,0.0,0.0,0.0,0.0,-0.0025775340447527313,0.0024042311387555268],[0.0,0.0,0.0,0.0,0.0,0.0,0.0018235003729069291,-0.0023984570188310523]]}