{"din_name":"flux_level12451.json","din_kind":"RELATIVE","din_start":600.0000024745559,"din_end":660.0000059047536,"din_rules":["Interventions","r1","r1_rev","r2","r3","r4","r5","r6"],"din_hits":[0,107186,107167,26771,3392871,3366096,691815,691828],"din_fluxs":[[0.0,0.0,0.0,0.0,0.0,0.0,0.0,0.0],[0.0,-0.0010974444425075683,0.05996971233194481,0.062487160877763646,0.0,-0.0020347200475847827,0.0,0.0],[0.0,0.0010986518193245509,-0.0555269962818562,-0.10352295523718144,0.0,0.004450663142230394,0.0,0.0],[0.0,0.0,0.0,-0.36477419798713645,0.002596055056975172,0.0,0.00284654811456576,0.0],[0.0,0.0,0.0,0.0069251514293422346,-0.0025892129172425627,0.018237424529373453,-0.002590612300058019,0.0],[0.0,0.0,0.0,0.0,0.002595935750929568,-0.018123921143946113,0.002691993071307226,0.0],[0.0,0.0,0.0,0.0,0.0,0.0,-0.002112588232309019,0.002625180522591188],[0.0,0.0,0.0,0.0,0.0,0.0,0.0016579657125810033,-0.002618293780288882]]}