{"din_name":"flux_level08209.json","din_kind":"RELATIVE","din_start":600.0000103624458,"din_end":660.0000113768615,"din_rules":["Interventions","r1","r1_rev","r2","r3","r4","r5","r6"],"din_hits":[0,25760,25751,1841,1354154,1352318,559076,559083],"din_fluxs":[[0.0,0.0,0.0,0.0,0.0,0.0,0.0,0.0],[0.0,-0.0010911206918379254,0.09386058468619825,0.14476586444033074,0.0,-0.0020308941194139294,0.0,0.0],[0.0,0.0010923153795963573,-0.08373588753618194,-0.1589041019618882,0.0,0.002795380069025884,0.0,0.0],[0.0,0.0,0.0,-0.31227100199201274,0.0057639064480812475,0.0,0.0068913042567995955,0.0],[0.0,0.0,0.0,0.0016735864360397736,-0.005735634945460167,0.006244922804905666,-0.00573275872898276,0.0],[0.0,0.0,0.0,0.0,0.005768822863825225,-0.006228838810152247,0.006529711773040134,0.0],[0.0,0.0,0.0,0.0,0.0,0.0,-0.003672556526101131,0.006617116449418999],[0.0,0.0,0.0,0.0,0.0,0.0,0.0018521484625789982,-0.006573374383611399]]}