{"din_name":"flux_level09887.json","din_kind":"RELATIVE","din_start":600.0000351351928,"din_end":660.0000235661514,"din_rules":["Interventions","r1","r1_rev","r2","r3","r4","r5","r6"],"din_hits":[0,51129,51117,181,224539,224345,1179296,1179298],"din_fluxs":[[0.0,0.0,0.0,0.0,0.0,0.0,0.0,0.0],[0.0,-0.001088960791358431,0.12387628049155047,0.2503467229007883,0.0,-0.001990898733221821,0.0,0.0],[0.0,0.001090148963422035,-0.10182459183968817,-0.14876637240283716,0.0,0.0026601367224683677,0.0,0.0],[0.0,0.0,0.0,-0.6845609775702336,0.0025830914986746645,0.0,0.0036338905589113992,0.0],[0.0,0.0,0.0,0.02037751211103239,-0.002577422323054738,0.018099509305665697,-0.0025818496764286334,0.0],[0.0,0.0,0.0,0.0,0.0025840847940045045,-0.017935067739298524,0.0036161829244293927,0.0],[0.0,0.0,0.0,0.0,0.0,0.0,-0.0020844780874169698,0.003070654577925097],[0.0,0.0,0.0,0.0,0.0,0.0,0.001893883311678835,-0.0030612351887890315]]}