{"din_name":"flux_level06792.json","din_kind":"RELATIVE","din_start":600.0000020034273,"din_end":660.0000029568389,"din_rules":["Interventions","r1","r1_rev","r2","r3","r4","r5","r6"],"din_hits":[0,68472,68447,27696,3332544,3304855,1491185,1491176],"din_fluxs":[[0.0,0.0,0.0,0.0,0.0,0.0,0.0,0.0],[0.0,-0.001098109581067034,0.05784430053056439,0.05906302864946346,0.0,-0.0020605777731304716,0.0,0.0],[0.0,0.0010993192771683751,-0.05366246462360309,-0.10159671719646401,0.0,0.004439587541964275,0.0,0.0],[0.0,0.0,0.0,-0.3213979641778033,0.0027118257151289627,0.0,0.003164524944637336,0.0],[0.0,0.0,0.0,0.00536419440482367,-0.0027044904662039955,0.015942084331318492,-0.0027029592876312517,0.0],[0.0,0.0,0.0,0.0,0.002711827502571449,-0.015868477170042968,0.002898107867906623,0.0],[0.0,0.0,0.0,0.0,0.0,0.0,-0.0018846992385137041,0.003731107834359037],[0.0,0.0,0.0,0.0,0.0,0.0,0.0014674113998262219,-0.0037172014508177766]]}