{"din_name":"flux_level08575.json","din_kind":"RELATIVE","din_start":600.0000261959748,"din_end":660.0000187879575,"din_rules":["Interventions","r1","r1_rev","r2","r3","r4","r5","r6"],"din_hits":[0,79396,79366,5946,1020960,1015008,583523,583551],"din_fluxs":[[0.0,0.0,0.0,0.0,0.0,0.0,0.0,0.0],[0.0,-0.0011087095841964534,0.03676864619421163,0.06281299777505857,0.0,-0.002053951155661922,0.0,0.0],[0.0,0.0011099458384282376,-0.03484403464347594,-0.06823193057969042,0.0,0.0024248036959642377,0.0,0.0],[0.0,0.0,0.0,-0.14137444864799523,0.009254875434570337,0.0,0.01251790888404886,0.0],[0.0,0.0,0.0,0.0018263179485415503,-0.009170585335425023,0.005252615785871559,-0.009168747713827398,0.0],[0.0,0.0,0.0,0.0,0.009255998519500975,-0.005283974688557102,0.01180716935197647,0.0],[0.0,0.0,0.0,0.0,0.0,0.0,-0.006967149642448002,0.005015659010429449],[0.0,0.0,0.0,0.0,0.0,0.0,0.002606217415952788,-0.004990501231425757]]}