{"din_name":"flux_level13667.json","din_kind":"RELATIVE","din_start":600.0000042880141,"din_end":660.0000098593114,"din_rules":["Interventions","r1","r1_rev","r2","r3","r4","r5","r6"],"din_hits":[0,232137,232073,122756,2772413,2649646,537112,537140],"din_fluxs":[[0.0,0.0,0.0,0.0,0.0,0.0,0.0,0.0],[0.0,-0.0011460984004495,0.016523875098977656,0.023224291782311664,0.0,-0.002121217658791311,0.0,0.0],[0.0,0.0011474229247793568,-0.015978362746606585,-0.03138450049430289,0.0,0.0030907876103116426,0.0,0.0],[0.0,0.0,0.0,-0.13034883099382033,0.002982614834102799,0.0,0.0031216687019978715,0.0],[0.0,0.0,0.0,0.0074437083133214775,-0.002974098208940826,0.012808684430902785,-0.002973478554112631,0.0],[0.0,0.0,0.0,0.0,0.002982992101253915,-0.013307316087018796,0.0030731933794784713,0.0],[0.0,0.0,0.0,0.0,0.0,0.0,-0.0017128345300238144,0.008206062835948791],[0.0,0.0,0.0,0.0,0.0,0.0,0.0012400225241837898,-0.008138799611211093]]}