{"din_name":"flux_level06449.json","din_kind":"RELATIVE","din_start":600.0000047358179,"din_end":660.0000075396704,"din_rules":["Interventions","r1","r1_rev","r2","r3","r4","r5","r6"],"din_hits":[0,8699,8679,18747,2562106,2543351,1054150,1054138],"din_fluxs":[[0.0,0.0,0.0,0.0,0.0,0.0,0.0,0.0],[0.0,-0.001095370139965902,0.0678389340984501,0.0627779073162206,0.0,-0.0020586860097332863,0.0,0.0],[0.0,0.0010965867696439268,-0.0621184687292672,-0.11831635790162823,0.0,0.004902310969598548,0.0,0.0],[0.0,0.0,0.0,-0.3234932389181457,0.0027611260850629107,0.0,0.004171721557232098,0.0],[0.0,0.0,0.0,0.0039200314130683235,-0.002754470578094206,0.015172516255419967,-0.002756422182206162,0.0],[0.0,0.0,0.0,0.0,0.0027620891707929415,-0.015063013171364574,0.003075375150469847,0.0],[0.0,0.0,0.0,0.0,0.0,0.0,-0.0030147028417226163,0.001899849001647651],[0.0,0.0,0.0,0.0,0.0,0.0,0.0022598685096009512,-0.001896243602176314]]}