{"din_name":"flux_level09874.json","din_kind":"RELATIVE","din_start":600.0000012684537,"din_end":660.0000000660669,"din_rules":["Interventions","r1","r1_rev","r2","r3","r4","r5","r6"],"din_hits":[0,69876,69865,9884,3100819,3090926,546613,546617],"din_fluxs":[[0.0,0.0,0.0,0.0,0.0,0.0,0.0,0.0],[0.0,-0.0010924801285516763,0.0836371659653969,0.09648033963672485,0.0,-0.0019993651623429016,0.0,0.0],[0.0,0.001093676289715161,-0.07552480050739366,-0.1418627756193073,0.0,0.003887335448016923,0.0,0.0],[0.0,0.0,0.0,-0.36174478965403595,0.003103367586451637,0.0,0.003281419298691992,0.0],[0.0,0.0,0.0,0.0039039282436048105,-0.0030935075635753293,0.01159945535824831,-0.003092461533088044,0.0],[0.0,0.0,0.0,0.0,0.003103112721335371,-0.011544121947857259,0.00319443688673794,0.0],[0.0,0.0,0.0,0.0,0.0,0.0,-0.001751033538800338,0.00940752079612763],[0.0,0.0,0.0,0.0,0.0,0.0,0.0012329768071372162,-0.009319100363149853]]}