{"din_name":"flux_level02329.json","din_kind":"RELATIVE","din_start":600.0000344054446,"din_end":660.0000209860621,"din_rules":["Interventions","r1","r1_rev","r2","r3","r4","r5","r6"],"din_hits":[0,27698,27672,4320,1000904,996590,899560,899567],"din_fluxs":[[0.0,0.0,0.0,0.0,0.0,0.0,0.0,0.0],[0.0,-0.0010965625254174833,0.06316875504053221,0.07839526097841804,0.0,-0.0020239026538398527,0.0,0.0],[0.0,0.0010977708118249212,-0.05823528239236515,-0.11115086648209616,0.0,0.003453921950157541,0.0,0.0],[0.0,0.0,0.0,-0.27438708414077045,0.0035247414126934923,0.0,0.004347029229895295,0.0],[0.0,0.0,0.0,0.0031614358012109506,-0.00351063569104645,0.009541627805892653,-0.0035110592348325444,0.0],[0.0,0.0,0.0,0.0,0.0035230082212804525,-0.009530825923988736,0.004100795517497306,0.0],[0.0,0.0,0.0,0.0,0.0,0.0,-0.002335669087771537,0.005158710261585549],[0.0,0.0,0.0,0.0,0.0,0.0,0.001701099803939,-0.005132123980152657]]}