{"din_name":"flux_level07972.json","din_kind":"RELATIVE","din_start":600.0000020161093,"din_end":660.0000115913379,"din_rules":["Interventions","r1","r1_rev","r2","r3","r4","r5","r6"],"din_hits":[0,95562,95542,17845,2517740,2499889,690174,690197],"din_fluxs":[[0.0,0.0,0.0,0.0,0.0,0.0,0.0,0.0],[0.0,-0.001097338163165439,0.06026935665296344,0.06527685425485888,0.0,-0.0020200802726708443,0.0,0.0],[0.0,0.0010985454733426485,-0.055782472423775174,-0.10515702955216528,0.0,0.004295225612870139,0.0,0.0],[0.0,0.0,0.0,-0.3618118614361433,0.0026424841257055255,0.0,0.0037596236870591996,0.0],[0.0,0.0,0.0,0.006833891717465117,-0.0026363189064844573,0.01715118236667822,-0.0026395884873856327,0.0],[0.0,0.0,0.0,0.0,0.0026432958197158065,-0.017063608278742565,0.003104021309307258,0.0],[0.0,0.0,0.0,0.0,0.0,0.0,-0.00691026467540944,0.0012498702799481256],[0.0,0.0,0.0,0.0,0.0,0.0,0.005330221043572033,-0.0012483092151005075]]}