{"din_name":"flux_level06539.json","din_kind":"RELATIVE","din_start":600.0000282680751,"din_end":660.0000126208522,"din_rules":["Interventions","r1","r1_rev","r2","r3","r4","r5","r6"],"din_hits":[0,131437,131416,23238,2386039,2362788,262451,262468],"din_fluxs":[[0.0,0.0,0.0,0.0,0.0,0.0,0.0,0.0],[0.0,-0.0011039725210401994,0.043840325058653436,0.05258021689887412,0.0,-0.002052930156758033,0.0,0.0],[0.0,0.001105195017018488,-0.04126979151688949,-0.07901342394337672,0.0,0.0036760962589131754,0.0,0.0],[0.0,0.0,0.0,-0.2656025367107479,0.0028837015255771593,0.0,0.00298017597760114,0.0],[0.0,0.0,0.0,0.005741800114987856,-0.0028756041184241324,0.013598163011490848,-0.0028750717508275294,0.0],[0.0,0.0,0.0,0.0,0.0028839033683348853,-0.013633309284093604,0.0029325373778755146,0.0],[0.0,0.0,0.0,0.0,0.0,0.0,-0.001614639491327194,0.009639657795736533],[0.0,0.0,0.0,0.0,0.0,0.0,0.001171288092017454,-0.009546781782045058]]}