{"din_name":"flux_level05739.json","din_kind":"RELATIVE","din_start":600.0000043094983,"din_end":660.000003398084,"din_rules":["Interventions","r1","r1_rev","r2","r3","r4","r5","r6"],"din_hits":[0,108117,108072,55650,2340297,2284641,1669588,1669568],"din_fluxs":[[0.0,0.0,0.0,0.0,0.0,0.0,0.0,0.0],[0.0,-0.0011212082283581816,0.025930084886258233,0.031989603219054905,0.0,-0.0020794604404697943,0.0,0.0],[0.0,0.0011224748933556725,-0.02483559821033362,-0.048408808881682204,0.0,0.0034967244874674697,0.0,0.0],[0.0,0.0,0.0,-0.17578437912862369,0.0029392702493741514,0.0,0.0036089302251750654,0.0],[0.0,0.0,0.0,0.006015434157839007,-0.002930667775806249,0.013189035300809584,-0.002932003031853634,0.0],[0.0,0.0,0.0,0.0,0.002939287139990396,-0.013395229749178797,0.0033275663440577295,0.0],[0.0,0.0,0.0,0.0,0.0,0.0,-0.0021807268160502677,0.0033583417471239026],[0.0,0.0,0.0,0.0,0.0,0.0,0.001637578736782257,-0.003347077095030371]]}