{"din_name":"flux_level05458.json","din_kind":"RELATIVE","din_start":600.0000001953723,"din_end":660.0000021802905,"din_rules":["Interventions","r1","r1_rev","r2","r3","r4","r5","r6"],"din_hits":[0,78202,78184,8369,2163238,2154856,690464,690513],"din_fluxs":[[0.0,0.0,0.0,0.0,0.0,0.0,0.0,0.0],[0.0,-0.0010960380116422817,0.06512496940867871,0.08479575097094973,0.0,-0.002045729252261106,0.0,0.0],[0.0,0.0010972425837556194,-0.05997808537950117,-0.11470942703314868,0.0,0.003368163838982639,0.0,0.0],[0.0,0.0,0.0,-0.28752587603048557,0.0035148557102551697,0.0,0.0051242064018534395,0.0],[0.0,0.0,0.0,0.0035561163380348733,-0.003503695405193976,0.009547597450728376,-0.0035068110704115736,0.0],[0.0,0.0,0.0,0.0,0.0035160310426168486,-0.009540520740520199,0.004360186002891697,0.0],[0.0,0.0,0.0,0.0,0.0,0.0,-0.006348061292231872,0.0014397409347065428],[0.0,0.0,0.0,0.0,0.0,0.0,0.003801454160922385,-0.0014376698482760281]]}