{"din_name":"flux_level12606.json","din_kind":"RELATIVE","din_start":600.0000334437169,"din_end":660.0000875588159,"din_rules":["Interventions","r1","r1_rev","r2","r3","r4","r5","r6"],"din_hits":[0,49343,49312,44,10671,10604,1027603,1027614],"din_fluxs":[[0.0,0.0,0.0,0.0,0.0,0.0,0.0,0.0],[0.0,-0.0011068716206190429,0.03906730640794235,0.08240845523780814,0.0,-0.002040321521098967,0.0,0.0],[0.0,0.0011081060295223095,-0.036925063604557815,-0.07087257644668452,0.0,0.002092781985891095,0.0,0.0],[0.0,0.0,0.0,-0.259113877426382,0.0038995646435581177,0.0,0.0070802169090929895,0.0],[0.0,0.0,0.0,0.009534757261088135,-0.00389925474529407,0.008250300955675955,-0.003879990572514696,0.0],[0.0,0.0,0.0,0.0,0.003914446756366373,-0.008418577104554469,0.007063281467430427,0.0],[0.0,0.0,0.0,0.0,0.0,0.0,-0.0035255942062741006,0.004337436712274081],[0.0,0.0,0.0,0.0,0.0,0.0,0.003505368381717478,-0.004318630002124167]]}