{"din_name":"flux_level08151.json","din_kind":"RELATIVE","din_start":600.0000110559319,"din_end":660.0000013165655,"din_rules":["Interventions","r1","r1_rev","r2","r3","r4","r5","r6"],"din_hits":[0,972,949,12271,2814031,2801754,413933,413941],"din_fluxs":[[0.0,0.0,0.0,0.0,0.0,0.0,0.0,0.0],[0.0,-0.0010951585218606128,0.07331036962899252,0.0825460559683435,0.0,-0.0020425346684069478,0.0,0.0],[0.0,0.001096479022964469,-0.06472622857533714,-0.12484521992460668,0.0,0.0038144951346229493,0.0,0.0],[0.0,0.0,0.0,-0.25852976807480155,0.0037102206314752087,0.0,0.012032270771743922,0.0],[0.0,0.0,0.0,0.0016051123413027986,-0.003693843313548549,0.008984221210098405,-0.003695449355845803,0.0],[0.0,0.0,0.0,0.0,0.0037075417590072372,-0.008943346852376317,0.004626197662872825,0.0],[0.0,0.0,0.0,0.0,0.0,0.0,-0.013527022408316637,0.0011843840168470645],[0.0,0.0,0.0,0.0,0.0,0.0,0.007580300942488317,-0.0011829823295206167]]}