{"din_name":"flux_level03392.json","din_kind":"RELATIVE","din_start":600.0000620884192,"din_end":660.0000073320626,"din_rules":["Interventions","r1","r1_rev","r2","r3","r4","r5","r6"],"din_hits":[0,14738,14726,49,58691,58633,1233689,1233689],"din_fluxs":[[0.0,0.0,0.0,0.0,0.0,0.0,0.0,0.0],[0.0,-0.0010897204274714558,0.11137312668918854,0.24204840583625542,0.0,-0.002022431233018907,0.0,0.0],[0.0,0.0010909134330205224,-0.09501198401442483,-0.15203750961371532,0.0,0.0024954605247857076,0.0,0.0],[0.0,0.0,0.0,-0.610128295903983,0.002897080708341715,0.0,0.007526487651860263,0.0],[0.0,0.0,0.0,0.014173982619099123,-0.0028889837515614783,0.013141241157615911,-0.0028872534685647415,0.0],[0.0,0.0,0.0,0.0,0.002897374662537237,-0.01309426549406768,0.007553286050753541,0.0],[0.0,0.0,0.0,0.0,0.0,0.0,-0.004095704756923603,0.0021160318383437486],[0.0,0.0,0.0,0.0,0.0,0.0,0.003891983138615751,-0.00211155883298857]]}