{"din_name":"flux_level08125.json","din_kind":"RELATIVE","din_start":600.0000069495692,"din_end":660.0000022450664,"din_rules":["Interventions","r1","r1_rev","r2","r3","r4","r5","r6"],"din_hits":[0,53354,53327,42835,3060042,3017208,660643,660635],"din_fluxs":[[0.0,0.0,0.0,0.0,0.0,0.0,0.0,0.0],[0.0,-0.0011069675732698556,0.03917577751997362,0.04276577237223589,0.0,-0.0020494255968503557,0.0,0.0],[0.0,0.001108201779552973,-0.03701985224457,-0.07185531864633288,0.0,0.003962286002207774,0.0,0.0],[0.0,0.0,0.0,-0.22457005009991185,0.002916622260377762,0.0,0.003143721384754692,0.0],[0.0,0.0,0.0,0.004743750574543033,-0.002908191867705887,0.013364872910340008,-0.0029077869514154736,0.0],[0.0,0.0,0.0,0.0,0.0029166794861917745,-0.013405921335392987,0.003011888839639079,0.0],[0.0,0.0,0.0,0.0,0.0,0.0,-0.001694556770864963,0.007597680641580655],[0.0,0.0,0.0,0.0,0.0,0.0,0.0012499350889560346,-0.007540023097006037]]}