{"din_name":"flux_level05376.json","din_kind":"RELATIVE","din_start":600.0000041949668,"din_end":660.0000724862124,"din_rules":["Interventions","r1","r1_rev","r2","r3","r4","r5","r6"],"din_hits":[0,87944,87924,1070,572307,571245,1163157,1163146],"din_fluxs":[[0.0,0.0,0.0,0.0,0.0,0.0,0.0,0.0],[0.0,-0.0010944829074756674,0.07210426515479439,0.1285611713474213,0.0,-0.002039748581765865,0.0,0.0],[0.0,0.0010956834527432579,-0.06591091976954475,-0.12392413859004096,0.0,0.0025503862958038844,0.0,0.0],[0.0,0.0,0.0,-0.33634144257358456,0.004044911857760205,0.0,0.005478719939889018,0.0],[0.0,0.0,0.0,0.005841073358112876,-0.004024642555997827,0.008050451638455955,-0.004022879701660099,0.0],[0.0,0.0,0.0,0.0,0.004040923912132065,-0.008077359739633238,0.005358139409227493,0.0],[0.0,0.0,0.0,0.0,0.0,0.0,-0.00292108358005867,0.005073746399653917],[0.0,0.0,0.0,0.0,0.0,0.0,0.00228393652536816,-0.005048028325364156]]}