{"din_name":"flux_level06999.json","din_kind":"RELATIVE","din_start":600.00000302528,"din_end":660.0000225420879,"din_rules":["Interventions","r1","r1_rev","r2","r3","r4","r5","r6"],"din_hits":[0,207346,207302,26728,901461,874732,32073,32070],"din_fluxs":[[0.0,0.0,0.0,0.0,0.0,0.0,0.0,0.0],[0.0,-0.0011330559500992933,0.020342928108878167,0.029143655534804344,0.0,-0.0020948693524499846,0.0,0.0],[0.0,0.001134348044321972,-0.019600509738713464,-0.03814027084839149,0.0,0.0030741023667944815,0.0,0.0],[0.0,0.0,0.0,-0.18866003773610296,0.002729763246200698,0.0,0.002739645466490568,0.0],[0.0,0.0,0.0,0.009822883984430306,-0.002722438992814367,0.01568092441926245,-0.0027223872216337124,0.0],[0.0,0.0,0.0,0.0,0.0027298773663131074,-0.016126194176136165,0.0027377385742962425,0.0],[0.0,0.0,0.0,0.0,0.0,0.0,-0.001370024414895132,0.5378806871485563],[0.0,0.0,0.0,0.0,0.0,0.0,0.0011488557688351614,-0.1760973263373781]]}