{"din_name":"flux_level06325.json","din_kind":"RELATIVE","din_start":600.000015051107,"din_end":660.0000167111519,"din_rules":["Interventions","r1","r1_rev","r2","r3","r4","r5","r6"],"din_hits":[0,73714,73709,2840,1032657,1029813,277377,277394],"din_fluxs":[[0.0,0.0,0.0,0.0,0.0,0.0,0.0,0.0],[0.0,-0.0010922819404501681,0.08493477290473464,0.1239765805784599,0.0,-0.0020496609551909125,0.0,0.0],[0.0,0.0010934771046648474,-0.07657472426774137,-0.13607408883794825,0.0,0.0037030517655379162,0.0,0.0],[0.0,0.0,0.0,-0.4953227212814106,0.00264790756163403,0.0,0.003785973259720736,0.0],[0.0,0.0,0.0,0.009896376320592886,-0.002640065692089509,0.016884467413898825,-0.0026367387213756146,0.0],[0.0,0.0,0.0,0.0,0.0026470545924301377,-0.016762415134337263,0.003449933053546486,0.0],[0.0,0.0,0.0,0.0,0.0,0.0,-0.012116831069627814,0.0011333872594141954],[0.0,0.0,0.0,0.0,0.0,0.0,0.009375432427918017,-0.0011321032982009069]]}