{"din_name":"flux_level05718.json","din_kind":"RELATIVE","din_start":600.0000732336295,"din_end":660.0000179868937,"din_rules":["Interventions","r1","r1_rev","r2","r3","r4","r5","r6"],"din_hits":[0,810932,810452,75231,108939,33726,403593,403601],"din_fluxs":[[0.0,0.0,0.0,0.0,0.0,0.0,0.0,0.0],[0.0,-0.0019374596740946656,0.002216524211688733,0.005633849838699423,0.0,-0.003683136959889618,0.0,0.0],[0.0,0.001941518391433886,-0.002168699320676188,-0.004334923326059031,0.0,0.0029382143034258575,0.0,0.0],[0.0,0.0,0.0,-0.04109206759472103,0.002633135581064819,0.0,0.003081257243957935,0.0],[0.0,0.0,0.0,0.020519424328245044,-0.0026263104703653246,0.014706966145647838,-0.002629255185648659,0.0],[0.0,0.0,0.0,0.0,0.0026334638958415983,-0.027568565030856217,0.003099016891450987,0.0],[0.0,0.0,0.0,0.0,0.0,0.0,-0.0016195114816550424,0.006466579710507528],[0.0,0.0,0.0,0.0,0.0,0.0,0.0015009024266420012,-0.006424802042857623]]}