{"din_name":"flux_level08838.json","din_kind":"RELATIVE","din_start":600.0000036920162,"din_end":660.0000014981273,"din_rules":["Interventions","r1","r1_rev","r2","r3","r4","r5","r6"],"din_hits":[0,712045,711904,361787,2570067,2208256,1641852,1641837],"din_fluxs":[[0.0,0.0,0.0,0.0,0.0,0.0,0.0,0.0],[0.0,-0.0012525505866430853,0.006957828746798842,0.013247424840676744,0.0,-0.002335923837577971,0.0,0.0],[0.0,0.001254140696493753,-0.006791621413032518,-0.013474522557249262,0.0,0.0024733162492109697,0.0,0.0],[0.0,0.0,0.0,-0.06748300515131546,0.003206616876459299,0.0,0.003677480375481569,0.0],[0.0,0.0,0.0,0.010311125426264509,-0.003196271477077978,0.010885133463826574,-0.0031962779508006613,0.0],[0.0,0.0,0.0,0.0,0.0032065142771883475,-0.012551519762946599,0.00365643080009724,0.0],[0.0,0.0,0.0,0.0,0.0,0.0,-0.002363779614532372,0.0034803161429749],[0.0,0.0,0.0,0.0,0.0,0.0,0.001665633297449554,-0.0034682158290512913]]}