{"din_name":"flux_level07513.json","din_kind":"RELATIVE","din_start":600.0000034035661,"din_end":660.0000032110635,"din_rules":["Interventions","r1","r1_rev","r2","r3","r4","r5","r6"],"din_hits":[0,11743,11731,9167,1192465,1183290,458755,458767],"din_fluxs":[[0.0,0.0,0.0,0.0,0.0,0.0,0.0,0.0],[0.0,-0.0010950775180775586,0.069320171412768,0.061818818736973195,0.0,-0.0020229543935470205,0.0,0.0],[0.0,0.0010962888187051607,-0.06342052472841198,-0.1193731290313773,0.0,0.005085534637874948,0.0,0.0],[0.0,0.0,0.0,-0.3713181303661242,0.002586376433270183,0.0,0.0031633722770881604,0.0],[0.0,0.0,0.0,0.005706845856523144,-0.0025804582103707723,0.01849766322111616,-0.0025803301583187514,0.0],[0.0,0.0,0.0,0.0,0.002587142679643492,-0.018327993467347734,0.002746717315245647,0.0],[0.0,0.0,0.0,0.0,0.0,0.0,-0.002048623606420372,0.0027803182311334027],[0.0,0.0,0.0,0.0,0.0,0.0,0.0016351132541527528,-0.002772591126342492]]}