{"din_name":"flux_level01789.json","din_kind":"RELATIVE","din_start":600.0000304704454,"din_end":660.0004341249009,"din_rules":["Interventions","r1","r1_rev","r2","r3","r4","r5","r6"],"din_hits":[0,40769,40755,83,103464,103391,124673,124670],"din_fluxs":[[0.0,0.0,0.0,0.0,0.0,0.0,0.0,0.0],[0.0,-0.0010892424860891058,0.12216655984096467,0.28375547936216916,0.0,-0.0020455363621887943,0.0,0.0],[0.0,0.001090431497275428,-0.09944883802413358,-0.16019750515104586,0.0,0.002330422363781307,0.0,0.0],[0.0,0.0,0.0,-0.6208753606742267,0.002986848098999008,0.0,0.014096812639920329,0.0],[0.0,0.0,0.0,0.015607059130682627,-0.0029845638057166717,0.01223272679586428,-0.0030275530600888654,0.0],[0.0,0.0,0.0,0.0,0.002993504144066234,-0.012199392645293442,0.018632620497047093,0.0],[0.0,0.0,0.0,0.0,0.0,0.0,-0.04283007390813213,0.0011025435913451225],[0.0,0.0,0.0,0.0,0.0,0.0,0.03208749342851913,-0.0011013290683858333]]}