{"din_name":"flux_level03123.json","din_kind":"RELATIVE","din_start":600.0000055169294,"din_end":660.0000071543985,"din_rules":["Interventions","r1","r1_rev","r2","r3","r4","r5","r6"],"din_hits":[0,364020,363943,148621,3180927,3032312,1486927,1486877],"din_fluxs":[[0.0,0.0,0.0,0.0,0.0,0.0,0.0,0.0],[0.0,-0.0011476776580771442,0.016171369918398144,0.02263897178794602,0.0,-0.0021221586656539953,0.0,0.0],[0.0,0.0011490024378349424,-0.015647142101077774,-0.030599690056583233,0.0,0.0031273664576524306,0.0,0.0],[0.0,0.0,0.0,-0.1482249774510059,0.002772581936865887,0.0,0.003479882223934821,0.0],[0.0,0.0,0.0,0.009220994084476308,-0.002764926890004785,0.015170334880787388,-0.0027634164090571786,0.0],[0.0,0.0,0.0,0.0,0.002772597154293962,-0.01578119241266534,0.0032189827394937826,0.0],[0.0,0.0,0.0,0.0,0.0,0.0,-0.003763785973675943,0.0016267998091967976],[0.0,0.0,0.0,0.0,0.0,0.0,0.002809578022634438,-0.0016241545391175957]]}