{"din_name":"flux_level03863.json","din_kind":"RELATIVE","din_start":600.0000299231137,"din_end":660.0000350726708,"din_rules":["Interventions","r1","r1_rev","r2","r3","r4","r5","r6"],"din_hits":[0,28384,28370,2486,1035917,1033417,54417,54393],"din_fluxs":[[0.0,0.0,0.0,0.0,0.0,0.0,0.0,0.0],[0.0,-0.0010924881610251283,0.08396611824829243,0.11121137656884905,0.0,-0.002028388127449578,0.0,0.0],[0.0,0.001093686422560204,-0.07569411158305005,-0.14229969520961713,0.0,0.0033299326715400955,0.0,0.0],[0.0,0.0,0.0,-0.33225760343550603,0.0036789423378313087,0.0,0.0038799380506046306,0.0],[0.0,0.0,0.0,0.0031514209829274064,-0.0036636433896226703,0.008991628385814273,-0.00366644999375914,0.0],[0.0,0.0,0.0,0.0,0.003677126916864029,-0.008967644014326885,0.003880070578699689,0.0],[0.0,0.0,0.0,0.0,0.0,0.0,-0.007464212984733275,0.0013372535033196857],[0.0,0.0,0.0,0.0,0.0,0.0,0.00411881535122209,-0.001335466778028839]]}