{"din_name":"flux_level01434.json","din_kind":"RELATIVE","din_start":600.0000082439275,"din_end":660.000024249512,"din_rules":["Interventions","r1","r1_rev","r2","r3","r4","r5","r6"],"din_hits":[0,46552,46536,15612,2176874,2161267,507403,507397],"din_fluxs":[[0.0,0.0,0.0,0.0,0.0,0.0,0.0,0.0],[0.0,-0.0010961332380917087,0.0648758998092495,0.06423907342767395,0.0,-0.0020094377835491173,0.0,0.0],[0.0,0.0010973393622789203,-0.05973366337871049,-0.11204838871771954,0.0,0.004590496569733378,0.0,0.0],[0.0,0.0,0.0,-0.3602341734673469,0.002646534897288733,0.0,0.004077134342401795,0.0],[0.0,0.0,0.0,0.005889690024833822,-0.002640303306125094,0.017101312965328852,-0.0026441071054083345,0.0],[0.0,0.0,0.0,0.0,0.002647301005353917,-0.016986132112208164,0.0031120819048923217,0.0],[0.0,0.0,0.0,0.0,0.0,0.0,-0.008131186022885071,0.001205611145234791],[0.0,0.0,0.0,0.0,0.0,0.0,0.006272693914284277,-0.001204159277678152]]}