{"din_name":"flux_level03305.json","din_kind":"RELATIVE","din_start":600.0000015908672,"din_end":660.0000013191521,"din_rules":["Interventions","r1","r1_rev","r2","r3","r4","r5","r6"],"din_hits":[0,35172,35154,20940,2982137,2961172,1920740,1920761],"din_fluxs":[[0.0,0.0,0.0,0.0,0.0,0.0,0.0,0.0],[0.0,-0.0010993582727861675,0.05412851571125416,0.06076719560262092,0.0,-0.002040068462523967,0.0,0.0],[0.0,0.0011005742245078275,-0.05038286466862676,-0.09641050973865735,0.0,0.003782452580696614,0.0,0.0],[0.0,0.0,0.0,-0.24152280411719135,0.003340876262604282,0.0,0.0047239334562408815,0.0],[0.0,0.0,0.0,0.0028529480681975293,-0.0033297005406383536,0.010359334384953725,-0.003329672690509724,0.0],[0.0,0.0,0.0,0.0,0.003340833758545512,-0.010344958588366036,0.003939711236072106,0.0],[0.0,0.0,0.0,0.0,0.0,0.0,-0.002828109276312739,0.0027270073428257626],[0.0,0.0,0.0,0.0,0.0,0.0,0.0019055674423295232,-0.0027195769519111554]]}