{"din_name":"flux_level06791.json","din_kind":"RELATIVE","din_start":600.0000012547926,"din_end":660.0000093084888,"din_rules":["Interventions","r1","r1_rev","r2","r3","r4","r5","r6"],"din_hits":[0,43679,43665,13284,3343182,3329901,1496163,1496198],"din_fluxs":[[0.0,0.0,0.0,0.0,0.0,0.0,0.0,0.0],[0.0,-0.0010909881289016693,0.09496067306058334,0.09375871574834388,0.0,-0.0020377291935567434,0.0,0.0],[0.0,0.0010921814304620614,-0.08467696599056813,-0.15540149916619778,0.0,0.004840854682742957,0.0,0.0],[0.0,0.0,0.0,-0.4223785449114584,0.002703949389287828,0.0,0.0032058658419305292,0.0],[0.0,0.0,0.0,0.004814069513121199,-0.0026968756011823193,0.015957664638627914,-0.0026980067036059133,0.0],[0.0,0.0,0.0,0.0,0.0027041722136901813,-0.015803595874298273,0.0028923640789075803,0.0],[0.0,0.0,0.0,0.0,0.0,0.0,-0.0018800984998553504,0.0037253191539845594],[0.0,0.0,0.0,0.0,0.0,0.0,0.0014666975801869771,-0.003711455755401654]]}