{"din_name":"flux_level01828.json","din_kind":"RELATIVE","din_start":600.0000445070287,"din_end":660.0000328227541,"din_rules":["Interventions","r1","r1_rev","r2","r3","r4","r5","r6"],"din_hits":[0,14178,14169,2197,753163,750966,797039,797040],"din_fluxs":[[0.0,0.0,0.0,0.0,0.0,0.0,0.0,0.0],[0.0,-0.0010891417838191887,0.12552796721938847,0.12466770735380431,0.0,-0.0020310416206176193,0.0,0.0],[0.0,0.0010903332029631758,-0.10077295669944854,-0.17849555343150533,0.0,0.004891684943370402,0.0,0.0],[0.0,0.0,0.0,-0.5033778809076573,0.002607560286353083,0.0,0.002968073499429539,0.0],[0.0,0.0,0.0,0.006537676223835616,-0.002601293596554313,0.017786733674870173,-0.002602611003058349,0.0],[0.0,0.0,0.0,0.0,0.002608081809584397,-0.017577257504472314,0.0028324492683041865,0.0],[0.0,0.0,0.0,0.0,0.0,0.0,-0.0015391137681786003,0.007301083501152546],[0.0,0.0,0.0,0.0,0.0,0.0,0.0013312205233468575,-0.007247842133057904]]}