{"din_name":"flux_level01031.json","din_kind":"RELATIVE","din_start":600.0000045226489,"din_end":660.0000452481919,"din_rules":["Interventions","r1","r1_rev","r2","r3","r4","r5","r6"],"din_hits":[0,52244,52236,261,284254,283992,710015,710022],"din_fluxs":[[0.0,0.0,0.0,0.0,0.0,0.0,0.0,0.0],[0.0,-0.0010892689748224172,0.11484752890704315,0.23894193322288534,0.0,-0.0020167827147571063,0.0,0.0],[0.0,0.0010904578203761875,-0.09884263186119936,-0.15192617882171602,0.0,0.0027908492558111095,0.0,0.0],[0.0,0.0,0.0,-0.6630866852204185,0.0026211379248259558,0.0,0.002954361342159736,0.0],[0.0,0.0,0.0,0.018512244178977212,-0.0026127820682271545,0.017299829176864606,-0.0026112794404931448,0.0],[0.0,0.0,0.0,0.0,0.002619627635832412,-0.01715553976119633,0.002938195462001785,0.0],[0.0,0.0,0.0,0.0,0.0,0.0,-0.0015306760238992618,0.008243423021380277],[0.0,0.0,0.0,0.0,0.0,0.0,0.0014052849607047956,-0.008175541348729382]]}