{"din_name":"flux_level03725.json","din_kind":"RELATIVE","din_start":600.0000084858149,"din_end":660.00000249882,"din_rules":["Interventions","r1","r1_rev","r2","r3","r4","r5","r6"],"din_hits":[0,13603,13586,18357,4183238,4164863,1209156,1209153],"din_fluxs":[[0.0,0.0,0.0,0.0,0.0,0.0,0.0,0.0],[0.0,-0.001091535234342833,0.09239732843587679,0.08209854000251858,0.0,-0.0020007054224948566,0.0,0.0],[0.0,0.001092733523811627,-0.08144532427599527,-0.15279197808125117,0.0,0.00486102028008617,0.0,0.0],[0.0,0.0,0.0,-0.36572589769609054,0.0028732967934724132,0.0,0.0034483452132177644,0.0],[0.0,0.0,0.0,0.003100602689813332,-0.0028652785555824353,0.013670041709657322,-0.002865215019360928,0.0],[0.0,0.0,0.0,0.0,0.0028735174097584714,-0.01355293618690358,0.0030217685311882785,0.0],[0.0,0.0,0.0,0.0,0.0,0.0,-0.0019280881167945073,0.004108185416322326],[0.0,0.0,0.0,0.0,0.0,0.0,0.0014179461834036584,-0.004091325868631172]]}