{"din_name":"flux_level10292.json","din_kind":"RELATIVE","din_start":600.0000018740894,"din_end":660.0000045473427,"din_rules":["Interventions","r1","r1_rev","r2","r3","r4","r5","r6"],"din_hits":[0,88301,88276,8426,1189986,1181569,1736564,1736578],"din_fluxs":[[0.0,0.0,0.0,0.0,0.0,0.0,0.0,0.0],[0.0,-0.0011004830402103702,0.05112320959979825,0.0633417826007934,0.0,-0.0020314202261630804,0.0,0.0],[0.0,0.0011016980759766908,-0.047768304679398646,-0.08989325092763088,0.0,0.003628608925943382,0.0,0.0],[0.0,0.0,0.0,-0.32328475399934703,0.002779210760874192,0.0,0.0035826682234089695,0.0],[0.0,0.0,0.0,0.007060873360428426,-0.002770413831679445,0.014827062878598902,-0.0027703293174080133,0.0],[0.0,0.0,0.0,0.0,0.00277810576062535,-0.014828288430188194,0.003347600914003738,0.0],[0.0,0.0,0.0,0.0,0.0,0.0,-0.0020892300950215987,0.003358016817906838],[0.0,0.0,0.0,0.0,0.0,0.0,0.0017041271851723715,-0.0033467517907820057]]}