{"din_name":"flux_level10435.json","din_kind":"RELATIVE","din_start":600.0000091469235,"din_end":660.0000000074511,"din_rules":["Interventions","r1","r1_rev","r2","r3","r4","r5","r6"],"din_hits":[0,87770,87758,2635,712304,709660,1493889,1493890],"din_fluxs":[[0.0,0.0,0.0,0.0,0.0,0.0,0.0,0.0],[0.0,-0.0010952698078625649,0.06861570311822991,0.10664235350956723,0.0,-0.00202131228937073,0.0,0.0],[0.0,0.001096472223263334,-0.06294010248458924,-0.11194608709303298,0.0,0.003487244575106029,0.0,0.0],[0.0,0.0,0.0,-0.48525669455284914,0.0025501544692475217,0.0,0.0031761329317271498,0.0],[0.0,0.0,0.0,0.013103430064729445,-0.0025436017592446966,0.019177505143264956,-0.0025442074773483303,0.0],[0.0,0.0,0.0,0.0,0.0025500903948971333,-0.019057757914214376,0.003037900977946125,0.0],[0.0,0.0,0.0,0.0,0.0,0.0,-0.0018025402242401664,0.0037804766667885155],[0.0,0.0,0.0,0.0,0.0,0.0,0.0015742258827110196,-0.0037661985503424198]]}