{"din_name":"flux_level10861.json","din_kind":"RELATIVE","din_start":600.0000155850913,"din_end":660.0000169406206,"din_rules":["Interventions","r1","r1_rev","r2","r3","r4","r5","r6"],"din_hits":[0,40704,40701,17362,3408482,3391131,309100,309092],"din_fluxs":[[0.0,0.0,0.0,0.0,0.0,0.0,0.0,0.0],[0.0,-0.0010916413535270618,0.08949528936220678,0.08309107948789414,0.0,-0.0020163625587198714,0.0,0.0],[0.0,0.0010928352094037254,-0.08031350801394985,-0.14810538604775703,0.0,0.005244793537168331,0.0,0.0],[0.0,0.0,0.0,-0.4371074739742771,0.0025687468310947783,0.0,0.002671150721949709,0.0],[0.0,0.0,0.0,0.005938203556246216,-0.002563006197017722,0.01885010083665758,-0.0025633011545204264,0.0],[0.0,0.0,0.0,0.0,0.002569598579639975,-0.01863044222144312,0.002596895878247338,0.0],[0.0,0.0,0.0,0.0,0.0,0.0,-0.0014481176973401223,0.008939099333651867],[0.0,0.0,0.0,0.0,0.0,0.0,0.0011534364226393722,-0.008859299589028837]]}