{"din_name":"flux_level09684.json","din_kind":"RELATIVE","din_start":600.0000002422911,"din_end":660.0000096238932,"din_rules":["Interventions","r1","r1_rev","r2","r3","r4","r5","r6"],"din_hits":[0,34309,34277,64674,2857006,2792327,1382228,1382230],"din_fluxs":[[0.0,0.0,0.0,0.0,0.0,0.0,0.0,0.0],[0.0,-0.001115602188796844,0.029877066055140167,0.03330919252717544,0.0,-0.0020714318465169445,0.0,0.0],[0.0,0.0011168675373452285,-0.02845354508940072,-0.055131862256814074,0.0,0.0038898938333809295,0.0,0.0],[0.0,0.0,0.0,-0.20232067834772674,0.00277709662854417,0.0,0.0033955199675751043,0.0],[0.0,0.0,0.0,0.006106179483463969,-0.002769973741707527,0.015127175812660588,-0.0027712449596678625,0.0],[0.0,0.0,0.0,0.0,0.0027776845395565274,-0.015262762115942463,0.0030199051547651515,0.0],[0.0,0.0,0.0,0.0,0.0,0.0,-0.002119537370274933,0.0030460083342724177],[0.0,0.0,0.0,0.0,0.0,0.0,0.0016134315884289915,-0.003036739450187714]]}