{"din_name":"flux_level01307.json","din_kind":"RELATIVE","din_start":600.0000045928795,"din_end":660.0000083343626,"din_rules":["Interventions","r1","r1_rev","r2","r3","r4","r5","r6"],"din_hits":[0,59169,59162,7017,2547548,2540520,220924,220936],"din_fluxs":[[0.0,0.0,0.0,0.0,0.0,0.0,0.0,0.0],[0.0,-0.001090071204745538,0.10557650370938083,0.11969892777534567,0.0,-0.002034700200472698,0.0,0.0],[0.0,0.0010912617225648667,-0.09182368519106576,-0.16609470534866685,0.0,0.004353578527820285,0.0,0.0],[0.0,0.0,0.0,-0.46098913743565756,0.002765673868270222,0.0,0.004424806156071479,0.0],[0.0,0.0,0.0,0.005736295726641609,-0.002757351727923718,0.01493135505716642,-0.002761611487921293,0.0],[0.0,0.0,0.0,0.0,0.002764977132786927,-0.014803563978508998,0.0033374759344976797,0.0],[0.0,0.0,0.0,0.0,0.0,0.0,-0.02121437012090141,0.001074557939971124],[0.0,0.0,0.0,0.0,0.0,0.0,0.015770836441515175,-0.0010734046817654894]]}