{"din_name":"flux_level02337.json","din_kind":"RELATIVE","din_start":600.000000544014,"din_end":660.0000000993716,"din_rules":["Interventions","r1","r1_rev","r2","r3","r4","r5","r6"],"din_hits":[0,40592,40577,5320,1257331,1252009,2114938,2114910],"din_fluxs":[[0.0,0.0,0.0,0.0,0.0,0.0,0.0,0.0],[0.0,-0.0010935405872745411,0.07689587133469994,0.08870067275844491,0.0,-0.0020602639000277595,0.0,0.0],[0.0,0.001094740497536914,-0.06993306642621087,-0.12944707489700094,0.0,0.004100951730287065,0.0,0.0],[0.0,0.0,0.0,-0.3860943749275388,0.0027949124867142437,0.0,0.004488722787545038,0.0],[0.0,0.0,0.0,0.005592012350534526,-0.0027866249981779905,0.014572717611282171,-0.002783724926079045,0.0],[0.0,0.0,0.0,0.0,0.002794413475394364,-0.014487282204727553,0.0037713378099808502,0.0],[0.0,0.0,0.0,0.0,0.0,0.0,-0.0028280400385602682,0.002188295280027191],[0.0,0.0,0.0,0.0,0.0,0.0,0.002255122688284383,-0.0021835113144708478]]}