{"din_name":"flux_level06454.json","din_kind":"RELATIVE","din_start":600.0000087000407,"din_end":660.0000120170587,"din_rules":["Interventions","r1","r1_rev","r2","r3","r4","r5","r6"],"din_hits":[0,39763,39747,17555,2562054,2544489,1055077,1055075],"din_fluxs":[[0.0,0.0,0.0,0.0,0.0,0.0,0.0,0.0],[0.0,-0.0010960303870192298,0.06536280131603006,0.06560257454706662,0.0,-0.002063983938385307,0.0,0.0],[0.0,0.001097236803911659,-0.06012715161215084,-0.11390889911423623,0.0,0.004532436654271464,0.0,0.0],[0.0,0.0,0.0,-0.3317458864233072,0.002761679993742959,0.0,0.0037029316806081337,0.0],[0.0,0.0,0.0,0.004689142975242677,-0.002754457316895971,0.015132318325012818,-0.0027561340287909526,0.0],[0.0,0.0,0.0,0.0,0.0027620714882576024,-0.015044906950262673,0.003079351112789537,0.0],[0.0,0.0,0.0,0.0,0.0,0.0,-0.0030090119920599934,0.0019008210061946542],[0.0,0.0,0.0,0.0,0.0,0.0,0.0022535240912337534,-0.0018972114625365074]]}