{"din_name":"flux_level02192.json","din_kind":"RELATIVE","din_start":600.0000037798039,"din_end":660.000005894996,"din_rules":["Interventions","r1","r1_rev","r2","r3","r4","r5","r6"],"din_hits":[0,43373,43346,38582,3332354,3293756,794939,794954],"din_fluxs":[[0.0,0.0,0.0,0.0,0.0,0.0,0.0,0.0],[0.0,-0.0011048464789252576,0.04227566091063023,0.04661470197062667,0.0,-0.0020549583741622684,0.0,0.0],[0.0,0.001106076369757568,-0.03982522390714018,-0.07720483587324178,0.0,0.0038841874134786744,0.0,0.0],[0.0,0.0,0.0,-0.21915980460250414,0.0030916715020475735,0.0,0.004327723923691765,0.0],[0.0,0.0,0.0,0.003797817623868469,-0.003082653831924305,0.011857532751105444,-0.0030810469558818256,0.0],[0.0,0.0,0.0,0.0,0.0030921986385925916,-0.011877467512237817,0.00342812748377141,0.0],[0.0,0.0,0.0,0.0,0.0,0.0,-0.004216272689291509,0.0016179469085501317],[0.0,0.0,0.0,0.0,0.0,0.0,0.0028129528518050133,-0.0016153310696351748]]}