{"din_name":"flux_level10822.json","din_kind":"RELATIVE","din_start":600.000000084891,"din_end":660.0000007858545,"din_rules":["Interventions","r1","r1_rev","r2","r3","r4","r5","r6"],"din_hits":[0,850885,850723,356970,1967125,1610150,655498,655496],"din_fluxs":[[0.0,0.0,0.0,0.0,0.0,0.0,0.0,0.0],[0.0,-0.0012967958909949804,0.005745618832416825,0.011907309881559351,0.0,-0.002428265323559196,0.0,0.0],[0.0,0.0012985043165509324,-0.0056147016989196614,-0.011077839316457656,0.0,0.002373098221368956,0.0,0.0],[0.0,0.0,0.0,-0.08198508667283623,0.002744955198845946,0.0,0.002993354627759053,0.0],[0.0,0.0,0.0,0.015895284917044988,-0.0027373982261566353,0.014884937140021677,-0.0027362308125605888,0.0],[0.0,0.0,0.0,0.0,0.002744906866593021,-0.0178290313051583,0.003000580466789975,0.0],[0.0,0.0,0.0,0.0,0.0,0.0,-0.0029633317431705945,0.0019018912819631383],[0.0,0.0,0.0,0.0,0.0,0.0,0.0022197036339853915,-0.0018982778476778696]]}