{"din_name":"flux_level04876.json","din_kind":"RELATIVE","din_start":600.000019486862,"din_end":660.0000168460523,"din_rules":["Interventions","r1","r1_rev","r2","r3","r4","r5","r6"],"din_hits":[0,14441,14416,78,19981,19910,1282636,1282612],"din_fluxs":[[0.0,0.0,0.0,0.0,0.0,0.0,0.0,0.0],[0.0,-0.0011033717588312584,0.04500284613122618,0.09424916148619647,0.0,-0.0020112882384022684,0.0,0.0],[0.0,0.0011046115990175525,-0.04216540147492975,-0.07759674645799068,0.0,0.002461593798373234,0.0,0.0],[0.0,0.0,0.0,-0.44595816288463397,0.0026648901892787533,0.0,0.0051695779805321545,0.0],[0.0,0.0,0.0,0.01696913914752446,-0.002658587887132359,0.016382624900767712,-0.0026717134865142465,0.0],[0.0,0.0,0.0,0.0,0.0026656836575577507,-0.01648551805890974,0.0051404140243861375,0.0],[0.0,0.0,0.0,0.0,0.0,0.0,-0.0026164827079399643,0.0026680242657234365],[0.0,0.0,0.0,0.0,0.0,0.0,0.0025851408530963593,-0.00266091369856839]]}