{"din_name":"flux_level02646.json","din_kind":"RELATIVE","din_start":600.0000001858488,"din_end":660.0000016675122,"din_rules":["Interventions","r1","r1_rev","r2","r3","r4","r5","r6"],"din_hits":[0,172955,172929,72569,3812186,3739610,2146959,2146958],"din_fluxs":[[0.0,0.0,0.0,0.0,0.0,0.0,0.0,0.0],[0.0,-0.0011125000070477855,0.03262181695926005,0.036989463860050954,0.0,-0.002069406297530587,0.0,0.0],[0.0,0.001113742200697874,-0.031055471399905325,-0.05975910029396043,0.0,0.00389695222995225,0.0,0.0],[0.0,0.0,0.0,-0.2446615195500491,0.002650058536843272,0.0,0.00330955847098456,0.0],[0.0,0.0,0.0,0.007564369178780807,-0.002643264685646979,0.017208702679116287,-0.0026439019442523214,0.0],[0.0,0.0,0.0,0.0,0.002650276885815662,-0.01732128958695711,0.0029641109595634225,0.0],[0.0,0.0,0.0,0.0,0.0,0.0,-0.002567213641480301,0.002134222391721558],[0.0,0.0,0.0,0.0,0.0,0.0,0.0020127301908982953,-0.0021296719988341036]]}