{"din_name":"flux_level09808.json","din_kind":"RELATIVE","din_start":600.0000201121464,"din_end":660.000000586222,"din_rules":["Interventions","r1","r1_rev","r2","r3","r4","r5","r6"],"din_hits":[0,7123,7106,15299,1102432,1087135,216759,216763],"din_fluxs":[[0.0,0.0,0.0,0.0,0.0,0.0,0.0,0.0],[0.0,-0.0011025176577875732,0.04746013480274748,0.04694598665788383,0.0,-0.0020344175340603625,0.0,0.0],[0.0,0.0011037714689009382,-0.04415548722013983,-0.08366624409516546,0.0,0.004635616769963424,0.0,0.0],[0.0,0.0,0.0,-0.2971538918287901,0.0025886815923788628,0.0,0.002920142389719039,0.0],[0.0,0.0,0.0,0.006403775961268082,-0.0025818754752536563,0.018586265421027436,-0.002580038229212392,0.0],[0.0,0.0,0.0,0.0,0.002588559112960074,-0.01851438441731024,0.0026624488730007815,0.0],[0.0,0.0,0.0,0.0,0.0,0.0,-0.0018495197708473963,0.0033781408265813155],[0.0,0.0,0.0,0.0,0.0,0.0,0.0014575461133731697,-0.0033667401849199665]]}