{"din_name":"flux_level13054.json","din_kind":"RELATIVE","din_start":600.0000017454927,"din_end":660.0000019128604,"din_rules":["Interventions","r1","r1_rev","r2","r3","r4","r5","r6"],"din_hits":[0,41433,41404,19788,1486686,1466887,1325415,1325402],"din_fluxs":[[0.0,0.0,0.0,0.0,0.0,0.0,0.0,0.0],[0.0,-0.0011102946655067861,0.034951109858439924,0.04370018456062234,0.0,-0.002087011972593085,0.0,0.0],[0.0,0.0011115407199098527,-0.03314796493971581,-0.06451463142587277,0.0,0.003431669496421945,0.0,0.0],[0.0,0.0,0.0,-0.17934620250037736,0.0034144266414411757,0.0,0.005031110467633263,0.0],[0.0,0.0,0.0,0.0036729679515448595,-0.003402577869376478,0.010090062550006086,-0.0034042882859542764,0.0],[0.0,0.0,0.0,0.0,0.0034142017091458947,-0.010159678413313113,0.004317378545471742,0.0],[0.0,0.0,0.0,0.0,0.0,0.0,-0.003139450677723135,0.0025237538314502386],[0.0,0.0,0.0,0.0,0.0,0.0,0.002135161055709341,-0.0025173910979804483]]}