{"din_name":"flux_level02991.json","din_kind":"RELATIVE","din_start":600.0000319884018,"din_end":660.0000314166762,"din_rules":["Interventions","r1","r1_rev","r2","r3","r4","r5","r6"],"din_hits":[0,200152,200095,21102,835733,814635,959767,959777],"din_fluxs":[[0.0,0.0,0.0,0.0,0.0,0.0,0.0,0.0],[0.0,-0.0011274298977670743,0.02300842752489411,0.032216570552030734,0.0,-0.0020910107886920816,0.0,0.0],[0.0,0.0011287079566243915,-0.02177716245516029,-0.04217300192359754,0.0,0.0031459261014057426,0.0,0.0],[0.0,0.0,0.0,-0.22055041926021207,0.0026384083251468887,0.0,0.004184467655333527,0.0],[0.0,0.0,0.0,0.010798353607074615,-0.002631687856974047,0.017324943404378106,-0.002630242520964918,0.0],[0.0,0.0,0.0,0.0,0.0026386400758934463,-0.01771145564357687,0.0037814907274434173,0.0],[0.0,0.0,0.0,0.0,0.0,0.0,-0.004764899225138988,0.0014411070051115226],[0.0,0.0,0.0,0.0,0.0,0.0,0.0037921460648669874,-0.001439032299179255]]}