{"din_name":"flux_level05973.json","din_kind":"RELATIVE","din_start":600.0000283638815,"din_end":660.0000036860223,"din_rules":["Interventions","r1","r1_rev","r2","r3","r4","r5","r6"],"din_hits":[0,57546,57530,37238,3970106,3932863,31779,31780],"din_fluxs":[[0.0,0.0,0.0,0.0,0.0,0.0,0.0,0.0],[0.0,-0.0011010322280836852,0.04981068733018657,0.05252854383727637,0.0,-0.0020369030952735365,0.0,0.0],[0.0,0.001102249877501561,-0.046586276087415904,-0.0889346284103812,0.0,0.004068369087753791,0.0,0.0],[0.0,0.0,0.0,-0.2555259843567922,0.002967986221570493,0.0,0.005195612041658753,0.0],[0.0,0.0,0.0,0.003987141731892986,-0.0029600646445063577,0.01281257432078613,-0.0029755774633928775,0.0],[0.0,0.0,0.0,0.0,0.0029688660129762925,-0.012797380980007862,0.005726700400986303,0.0],[0.0,0.0,0.0,0.0,0.0,0.0,-0.14315658384066324,0.00101191834337277],[0.0,0.0,0.0,0.0,0.0,0.0,0.15850301516278806,-0.0010108953316367904]]}