{"din_name":"flux_level04323.json","din_kind":"RELATIVE","din_start":600.000087626649,"din_end":660.0000515751682,"din_rules":["Interventions","r1","r1_rev","r2","r3","r4","r5","r6"],"din_hits":[0,1460,1451,943,262020,261083,262543,262557],"din_fluxs":[[0.0,0.0,0.0,0.0,0.0,0.0,0.0,0.0],[0.0,-0.001089598087468166,0.10718283472556887,0.09078992720809514,0.0,-0.0018889699361793945,0.0,0.0],[0.0,0.0010908273904688972,-0.093665736150939,-0.17594027980430313,0.0,0.005348551800620022,0.0,0.0],[0.0,0.0,0.0,-0.43471841634661446,0.0027050231341815573,0.0,0.020780991581588932,0.0],[0.0,0.0,0.0,0.003914468352337133,-0.0027006893439299475,0.015903441482467036,-0.0026971476244349686,0.0],[0.0,0.0,0.0,0.0,0.0027080161931193223,-0.015728147245285196,0.007815722394327731,0.0],[0.0,0.0,0.0,0.0,0.0,0.0,-0.02131275996224245,0.0011065479039730247],[0.0,0.0,0.0,0.0,0.0,0.0,0.016710999553899868,-0.0011053237333621933]]}