{"din_name":"flux_level03375.json","din_kind":"RELATIVE","din_start":600.0000080544227,"din_end":660.0000015937084,"din_rules":["Interventions","r1","r1_rev","r2","r3","r4","r5","r6"],"din_hits":[0,85490,85474,20895,3595658,3574755,786399,786370],"din_fluxs":[[0.0,0.0,0.0,0.0,0.0,0.0,0.0,0.0],[0.0,-0.001093856823426541,0.07542886723858794,0.07669172123349455,0.0,-0.0020309218276284135,0.0,0.0],[0.0,0.001095056030399174,-0.06869824117796497,-0.12623132658266306,0.0,0.004784249002806366,0.0,0.0],[0.0,0.0,0.0,-0.41879444517442965,0.0025597194096878845,0.0,0.0032222683730996587,0.0],[0.0,0.0,0.0,0.006869149089470264,-0.0025532980165653574,0.019115460633136454,-0.00255549457133809,0.0],[0.0,0.0,0.0,0.0,0.0025598368444700813,-0.018926742322536314,0.0027768126716639797,0.0],[0.0,0.0,0.0,0.0,0.0,0.0,-0.004503311709815344,0.0014081900006919091],[0.0,0.0,0.0,0.0,0.0,0.0,0.0035693747954568126,-0.0014062093852748312]]}