{"din_name":"flux_level08846.json","din_kind":"RELATIVE","din_start":600.0000011846397,"din_end":660.0000107089854,"din_rules":["Interventions","r1","r1_rev","r2","r3","r4","r5","r6"],"din_hits":[0,135365,135336,39839,2991126,2951257,1072446,1072473],"din_fluxs":[[0.0,0.0,0.0,0.0,0.0,0.0,0.0,0.0],[0.0,-0.0011100564764226105,0.03513829491949793,0.04291898584040356,0.0,-0.002052143521101739,0.0,0.0],[0.0,0.001111293691830931,-0.033365979420154394,-0.0648410085970732,0.0,0.003494885574897278,0.0,0.0],[0.0,0.0,0.0,-0.2007254217972789,0.0031399745536878523,0.0,0.004055229870613703,0.0],[0.0,0.0,0.0,0.004670763916539508,-0.0031301933234450224,0.011510354483051951,-0.0031292754548389043,0.0],[0.0,0.0,0.0,0.0,0.003140030418056948,-0.011595591311076778,0.0035749109691373786,0.0],[0.0,0.0,0.0,0.0,0.0,0.0,-0.003611618522369563,0.001841296443730894],[0.0,0.0,0.0,0.0,0.0,0.0,0.0024115710914754426,-0.00183791077967387]]}