{"din_name":"flux_level09257.json","din_kind":"RELATIVE","din_start":600.000014108727,"din_end":660.0000117863204,"din_rules":["Interventions","r1","r1_rev","r2","r3","r4","r5","r6"],"din_hits":[0,52703,52695,4282,1522779,1518485,824939,824918],"din_fluxs":[[0.0,0.0,0.0,0.0,0.0,0.0,0.0,0.0],[0.0,-0.0010922538093475587,0.08648333499181707,0.10897989057664184,0.0,-0.002033939738953246,0.0,0.0],[0.0,0.0010934496251621454,-0.07678401652848149,-0.14270995728580058,0.0,0.003674931271565314,0.0,0.0],[0.0,0.0,0.0,-0.38651890882184214,0.0030690631387049784,0.0,0.0034736591432731347,0.0],[0.0,0.0,0.0,0.004833570636579058,-0.0030604444898467047,0.011806274910530646,-0.003060341386134773,0.0],[0.0,0.0,0.0,0.0,0.0030698480318794063,-0.011756314447920042,0.00332302373538313,0.0],[0.0,0.0,0.0,0.0,0.0,0.0,-0.0018700339750981284,0.006370017420923233],[0.0,0.0,0.0,0.0,0.0,0.0,0.0014078973371437708,-0.006329486730730792]]}