{"din_name":"flux_level05950.json","din_kind":"RELATIVE","din_start":600.0000160556809,"din_end":660.0000371263524,"din_rules":["Interventions","r1","r1_rev","r2","r3","r4","r5","r6"],"din_hits":[0,45838,45786,31306,1006772,975451,65447,65441],"din_fluxs":[[0.0,0.0,0.0,0.0,0.0,0.0,0.0,0.0],[0.0,-0.0011268988425219748,0.02296772608202441,0.028184978355737935,0.0,-0.0020892042790920592,0.0,0.0],[0.0,0.0011281945222873279,-0.02202027785170308,-0.0428293386650992,0.0,0.0035508542297281462,0.0,0.0],[0.0,0.0,0.0,-0.18544103801922873,0.002724944217992838,0.0,0.0027508300792403505,0.0],[0.0,0.0,0.0,0.007900046361367026,-0.0027177429963630498,0.01592390753037642,-0.0027178443185333226,0.0],[0.0,0.0,0.0,0.0,0.002725160408222401,-0.016235332109355828,0.0027415709901128485,0.0],[0.0,0.0,0.0,0.0,0.0,0.0,-0.0013811873791419033,0.07440835287569997],[0.0,0.0,0.0,0.0,0.0,0.0,0.001128988207124977,-0.06883472627289459]]}