{"din_name":"flux_level09697.json","din_kind":"RELATIVE","din_start":600.0000016802665,"din_end":660.0000195085976,"din_rules":["Interventions","r1","r1_rev","r2","r3","r4","r5","r6"],"din_hits":[0,15866,15861,4692,1276165,1271481,1763334,1763350],"din_fluxs":[[0.0,0.0,0.0,0.0,0.0,0.0,0.0,0.0],[0.0,-0.0010903489563593605,0.10497246178526445,0.09727484330232097,0.0,-0.0019855135923127604,0.0,0.0],[0.0,0.001091542077531228,-0.09008646163257289,-0.16318727332267766,0.0,0.004936489890812835,0.0,0.0],[0.0,0.0,0.0,-0.44371339748068545,0.00267300761411552,0.0,0.004568048283152098,0.0],[0.0,0.0,0.0,0.004961917192787934,-0.0026666380299895567,0.016486663583149607,-0.0026677051861390415,0.0],[0.0,0.0,0.0,0.0,0.0026737734591252226,-0.016313008785471577,0.0034829654349848044,0.0],[0.0,0.0,0.0,0.0,0.0,0.0,-0.002941287525454611,0.001959626518070678],[0.0,0.0,0.0,0.0,0.0,0.0,0.00236630214625063,-0.001955789366000824]]}