{"din_name":"flux_level05454.json","din_kind":"RELATIVE","din_start":600.0000166175408,"din_end":660.0000217939453,"din_rules":["Interventions","r1","r1_rev","r2","r3","r4","r5","r6"],"din_hits":[0,53525,53509,4192,2170739,2166550,725638,725613],"din_fluxs":[[0.0,0.0,0.0,0.0,0.0,0.0,0.0,0.0],[0.0,-0.0010906501095000363,0.09976812331289865,0.12924898998776446,0.0,-0.0020146100360853712,0.0,0.0],[0.0,0.0010918421469788345,-0.08731874529175065,-0.16284298588207494,0.0,0.0034539938341945635,0.0,0.0],[0.0,0.0,0.0,-0.37930124699700357,0.0035027570998352204,0.0,0.005503817834471854,0.0],[0.0,0.0,0.0,0.003519728720510515,-0.0034898584080162312,0.009551731162553409,-0.0034877730932292438,0.0],[0.0,0.0,0.0,0.0,0.0035020904055344006,-0.00951418214767868,0.004507976925714766,0.0],[0.0,0.0,0.0,0.0,0.0,0.0,-0.007254516869673849,0.001371547468857304],[0.0,0.0,0.0,0.0,0.0,0.0,0.0043518099535817,-0.0013696689434280812]]}