{"din_name":"flux_level11109.json","din_kind":"RELATIVE","din_start":600.0000203868909,"din_end":660.0000113362664,"din_rules":["Interventions","r1","r1_rev","r2","r3","r4","r5","r6"],"din_hits":[0,101498,101485,8491,1324680,1316173,1110631,1110623],"din_fluxs":[[0.0,0.0,0.0,0.0,0.0,0.0,0.0,0.0],[0.0,-0.0010988343483514954,0.05560146205673891,0.0702133838113133,0.0,-0.0020398523684415173,0.0,0.0],[0.0,0.0011000449004991263,-0.05171228010759621,-0.09677042662228504,0.0,0.003790658547003444,0.0,0.0],[0.0,0.0,0.0,-0.3675811929229897,0.0026572977019202406,0.0,0.003900031015895736,0.0],[0.0,0.0,0.0,0.008260684399655242,-0.002649973130753926,0.01681103664855119,-0.0026494635352046236,0.0],[0.0,0.0,0.0,0.0,0.002657015114394989,-0.01676761969668018,0.0033945636444607107,0.0],[0.0,0.0,0.0,0.0,0.0,0.0,-0.003977286457802704,0.0015557468800944437],[0.0,0.0,0.0,0.0,0.0,0.0,0.003118894868281762,-0.0015533289323905156]]}