{"din_name":"flux_level09382.json","din_kind":"RELATIVE","din_start":600.0000328730388,"din_end":660.0001187435647,"din_rules":["Interventions","r1","r1_rev","r2","r3","r4","r5","r6"],"din_hits":[0,52976,52948,1418,223486,222064,124871,124884],"din_fluxs":[[0.0,0.0,0.0,0.0,0.0,0.0,0.0,0.0],[0.0,-0.0011065690419580284,0.03964616181823535,0.06413198302993434,0.0,-0.002048526508625433,0.0,0.0],[0.0,0.0011078022055064894,-0.03744699297602108,-0.07172548891538727,0.0,0.0026893731393657634,0.0,0.0],[0.0,0.0,0.0,-0.24053971967672444,0.0034391355987315364,0.0,0.012296906543511002,0.0],[0.0,0.0,0.0,0.006637813236056359,-0.003425471603905421,0.009799245892013395,-0.0034331290000776,0.0],[0.0,0.0,0.0,0.0,0.003437245801456575,-0.009913785298639033,0.011512509183933964,0.0],[0.0,0.0,0.0,0.0,0.0,0.0,-0.03541193185469533,0.0011042408359326558],[0.0,0.0,0.0,0.0,0.0,0.0,0.022595684536981558,-0.001103021911405874]]}