{"din_name":"flux_level05735.json","din_kind":"RELATIVE","din_start":600.0000234989436,"din_end":660.0000153156069,"din_rules":["Interventions","r1","r1_rev","r2","r3","r4","r5","r6"],"din_hits":[0,190547,190501,50952,2345557,2294597,686219,686210],"din_fluxs":[[0.0,0.0,0.0,0.0,0.0,0.0,0.0,0.0],[0.0,-0.001120723141429975,0.02660588053491819,0.03363378012889232,0.0,-0.002072886805255703,0.0,0.0],[0.0,0.0011219850658349272,-0.02509930562725216,-0.048745393214651614,0.0,0.003352266229357939,0.0,0.0],[0.0,0.0,0.0,-0.18320636777242943,0.0029383002709972247,0.0,0.0037856062166785123,0.0],[0.0,0.0,0.0,0.006465118191640341,-0.0029296073012623834,0.013146717464058627,-0.0029284970300325315,0.0],[0.0,0.0,0.0,0.0,0.0029382183094333065,-0.013363483367915084,0.003415467539365566,0.0],[0.0,0.0,0.0,0.0,0.0,0.0,-0.005303475985698134,0.0014124133688959359],[0.0,0.0,0.0,0.0,0.0,0.0,0.003711058770780072,-0.0014104204538638366]]}