{"din_name":"flux_level01083.json","din_kind":"RELATIVE","din_start":600.0000105858896,"din_end":660.0000019526008,"din_rules":["Interventions","r1","r1_rev","r2","r3","r4","r5","r6"],"din_hits":[0,45996,45987,9777,3084811,3075027,45128,45123],"din_fluxs":[[0.0,0.0,0.0,0.0,0.0,0.0,0.0,0.0],[0.0,-0.0010895704263482631,0.1109442178281346,0.1129362236690722,0.0,-0.0020063461098294437,0.0,0.0],[0.0,0.0010907601767525914,-0.09590638832469882,-0.17271332714548185,0.0,0.004830679523249981,0.0,0.0],[0.0,0.0,0.0,-0.46820492709944384,0.0026791137240313088,0.0,0.0026951506256524716,0.0],[0.0,0.0,0.0,0.005455266817178052,-0.002672433746667775,0.016344563767517237,-0.002672495069741277,0.0],[0.0,0.0,0.0,0.0,0.0026795990575805423,-0.016172177794428876,0.002684417344845674,0.0],[0.0,0.0,0.0,0.0,0.0,0.0,-0.0013611942267033978,0.059278046171611],[0.0,0.0,0.0,0.0,0.0,0.0,0.0010405025122121505,-0.05575191129527893]]}