{"din_name":"flux_level11737.json","din_kind":"RELATIVE","din_start":600.0000511023269,"din_end":660.0000238990471,"din_rules":["Interventions","r1","r1_rev","r2","r3","r4","r5","r6"],"din_hits":[0,40457,40439,1258,364612,363341,232843,232839],"din_fluxs":[[0.0,0.0,0.0,0.0,0.0,0.0,0.0,0.0],[0.0,-0.0010952687478228127,0.06864581145409118,0.10391819943881436,0.0,-0.0020253239480066145,0.0,0.0],[0.0,0.0010964730957948093,-0.06295590080001433,-0.11320567705686424,0.0,0.003311723170799975,0.0,0.0],[0.0,0.0,0.0,-0.43792469784390464,0.0027197099334873485,0.0,0.0035033507231854557,0.0],[0.0,0.0,0.0,0.009894332407938935,-0.0027129162064045906,0.01555744150370214,-0.002722770685719985,0.0],[0.0,0.0,0.0,0.0,0.0027203028770974034,-0.015508920490865458,0.0033623567117649572,0.0],[0.0,0.0,0.0,0.0,0.0,0.0,-0.0040522895882806964,0.0015533600452716976],[0.0,0.0,0.0,0.0,0.0,0.0,0.003091468470547562,-0.0015509488135352462]]}