{"din_name":"flux_level10408.json","din_kind":"RELATIVE","din_start":600.0000047121655,"din_end":660.0000025811498,"din_rules":["Interventions","r1","r1_rev","r2","r3","r4","r5","r6"],"din_hits":[0,558421,558310,79019,923441,844420,1283184,1283219],"din_fluxs":[[0.0,0.0,0.0,0.0,0.0,0.0,0.0,0.0],[0.0,-0.0011966980691729295,0.009796974530794112,0.017123370505686963,0.0,-0.002237568271561107,0.0,0.0],[0.0,0.0011981435608907093,-0.009537921796725437,-0.018801756498831434,0.0,0.002628474102424977,0.0,0.0],[0.0,0.0,0.0,-0.11369967691424947,0.0027713003083792874,0.0,0.003402851275500612,0.0],[0.0,0.0,0.0,0.012530677147644147,-0.0027633797944858402,0.0149560809244806,-0.0027623353869058787,0.0],[0.0,0.0,0.0,0.0,0.002771016532790912,-0.016336287132903526,0.0033553252477888152,0.0],[0.0,0.0,0.0,0.0,0.0,0.0,-0.002171116710306834,0.0030745891944981424],[0.0,0.0,0.0,0.0,0.0,0.0,0.0017539388743942608,-0.0030651476160377675]]}