{"din_name":"flux_level00787.json","din_kind":"RELATIVE","din_start":600.0000009209218,"din_end":660.0000023705178,"din_rules":["Interventions","r1","r1_rev","r2","r3","r4","r5","r6"],"din_hits":[0,231785,231618,723393,4277008,3553620,863156,863159],"din_fluxs":[[0.0,0.0,0.0,0.0,0.0,0.0,0.0,0.0],[0.0,-0.0012831789672361027,0.006076975607503365,0.012463657696186804,0.0,-0.002409083535087987,0.0,0.0],[0.0,0.0012849075427515133,-0.00592273374711873,-0.011721892862706555,0.0,0.0024126859904013915,0.0,0.0],[0.0,0.0,0.0,-0.09373228817942451,0.0026472680177731306,0.0,0.0028667801494927534,0.0],[0.0,0.0,0.0,0.01744683682114936,-0.0026402130218907815,0.016644451751700356,-0.002639886166347796,0.0],[0.0,0.0,0.0,0.0,0.0026471918099041014,-0.019639880858420163,0.002879196313560063,0.0],[0.0,0.0,0.0,0.0,0.0,0.0,-0.004620549717663627,0.0014135587644546665],[0.0,0.0,0.0,0.0,0.0,0.0,0.003546665566089034,-0.001411562590154289]]}