{"din_name":"flux_level01511.json","din_kind":"RELATIVE","din_start":600.0000035033909,"din_end":660.000016739517,"din_rules":["Interventions","r1","r1_rev","r2","r3","r4","r5","r6"],"din_hits":[0,15168,15151,8712,3154859,3146165,336053,336075],"din_fluxs":[[0.0,0.0,0.0,0.0,0.0,0.0,0.0,0.0],[0.0,-0.0010906124065196683,0.09915694722805581,0.1027973806606388,0.0,-0.002010559746209612,0.0,0.0],[0.0,0.001091807069615565,-0.08788019896210578,-0.16419875959961652,0.0,0.004175059886860283,0.0,0.0],[0.0,0.0,0.0,-0.3480105985118398,0.0033108770015320443,0.0,0.005518382666501992,0.0],[0.0,0.0,0.0,0.0020943096116825166,-0.0032994362494280158,0.010420358840038946,-0.003297583509070603,0.0],[0.0,0.0,0.0,0.0,0.0033103660203797017,-0.010351175774665117,0.0036748325207676086,0.0],[0.0,0.0,0.0,0.0,0.0,0.0,-0.008367342803859153,0.0012613917228509993],[0.0,0.0,0.0,0.0,0.0,0.0,0.0051705643921661345,-0.0012598037078726061]]}