{"din_name":"flux_level06983.json","din_kind":"RELATIVE","din_start":600.0000273367829,"din_end":660.0000362612356,"din_rules":["Interventions","r1","r1_rev","r2","r3","r4","r5","r6"],"din_hits":[0,14915,14908,2015,801418,799393,546903,546924],"din_fluxs":[[0.0,0.0,0.0,0.0,0.0,0.0,0.0,0.0],[0.0,-0.0010933711767495498,0.07866833417953982,0.1059644916806834,0.0,-0.0020247316036605214,0.0,0.0],[0.0,0.001094573301949172,-0.0712727162007962,-0.1356994919636491,0.0,0.0032016267992661103,0.0,0.0],[0.0,0.0,0.0,-0.290011044179539,0.004235898446166265,0.0,0.007729402522445908,0.0],[0.0,0.0,0.0,0.0021672058069228213,-0.00422308607054298,0.00776279928370029,-0.004224491882721197,0.0],[0.0,0.0,0.0,0.0,0.00424103789780838,-0.007743769712086925,0.0059970919617778635,0.0],[0.0,0.0,0.0,0.0,0.0,0.0,-0.005573834814314143,0.0018619387123579314],[0.0,0.0,0.0,0.0,0.0,0.0,0.003056555563970074,-0.0018584755873879693]]}