{"din_name":"flux_level12816.json","din_kind":"RELATIVE","din_start":600.0000341826411,"din_end":660.0000187469361,"din_rules":["Interventions","r1","r1_rev","r2","r3","r4","r5","r6"],"din_hits":[0,88195,88170,3326,748465,745141,147110,147090],"din_fluxs":[[0.0,0.0,0.0,0.0,0.0,0.0,0.0,0.0],[0.0,-0.0011048893806111667,0.042951577460630434,0.07353940419188465,0.0,-0.0020531659365328964,0.0,0.0],[0.0,0.0011061154108823897,-0.03987235926551701,-0.07766098066428105,0.0,0.0023919225713340342,0.0,0.0],[0.0,0.0,0.0,-0.16306867014508444,0.008648784566601928,0.0,0.009586347009468163,0.0],[0.0,0.0,0.0,0.0022719660500850085,-0.008572382998731372,0.005329366996915813,-0.008573702004968363,0.0],[0.0,0.0,0.0,0.0,0.008646904304017704,-0.005363777494420565,0.009415764438869368,0.0],[0.0,0.0,0.0,0.0,0.0,0.0,-0.005499570996366649,0.005980338336191537],[0.0,0.0,0.0,0.0,0.0,0.0,0.001694032356391731,-0.005944588365331841]]}