{"din_name":"flux_level05966.json","din_kind":"RELATIVE","din_start":600.0000059790738,"din_end":660.0000044135637,"din_rules":["Interventions","r1","r1_rev","r2","r3","r4","r5","r6"],"din_hits":[0,57706,57683,47039,4205990,4158952,502682,502721],"din_fluxs":[[0.0,0.0,0.0,0.0,0.0,0.0,0.0,0.0],[0.0,-0.001100747511825191,0.05039147534177404,0.04926496606788667,0.0,-0.002040792790186586,0.0,0.0],[0.0,0.001101964718033077,-0.04711342432396866,-0.08976644074635969,0.0,0.004547121662761355,0.0,0.0],[0.0,0.0,0.0,-0.2988295532173822,0.002662124758989683,0.0,0.0028793837430023,0.0],[0.0,0.0,0.0,0.0056394924340017315,-0.002655511845891941,0.016907620760919284,-0.0026556151397543154,0.0],[0.0,0.0,0.0,0.0,0.0026625902233713395,-0.01684426103134658,0.002712049967024617,0.0],[0.0,0.0,0.0,0.0,0.0,0.0,-0.0017758687774953018,0.004040025819491813],[0.0,0.0,0.0,0.0,0.0,0.0,0.0013609225958681956,-0.004023742123001113]]}