{"din_name":"flux_level07163.json","din_kind":"RELATIVE","din_start":600.0000241661908,"din_end":660.0000122562809,"din_rules":["Interventions","r1","r1_rev","r2","r3","r4","r5","r6"],"din_hits":[0,95435,95422,2106,809787,807682,141918,141914],"din_fluxs":[[0.0,0.0,0.0,0.0,0.0,0.0,0.0,0.0],[0.0,-0.0010996327500736541,0.05326767950612788,0.09742832834600226,0.0,-0.0020373309273508866,0.0,0.0],[0.0,0.001100845281686727,-0.04966934544452895,-0.09641912600243342,0.0,0.002268889057283322,0.0,0.0],[0.0,0.0,0.0,-0.1904102966538681,0.0131861418329664,0.0,0.014226465467590795,0.0],[0.0,0.0,0.0,0.001885624310438224,-0.012986073420265082,0.004812520512652358,-0.012982327593434278,0.0],[0.0,0.0,0.0,0.0,0.013158549809662697,-0.0048284812315000135,0.01416917016194517,0.0],[0.0,0.0,0.0,0.0,0.0,0.0,-0.00755362357958523,0.011908071516194219],[0.0,0.0,0.0,0.0,0.0,0.0,0.0019450472072315651,-0.01176632484125411]]}