{"din_name":"flux_level12160.json","din_kind":"RELATIVE","din_start":600.0000006417004,"din_end":660.0000059568275,"din_rules":["Interventions","r1","r1_rev","r2","r3","r4","r5","r6"],"din_hits":[0,2123,2094,38352,2808390,2770017,1588863,1588899],"din_fluxs":[[0.0,0.0,0.0,0.0,0.0,0.0,0.0,0.0],[0.0,-0.0011081566476342415,0.038650968375866575,0.04549662588626591,0.0,-0.0021107749849267423,0.0,0.0],[0.0,0.0011095915789543845,-0.03537220740543141,-0.06970337169668565,0.0,0.003759416632642492,0.0,0.0],[0.0,0.0,0.0,-0.18138436440074723,0.003334595008659624,0.0,0.005590542517694104,0.0],[0.0,0.0,0.0,0.0030856736174489654,-0.00332383405328024,0.010488288277503952,-0.0033256088139345446,0.0],[0.0,0.0,0.0,0.0,0.0033349328522068377,-0.010522639394134068,0.004066145450380474,0.0],[0.0,0.0,0.0,0.0,0.0,0.0,-0.0037526007531388027,0.001946491290879108],[0.0,0.0,0.0,0.0,0.0,0.0,0.0024556071423062443,-0.0019427069502299242]]}