{"din_name":"flux_level07873.json","din_kind":"RELATIVE","din_start":600.0000213932602,"din_end":660.0000194028008,"din_rules":["Interventions","r1","r1_rev","r2","r3","r4","r5","r6"],"din_hits":[0,18227,18214,11452,3889133,3877676,626070,626069],"din_fluxs":[[0.0,0.0,0.0,0.0,0.0,0.0,0.0,0.0],[0.0,-0.001089859601899815,0.10640431085556265,0.10371423238625031,0.0,-0.0020213645577625812,0.0,0.0],[0.0,0.001091052123009464,-0.09357327400902297,-0.17432136760610795,0.0,0.004637229261997226,0.0,0.0],[0.0,0.0,0.0,-0.38765790872958067,0.003021834495952987,0.0,0.0058519854692094895,0.0],[0.0,0.0,0.0,0.002636072835632592,-0.003012350951680464,0.012228390657510906,-0.003013276151608613,0.0],[0.0,0.0,0.0,0.0,0.003021456940949618,-0.012127581793134503,0.003489298855128095,0.0],[0.0,0.0,0.0,0.0,0.0,0.0,-0.008499582297723091,0.001231627117227754],[0.0,0.0,0.0,0.0,0.0,0.0,0.005767901039024661,-0.0012301117490606697]]}