{"din_name":"flux_level00932.json","din_kind":"RELATIVE","din_start":600.0000003611368,"din_end":660.0000078072774,"din_rules":["Interventions","r1","r1_rev","r2","r3","r4","r5","r6"],"din_hits":[0,2416,2402,3253,947317,944068,1887550,1887505],"din_fluxs":[[0.0,0.0,0.0,0.0,0.0,0.0,0.0,0.0],[0.0,-0.0010890702156278495,0.12183656477702678,0.09620606707218847,0.0,-0.001969640218111395,0.0,0.0],[0.0,0.0010902779219545801,-0.10281298310701063,-0.18589195419350107,0.0,0.005238849748636318,0.0,0.0],[0.0,0.0,0.0,-0.420756994532417,0.0027758116234154113,0.0,0.004558775319455268,0.0],[0.0,0.0,0.0,0.0032523705265965147,-0.0027675570524683737,0.014857630558927906,-0.0027693852048707463,0.0],[0.0,0.0,0.0,0.0,0.002775239144245273,-0.014697266650679181,0.0036701669303800862,0.0],[0.0,0.0,0.0,0.0,0.0,0.0,-0.0024642983902629207,0.0025902585186464173],[0.0,0.0,0.0,0.0,0.0,0.0,0.0020229005093498975,-0.0025835556943473383]]}