{"din_name":"flux_level02847.json","din_kind":"RELATIVE","din_start":600.0000297083506,"din_end":660.0000084861949,"din_rules":["Interventions","r1","r1_rev","r2","r3","r4","r5","r6"],"din_hits":[0,134016,133987,3072,439902,436835,408567,408573],"din_fluxs":[[0.0,0.0,0.0,0.0,0.0,0.0,0.0,0.0],[0.0,-0.0011083407046590355,0.03723033739634366,0.06253328488653602,0.0,-0.0020581280784571134,0.0,0.0],[0.0,0.0011095737702332847,-0.035279195258077815,-0.0680389339728303,0.0,0.0026353464220366675,0.0,0.0],[0.0,0.0,0.0,-0.24557199361238924,0.0033109169206488455,0.0,0.004667951605261029,0.0],[0.0,0.0,0.0,0.0075138729197429975,-0.0032973470472850157,0.010360658555584072,-0.0033026735360325394,0.0],[0.0,0.0,0.0,0.0,0.003308245628167766,-0.010496782567406736,0.004532970492488298,0.0],[0.0,0.0,0.0,0.0,0.0,0.0,-0.00398401411657728,0.0019032284977835898],[0.0,0.0,0.0,0.0,0.0,0.0,0.002697150296254294,-0.001899609533439054]]}