{"din_name":"flux_level04124.json","din_kind":"RELATIVE","din_start":600.0000048470615,"din_end":660.0000005758984,"din_rules":["Interventions","r1","r1_rev","r2","r3","r4","r5","r6"],"din_hits":[0,12254,12235,18359,3294287,3275923,609930,609950],"din_fluxs":[[0.0,0.0,0.0,0.0,0.0,0.0,0.0,0.0],[0.0,-0.0010967865732445532,0.06237942688202061,0.06681799780180279,0.0,-0.001997426011965358,0.0,0.0],[0.0,0.0010980042801010917,-0.05746742058446134,-0.11054896134637612,0.0,0.003876469381535116,0.0,0.0],[0.0,0.0,0.0,-0.25176675625745343,0.0034795035361828296,0.0,0.0039556132176897475,0.0],[0.0,0.0,0.0,0.002142801837293654,-0.0034687730264012433,0.009757116338536801,-0.0034689015836458304,0.0],[0.0,0.0,0.0,0.0,0.0034808663785995666,-0.009723189313924772,0.003623939523155995,0.0],[0.0,0.0,0.0,0.0,0.0,0.0,-0.002100212827277746,0.0063374677081782654],[0.0,0.0,0.0,0.0,0.0,0.0,0.0013309072939452935,-0.006297350639974987]]}