{"din_name":"flux_level06765.json","din_kind":"RELATIVE","din_start":600.0000300570478,"din_end":660.0000068031522,"din_rules":["Interventions","r1","r1_rev","r2","r3","r4","r5","r6"],"din_hits":[0,58369,58338,14037,1603947,1589913,270739,270732],"din_fluxs":[[0.0,0.0,0.0,0.0,0.0,0.0,0.0,0.0],[0.0,-0.0011008276993642173,0.05039211102989891,0.056275984168536596,0.0,-0.0020506272913637987,0.0,0.0],[0.0,0.0011020443051625104,-0.04710119294497985,-0.09005913790451811,0.0,0.004000392343516605,0.0,0.0],[0.0,0.0,0.0,-0.2896449932037655,0.002817013013627036,0.0,0.005240463045708627,0.0],[0.0,0.0,0.0,0.0054862529259893525,-0.0028100181563583747,0.01437752378039352,-0.0028102970818964152,0.0],[0.0,0.0,0.0,0.0,0.002817948617286604,-0.014366160018877538,0.0037667998426557723,0.0],[0.0,0.0,0.0,0.0,0.0,0.0,-0.018679145288236446,0.0010910475611914817],[0.0,0.0,0.0,0.0,0.0,0.0,0.013654724068639447,-0.0010898583520707016]]}