{"din_name":"flux_level01151.json","din_kind":"RELATIVE","din_start":600.0000120588685,"din_end":660.0000131750302,"din_rules":["Interventions","r1","r1_rev","r2","r3","r4","r5","r6"],"din_hits":[0,54786,54779,1060,979061,977999,829267,829272],"din_fluxs":[[0.0,0.0,0.0,0.0,0.0,0.0,0.0,0.0],[0.0,-0.0010903360595070418,0.10101166082010948,0.17094326631498535,0.0,-0.0020182270339350722,0.0,0.0],[0.0,0.0010915272662078116,-0.08950296269116782,-0.1668826903888854,0.0,0.002641687625422431,0.0,0.0],[0.0,0.0,0.0,-0.3622962229958556,0.0050276506935053615,0.0,0.007693522813723485,0.0],[0.0,0.0,0.0,0.003549949878250685,-0.0049972751614093345,0.0067529453768599805,-0.0050001414909164816,0.0],[0.0,0.0,0.0,0.0,0.0050224216024087175,-0.0067490254798294935,0.007075922308617571,0.0],[0.0,0.0,0.0,0.0,0.0,0.0,-0.00504101925548623,0.0026130680731357285],[0.0,0.0,0.0,0.0,0.0,0.0,0.0026678296100287385,-0.002606247540648023]]}