{"din_name":"flux_level06223.json","din_kind":"RELATIVE","din_start":600.000008520575,"din_end":660.0000053282032,"din_rules":["Interventions","r1","r1_rev","r2","r3","r4","r5","r6"],"din_hits":[0,58537,58511,18179,1794643,1776470,1031124,1031113],"din_fluxs":[[0.0,0.0,0.0,0.0,0.0,0.0,0.0,0.0],[0.0,-0.0011021444879311133,0.04733704367568706,0.051414275526532514,0.0,-0.0020570369905410237,0.0,0.0],[0.0,0.0011033651880531835,-0.04438473113449109,-0.08453728880108249,0.0,0.004042470839345053,0.0,0.0],[0.0,0.0,0.0,-0.28057215933897944,0.0027823332525204253,0.0,0.004620078596056435,0.0],[0.0,0.0,0.0,0.005560169024615073,-0.0027754045170741135,0.01486976675709015,-0.0027734514413145757,0.0],[0.0,0.0,0.0,0.0,0.002783140516142761,-0.014862663515199385,0.0035747656051194846,0.0],[0.0,0.0,0.0,0.0,0.0,0.0,-0.005306937440034895,0.0013970340405241896],[0.0,0.0,0.0,0.0,0.0,0.0,0.0039571326963600845,-0.0013950842104382293]]}