{"din_name":"flux_level03683.json","din_kind":"RELATIVE","din_start":600.0000008048258,"din_end":660.0000043329273,"din_rules":["Interventions","r1","r1_rev","r2","r3","r4","r5","r6"],"din_hits":[0,494859,494782,94187,1282991,1188789,1218831,1218832],"din_fluxs":[[0.0,0.0,0.0,0.0,0.0,0.0,0.0,0.0],[0.0,-0.0011800813611119712,0.011258924183707632,0.018330286849007674,0.0,-0.002186633597029416,0.0,0.0],[0.0,0.0011814852046069994,-0.010945687805381035,-0.0214422122557058,0.0,0.0027788272714605725,0.0,0.0],[0.0,0.0,0.0,-0.1410213713764026,0.002623172321924201,0.0,0.002959509832348746,0.0],[0.0,0.0,0.0,0.013681755031066428,-0.002616176453627833,0.017678376526349335,-0.0026158615461251036,0.0],[0.0,0.0,0.0,0.0,0.0026230313795926434,-0.018956302514490174,0.0029101574658909183,0.0],[0.0,0.0,0.0,0.0,0.0,0.0,-0.0017600426468557468,0.004230223610943872],[0.0,0.0,0.0,0.0,0.0,0.0,0.001458457362351823,-0.004212347640502921]]}