{"din_name":"flux_level03445.json","din_kind":"RELATIVE","din_start":600.0000024226728,"din_end":660.0000001894913,"din_rules":["Interventions","r1","r1_rev","r2","r3","r4","r5","r6"],"din_hits":[0,37903,37886,30870,3869946,3839078,1147614,1147647],"din_fluxs":[[0.0,0.0,0.0,0.0,0.0,0.0,0.0,0.0],[0.0,-0.0010971025833777066,0.06124607369027435,0.05961428371961041,0.0,-0.002051403349894364,0.0,0.0],[0.0,0.001098312043166087,-0.056589096123073696,-0.10785188241538002,0.0,0.004618040277878683,0.0,0.0],[0.0,0.0,0.0,-0.3113331480634905,0.0027674155522316043,0.0,0.003939812967620139,0.0],[0.0,0.0,0.0,0.004416138448188409,-0.002760155746569031,0.015087802868974829,-0.002760015037608162,0.0],[0.0,0.0,0.0,0.0,0.002767801688126967,-0.015005273659477644,0.0030599081716665977,0.0],[0.0,0.0,0.0,0.0,0.0,0.0,-0.003747347674930058,0.0016153619662562578],[0.0,0.0,0.0,0.0,0.0,0.0,0.00277607720954366,-0.0016127561202524795]]}