{"din_name":"flux_level12803.json","din_kind":"RELATIVE","din_start":600.0000039826032,"din_end":660.0000032221635,"din_rules":["Interventions","r1","r1_rev","r2","r3","r4","r5","r6"],"din_hits":[0,5627,5617,367,151602,151217,1574900,1574932],"din_fluxs":[[0.0,0.0,0.0,0.0,0.0,0.0,0.0,0.0],[0.0,-0.0010902250452786933,0.10335373904622797,0.13620048735798834,0.0,-0.002060774632137599,0.0,0.0],[0.0,0.0010914268595676783,-0.09099197111991271,-0.1680644405113744,0.0,0.004107340638528216,0.0,0.0],[0.0,0.0,0.0,-0.48588118249750734,0.0027535013579683483,0.0,0.004820799861806636,0.0],[0.0,0.0,0.0,0.007682201935040276,-0.0027388096935700174,0.015165365420198505,-0.0027360913079485976,0.0],[0.0,0.0,0.0,0.0,0.002746319532086751,-0.015047734626543137,0.0045187328107672425,0.0],[0.0,0.0,0.0,0.0,0.0,0.0,-0.0024756265375208914,0.002861654628026853],[0.0,0.0,0.0,0.0,0.0,0.0,0.002311442779840142,-0.002853473068139549]]}