{"din_name":"flux_level03797.json","din_kind":"RELATIVE","din_start":600.0000121396882,"din_end":660.0000259644377,"din_rules":["Interventions","r1","r1_rev","r2","r3","r4","r5","r6"],"din_hits":[0,87021,86971,75098,2396429,2321328,1107274,1107243],"din_fluxs":[[0.0,0.0,0.0,0.0,0.0,0.0,0.0,0.0],[0.0,-0.0011310785292586905,0.021093294633361043,0.02765872411808883,0.0,-0.0021112544279252607,0.0,0.0],[0.0,0.00113237469675702,-0.02028675335876204,-0.03973162016322164,0.0,0.003284745433570975,0.0,0.0],[0.0,0.0,0.0,-0.1385906031939449,0.003134761958282912,0.0,0.003922360419385111,0.0],[0.0,0.0,0.0,0.00556690091848143,-0.0031258191111594343,0.01166115739472066,-0.0031274141148175927,0.0],[0.0,0.0,0.0,0.0,0.0031356552327406473,-0.011937972950184273,0.003537321317229001,0.0],[0.0,0.0,0.0,0.0,0.0,0.0,-0.0027820714155036303,0.0024412912556545847],[0.0,0.0,0.0,0.0,0.0,0.0,0.0019076875266991658,-0.0024353366898482603]]}