{"din_name":"flux_level08358.json","din_kind":"RELATIVE","din_start":600.0000079268289,"din_end":660.0000015249891,"din_rules":["Interventions","r1","r1_rev","r2","r3","r4","r5","r6"],"din_hits":[0,6481,6470,6457,2275971,2269508,61718,61721],"din_fluxs":[[0.0,0.0,0.0,0.0,0.0,0.0,0.0,0.0],[0.0,-0.0010896913985595335,0.10879688670777944,0.10276697161920047,0.0,-0.0019980011147576,0.0,0.0],[0.0,0.0010908897327922486,-0.0952246623529811,-0.1795403239418666,0.0,0.0046535149388560754,0.0,0.0],[0.0,0.0,0.0,-0.3766558783898249,0.003089033192985987,0.0,0.0031202144455128836,0.0],[0.0,0.0,0.0,0.002261914504770193,-0.0030810462830775476,0.011709315212251364,-0.0030811522988908155,0.0],[0.0,0.0,0.0,0.0,0.003090579208020015,-0.011613449164401563,0.003102441538842862,0.0],[0.0,0.0,0.0,0.0,0.0,0.0,-0.0015615887823879357,0.09130738424977518],[0.0,0.0,0.0,0.0,0.0,0.0,0.0011314739740782306,-0.08289293054981325]]}