{"din_name":"flux_level03073.json","din_kind":"RELATIVE","din_start":600.0000040664893,"din_end":660.0000452753417,"din_rules":["Interventions","r1","r1_rev","r2","r3","r4","r5","r6"],"din_hits":[0,122375,122333,17326,1228865,1211522,649436,649455],"din_fluxs":[[0.0,0.0,0.0,0.0,0.0,0.0,0.0,0.0],[0.0,-0.0011159693871767163,0.029534265100918052,0.04122667304696171,0.0,-0.0020628424456383817,0.0,0.0],[0.0,0.001117221631379956,-0.02819567025849162,-0.054808942496129436,0.0,0.003030445965843381,0.0,0.0],[0.0,0.0,0.0,-0.16680942963666898,0.003515921902307383,0.0,0.005119716066903038,0.0],[0.0,0.0,0.0,0.004688354536553932,-0.003502352274756956,0.009646380163127558,-0.003498507753949927,0.0],[0.0,0.0,0.0,0.0,0.0035146577914650858,-0.00978483091344879,0.004586250823898595,0.0],[0.0,0.0,0.0,0.0,0.0,0.0,-0.0051786062882304,0.0016228543158029018],[0.0,0.0,0.0,0.0,0.0,0.0,0.00318373667418653,-0.001620223003130733]]}