{"din_name":"flux_level07425.json","din_kind":"RELATIVE","din_start":600.0000448901121,"din_end":660.0000060030312,"din_rules":["Interventions","r1","r1_rev","r2","r3","r4","r5","r6"],"din_hits":[0,216,204,7928,2689022,2681104,615005,614983],"din_fluxs":[[0.0,0.0,0.0,0.0,0.0,0.0,0.0,0.0],[0.0,-0.0010895557686358803,0.11257079899150177,0.10627523039681754,0.0,-0.002045470734100151,0.0,0.0],[0.0,0.001091038272391455,-0.09239253103075722,-0.16941200682311375,0.0,0.0044649033072851054,0.0,0.0],[0.0,0.0,0.0,-0.3556459632439489,0.003231610887414235,0.0,0.0038133783094384237,0.0],[0.0,0.0,0.0,0.0017580896519387385,-0.003219554716350855,0.010849141418636814,-0.0032200554562467525,0.0],[0.0,0.0,0.0,0.0,0.0032299567467507276,-0.010764036607187815,0.0033777323010507434,0.0],[0.0,0.0,0.0,0.0,0.0,0.0,-0.00198038843994764,0.0058423806305280546],[0.0,0.0,0.0,0.0,0.0,0.0,0.0013411630062261403,-0.005808272773601324]]}