{"din_name":"flux_level00768.json","din_kind":"RELATIVE","din_start":600.0000031843221,"din_end":660.0000064432218,"din_rules":["Interventions","r1","r1_rev","r2","r3","r4","r5","r6"],"din_hits":[0,40762,40749,3224,2105851,2102636,814198,814198],"din_fluxs":[[0.0,0.0,0.0,0.0,0.0,0.0,0.0,0.0],[0.0,-0.001090168148860886,0.10337272464444433,0.14035284208393756,0.0,-0.0019987750163792577,0.0,0.0],[0.0,0.0010913595518815939,-0.09125375616961201,-0.1705807924113995,0.0,0.003251800740618085,0.0,0.0],[0.0,0.0,0.0,-0.361640233360751,0.004026370552138015,0.0,0.006616321561662157,0.0],[0.0,0.0,0.0,0.002594747275401217,-0.004009571975104928,0.00812477061443141,-0.004009649312944527,0.0],[0.0,0.0,0.0,0.0,0.004025733900458642,-0.008095306197828382,0.005335328138414573,0.0],[0.0,0.0,0.0,0.0,0.0,0.0,-0.007079974142867276,0.001492703099072644],[0.0,0.0,0.0,0.0,0.0,0.0,0.00380070912879592,-0.0014904771679059763]]}