{"din_name":"flux_level11092.json","din_kind":"RELATIVE","din_start":600.0000008067607,"din_end":660.000005245466,"din_rules":["Interventions","r1","r1_rev","r2","r3","r4","r5","r6"],"din_hits":[0,1531254,1530572,2937971,3727312,789336,702107,702118],"din_fluxs":[[0.0,0.0,0.0,0.0,0.0,0.0,0.0,0.0],[0.0,-0.0032284280287047844,0.0014966079813254947,0.0073928413337689515,0.0,-0.006258885180694241,0.0,0.0],[0.0,0.0032395647194399034,-0.001466076369151966,-0.0029144180795538624,0.0,0.002558473037811494,0.0,0.0],[0.0,0.0,0.0,-0.038814499148920906,0.002565071483404759,0.0,0.0026189979367268043,0.0],[0.0,0.0,0.0,0.029962100791940317,-0.0025584127371158527,0.008911453849715954,-0.002557905104855615,0.0],[0.0,0.0,0.0,0.0,0.0025646252787617494,-0.03362156627166336,0.002738670248422368,0.0],[0.0,0.0,0.0,0.0,0.0,0.0,-0.002015583577948972,0.002793053998194266],[0.0,0.0,0.0,0.0,0.0,0.0,0.0016062140606358767,-0.00278525912885884]]}