{"din_name":"flux_level03322.json","din_kind":"RELATIVE","din_start":600.0000117651344,"din_end":660.0000298750456,"din_rules":["Interventions","r1","r1_rev","r2","r3","r4","r5","r6"],"din_hits":[0,47932,47922,661,801636,800978,617109,617108],"din_fluxs":[[0.0,0.0,0.0,0.0,0.0,0.0,0.0,0.0],[0.0,-0.0010892090476479215,0.115565407040058,0.2004245431469178,0.0,-0.002022521785791335,0.0,0.0],[0.0,0.0010903979121094473,-0.09940045801933696,-0.1826368032961264,0.0,0.0026087306334313964,0.0,0.0],[0.0,0.0,0.0,-0.3929366451430275,0.004911508303123525,0.0,0.006470104321791634,0.0],[0.0,0.0,0.0,0.003979984750352671,-0.0048875037352881885,0.006846930124761825,-0.004888417975996647,0.0],[0.0,0.0,0.0,0.0,0.004911557156806727,-0.006840212380563798,0.006264148920921602,0.0],[0.0,0.0,0.0,0.0,0.0,0.0,-0.003925378707172134,0.0036277359712250878],[0.0,0.0,0.0,0.0,0.0,0.0,0.002199463519266998,-0.0036145882087703636]]}