{"din_name":"flux_level08177.json","din_kind":"RELATIVE","din_start":600.0000016661793,"din_end":660.000011544898,"din_rules":["Interventions","r1","r1_rev","r2","r3","r4","r5","r6"],"din_hits":[0,72775,72665,242918,2481412,2238480,1082214,1082187],"din_fluxs":[[0.0,0.0,0.0,0.0,0.0,0.0,0.0,0.0],[0.0,-0.0012026683680120942,0.009419922551381781,0.01573586471891047,0.0,-0.002234281915962249,0.0,0.0],[0.0,0.0012042145547242454,-0.00912529980422837,-0.01808656619085166,0.0,0.00270603755354968,0.0,0.0],[0.0,0.0,0.0,-0.08293622825996884,0.0031387941681287257,0.0,0.0038081917034778093,0.0],[0.0,0.0,0.0,0.008937751876017764,-0.0031289604874852983,0.011539756488711974,-0.0031302625453481668,0.0],[0.0,0.0,0.0,0.0,0.0031387885563380897,-0.012645239183981041,0.00359540116243514,0.0],[0.0,0.0,0.0,0.0,0.0,0.0,-0.0032834262133726103,0.0020158310866811116],[0.0,0.0,0.0,0.0,0.0,0.0,0.002216883264212063,-0.0020117711095817806]]}