{"din_name":"flux_level00797.json","din_kind":"RELATIVE","din_start":600.0000081027416,"din_end":660.0000110005622,"din_rules":["Interventions","r1","r1_rev","r2","r3","r4","r5","r6"],"din_hits":[0,14532,14523,7341,2613172,2605820,837160,837187],"din_fluxs":[[0.0,0.0,0.0,0.0,0.0,0.0,0.0,0.0],[0.0,-0.0010896680835154441,0.10944955458155807,0.10534156614031431,0.0,-0.0019958518819189514,0.0,0.0],[0.0,0.0010908608842546445,-0.09581185652055024,-0.17820070684254638,0.0,0.004608055861577903,0.0,0.0],[0.0,0.0,0.0,-0.3923231620727712,0.0030258113025818816,0.0,0.005379751600000618,0.0],[0.0,0.0,0.0,0.0027454771204528457,-0.003016145148023542,0.01218917072054765,-0.003015909775232958,0.0],[0.0,0.0,0.0,0.0,0.003025274268304793,-0.012089789184832871,0.003555051465306936,0.0],[0.0,0.0,0.0,0.0,0.0,0.0,-0.005095186283842676,0.001460990966002245],[0.0,0.0,0.0,0.0,0.0,0.0,0.0034881104243117164,-0.0014588569581631768]]}