{"din_name":"flux_level13256.json","din_kind":"RELATIVE","din_start":600.000002432807,"din_end":660.0000087989949,"din_rules":["Interventions","r1","r1_rev","r2","r3","r4","r5","r6"],"din_hits":[0,93469,93442,5549,1157703,1152156,1966229,1966274],"din_fluxs":[[0.0,0.0,0.0,0.0,0.0,0.0,0.0,0.0],[0.0,-0.0010958873059110862,0.06587930957600178,0.08741169454412884,0.0,-0.0020290925175580963,0.0,0.0],[0.0,0.0010970906476025822,-0.06060494701639086,-0.11101348338758282,0.0,0.0038092152506800335,0.0,0.0],[0.0,0.0,0.0,-0.43035264503155835,0.0026003816864857273,0.0,0.003576076812925529,0.0],[0.0,0.0,0.0,0.009905035900849528,-0.0025926356402167644,0.017987806822713684,-0.0025942307705238057,0.0],[0.0,0.0,0.0,0.0,0.002599372282076678,-0.017891665759293605,0.0032635043317931945,0.0],[0.0,0.0,0.0,0.0,0.0,0.0,-0.0023272800744927606,0.0024443702944720864],[0.0,0.0,0.0,0.0,0.0,0.0,0.0019439229241298957,-0.002438400923525721]]}