{"din_name":"flux_level09795.json","din_kind":"RELATIVE","din_start":600.0000046442235,"din_end":660.0000034452866,"din_rules":["Interventions","r1","r1_rev","r2","r3","r4","r5","r6"],"din_hits":[0,124884,124858,35023,3677620,3642598,975320,975335],"din_fluxs":[[0.0,0.0,0.0,0.0,0.0,0.0,0.0,0.0],[0.0,-0.0011017990121392244,0.04811703429108677,0.05275214008436516,0.0,-0.0020366394860431066,0.0,0.0],[0.0,0.0011030164262729341,-0.04509798040211419,-0.08597187109564891,0.0,0.003979717938883987,0.0,0.0],[0.0,0.0,0.0,-0.2789327654049532,0.002821595889931218,0.0,0.003636088516033353,0.0],[0.0,0.0,0.0,0.005375630108797943,-0.002813720267452465,0.014350603818284994,-0.0028144347607145137,0.0],[0.0,0.0,0.0,0.0,0.002821664105148393,-0.014345966190911615,0.0031396933285420385,0.0],[0.0,0.0,0.0,0.0,0.0,0.0,-0.0042518758229131825,0.001521754098037917],[0.0,0.0,0.0,0.0,0.0,0.0,0.003088197213891942,-0.0015194407331692663]]}