{"din_name":"flux_level06899.json","din_kind":"RELATIVE","din_start":600.0000009918368,"din_end":660.0000013664821,"din_rules":["Interventions","r1","r1_rev","r2","r3","r4","r5","r6"],"din_hits":[0,59100,59095,7605,2752225,2744607,294983,294985],"din_fluxs":[[0.0,0.0,0.0,0.0,0.0,0.0,0.0,0.0],[0.0,-0.0010891214687065724,0.12561971932961563,0.12824483715928173,0.0,-0.002015668310067171,0.0,0.0],[0.0,0.0010903096460682389,-0.10063916419695988,-0.17703182476280707,0.0,0.004810947276237612,0.0,0.0],[0.0,0.0,0.0,-0.5158505428187704,0.0025966358160018255,0.0,0.0026701553639835508,0.0],[0.0,0.0,0.0,0.007242960363236189,-0.0025906742109607795,0.018023202728159254,-0.0025901041793520855,0.0],[0.0,0.0,0.0,0.0,0.002597407661553862,-0.017809360993384496,0.0026279337332100255,0.0],[0.0,0.0,0.0,0.0,0.0,0.0,-0.0014136993933645116,0.012468097527486077],[0.0,0.0,0.0,0.0,0.0,0.0,0.001127673263401446,-0.012312840383320273]]}