{"din_name":"flux_level00688.json","din_kind":"RELATIVE","din_start":600.0000047341142,"din_end":660.0000116294627,"din_rules":["Interventions","r1","r1_rev","r2","r3","r4","r5","r6"],"din_hits":[0,165727,165684,8286,613691,605414,2038509,2038519],"din_fluxs":[[0.0,0.0,0.0,0.0,0.0,0.0,0.0,0.0],[0.0,-0.0011160568365535634,0.02950711059029985,0.04449230461823642,0.0,-0.002068028304489089,0.0,0.0],[0.0,0.0011173078387418179,-0.028173218896043087,-0.054347333279042516,0.0,0.0029707804601579527,0.0,0.0],[0.0,0.0,0.0,-0.24389748013837517,0.002806497191370224,0.0,0.004186473657536839,0.0],[0.0,0.0,0.0,0.009415621469829277,-0.0027989593410715128,0.014423000921144642,-0.0027992582773190985,0.0],[0.0,0.0,0.0,0.0,0.0028068220626136335,-0.014647278124987222,0.004016966074619097,0.0],[0.0,0.0,0.0,0.0,0.0,0.0,-0.002463940424922915,0.0027701343700732234],[0.0,0.0,0.0,0.0,0.0,0.0,0.0021066515331998274,-0.0027624687154741263]]}