{"din_name":"flux_level07182.json","din_kind":"RELATIVE","din_start":600.0000082878815,"din_end":660.0000042384669,"din_rules":["Interventions","r1","r1_rev","r2","r3","r4","r5","r6"],"din_hits":[0,52640,52627,4485,1262967,1258463,702802,702826],"din_fluxs":[[0.0,0.0,0.0,0.0,0.0,0.0,0.0,0.0],[0.0,-0.0010939112708631944,0.07628968131869311,0.09496526363617579,0.0,-0.002041349116644673,0.0,0.0],[0.0,0.0010951114254928386,-0.0684738802096755,-0.12696806151875523,0.0,0.003669361996024285,0.0,0.0],[0.0,0.0,0.0,-0.3661091349666187,0.002994801641173892,0.0,0.0034836896508561753,0.0],[0.0,0.0,0.0,0.005203882707574074,-0.0029849523767153247,0.012421069562072366,-0.0029849424341693094,0.0],[0.0,0.0,0.0,0.0,0.0029938908150624376,-0.012377869933134398,0.0032989882561592267,0.0],[0.0,0.0,0.0,0.0,0.0,0.0,-0.0020591101773220102,0.004004568065628045],[0.0,0.0,0.0,0.0,0.0,0.0,0.0015178607853132805,-0.003988541992936508]]}