{"din_name":"flux_level12028.json","din_kind":"RELATIVE","din_start":600.000001598588,"din_end":660.0000006209079,"din_rules":["Interventions","r1","r1_rev","r2","r3","r4","r5","r6"],"din_hits":[0,97732,97720,14334,3202753,3188407,1287250,1287266],"din_fluxs":[[0.0,0.0,0.0,0.0,0.0,0.0,0.0,0.0],[0.0,-0.0010960509160057987,0.06619965287202557,0.07877198488655943,0.0,-0.002026624690787272,0.0,0.0],[0.0,0.001097254993028724,-0.06003853914913254,-0.11406165349470307,0.0,0.0036213164703596,0.0,0.0],[0.0,0.0,0.0,-0.2992790236870681,0.0032470193417526577,0.0,0.004456848150711722,0.0],[0.0,0.0,0.0,0.003799410581147297,-0.0032372845747662958,0.010748314596167865,-0.003236140826026502,0.0],[0.0,0.0,0.0,0.0,0.0032478101576670485,-0.010728905030976893,0.0038169979623798715,0.0],[0.0,0.0,0.0,0.0,0.0,0.0,-0.003973437732988385,0.0017733642173665745],[0.0,0.0,0.0,0.0,0.0,0.0,0.0025849929364323123,-0.0017702225712121378]]}