{"din_name":"flux_level09888.json","din_kind":"RELATIVE","din_start":600.0000296461828,"din_end":660.0005194189504,"din_rules":["Interventions","r1","r1_rev","r2","r3","r4","r5","r6"],"din_hits":[0,7688,7676,54,70691,70613,376285,376291],"din_fluxs":[[0.0,0.0,0.0,0.0,0.0,0.0,0.0,0.0],[0.0,-0.00108899687721516,0.11561193968579507,0.22158683417035763,0.0,-0.0020159243435515684,0.0,0.0],[0.0,0.0010901910334815347,-0.1006774498368324,-0.18619772026113168,0.0,0.0022800935946428198,0.0,0.0],[0.0,0.0,0.0,-0.3924183815124665,0.008252725123960235,0.0,0.013132962238664194,0.0],[0.0,0.0,0.0,0.003682253297739911,-0.008208241416985682,0.005334596261671677,-0.008190878346459486,0.0],[0.0,0.0,0.0,0.0,0.008276603174858232,-0.005338275612453206,0.012944914788770308,0.0],[0.0,0.0,0.0,0.0,0.0,0.0,-0.006525721939745715,0.009692127941550525],[0.0,0.0,0.0,0.0,0.0,0.0,0.005697200523659662,-0.009598130407860018]]}