{"din_name":"flux_level13549.json","din_kind":"RELATIVE","din_start":600.0000186406717,"din_end":660.0000035833257,"din_rules":["Interventions","r1","r1_rev","r2","r3","r4","r5","r6"],"din_hits":[0,219485,219443,7181,535752,528580,1209609,1209620],"din_fluxs":[[0.0,0.0,0.0,0.0,0.0,0.0,0.0,0.0],[0.0,-0.0011216222712050064,0.025659169971850884,0.042862145230513196,0.0,-0.0020867225977728066,0.0,0.0],[0.0,0.0011228858758279901,-0.024596202954722816,-0.04790447876651576,0.0,0.0025898569806982828,0.0,0.0],[0.0,0.0,0.0,-0.17168541960211553,0.003497195152655592,0.0,0.005045477967367446,0.0],[0.0,0.0,0.0,0.00687365970793139,-0.0034865063928737855,0.009593189938211941,-0.003488196840889289,0.0],[0.0,0.0,0.0,0.0,0.003498737642658317,-0.009831609615413149,0.004940160634121429,0.0],[0.0,0.0,0.0,0.0,0.0,0.0,-0.002896192143733761,0.0034318783003027533],[0.0,0.0,0.0,0.0,0.0,0.0,0.0022694961533130152,-0.003420112915947199]]}