{"din_name":"flux_level06014.json","din_kind":"RELATIVE","din_start":600.0000251934893,"din_end":660.0000090945134,"din_rules":["Interventions","r1","r1_rev","r2","r3","r4","r5","r6"],"din_hits":[0,17706,17699,1215,490446,489242,538866,538872],"din_fluxs":[[0.0,0.0,0.0,0.0,0.0,0.0,0.0,0.0],[0.0,-0.001089234263178813,0.11533989877161858,0.14096475838057476,0.0,-0.002025570230219664,0.0,0.0],[0.0,0.001090424857131984,-0.09921321513178608,-0.16965845547129133,0.0,0.004484913321454273,0.0,0.0],[0.0,0.0,0.0,-0.5584476179756757,0.0025273319211343726,0.0,0.004278414977149351,0.0],[0.0,0.0,0.0,0.009702609283813949,-0.0025200570303898703,0.019890988846075788,-0.0025174066457362785,0.0],[0.0,0.0,0.0,0.0,0.0025264226619027344,-0.01963469985150041,0.003402865658463116,0.0],[0.0,0.0,0.0,0.0,0.0,0.0,-0.004342453865672892,0.0014539176339860294],[0.0,0.0,0.0,0.0,0.0,0.0,0.0035676321588138447,-0.0014518058677376886]]}