{"din_name":"flux_level12856.json","din_kind":"RELATIVE","din_start":600.0000022933131,"din_end":660.0000024597557,"din_rules":["Interventions","r1","r1_rev","r2","r3","r4","r5","r6"],"din_hits":[0,52669,52646,32247,3860929,3828674,1573600,1573589],"din_fluxs":[[0.0,0.0,0.0,0.0,0.0,0.0,0.0,0.0],[0.0,-0.0010985562285339948,0.05652909813751317,0.056386965718708375,0.0,-0.0020241700760785524,0.0,0.0],[0.0,0.0010997680495985647,-0.05249242327669005,-0.10015093675252058,0.0,0.004353370615724656,0.0,0.0],[0.0,0.0,0.0,-0.2901649887470147,0.0028396061571298254,0.0,0.0038632718878695584,0.0],[0.0,0.0,0.0,0.0043360089514124225,-0.0028312255658026787,0.014145555358343623,-0.002832178194257314,0.0],[0.0,0.0,0.0,0.0,0.002839265466293307,-0.014094782157834673,0.0031631771316546994,0.0],[0.0,0.0,0.0,0.0,0.0,0.0,-0.0029504000404489425,0.001991916164412573],[0.0,0.0,0.0,0.0,0.0,0.0,0.002164409790576702,-0.001987953002126238]]}