{"din_name":"flux_level13967.json","din_kind":"RELATIVE","din_start":600.0000047660081,"din_end":660.0000040641347,"din_rules":["Interventions","r1","r1_rev","r2","r3","r4","r5","r6"],"din_hits":[0,458356,458280,194589,2626859,2432269,1897883,1897920],"din_fluxs":[[0.0,0.0,0.0,0.0,0.0,0.0,0.0,0.0],[0.0,-0.0011764911979006674,0.011643841112774007,0.018300615193830198,0.0,-0.0021943356349693197,0.0,0.0],[0.0,0.0011778866823782537,-0.011316035054139445,-0.022184240110283793,0.0,0.0028751094601620225,0.0,0.0],[0.0,0.0,0.0,-0.13137810118318446,0.0026882118903493353,0.0,0.0031906870862556565,0.0],[0.0,0.0,0.0,0.012005196348367367,-0.002680971312545832,0.01646297794131815,-0.002680395186663129,0.0],[0.0,0.0,0.0,0.0,0.0026881785940326645,-0.017593045927181507,0.0030646067019220007,0.0],[0.0,0.0,0.0,0.0,0.0,0.0,-0.0024160087400709315,0.0023594105661985097],[0.0,0.0,0.0,0.0,0.0,0.0,0.0018919313135273067,-0.002353846618155506]]}