{"din_name":"flux_level09159.json","din_kind":"RELATIVE","din_start":600.0000140598453,"din_end":660.0000042830555,"din_rules":["Interventions","r1","r1_rev","r2","r3","r4","r5","r6"],"din_hits":[0,9458,9446,20749,3545315,3524571,1597302,1597345],"din_fluxs":[[0.0,0.0,0.0,0.0,0.0,0.0,0.0,0.0],[0.0,-0.0010932039537253726,0.07849688604067989,0.07305264285148613,0.0,-0.0020547577260308925,0.0,0.0],[0.0,0.0010944113654009564,-0.07116884252792061,-0.13492316171124852,0.0,0.004973492758989778,0.0,0.0],[0.0,0.0,0.0,-0.3450218315989762,0.0028012095043473953,0.0,0.003656581818958031,0.0],[0.0,0.0,0.0,0.0035141887585119448,-0.0027940637749026337,0.014581434451379664,-0.002793395017749885,0.0],[0.0,0.0,0.0,0.0,0.002801900095280031,-0.01446226700211908,0.003038492611067187,0.0],[0.0,0.0,0.0,0.0,0.0,0.0,-0.0021376498400101124,0.003044174920696914],[0.0,0.0,0.0,0.0,0.0,0.0,0.0016129804289196205,-0.003034920876053673]]}