{"din_name":"flux_level05845.json","din_kind":"RELATIVE","din_start":600.0000129016275,"din_end":660.0000011760213,"din_rules":["Interventions","r1","r1_rev","r2","r3","r4","r5","r6"],"din_hits":[0,51031,51014,28819,4523136,4494304,964565,964571],"din_fluxs":[[0.0,0.0,0.0,0.0,0.0,0.0,0.0,0.0],[0.0,-0.001093293301788348,0.07850674257885099,0.07159359026040935,0.0,-0.0020262311448100453,0.0,0.0],[0.0,0.0010944919735731138,-0.07126936298659831,-0.13184060196346375,0.0,0.005180676369337253,0.0,0.0],[0.0,0.0,0.0,-0.40703242643980414,0.002559759398648147,0.0,0.0035250285051865453,0.0],[0.0,0.0,0.0,0.005933476644726124,-0.002553688591440677,0.019150665008508084,-0.002554189140610804,0.0],[0.0,0.0,0.0,0.0,0.002560231771034533,-0.01894226910187722,0.002773632773763683,0.0],[0.0,0.0,0.0,0.0,0.0,0.0,-0.004610706454258808,0.0013953232026804527],[0.0,0.0,0.0,0.0,0.0,0.0,0.0036531334010476454,-0.0013933783050588764]]}