{"din_name":"flux_level12425.json","din_kind":"RELATIVE","din_start":600.0000013562717,"din_end":660.0000101887913,"din_rules":["Interventions","r1","r1_rev","r2","r3","r4","r5","r6"],"din_hits":[0,596398,596250,286960,2164628,1877649,715448,715461],"din_fluxs":[[0.0,0.0,0.0,0.0,0.0,0.0,0.0,0.0],[0.0,-0.0012473820636069797,0.0071430716262151665,0.013619592978531011,0.0,-0.0023351801373064428,0.0,0.0],[0.0,0.0012489616757516248,-0.006969903292968243,-0.01386721091273221,0.0,0.0024413252569633775,0.0,0.0],[0.0,0.0,0.0,-0.044136174667985625,0.004991656245601738,0.0,0.005532930706332509,0.0],[0.0,0.0,0.0,0.006257131748650149,-0.004966720252232735,0.0068273111621177714,-0.004965595873210804,0.0],[0.0,0.0,0.0,0.0,0.004991554529731136,-0.007840538420828786,0.0055119660473803,0.0],[0.0,0.0,0.0,0.0,0.0,0.0,-0.0032088573496740188,0.005650669880448219],[0.0,0.0,0.0,0.0,0.0,0.0,0.0016481632147742197,-0.005618765181990295]]}