{"din_name":"flux_level03023.json","din_kind":"RELATIVE","din_start":600.0000067105373,"din_end":660.0000023650431,"din_rules":["Interventions","r1","r1_rev","r2","r3","r4","r5","r6"],"din_hits":[0,70979,70952,40641,4021181,3980502,55225,55222],"din_fluxs":[[0.0,0.0,0.0,0.0,0.0,0.0,0.0,0.0],[0.0,-0.0011009869727402217,0.05006757426225669,0.05164031973569331,0.0,-0.00203988275916462,0.0,0.0],[0.0,0.0011022038160411964,-0.04681572157342669,-0.0889872329020009,0.0,0.004243118750006831,0.0,0.0],[0.0,0.0,0.0,-0.2787527737411185,0.002792783272886377,0.0,0.0028077797094998094,0.0],[0.0,0.0,0.0,0.004888913143485112,-0.0027851226967130142,0.014762718963205345,-0.00278521001098768,0.0],[0.0,0.0,0.0,0.0,0.0027929057273648346,-0.014731955482576513,0.0027983494551739123,0.0],[0.0,0.0,0.0,0.0,0.0,0.0,-0.0014351957837487924,0.035556036422735436],[0.0,0.0,0.0,0.0,0.0,0.0,0.0010495382675158812,-0.034290714847427954]]}