{"din_name":"flux_level06417.json","din_kind":"RELATIVE","din_start":600.0000039147312,"din_end":660.0000054067784,"din_rules":["Interventions","r1","r1_rev","r2","r3","r4","r5","r6"],"din_hits":[0,15229,15220,5741,2790944,2785203,23997,23998],"din_fluxs":[[0.0,0.0,0.0,0.0,0.0,0.0,0.0,0.0],[0.0,-0.0010910049233882034,0.09474721971004424,0.11768906749744518,0.0,-0.0020309311588251823,0.0,0.0],[0.0,0.0010922012483384298,-0.08444729746295668,-0.15949772580698027,0.0,0.003452878546961239,0.0,0.0],[0.0,0.0,0.0,-0.31894026418979526,0.0041532906616684444,0.0,0.00417215204110674,0.0],[0.0,0.0,0.0,0.0014560840976428153,-0.004136061469250416,0.007915866317734192,-0.004136088921540516,0.0],[0.0,0.0,0.0,0.0,0.004153264536369997,-0.007877315987566181,0.004161034902748275,0.0],[0.0,0.0,0.0,0.0,0.0,0.0,-0.00208178378405035,0.5311875638009725],[0.0,0.0,0.0,0.0,0.0,0.0,0.0011914803301890891,-0.18006789801363185]]}