{"din_name":"flux_level07463.json","din_kind":"RELATIVE","din_start":600.0000156303789,"din_end":660.0000011170171,"din_rules":["Interventions","r1","r1_rev","r2","r3","r4","r5","r6"],"din_hits":[0,49220,49213,14165,3642047,3627882,302424,302433],"din_fluxs":[[0.0,0.0,0.0,0.0,0.0,0.0,0.0,0.0],[0.0,-0.001092150003793252,0.08636237583188217,0.08994430981502007,0.0,-0.002027297413050459,0.0,0.0],[0.0,0.0010933455575997365,-0.07769878267383724,-0.14420562618951166,0.0,0.004304122125797687,0.0,0.0],[0.0,0.0,0.0,-0.36751688554731005,0.002946295304691844,0.0,0.003027594470717706,0.0],[0.0,0.0,0.0,0.003724591521702672,-0.002937490097047577,0.012891399395659631,-0.002937599878819533,0.0],[0.0,0.0,0.0,0.0,0.002946148643142656,-0.012806128757619604,0.0029813454052839018,0.0],[0.0,0.0,0.0,0.0,0.0,0.0,-0.0015553228409825616,0.01959892472517209],[0.0,0.0,0.0,0.0,0.0,0.0,0.0011367820583352455,-0.019215284031372504]]}