{"din_name":"flux_level12542.json","din_kind":"RELATIVE","din_start":600.0000004401846,"din_end":660.0000093248692,"din_rules":["Interventions","r1","r1_rev","r2","r3","r4","r5","r6"],"din_hits":[0,30467,30417,102990,3646029,3543044,679229,679223],"din_fluxs":[[0.0,0.0,0.0,0.0,0.0,0.0,0.0,0.0],[0.0,-0.001122322161911494,0.025423111410867196,0.030107154808774936,0.0,-0.002113413584898839,0.0,0.0],[0.0,0.0011236126295622471,-0.024291738765837123,-0.04702310750751944,0.0,0.0037012738043400734,0.0,0.0],[0.0,0.0,0.0,-0.1761277612777187,0.0028278984733440325,0.0,0.0039870166281193034,0.0],[0.0,0.0,0.0,0.006249718591726598,-0.002820256479566813,0.01448893711692951,-0.0028200676829120714,0.0],[0.0,0.0,0.0,0.0,0.0028282464663151458,-0.01470375474167871,0.0031041137334851428,0.0],[0.0,0.0,0.0,0.0,0.0,0.0,-0.005442416651806878,0.0013676773629162768],[0.0,0.0,0.0,0.0,0.0,0.0,0.003921013540955961,-0.0013658088417738666]]}