{"din_name":"flux_level08039.json","din_kind":"RELATIVE","din_start":600.0000012470998,"din_end":660.0000009873694,"din_rules":["Interventions","r1","r1_rev","r2","r3","r4","r5","r6"],"din_hits":[0,83007,82998,17766,3156317,3138548,944275,944280],"din_fluxs":[[0.0,0.0,0.0,0.0,0.0,0.0,0.0,0.0],[0.0,-0.0010938848139216738,0.07524467622369271,0.07772480444475878,0.0,-0.00204908378128687,0.0,0.0],[0.0,0.0010950839024200655,-0.06853999004872197,-0.12642567490000606,0.0,0.004695049542033851,0.0,0.0],[0.0,0.0,0.0,-0.41319387365656884,0.002583895840146783,0.0,0.0031581357222715337,0.0],[0.0,0.0,0.0,0.006822740295812445,-0.002577384681208256,0.018469763625369603,-0.0025764439530330616,0.0],[0.0,0.0,0.0,0.0,0.0025840477672246466,-0.018302047784860387,0.0027903566835477626,0.0],[0.0,0.0,0.0,0.0,0.0,0.0,-0.0031658520877680205,0.0017112646109302154],[0.0,0.0,0.0,0.0,0.0,0.0,0.0024935268760098413,-0.0017083390056885884]]}