{"din_name":"flux_level02686.json","din_kind":"RELATIVE","din_start":600.0000074606208,"din_end":660.0000176902521,"din_rules":["Interventions","r1","r1_rev","r2","r3","r4","r5","r6"],"din_hits":[0,69466,69444,23820,2792462,2768650,1208974,1208975],"din_fluxs":[[0.0,0.0,0.0,0.0,0.0,0.0,0.0,0.0],[0.0,-0.0010972945536917875,0.06049700088339936,0.058388129621741565,0.0,-0.001993048250410216,0.0,0.0],[0.0,0.0010985023592844916,-0.05597349106664262,-0.1042420387525713,0.0,0.004728283538822071,0.0,0.0],[0.0,0.0,0.0,-0.3742520129361973,0.0025400141732682077,0.0,0.0030133554820555176,0.0],[0.0,0.0,0.0,0.0071961051191007696,-0.0025343484992464693,0.019737502881147437,-0.0025337551613345273,0.0],[0.0,0.0,0.0,0.0,0.0025407962721473343,-0.019583571667976994,0.002717090305273408,0.0],[0.0,0.0,0.0,0.0,0.0,0.0,-0.002123402616458792,0.002545017697568105],[0.0,0.0,0.0,0.0,0.0,0.0,0.0017191149761372835,-0.002538547072689939]]}