{"din_name":"flux_level00872.json","din_kind":"RELATIVE","din_start":600.0000266943402,"din_end":660.0000981944726,"din_rules":["Interventions","r1","r1_rev","r2","r3","r4","r5","r6"],"din_hits":[0,1525,1509,8459,1334077,1325617,168692,168692],"din_fluxs":[[0.0,0.0,0.0,0.0,0.0,0.0,0.0,0.0],[0.0,-0.0010940890962800993,0.07595674555745033,0.06314075833047185,0.0,-0.0019022636696198732,0.0,0.0],[0.0,0.0010953668682788839,-0.06787226952903284,-0.13079965506518387,0.0,0.00492237887892056,0.0,0.0],[0.0,0.0,0.0,-0.3224984396680344,0.0028456060236196935,0.0,0.0029301666797440064,0.0],[0.0,0.0,0.0,0.0033248132646909725,-0.0028377648080416995,0.014045996817074234,-0.0028370433611459157,0.0],[0.0,0.0,0.0,0.0,0.0028458462088837818,-0.013941404272915478,0.002884781036589884,0.0],[0.0,0.0,0.0,0.0,0.0,0.0,-0.001475136601951803,0.03023393065160156],[0.0,0.0,0.0,0.0,0.0,0.0,0.001163144659577315,-0.029319524804208234]]}