{"din_name":"flux_level02610.json","din_kind":"RELATIVE","din_start":600.0000021730324,"din_end":660.0000059859467,"din_rules":["Interventions","r1","r1_rev","r2","r3","r4","r5","r6"],"din_hits":[0,14315,14299,12793,2353070,2340289,1314208,1314211],"din_fluxs":[[0.0,0.0,0.0,0.0,0.0,0.0,0.0,0.0],[0.0,-0.0010915838396142975,0.08940213833521435,0.07765448328969371,0.0,-0.0020365001749042895,0.0,0.0],[0.0,0.0010927822800158046,-0.08019694888173717,-0.14775855562960466,0.0,0.005414228606724053,0.0,0.0],[0.0,0.0,0.0,-0.4188600729987702,0.002591023932451389,0.0,0.004275971538183958,0.0],[0.0,0.0,0.0,0.005044211900931204,-0.0025854815553111366,0.018311192823246555,-0.0025852113297278535,0.0],[0.0,0.0,0.0,0.0,0.0025921920054339273,-0.01809719455662747,0.0030156870120144584,0.0],[0.0,0.0,0.0,0.0,0.0,0.0,-0.0036209950352874562,0.0015930915925233882],[0.0,0.0,0.0,0.0,0.0,0.0,0.0028751500857819323,-0.0015905562138197218]]}