{"din_name":"flux_level12466.json","din_kind":"RELATIVE","din_start":600.0000237599172,"din_end":660.0000186684043,"din_rules":["Interventions","r1","r1_rev","r2","r3","r4","r5","r6"],"din_hits":[0,17715,17703,3145,1875897,1872749,72202,72209],"din_fluxs":[[0.0,0.0,0.0,0.0,0.0,0.0,0.0,0.0],[0.0,-0.001091414802500091,0.09088217795013824,0.12954106276562244,0.0,-0.0020367660071746547,0.0,0.0],[0.0,0.0010926119539444814,-0.08142213188701815,-0.15502494834884745,0.0,0.0029991618309750602,0.0,0.0],[0.0,0.0,0.0,-0.30086435476536627,0.005236718206210203,0.0,0.005527127146812181,0.0],[0.0,0.0,0.0,0.00132277173755968,-0.005216522285649091,0.006612443611360485,-0.005217171282943464,0.0],[0.0,0.0,0.0,0.0,0.005243953700614687,-0.006588880441147993,0.0053284542348932,0.0],[0.0,0.0,0.0,0.0,0.0,0.0,-0.0034238935411971647,0.004347977208589144],[0.0,0.0,0.0,0.0,0.0,0.0,0.001366758158476871,-0.0043290959652817155]]}