{"din_name":"flux_level06390.json","din_kind":"RELATIVE","din_start":600.000020943127,"din_end":660.0000070655983,"din_rules":["Interventions","r1","r1_rev","r2","r3","r4","r5","r6"],"din_hits":[0,278692,278596,41358,530058,488697,965570,965585],"din_fluxs":[[0.0,0.0,0.0,0.0,0.0,0.0,0.0,0.0],[0.0,-0.0011908853182507047,0.010276140557522496,0.017791022155125538,0.0,-0.0022147309346154612,0.0,0.0],[0.0,0.001192326377425995,-0.009992097397178375,-0.019697600913547185,0.0,0.002597965121157614,0.0,0.0],[0.0,0.0,0.0,-0.09845195350942156,0.003024861344973455,0.0,0.004067603630604403,0.0],[0.0,0.0,0.0,0.00997744402795271,-0.00301560160304877,0.012263962589128225,-0.003013454653795451,0.0],[0.0,0.0,0.0,0.0,0.003024717984365736,-0.013335113125372304,0.0039858474305461385,0.0],[0.0,0.0,0.0,0.0,0.0,0.0,-0.0025176842599956006,0.0029789304569229204],[0.0,0.0,0.0,0.0,0.0,0.0,0.0019944080223764536,-0.002970063692466096]]}