{"din_name":"flux_level12947.json","din_kind":"RELATIVE","din_start":600.0000271851685,"din_end":660.0000234783959,"din_rules":["Interventions","r1","r1_rev","r2","r3","r4","r5","r6"],"din_hits":[0,224652,224603,5498,446689,441205,24693,24689],"din_fluxs":[[0.0,0.0,0.0,0.0,0.0,0.0,0.0,0.0],[0.0,-0.0011189666903389146,0.027329924459508825,0.04583466155910959,0.0,-0.0020659132745400625,0.0,0.0],[0.0,0.0011202235075192574,-0.02615867852462561,-0.0504988581061047,0.0,0.002646279646169851,0.0,0.0],[0.0,0.0,0.0,-0.23231813236642365,0.0029289321130207065,0.0,0.0029497881644356396,0.0],[0.0,0.0,0.0,0.01000195939403847,-0.0029206311284566333,0.012972870572652775,-0.00291991009885029,0.0],[0.0,0.0,0.0,0.0,0.0029291922466927077,-0.013247074894538713,0.0029529033904675725,0.0],[0.0,0.0,0.0,0.0,0.0,0.0,-0.001543546343091199,0.019746400149559862],[0.0,0.0,0.0,0.0,0.0,0.0,0.0011093971322870494,-0.01935728941134331]]}