{"din_name":"flux_level00739.json","din_kind":"RELATIVE","din_start":600.0000001648224,"din_end":660.000000648992,"din_rules":["Interventions","r1","r1_rev","r2","r3","r4","r5","r6"],"din_hits":[0,33325,33314,7381,1255056,1247671,1837162,1837145],"din_fluxs":[[0.0,0.0,0.0,0.0,0.0,0.0,0.0,0.0],[0.0,-0.001094265627160762,0.07421950483916412,0.07348837789107714,0.0,-0.0020161340369046,0.0,0.0],[0.0,0.0010954677498999606,-0.06677374597892928,-0.1231903285529143,0.0,0.0047092012582106765,0.0,0.0],[0.0,0.0,0.0,-0.41024788061195755,0.0025740527848676113,0.0,0.0034117016491701964,0.0],[0.0,0.0,0.0,0.006945669432419775,-0.002566701687328238,0.018756785593823662,-0.0025670064785679363,0.0],[0.0,0.0,0.0,0.0,0.0025733043549711334,-0.018586636161680707,0.0030282711404129472,0.0],[0.0,0.0,0.0,0.0,0.0,0.0,-0.001966787092523091,0.003121083491269613],[0.0,0.0,0.0,0.0,0.0,0.0,0.0016601691381893638,-0.003111354172763512]]}