{"din_name":"flux_level13779.json","din_kind":"RELATIVE","din_start":600.0000464212384,"din_end":660.0000145644683,"din_rules":["Interventions","r1","r1_rev","r2","r3","r4","r5","r6"],"din_hits":[0,388462,388086,349214,811744,462507,1279149,1279114],"din_fluxs":[[0.0,0.0,0.0,0.0,0.0,0.0,0.0,0.0],[0.0,-0.0016838074326716993,0.0027249906310248114,0.008411125248973705,0.0,-0.003187084729985017,0.0,0.0],[0.0,0.0016869893877181031,-0.002659344164662963,-0.005283609532964998,0.0,0.0020856108216694316,0.0,0.0],[0.0,0.0,0.0,-0.05693003373698041,0.0026530036730237107,0.0,0.0031651310478164807,0.0],[0.0,0.0,0.0,0.024430804820122557,-0.00264588925398816,0.01365510473512866,-0.0026469353773434863,0.0],[0.0,0.0,0.0,0.0,0.0026528442694455615,-0.022515739256045556,0.003388773429873424,0.0],[0.0,0.0,0.0,0.0,0.0,0.0,-0.002297411558700853,0.002580105104843619],[0.0,0.0,0.0,0.0,0.0,0.0,0.0018997333138598852,-0.0025734553271635164]]}