{"din_name":"flux_level02522.json","din_kind":"RELATIVE","din_start":600.0000065451649,"din_end":660.0000032156539,"din_rules":["Interventions","r1","r1_rev","r2","r3","r4","r5","r6"],"din_hits":[0,60702,60687,5068,1180178,1175115,1368153,1368151],"din_fluxs":[[0.0,0.0,0.0,0.0,0.0,0.0,0.0,0.0],[0.0,-0.0011002174544794453,0.051732056467611726,0.07650884613779306,0.0,-0.0020387225552114746,0.0,0.0],[0.0,0.0011014327841748067,-0.048290254227812364,-0.09348988742858418,0.0,0.002857740794868998,0.0,0.0],[0.0,0.0,0.0,-0.21692746527886436,0.004701130408796033,0.0,0.006611693945424579,0.0],[0.0,0.0,0.0,0.0027434953650997385,-0.004677756977181771,0.007151676844715945,-0.004676652136616845,0.0],[0.0,0.0,0.0,0.0,0.004699778261027181,-0.007172742599401515,0.006184633570068407,0.0],[0.0,0.0,0.0,0.0,0.0,0.0,-0.0035920380788380247,0.004352173086369126],[0.0,0.0,0.0,0.0,0.0,0.0,0.0023303730531687964,-0.004333250261427935]]}