{"din_name":"flux_level00293.json","din_kind":"RELATIVE","din_start":600.0000254054024,"din_end":660.0000002646171,"din_rules":["Interventions","r1","r1_rev","r2","r3","r4","r5","r6"],"din_hits":[0,57729,57716,2430,1749446,1746994,754046,754064],"din_fluxs":[[0.0,0.0,0.0,0.0,0.0,0.0,0.0,0.0],[0.0,-0.0010902485403196077,0.10672130926597201,0.15443342187940828,0.0,-0.00201313344953889,0.0,0.0],[0.0,0.0010914396581819395,-0.09039965037090182,-0.16868882085232673,0.0,0.0030004658514615886,0.0,0.0],[0.0,0.0,0.0,-0.3726427428592583,0.004139205221374911,0.0,0.006500486790802934,0.0],[0.0,0.0,0.0,0.0033294253968631643,-0.0041219549594183865,0.007891758425922235,-0.004125442226798788,0.0],[0.0,0.0,0.0,0.0,0.004139040171638135,-0.007872678315276603,0.005692407798211853,0.0],[0.0,0.0,0.0,0.0,0.0,0.0,-0.0073778488333593635,0.001500849767987241],[0.0,0.0,0.0,0.0,0.0,0.0,0.003895986929971668,-0.0014985999492230294]]}