{"din_name":"flux_level12905.json","din_kind":"RELATIVE","din_start":600.0000503456823,"din_end":660.0003568011062,"din_rules":["Interventions","r1","r1_rev","r2","r3","r4","r5","r6"],"din_hits":[0,56832,56812,42,26747,26708,17578,17576],"din_fluxs":[[0.0,0.0,0.0,0.0,0.0,0.0,0.0,0.0],[0.0,-0.0010950096531057473,0.06954729597174909,0.141430147320926,0.0,-0.00203039169697644,0.0,0.0],[0.0,0.001096212265159662,-0.06373990763231104,-0.12308943068993743,0.0,0.0020450871080946197,0.0,0.0],[0.0,0.0,0.0,-0.23375732069040522,0.28724489795918356,0.0,0.34576926341632225,0.0],[0.0,0.0,0.0,0.0020358014072469495,-0.21528746693986156,0.004085386685812295,-0.21450924730299215,0.0],[0.0,0.0,0.0,0.0,1.223496587263926,-0.004097400017756385,1.2034168457128582,0.0],[0.0,0.0,0.0,0.0,0.0,0.0,-0.12818559749241576,5.577286249773652],[0.0,0.0,0.0,0.0,0.0,0.0,0.13666584652642177,-0.31028969418533]]}