{"din_name":"flux_level10210.json","din_kind":"RELATIVE","din_start":600.0000026676167,"din_end":660.0000024226408,"din_rules":["Interventions","r1","r1_rev","r2","r3","r4","r5","r6"],"din_hits":[0,65018,65001,42617,4267562,4224957,367616,367621],"din_fluxs":[[0.0,0.0,0.0,0.0,0.0,0.0,0.0,0.0],[0.0,-0.001098174713380791,0.05754972388913207,0.05398412365573984,0.0,-0.002013522237828709,0.0,0.0],[0.0,0.0010993849418322644,-0.053412657534890946,-0.09980467041818193,0.0,0.004865608533806181,0.0,0.0],[0.0,0.0,0.0,-0.35405289990405686,0.002538617034690465,0.0,0.002905003473655431,0.0],[0.0,0.0,0.0,0.006756729983321654,-0.0025328150825280967,0.019842321083955963,-0.0025327305511584387,0.0],[0.0,0.0,0.0,0.0,0.0025392547669766423,-0.019689592466141572,0.0026096011195210177,0.0],[0.0,0.0,0.0,0.0,0.0,0.0,-0.00373847809978157,0.0015195542035524503],[0.0,0.0,0.0,0.0,0.0,0.0,0.00297511514296349,-0.001517248104166737]]}