{"din_name":"flux_level04186.json","din_kind":"RELATIVE","din_start":600.0000117047524,"din_end":660.0000172850247,"din_rules":["Interventions","r1","r1_rev","r2","r3","r4","r5","r6"],"din_hits":[0,75020,75002,1467,655710,654239,1244060,1244068],"din_fluxs":[[0.0,0.0,0.0,0.0,0.0,0.0,0.0,0.0],[0.0,-0.0010941778774711704,0.07371687801636211,0.1195722693087319,0.0,-0.002017502305459853,0.0,0.0],[0.0,0.001095378001518094,-0.06726309818196083,-0.12405709699588202,0.0,0.0029544162627529566,0.0,0.0],[0.0,0.0,0.0,-0.39661926548575155,0.003116721882753211,0.0,0.004154014872043443,0.0],[0.0,0.0,0.0,0.007879860524912711,-0.0031053720091801617,0.01142378644354564,-0.0031043522966104986,0.0],[0.0,0.0,0.0,0.0,0.003115047332552112,-0.011423831546170405,0.004025496192256176,0.0],[0.0,0.0,0.0,0.0,0.0,0.0,-0.002386164501079354,0.0035638765555323785],[0.0,0.0,0.0,0.0,0.0,0.0,0.001913584821002701,-0.003551188339764613]]}