{"din_name":"flux_level02418.json","din_kind":"RELATIVE","din_start":600.0000047517842,"din_end":660.0000050069589,"din_rules":["Interventions","r1","r1_rev","r2","r3","r4","r5","r6"],"din_hits":[0,752083,751857,1010935,4393081,3382146,1217382,1217393],"din_fluxs":[[0.0,0.0,0.0,0.0,0.0,0.0,0.0,0.0],[0.0,-0.0013628273974099182,0.004643476590894915,0.01085450840537562,0.0,-0.0025631633435848236,0.0,0.0],[0.0,0.0013647329846314035,-0.00454054278592627,-0.008965926849474637,0.0,0.0022342979785145386,0.0,0.0],[0.0,0.0,0.0,-0.08528745209332277,0.002600409758601033,0.0,0.002743403086496943,0.0],[0.0,0.0,0.0,0.021081330751298557,-0.0025935716116012282,0.016995280831698645,-0.0025926795451689418,0.0],[0.0,0.0,0.0,0.0,0.0026002905622044444,-0.02153103486149654,0.0027925023021982097,0.0],[0.0,0.0,0.0,0.0,0.0,0.0,-0.0029137076585049257,0.0018284638526620278],[0.0,0.0,0.0,0.0,0.0,0.0,0.002282420233407003,-0.0018251237118003896]]}