{"din_name":"flux_level01221.json","din_kind":"RELATIVE","din_start":600.0000241840825,"din_end":660.0000046354227,"din_rules":["Interventions","r1","r1_rev","r2","r3","r4","r5","r6"],"din_hits":[0,1515027,1514669,70046,121137,51088,885714,885727],"din_fluxs":[[0.0,0.0,0.0,0.0,0.0,0.0,0.0,0.0],[0.0,-0.0016499034563023356,0.0028160162243987177,0.006060971443283382,0.0,-0.0031319205906138177,0.0,0.0],[0.0,0.0016527104949819458,-0.0027587698643498394,-0.005501484143246155,0.0,0.002908763388343411,0.0,0.0],[0.0,0.0,0.0,-0.028580810296924074,0.003353462137163121,0.0,0.004291017770447807,0.0],[0.0,0.0,0.0,0.01102904448407567,-0.0033422810666903988,0.009546970136971932,-0.0033385344401924985,0.0],[0.0,0.0,0.0,0.0,0.003353550895753478,-0.015074952976081857,0.00429551397736664,0.0],[0.0,0.0,0.0,0.0,0.0,0.0,-0.0021859767467773805,0.006723976953740512],[0.0,0.0,0.0,0.0,0.0,0.0,0.0020622565212137707,-0.006678822868637491]]}