{"din_name":"flux_level06159.json","din_kind":"RELATIVE","din_start":600.0000037193048,"din_end":660.0000002287348,"din_rules":["Interventions","r1","r1_rev","r2","r3","r4","r5","r6"],"din_hits":[0,31627,31617,9861,2507510,2497657,328016,328026],"din_fluxs":[[0.0,0.0,0.0,0.0,0.0,0.0,0.0,0.0],[0.0,-0.0010901387471767927,0.1030195478186868,0.10138119877615756,0.0,-0.0020317377526143984,0.0,0.0],[0.0,0.0010913305470938975,-0.091024311569401,-0.16435906963349986,0.0,0.0051790638246201805,0.0,0.0],[0.0,0.0,0.0,-0.4662177781493693,0.0025963760021633308,0.0,0.0026967451666872863,0.0],[0.0,0.0,0.0,0.0057245871533682215,-0.0025898636187477344,0.018120894896864644,-0.0025894308170118516,0.0],[0.0,0.0,0.0,0.0,0.0025965914899799916,-0.01790476326954553,0.002633347363907301,0.0],[0.0,0.0,0.0,0.0,0.0,0.0,-0.0014185259553618336,0.012037884508310533],[0.0,0.0,0.0,0.0,0.0,0.0,0.001137170112559006,-0.01189310387484347]]}