{"din_name":"flux_level02455.json","din_kind":"RELATIVE","din_start":600.0000167503791,"din_end":660.0000125685411,"din_rules":["Interventions","r1","r1_rev","r2","r3","r4","r5","r6"],"din_hits":[0,229780,229748,39512,2215810,2176293,19922,19924],"din_fluxs":[[0.0,0.0,0.0,0.0,0.0,0.0,0.0,0.0],[0.0,-0.0011222046910776128,0.025320799715767717,0.03676680174366176,0.0,-0.002089223390276933,0.0,0.0],[0.0,0.001123469305844999,-0.024282858675532756,-0.0475207356329371,0.0,0.002926700289023359,0.0,0.0],[0.0,0.0,0.0,-0.13885394098960396,0.0037993149779947835,0.0,0.0038075791732345527,0.0],[0.0,0.0,0.0,0.004355358581551847,-0.0037843616431456175,0.008793147514286975,-0.0037843970951345132,0.0],[0.0,0.0,0.0,0.0,0.003798744385565984,-0.00895968047713399,0.003804901426817292,0.0],[0.0,0.0,0.0,0.0,0.0,0.0,-0.0019007183211801905,2.5230536058986477],[0.0,0.0,0.0,0.0,0.0,0.0,0.0012243299764089803,-0.2646578079786591]]}