{"din_name":"flux_level02365.json","din_kind":"RELATIVE","din_start":600.0000048387695,"din_end":660.0000171569687,"din_rules":["Interventions","r1","r1_rev","r2","r3","r4","r5","r6"],"din_hits":[0,62945,62916,17709,1502216,1484506,1282559,1282595],"din_fluxs":[[0.0,0.0,0.0,0.0,0.0,0.0,0.0,0.0],[0.0,-0.0011032642565495835,0.04581794181540072,0.048345179843037114,0.0,-0.0020418505890010307,0.0,0.0],[0.0,0.0011044873982017024,-0.04241325190258678,-0.08089038972642422,0.0,0.004238624544063426,0.0,0.0],[0.0,0.0,0.0,-0.3125423525024809,0.0025927264093569807,0.0,0.0032858847397073073,0.0],[0.0,0.0,0.0,0.0074858570890136075,-0.0025867925196206183,0.018374119877600282,-0.0025877048942126676,0.0],[0.0,0.0,0.0,0.0,0.0025935128881586322,-0.01834289468349429,0.0029451485400653456,0.0],[0.0,0.0,0.0,0.0,0.0,0.0,-0.0021792110876750832,0.002587872207413907],[0.0,0.0,0.0,0.0,0.0,0.0,0.0017717826240575335,-0.002581180743922824]]}