{"din_name":"flux_level12700.json","din_kind":"RELATIVE","din_start":600.000005917939,"din_end":660.0000000055979,"din_rules":["Interventions","r1","r1_rev","r2","r3","r4","r5","r6"],"din_hits":[0,55803,55785,22940,4617143,4594217,1503496,1503464],"din_fluxs":[[0.0,0.0,0.0,0.0,0.0,0.0,0.0,0.0],[0.0,-0.0010912940527133157,0.09262515032041668,0.08479096923715088,0.0,-0.0019952573444519703,0.0,0.0],[0.0,0.0010924874696171493,-0.08277877862811515,-0.15122823840172162,0.0,0.0053747300628822735,0.0,0.0],[0.0,0.0,0.0,-0.45346345327101495,0.002536066628620459,0.0,0.0032748309558976057,0.0],[0.0,0.0,0.0,0.006379710839601336,-0.0025294062207581102,0.01979052068366505,-0.002529285610562514,0.0],[0.0,0.0,0.0,0.0,0.0025358209423415315,-0.019539558151399603,0.0027213001726507885,0.0],[0.0,0.0,0.0,0.0,0.0,0.0,-0.0028389445579714823,0.0018308937116369498],[0.0,0.0,0.0,0.0,0.0,0.0,0.0022817656631157488,-0.0018275443726759135]]}