{"din_name":"flux_level07867.json","din_kind":"RELATIVE","din_start":600.0000041212264,"din_end":660.0000077330825,"din_rules":["Interventions","r1","r1_rev","r2","r3","r4","r5","r6"],"din_hits":[0,58958,58945,14199,3396082,3381886,2282,2285],"din_fluxs":[[0.0,0.0,0.0,0.0,0.0,0.0,0.0,0.0],[0.0,-0.001090882084917193,0.09794692718870647,0.09571176472178397,0.0,-0.0020005969887189573,0.0,0.0],[0.0,0.0010920747037665643,-0.08587461836733745,-0.15349285745254052,0.0,0.005012799651023007,0.0,0.0],[0.0,0.0,0.0,-0.46390324176325487,0.002568284708502845,0.0,0.0025690803439596534,0.0],[0.0,0.0,0.0,0.006450092637092913,-0.002563153406601653,0.018795341889714733,-0.002563183798016249,0.0],[0.0,0.0,0.0,0.0,0.002569748215580317,-0.018574055260246754,0.0025699494629813978,0.0],[0.0,0.0,0.0,0.0,0.0,0.0,-0.001283429410590687,13.82636630774981],[0.0,0.0,0.0,0.0,0.0,0.0,0.0010319310121931636,-0.6217449897537405]]}