{"din_name":"flux_level07355.json","din_kind":"RELATIVE","din_start":600.000008142879,"din_end":660.0000076913764,"din_rules":["Interventions","r1","r1_rev","r2","r3","r4","r5","r6"],"din_hits":[0,59522,59505,123,148815,148693,1359613,1359638],"din_fluxs":[[0.0,0.0,0.0,0.0,0.0,0.0,0.0,0.0],[0.0,-0.0010896420322445636,0.1117247655565034,0.25729800782387313,0.0,-0.0020260583133070932,0.0,0.0],[0.0,0.0010908313773399351,-0.09536833201003017,-0.14174798542155195,0.0,0.002427753263532301,0.0,0.0],[0.0,0.0,0.0,-0.6983804208223487,0.002644077616356789,0.0,0.004044835936107933,0.0],[0.0,0.0,0.0,0.021323937968696062,-0.002636753928323119,0.016760416652714778,-0.002632182734920349,0.0],[0.0,0.0,0.0,0.0,0.0026437272179937643,-0.016646559671665954,0.004110863137876377,0.0],[0.0,0.0,0.0,0.0,0.0,0.0,-0.0022772630810856324,0.0029179660158060615],[0.0,0.0,0.0,0.0,0.0,0.0,0.0021219280964337984,-0.002909462780130518]]}