{"din_name":"flux_level09830.json","din_kind":"RELATIVE","din_start":600.0000092926821,"din_end":660.0000004117394,"din_rules":["Interventions","r1","r1_rev","r2","r3","r4","r5","r6"],"din_hits":[0,6955,6933,24994,2719544,2694523,1755869,1755861],"din_fluxs":[[0.0,0.0,0.0,0.0,0.0,0.0,0.0,0.0],[0.0,-0.0010973185141037625,0.060830065549719835,0.05619988151454602,0.0,-0.0020443602143854277,0.0,0.0],[0.0,0.0010985481645627497,-0.05595350688072078,-0.10703522093889,0.0,0.004900895727050527,0.0,0.0],[0.0,0.0,0.0,-0.3104297503918662,0.002703219997504411,0.0,0.003531041386340474,0.0],[0.0,0.0,0.0,0.004501525947584856,-0.00269635357125243,0.0161442501892383,-0.002694229910501681,0.0],[0.0,0.0,0.0,0.0,0.0027036502771687764,-0.016039056973317162,0.0029814514591432655,0.0],[0.0,0.0,0.0,0.0,0.0,0.0,-0.0020386965363540493,0.003136860037194552],[0.0,0.0,0.0,0.0,0.0,0.0,0.0016050122420082664,-0.0031270301933556655]]}