{"din_name":"flux_level09872.json","din_kind":"RELATIVE","din_start":600.0000184717969,"din_end":660.0000183448678,"din_rules":["Interventions","r1","r1_rev","r2","r3","r4","r5","r6"],"din_hits":[0,197737,197697,17486,1554145,1536654,282832,282843],"din_fluxs":[[0.0,0.0,0.0,0.0,0.0,0.0,0.0,0.0],[0.0,-0.0011180929890343037,0.027951537940974814,0.04600518098131817,0.0,-0.0020731550686437623,0.0,0.0],[0.0,0.0011193484064508066,-0.026734711717569172,-0.052714445213547956,0.0,0.0025506687136358963,0.0,0.0],[0.0,0.0,0.0,-0.1225334363082888,0.006209587978888464,0.0,0.006589710450367995,0.0],[0.0,0.0,0.0,0.0028885581017674303,-0.006174398717699331,0.006091322552081767,-0.006172565559628688,0.0],[0.0,0.0,0.0,0.0,0.006212920389101925,-0.0061829829056629015,0.0065198229741212374,0.0],[0.0,0.0,0.0,0.0,0.0,0.0,-0.0033789145596754265,0.018294362190184345],[0.0,0.0,0.0,0.0,0.0,0.0,0.001704835486616531,-0.017959934027853626]]}