{"din_name":"flux_level12106.json","din_kind":"RELATIVE","din_start":600.0000068074929,"din_end":660.0000075005102,"din_rules":["Interventions","r1","r1_rev","r2","r3","r4","r5","r6"],"din_hits":[0,326373,326314,19853,749447,729590,205562,205547],"din_fluxs":[[0.0,0.0,0.0,0.0,0.0,0.0,0.0,0.0],[0.0,-0.0011445444349354726,0.01688830905305166,0.029991805246990823,0.0,-0.0021310751982745193,0.0,0.0],[0.0,0.00114586236646911,-0.01632979602344363,-0.032301473828462046,0.0,0.0024056485954961717,0.0,0.0],[0.0,0.0,0.0,-0.08147409245534736,0.006494513128170705,0.0,0.006896159121771674,0.0],[0.0,0.0,0.0,0.003965383831736642,-0.006450369178840592,0.0059650983962530775,-0.006449671575695659,0.0],[0.0,0.0,0.0,0.0,0.006492338673349109,-0.006208931382538418,0.006870434872562452,0.0],[0.0,0.0,0.0,0.0,0.0,0.0,-0.0034893455478672386,0.026605989088098678],[0.0,0.0,0.0,0.0,0.0,0.0,0.0021291408127734764,-0.025897770268414975]]}