{"din_name":"flux_level08101.json","din_kind":"RELATIVE","din_start":600.0000046269821,"din_end":660.0000013708403,"din_rules":["Interventions","r1","r1_rev","r2","r3","r4","r5","r6"],"din_hits":[0,73376,73344,25054,2686426,2661366,263603,263620],"din_fluxs":[[0.0,0.0,0.0,0.0,0.0,0.0,0.0,0.0],[0.0,-0.0011067525746297508,0.03957919926405572,0.05144265575689931,0.0,-0.0020584186963936543,0.0,0.0],[0.0,0.0011079840401593862,-0.0373993991205596,-0.07249698849536194,0.0,0.0032327098775673806,0.0,0.0],[0.0,0.0,0.0,-0.18044891476010078,0.0038845848189036844,0.0,0.004608688949992205,0.0],[0.0,0.0,0.0,0.002843900536744973,-0.0038704981954472218,0.008565761492143976,-0.0038731360213936313,0.0],[0.0,0.0,0.0,0.0,0.003885565210312994,-0.008603932291996377,0.004146544097303852,0.0],[0.0,0.0,0.0,0.0,0.0,0.0,-0.005326308745343846,0.001603760984264496],[0.0,0.0,0.0,0.0,0.0,0.0,0.0028198013675490626,-0.0016011939894416498]]}