{"din_name":"flux_level04366.json","din_kind":"RELATIVE","din_start":600.0000079176504,"din_end":660.0000070094076,"din_rules":["Interventions","r1","r1_rev","r2","r3","r4","r5","r6"],"din_hits":[0,70759,70715,50844,1650908,1600051,1127886,1127896],"din_fluxs":[[0.0,0.0,0.0,0.0,0.0,0.0,0.0,0.0],[0.0,-0.0011245328651692532,0.02406766201790114,0.028875726939073774,0.0,-0.002102394416140909,0.0,0.0],[0.0,0.0011258134204222986,-0.023076050319396045,-0.04489599776923795,0.0,0.003717170323594532,0.0,0.0],[0.0,0.0,0.0,-0.21054835422328072,0.0026023617166045865,0.0,0.003662764476903073,0.0],[0.0,0.0,0.0,0.009073638297187516,-0.0025961324794681133,0.01834491796978334,-0.002595867000182649,0.0],[0.0,0.0,0.0,0.0,0.0026029092876166072,-0.018644474461938055,0.0031182027366056055,0.0],[0.0,0.0,0.0,0.0,0.0,0.0,-0.0036755260014815945,0.001590255508521233],[0.0,0.0,0.0,0.0,0.0,0.0,0.002920195706170613,-0.0015877291278157697]]}