{"din_name":"flux_level00198.json","din_kind":"RELATIVE","din_start":600.0000062111121,"din_end":660.0000062678544,"din_rules":["Interventions","r1","r1_rev","r2","r3","r4","r5","r6"],"din_hits":[0,4723,4710,23805,3933947,3910143,887342,887366],"din_fluxs":[[0.0,0.0,0.0,0.0,0.0,0.0,0.0,0.0],[0.0,-0.0010914062256212928,0.09178149748309207,0.07511859975931214,0.0,-0.002002407006756607,0.0,0.0],[0.0,0.0010926162104160618,-0.08183410190741837,-0.14922008123783606,0.0,0.005762947018784389,0.0,0.0],[0.0,0.0,0.0,-0.41963412980135145,0.0025468265496423025,0.0,0.0029655440821061262,0.0],[0.0,0.0,0.0,0.005124837104573192,-0.0025413714645032264,0.019518464876146488,-0.002540697536025253,0.0],[0.0,0.0,0.0,0.0,0.002547854675717428,-0.01926185688901019,0.0026202958538338763,0.0],[0.0,0.0,0.0,0.0,0.0,0.0,-0.0016767019605860526,0.004241007133647481],[0.0,0.0,0.0,0.0,0.0,0.0,0.0013510955724345079,-0.004223028029388048]]}