{"din_name":"flux_level10860.json","din_kind":"RELATIVE","din_start":600.0000208743319,"din_end":660.0000152132587,"din_rules":["Interventions","r1","r1_rev","r2","r3","r4","r5","r6"],"din_hits":[0,40518,40507,1514,743856,742339,250079,250083],"din_fluxs":[[0.0,0.0,0.0,0.0,0.0,0.0,0.0,0.0],[0.0,-0.0010916383557488167,0.08945426650194986,0.1308430075732691,0.0,-0.0020163681116346427,0.0,0.0],[0.0,0.0010928334081348149,-0.08025826706501762,-0.14782891889432903,0.0,0.0032493850614731513,0.0,0.0],[0.0,0.0,0.0,-0.41023942511732076,0.0032017404941609684,0.0,0.003416089813161147,0.0],[0.0,0.0,0.0,0.005799811549909472,-0.0031906090914991664,0.010911396083527534,-0.0031920801592449093,0.0],[0.0,0.0,0.0,0.0,0.0032008271624852586,-0.010880791639549277,0.0033589256331060953,0.0],[0.0,0.0,0.0,0.0,0.0,0.0,-0.0017880602130070505,0.011096813849798737],[0.0,0.0,0.0,0.0,0.0,0.0,0.0013276424730883285,-0.010973788192938325]]}