{"din_name":"flux_level03918.json","din_kind":"RELATIVE","din_start":600.0000157434132,"din_end":660.00000327552,"din_rules":["Interventions","r1","r1_rev","r2","r3","r4","r5","r6"],"din_hits":[0,49795,49789,18027,4342394,4324361,327732,327722],"din_fluxs":[[0.0,0.0,0.0,0.0,0.0,0.0,0.0,0.0],[0.0,-0.0010904363063601991,0.10028264954543756,0.09503906280152857,0.0,-0.002035376171819834,0.0,0.0],[0.0,0.001091627744938021,-0.08887804255234617,-0.16088062228724767,0.0,0.005197257749903581,0.0,0.0],[0.0,0.0,0.0,-0.45168611510322726,0.0026063958584709138,0.0,0.0026751172454648913,0.0],[0.0,0.0,0.0,0.005559989560848851,-0.002599602979054074,0.01790696970632782,-0.0025990146569094853,0.0],[0.0,0.0,0.0,0.0,0.0026063807430424953,-0.017698106305458275,0.0026283379539166034,0.0],[0.0,0.0,0.0,0.0,0.0,0.0,-0.001404413939725249,0.013968481988811432],[0.0,0.0,0.0,0.0,0.0,0.0,0.0011090700037572033,-0.013773517283093088]]}