{"din_name":"flux_level11408.json","din_kind":"RELATIVE","din_start":600.0000209153317,"din_end":660.0000058924829,"din_rules":["Interventions","r1","r1_rev","r2","r3","r4","r5","r6"],"din_hits":[0,151660,151633,24965,1740647,1715677,37733,37733],"din_fluxs":[[0.0,0.0,0.0,0.0,0.0,0.0,0.0,0.0],[0.0,-0.0011092351170025319,0.036126451468184995,0.04332051710164257,0.0,-0.0020511671693136833,0.0,0.0],[0.0,0.0011104699400056363,-0.03427410796217518,-0.06545799271681702,0.0,0.003731135844646128,0.0,0.0],[0.0,0.0,0.0,-0.28272730675971414,0.002619463335332684,0.0,0.011095412428059719,0.0],[0.0,0.0,0.0,0.008625582265532047,-0.0026128242980776807,0.017743817055960332,-0.002607668745971602,0.0],[0.0,0.0,0.0,0.0,0.0026196744588383473,-0.017826095872108597,0.005185659572371143,0.0],[0.0,0.0,0.0,0.0,0.0,0.0,-0.1318808033715181,0.001011620793032186],[0.0,0.0,0.0,0.0,0.0,0.0,0.1531776809532716,-0.0010105984398568507]]}