{"din_name":"flux_level00602.json","din_kind":"RELATIVE","din_start":600.0000144208008,"din_end":660.0000253841595,"din_rules":["Interventions","r1","r1_rev","r2","r3","r4","r5","r6"],"din_hits":[0,34532,34523,443,544357,543921,77212,77226],"din_fluxs":[[0.0,0.0,0.0,0.0,0.0,0.0,0.0,0.0],[0.0,-0.0010894201571092603,0.11304341904636975,0.19965187326390776,0.0,-0.0020163135621367317,0.0,0.0],[0.0,0.0010906099659345274,-0.09749333474175606,-0.18075471388789943,0.0,0.002497669865969743,0.0,0.0],[0.0,0.0,0.0,-0.3744212586171819,0.005885256788580444,0.0,0.006146742039880545,0.0],[0.0,0.0,0.0,0.0034446485767086793,-0.005845374382530883,0.006146364687770707,-0.005846021380672601,0.0],[0.0,0.0,0.0,0.0,0.005879834092051036,-0.006143626749304303,0.006105572628974859,0.0],[0.0,0.0,0.0,0.0,0.0,0.0,-0.0031477804675360986,0.021006686848452305],[0.0,0.0,0.0,0.0,0.0,0.0,0.001584928396641458,-0.020565842213749113]]}