{"din_name":"flux_level08253.json","din_kind":"RELATIVE","din_start":600.0000072242464,"din_end":660.0000062599237,"din_rules":["Interventions","r1","r1_rev","r2","r3","r4","r5","r6"],"din_hits":[0,61501,61485,8154,3255995,3247857,912418,912458],"din_fluxs":[[0.0,0.0,0.0,0.0,0.0,0.0,0.0,0.0],[0.0,-0.00108959250886075,0.11063098020328116,0.12483639252890688,0.0,-0.00204251488154519,0.0,0.0],[0.0,0.0010907818027463556,-0.09570770904707744,-0.1742309643457591,0.0,0.004322298267777845,0.0,0.0],[0.0,0.0,0.0,-0.44900646172491093,0.0028512014547527648,0.0,0.0035086380426647026,0.0],[0.0,0.0,0.0,0.004845027445082566,-0.0028434686948637785,0.013813487780713965,-0.0028436532208025852,0.0],[0.0,0.0,0.0,0.0,0.0028515819485886457,-0.013700535629185233,0.0030986318591702325,0.0],[0.0,0.0,0.0,0.0,0.0,0.0,-0.0030734777369579884,0.0019067538029400222],[0.0,0.0,0.0,0.0,0.0,0.0,0.002216626789346986,-0.0019031228191527224]]}