{"din_name":"flux_level08685.json","din_kind":"RELATIVE","din_start":600.0000055013501,"din_end":660.0000123556914,"din_rules":["Interventions","r1","r1_rev","r2","r3","r4","r5","r6"],"din_hits":[0,43860,43837,35728,3700833,3665107,1443229,1443228],"din_fluxs":[[0.0,0.0,0.0,0.0,0.0,0.0,0.0,0.0],[0.0,-0.001099296849533614,0.05406400691446099,0.05346461050537735,0.0,-0.0020657073018788847,0.0,0.0],[0.0,0.0011005114219698193,-0.050346227957238206,-0.0962141239789167,0.0,0.004516039198227716,0.0,0.0],[0.0,0.0,0.0,-0.29543800881938237,0.00274026151426786,0.0,0.003243942708306465,0.0],[0.0,0.0,0.0,0.004846123990488233,-0.0027332113714139744,0.015525617936210143,-0.002732627390995998,0.0],[0.0,0.0,0.0,0.0,0.002740709854894114,-0.015462787259919026,0.0029128593257529227,0.0],[0.0,0.0,0.0,0.0,0.0,0.0,-0.0019106148122710297,0.0036928666098393825],[0.0,0.0,0.0,0.0,0.0,0.0,0.001467611350463207,-0.0036792438180404032]]}