{"din_name":"flux_level01208.json","din_kind":"RELATIVE","din_start":600.0000050259542,"din_end":660.0000013226258,"din_rules":["Interventions","r1","r1_rev","r2","r3","r4","r5","r6"],"din_hits":[0,19638,19615,26439,2508255,2481811,1635947,1635944],"din_fluxs":[[0.0,0.0,0.0,0.0,0.0,0.0,0.0,0.0],[0.0,-0.0010981912614048599,0.057766490539223586,0.053212885368942316,0.0,-0.0020538983979006393,0.0,0.0],[0.0,0.0010994079917961259,-0.05351831434649197,-0.10232070800146614,0.0,0.005064184604856765,0.0,0.0],[0.0,0.0,0.0,-0.33824921151835535,0.0025609390379967675,0.0,0.0038677813682445293,0.0],[0.0,0.0,0.0,0.00620929125583681,-0.0025547297026168397,0.019246742667824578,-0.002554005938013995,0.0],[0.0,0.0,0.0,0.0,0.002561278770133407,-0.01910224848504223,0.002943761114847835,0.0],[0.0,0.0,0.0,0.0,0.0,0.0,-0.0030177586055407076,0.001783507341359794],[0.0,0.0,0.0,0.0,0.0,0.0,0.002432148467073243,-0.0017803297706685667]]}