{"din_name":"flux_level03187.json","din_kind":"RELATIVE","din_start":600.0000161949679,"din_end":660.0000340367277,"din_rules":["Interventions","r1","r1_rev","r2","r3","r4","r5","r6"],"din_hits":[0,46313,46304,5484,2068296,2062814,810791,810825],"din_fluxs":[[0.0,0.0,0.0,0.0,0.0,0.0,0.0,0.0],[0.0,-0.0010893003146974463,0.11279516271184323,0.12740535097349331,0.0,-0.0020436869486999245,0.0,0.0],[0.0,0.0010904894140715898,-0.09850468811488494,-0.17419074963546516,0.0,0.004601619131618954,0.0,0.0],[0.0,0.0,0.0,-0.4961793953869069,0.0026578148890386284,0.0,0.003402445694218303,0.0],[0.0,0.0,0.0,0.006563069144805105,-0.0026509709503396085,0.016717442340793885,-0.002652488840782429,0.0],[0.0,0.0,0.0,0.0,0.0026580204302003143,-0.016540293112811497,0.002950002193520833,0.0],[0.0,0.0,0.0,0.0,0.0,0.0,-0.0031553650403814727,0.001762593586909651],[0.0,0.0,0.0,0.0,0.0,0.0,0.0024349156171122785,-0.001759487448724701]]}