{"din_name":"flux_level12483.json","din_kind":"RELATIVE","din_start":600.0000055170354,"din_end":660.000025200789,"din_rules":["Interventions","r1","r1_rev","r2","r3","r4","r5","r6"],"din_hits":[0,120910,120884,28412,2135577,2107179,972845,972814],"din_fluxs":[[0.0,0.0,0.0,0.0,0.0,0.0,0.0,0.0],[0.0,-0.0011071610016359559,0.038778387299354435,0.04496260665552224,0.0,-0.002062401563402346,0.0,0.0],[0.0,0.0011083915097722058,-0.03668701356785853,-0.07012511613650152,0.0,0.0038318911896498844,0.0,0.0],[0.0,0.0,0.0,-0.26752447648193084,0.0027106560466776744,0.0,0.003488484220652633,0.0],[0.0,0.0,0.0,0.006952553739974968,-0.0027030775490242825,0.016002423502606025,-0.002699855878503784,0.0],[0.0,0.0,0.0,0.0,0.002710403647369396,-0.016057111562121522,0.003076479800633078,0.0],[0.0,0.0,0.0,0.0,0.0,0.0,-0.0033386171803245148,0.0017258169488863625],[0.0,0.0,0.0,0.0,0.0,0.0,0.002540236561266622,-0.0017228415728036141]]}