{"din_name":"flux_level06136.json","din_kind":"RELATIVE","din_start":600.0000033280703,"din_end":660.0000150892367,"din_rules":["Interventions","r1","r1_rev","r2","r3","r4","r5","r6"],"din_hits":[0,28272,28259,12441,1925870,1913446,691558,691568],"din_fluxs":[[0.0,0.0,0.0,0.0,0.0,0.0,0.0,0.0],[0.0,-0.0010974662945177455,0.05994172155736932,0.06452337560531025,0.0,-0.002046817537343231,0.0,0.0],[0.0,0.0010986777809094378,-0.05544899976732981,-0.10618315173672252,0.0,0.004031547960324306,0.0,0.0],[0.0,0.0,0.0,-0.278700799318592,0.003083441264583226,0.0,0.005866104197207998,0.0],[0.0,0.0,0.0,0.0034440121153990785,-0.0030749677193055787,0.011827936541716853,-0.003079729484065717,0.0],[0.0,0.0,0.0,0.0,0.003084464363467901,-0.011793143626500123,0.00396512679376588,0.0],[0.0,0.0,0.0,0.0,0.0,0.0,-0.007240629544561153,0.0013083534177549124],[0.0,0.0,0.0,0.0,0.0,0.0,0.0048748087557647585,-0.0013066430414859003]]}