{"din_name":"flux_level13351.json","din_kind":"RELATIVE","din_start":600.0000333356988,"din_end":660.0000405285432,"din_rules":["Interventions","r1","r1_rev","r2","r3","r4","r5","r6"],"din_hits":[0,111657,111633,24512,2155299,2130778,12924,12909],"din_fluxs":[[0.0,0.0,0.0,0.0,0.0,0.0,0.0,0.0],[0.0,-0.0011026527206636737,0.046248008526276835,0.05025347903527488,0.0,-0.0020419245964352025,0.0,0.0],[0.0,0.0011038724955614394,-0.04343205397510426,-0.08191247327872142,0.0,0.004227803869205778,0.0,0.0],[0.0,0.0,0.0,-0.3390635077851958,0.002535121417177244,0.0,0.0026371607450248378,0.0],[0.0,0.0,0.0,0.008589484761512247,-0.0025287704649852535,0.019922674838493568,-0.002531875269016396,0.0],[0.0,0.0,0.0,0.0,0.002535183906872166,-0.019862760372523016,0.002573767563680011,0.0],[0.0,0.0,0.0,0.0,0.0,0.0,-0.010170712691367781,0.001143971264123624],[0.0,0.0,0.0,0.0,0.0,0.0,0.008105614685965509,-0.001142669627118167]]}