{"din_name":"flux_level11580.json","din_kind":"RELATIVE","din_start":600.0000034541,"din_end":660.0000052153466,"din_rules":["Interventions","r1","r1_rev","r2","r3","r4","r5","r6"],"din_hits":[0,54084,54072,4858,2180703,2175835,1129158,1129143],"din_fluxs":[[0.0,0.0,0.0,0.0,0.0,0.0,0.0,0.0],[0.0,-0.0010897155629902963,0.10966091160817576,0.131906080093474,0.0,-0.002014749101219581,0.0,0.0],[0.0,0.0010909054946410556,-0.09491271089275036,-0.17103427531640975,0.0,0.004012717213753317,0.0,0.0],[0.0,0.0,0.0,-0.4478641326367418,0.002909374741269466,0.0,0.003298969790949783,0.0],[0.0,0.0,0.0,0.005163428520322572,-0.0029010817458115373,0.013167646916163466,-0.0029006637169049056,0.0],[0.0,0.0,0.0,0.0,0.0029095271349945215,-0.013073104232111062,0.003137535343186626,0.0],[0.0,0.0,0.0,0.0,0.0,0.0,-0.0018321426257974541,0.0053271920724899105],[0.0,0.0,0.0,0.0,0.0,0.0,0.0013964719397653706,-0.005298836900251788]]}