{"din_name":"flux_level01584.json","din_kind":"RELATIVE","din_start":600.0000098848722,"din_end":660.0000014571784,"din_rules":["Interventions","r1","r1_rev","r2","r3","r4","r5","r6"],"din_hits":[0,43241,43226,15621,4294435,4278833,1192407,1192401],"din_fluxs":[[0.0,0.0,0.0,0.0,0.0,0.0,0.0,0.0],[0.0,-0.0010897358676543476,0.10955434350023453,0.10220729803487659,0.0,-0.0020142045280341406,0.0,0.0],[0.0,0.0010909259623917147,-0.09484718763394356,-0.17104113962724424,0.0,0.005123533165992255,0.0,0.0],[0.0,0.0,0.0,-0.45296935052630377,0.00265830840001247,0.0,0.0032025115624560274,0.0],[0.0,0.0,0.0,0.004987921268028273,-0.002651219334096431,0.01678233987499905,-0.002650576917012423,0.0],[0.0,0.0,0.0,0.0,0.002658269596740089,-0.01659416492594286,0.0027997452152153258,0.0],[0.0,0.0,0.0,0.0,0.0,0.0,-0.002208390345122463,0.002561185565152834],[0.0,0.0,0.0,0.0,0.0,0.0,0.0017053557706469403,-0.0025546335409069687]]}