{"din_name":"flux_level08966.json","din_kind":"RELATIVE","din_start":600.0000173990488,"din_end":660.0000221331414,"din_rules":["Interventions","r1","r1_rev","r2","r3","r4","r5","r6"],"din_hits":[0,80575,80541,28438,1656228,1627789,128849,128829],"din_fluxs":[[0.0,0.0,0.0,0.0,0.0,0.0,0.0,0.0],[0.0,-0.0011228684532295298,0.024943052074157885,0.037171272722148194,0.0,-0.0020899828035798756,0.0,0.0],[0.0,0.0011241421306672117,-0.023903760769754555,-0.047026694870492845,0.0,0.0028272000640171178,0.0,0.0],[0.0,0.0,0.0,-0.11535386366409965,0.004870986788258746,0.0,0.005009095769350159,0.0],[0.0,0.0,0.0,0.0028607055727691583,-0.004845694398589716,0.007084374220542014,-0.004845317629961066,0.0],[0.0,0.0,0.0,0.0,0.004869309258772599,-0.007192295844520402,0.004964205388654169,0.0],[0.0,0.0,0.0,0.0,0.0,0.0,-0.0025553997816164763,0.02515434847072554],[0.0,0.0,0.0,0.0,0.0,0.0,0.0013391720695897103,-0.024521858553093308]]}