{"din_name":"flux_level09186.json","din_kind":"RELATIVE","din_start":600.0000056079341,"din_end":660.0000656191297,"din_rules":["Interventions","r1","r1_rev","r2","r3","r4","r5","r6"],"din_hits":[0,38432,38388,654,55156,54501,1190761,1190778],"din_fluxs":[[0.0,0.0,0.0,0.0,0.0,0.0,0.0,0.0],[0.0,-0.0011196560065966307,0.02699331157232982,0.04779828613981125,0.0,-0.0020792013624335846,0.0,0.0],[0.0,0.0011209322118835695,-0.02577922683029243,-0.0496890632595587,0.0,0.0025515427923107807,0.0,0.0],[0.0,0.0,0.0,-0.24101748932153677,0.002884465840584372,0.0,0.006072513235721535,0.0],[0.0,0.0,0.0,0.01105227057949338,-0.0028730609847723737,0.013427423510840778,-0.002885650743301573,0.0],[0.0,0.0,0.0,0.0,0.002881304768067961,-0.013723021300208036,0.006014435807453681,0.0],[0.0,0.0,0.0,0.0,0.0,0.0,-0.003188398252914253,0.002502236446911833],[0.0,0.0,0.0,0.0,0.0,0.0,0.003054575520673577,-0.002495982247036327]]}