{"din_name":"flux_level12827.json","din_kind":"RELATIVE","din_start":600.0000259137066,"din_end":660.0000041650143,"din_rules":["Interventions","r1","r1_rev","r2","r3","r4","r5","r6"],"din_hits":[0,102367,102339,57316,2729055,2671757,95943,95947],"din_fluxs":[[0.0,0.0,0.0,0.0,0.0,0.0,0.0,0.0],[0.0,-0.0011170758578207304,0.028715742103140127,0.03447197198411761,0.0,-0.002077925272713431,0.0,0.0],[0.0,0.0011183318038010678,-0.02743306097696933,-0.053370270419482384,0.0,0.0036075104539144524,0.0,0.0],[0.0,0.0,0.0,-0.18930217300824162,0.0029116562462593114,0.0,0.0029515014882763304,0.0],[0.0,0.0,0.0,0.005800417585485012,-0.0029035499535209454,0.01344976113538643,-0.002903703514852791,0.0],[0.0,0.0,0.0,0.0,0.00291201717445699,-0.013608849455279504,0.0029277640203221075,0.0],[0.0,0.0,0.0,0.0,0.0,0.0,-0.001546356962804101,0.017087278094113294],[0.0,0.0,0.0,0.0,0.0,0.0,0.0010994876783922587,-0.016795538938081868]]}