{"din_name":"flux_level04147.json","din_kind":"RELATIVE","din_start":600.0000130907561,"din_end":660.0000190161393,"din_rules":["Interventions","r1","r1_rev","r2","r3","r4","r5","r6"],"din_hits":[0,45973,45888,220897,2764555,2543663,18952,18958],"din_fluxs":[[0.0,0.0,0.0,0.0,0.0,0.0,0.0,0.0],[0.0,-0.0011783499816753473,0.011498926686736351,0.017538176382377223,0.0,-0.0021757961919559796,0.0,0.0],[0.0,0.0011798415565305543,-0.011098801221543135,-0.022042613420239655,0.0,0.002978076535695262,0.0,0.0],[0.0,0.0,0.0,-0.12440342049027808,0.0027062991194552054,0.0,0.002713635697960156,0.0],[0.0,0.0,0.0,0.011461119379127582,-0.0026991525003992388,0.01621946638627244,-0.002699090709401081,0.0],[0.0,0.0,0.0,0.0,0.002706474535748998,-0.01733595930916606,0.0027082894781495725,0.0],[0.0,0.0,0.0,0.0,0.0,0.0,-0.0013685344263353202,0.07925779601636698],[0.0,0.0,0.0,0.0,0.0,0.0,0.0010402546314981411,-0.07289657056858907]]}