{"din_name":"flux_level05219.json","din_kind":"RELATIVE","din_start":600.0000083196187,"din_end":660.0000133838962,"din_rules":["Interventions","r1","r1_rev","r2","r3","r4","r5","r6"],"din_hits":[0,36798,36765,40181,2949525,2909341,296207,296205],"din_fluxs":[[0.0,0.0,0.0,0.0,0.0,0.0,0.0,0.0],[0.0,-0.0011101579627812962,0.03504767238603097,0.04226675875383259,0.0,-0.0020786087685115153,0.0,0.0],[0.0,0.001111405050757635,-0.03323257587056684,-0.06438705070292147,0.0,0.003500949038326319,0.0,0.0],[0.0,0.0,0.0,-0.1730728079254816,0.0034650848954527027,0.0,0.0037986029117106743,0.0],[0.0,0.0,0.0,0.0032153838018519785,-0.0034536180299201066,0.009907966319915112,-0.003453048120030019,0.0],[0.0,0.0,0.0,0.0,0.00346560518239792,-0.009962378981131451,0.003554687184601237,0.0],[0.0,0.0,0.0,0.0,0.0,0.0,-0.0022777356748830847,0.004315569867642215],[0.0,0.0,0.0,0.0,0.0,0.0,0.001377837915180522,-0.004296971046601162]]}