{"din_name":"flux_level04334.json","din_kind":"RELATIVE","din_start":600.0000068649468,"din_end":660.0000237244017,"din_rules":["Interventions","r1","r1_rev","r2","r3","r4","r5","r6"],"din_hits":[0,38967,38953,2901,1645043,1642172,809947,809934],"din_fluxs":[[0.0,0.0,0.0,0.0,0.0,0.0,0.0,0.0],[0.0,-0.0010915691752299644,0.09007589922405319,0.13000262563054216,0.0,-0.0020401148430242468,0.0,0.0],[0.0,0.0010927641668478849,-0.08075948214553914,-0.1534916028718295,0.0,0.0030570103255823625,0.0,0.0],[0.0,0.0,0.0,-0.32377721582709174,0.004458292021433677,0.0,0.005589957593164033,0.0],[0.0,0.0,0.0,0.0023851801635717245,-0.0044389901901763455,0.0074120455804091954,-0.00443736437865291,0.0],[0.0,0.0,0.0,0.0,0.004458822228293471,-0.007394035035899456,0.005158856468879419,0.0],[0.0,0.0,0.0,0.0,0.0,0.0,-0.0032028188795327193,0.004069289270553945],[0.0,0.0,0.0,0.0,0.0,0.0,0.0017989764451564248,-0.004052744735247476]]}