{"din_name":"flux_level10453.json","din_kind":"RELATIVE","din_start":600.000010243231,"din_end":660.0000064686345,"din_rules":["Interventions","r1","r1_rev","r2","r3","r4","r5","r6"],"din_hits":[0,75038,74967,115561,1841752,1726181,499180,499180],"din_fluxs":[[0.0,0.0,0.0,0.0,0.0,0.0,0.0,0.0],[0.0,-0.0011592846167007755,0.01399107473422482,0.01999925281240541,0.0,-0.0021716883504740566,0.0,0.0],[0.0,0.0011606713567351463,-0.013526953809660666,-0.02658071415569643,0.0,0.0031654519459562193,0.0,0.0],[0.0,0.0,0.0,-0.15167850210218742,0.002620929281154104,0.0,0.0036110095154464035,0.0],[0.0,0.0,0.0,0.011527793129627784,-0.0026141663464998256,0.017946113630776413,-0.0026139794929254997,0.0],[0.0,0.0,0.0,0.0,0.0026210270476256627,-0.018829045055344742,0.0031726947649863084,0.0],[0.0,0.0,0.0,0.0,0.0,0.0,-0.00894536116421623,0.0011831057186875648],[0.0,0.0,0.0,0.0,0.0,0.0,0.0069677447961427105,-0.0011817073731266515]]}