{"din_name":"flux_level07250.json","din_kind":"RELATIVE","din_start":600.0000112526359,"din_end":660.0000028071635,"din_rules":["Interventions","r1","r1_rev","r2","r3","r4","r5","r6"],"din_hits":[0,190962,190937,18689,1570195,1551515,907028,907035],"din_fluxs":[[0.0,0.0,0.0,0.0,0.0,0.0,0.0,0.0],[0.0,-0.001112914689079774,0.03216125083661619,0.04568049588258403,0.0,-0.0020567064588335447,0.0,0.0],[0.0,0.001114157525070855,-0.030635895820095464,-0.05963203531215492,0.0,0.0030200331659028467,0.0,0.0],[0.0,0.0,0.0,-0.19131468004261973,0.003368657846704265,0.0,0.003933674851839399,0.0],[0.0,0.0,0.0,0.005335038825473861,-0.003357344080711662,0.010198931988890013,-0.003357665904610836,0.0],[0.0,0.0,0.0,0.0,0.0033686632442588276,-0.010331766124508859,0.0038062956212499338,0.0],[0.0,0.0,0.0,0.0,0.0,0.0,-0.002374531581408935,0.003927546942309284],[0.0,0.0,0.0,0.0,0.0,0.0,0.0016260267570632082,-0.003912134358403204]]}