{"din_name":"flux_level01747.json","din_kind":"RELATIVE","din_start":600.0000110252927,"din_end":660.0000287940792,"din_rules":["Interventions","r1","r1_rev","r2","r3","r4","r5","r6"],"din_hits":[0,227227,227183,28008,1900621,1872601,750606,750626],"din_fluxs":[[0.0,0.0,0.0,0.0,0.0,0.0,0.0,0.0],[0.0,-0.001121909563005454,0.02549188439704043,0.039933249932837575,0.0,-0.002084983503638584,0.0,0.0],[0.0,0.0011231737120635953,-0.02444244908831162,-0.048075764092718014,0.0,0.002691896681189115,0.0,0.0],[0.0,0.0,0.0,-0.12181170021353875,0.004925316787944312,0.0,0.006367860135704168,0.0],[0.0,0.0,0.0,0.003400329387617168,-0.004903412990532517,0.0069793904222326805,-0.00490253490885824,0.0],[0.0,0.0,0.0,0.0,0.0049276605146363756,-0.007105962309109825,0.006028445211565363,0.0],[0.0,0.0,0.0,0.0,0.0,0.0,-0.005125458362358735,0.002185587316546465],[0.0,0.0,0.0,0.0,0.0,0.0,0.0023914352173411433,-0.002180816172726304]]}