{"din_name":"flux_level10247.json","din_kind":"RELATIVE","din_start":600.0000020985607,"din_end":660.0000080148164,"din_rules":["Interventions","r1","r1_rev","r2","r3","r4","r5","r6"],"din_hits":[0,126002,125929,232223,2893679,2661461,486959,486994],"din_fluxs":[[0.0,0.0,0.0,0.0,0.0,0.0,0.0,0.0],[0.0,-0.001185864035969886,0.010717425803289674,0.017394393432768874,0.0,-0.0022228902102286886,0.0,0.0],[0.0,0.0011873120886584448,-0.01040204062862116,-0.020655226320948315,0.0,0.0027680282189112664,0.0,0.0],[0.0,0.0,0.0,-0.08177544534737519,0.0033609230145688553,0.0,0.0035075957344866144,0.0],[0.0,0.0,0.0,0.007312338995883773,-0.003349918856806995,0.010376938902808407,-0.003349936078634832,0.0],[0.0,0.0,0.0,0.0,0.00336121113507143,-0.0111815605235017,0.003463532938695263,0.0],[0.0,0.0,0.0,0.0,0.0,0.0,-0.0018771474751187978,0.010501741443061471],[0.0,0.0,0.0,0.0,0.0,0.0,0.001256742574319797,-0.010391530516682823]]}