{"din_name":"flux_level10826.json","din_kind":"RELATIVE","din_start":600.0000055034302,"din_end":660.0000066974787,"din_rules":["Interventions","r1","r1_rev","r2","r3","r4","r5","r6"],"din_hits":[0,63304,63289,5365,2972858,2967509,1438920,1438927],"din_fluxs":[[0.0,0.0,0.0,0.0,0.0,0.0,0.0,0.0],[0.0,-0.0010909149906172984,0.09593207505513485,0.12964799337403157,0.0,-0.0020163117681987635,0.0,0.0],[0.0,0.0010921075412756445,-0.08542077088841982,-0.1594888553616747,0.0,0.0032423281997265175,0.0,0.0],[0.0,0.0,0.0,-0.3476995747353214,0.003966031534105547,0.0,0.005456484010196649,0.0],[0.0,0.0,0.0,0.0026747656124882207,-0.0039508008865663255,0.008253269877328785,-0.003948315625818576,0.0],[0.0,0.0,0.0,0.0,0.003966492247513293,-0.008225965517314505,0.004789412699642144,0.0],[0.0,0.0,0.0,0.0,0.0,0.0,-0.0038824001357214677,0.0022835949127655406],[0.0,0.0,0.0,0.0,0.0,0.0,0.0022093948993441677,-0.002278385698552997]]}