{"din_name":"flux_level12510.json","din_kind":"RELATIVE","din_start":600.0000160105718,"din_end":660.0000027184,"din_rules":["Interventions","r1","r1_rev","r2","r3","r4","r5","r6"],"din_hits":[0,56135,56126,659,486912,486252,1854871,1854848],"din_fluxs":[[0.0,0.0,0.0,0.0,0.0,0.0,0.0,0.0],[0.0,-0.0010898694904826584,0.10747166209667096,0.19515094949125733,0.0,-0.00203137168165865,0.0,0.0],[0.0,0.0010910597107423416,-0.09331173548174305,-0.15334764173603574,0.0,0.0032121196296715994,0.0,0.0],[0.0,0.0,0.0,-0.6091842651341965,0.002619374045566477,0.0,0.0036781857009006236,0.0],[0.0,0.0,0.0,0.015184602906546524,-0.0026110485414407455,0.01738518356704748,-0.0026113461637403412,0.0],[0.0,0.0,0.0,0.0,0.0026178842907791425,-0.01724061692727993,0.0035849896436218,0.0],[0.0,0.0,0.0,0.0,0.0,0.0,-0.002155944366049809,0.0029324224343889303],[0.0,0.0,0.0,0.0,0.0,0.0,0.0019077745312264507,-0.0029238326865428984]]}