{"din_name":"flux_level07263.json","din_kind":"RELATIVE","din_start":600.0000086675134,"din_end":660.0000107959424,"din_rules":["Interventions","r1","r1_rev","r2","r3","r4","r5","r6"],"din_hits":[0,78173,78163,15059,2332906,2317837,448250,448261],"din_fluxs":[[0.0,0.0,0.0,0.0,0.0,0.0,0.0,0.0],[0.0,-0.0010974146891863778,0.0600508894092057,0.06656212675980765,0.0,-0.0020425232980777223,0.0,0.0],[0.0,0.0010986221287197279,-0.05559445694822297,-0.10485937927596085,0.0,0.00404257869789759,0.0,0.0],[0.0,0.0,0.0,-0.3242082842136851,0.002830003816069405,0.0,0.002973795981673639,0.0],[0.0,0.0,0.0,0.0053008200814197255,-0.0028202102251522494,0.014202707993374315,-0.002819980788156404,0.0],[0.0,0.0,0.0,0.0,0.002828178640537814,-0.01415862299308697,0.002899442265184715,0.0],[0.0,0.0,0.0,0.0,0.0,0.0,-0.0015594327899344476,0.011367328452080015],[0.0,0.0,0.0,0.0,0.0,0.0,0.0011900830813155968,-0.011238292941850131]]}