{"din_name":"flux_level13094.json","din_kind":"RELATIVE","din_start":600.0000032936547,"din_end":660.0000071790494,"din_rules":["Interventions","r1","r1_rev","r2","r3","r4","r5","r6"],"din_hits":[0,721308,721182,350718,3075022,2724303,1358171,1358142],"din_fluxs":[[0.0,0.0,0.0,0.0,0.0,0.0,0.0,0.0],[0.0,-0.0012196011261867545,0.008358428327038961,0.014786979862860657,0.0,-0.0022681004008782367,0.0,0.0],[0.0,0.0012211031517862494,-0.008149187864391987,-0.016034806099393124,0.0,0.0026319561215887638,0.0,0.0],[0.0,0.0,0.0,-0.11528663519053224,0.002627981749136519,0.0,0.00282476590110537,0.0],[0.0,0.0,0.0,0.0152014557466856,-0.0026211197980936457,0.017451592333807366,-0.0026203178306223288,0.0],[0.0,0.0,0.0,0.0,0.002628014274909683,-0.01941038906775055,0.0027955264812087716,0.0],[0.0,0.0,0.0,0.0,0.0,0.0,-0.0018508015833448783,0.003571109958284843],[0.0,0.0,0.0,0.0,0.0,0.0,0.0014693432879605483,-0.0035583687954679898]]}