{"din_name":"flux_level06171.json","din_kind":"RELATIVE","din_start":600.0000168858223,"din_end":660.0000012431989,"din_rules":["Interventions","r1","r1_rev","r2","r3","r4","r5","r6"],"din_hits":[0,49103,49076,10256,1647816,1637541,849846,849876],"din_fluxs":[[0.0,0.0,0.0,0.0,0.0,0.0,0.0,0.0],[0.0,-0.0011017011810972718,0.04835630098169085,0.06328626041855721,0.0,-0.0020373481816057986,0.0,0.0],[0.0,0.0011029214698932354,-0.04528225496352347,-0.08753005246036202,0.0,0.0032139480055289457,0.0,0.0],[0.0,0.0,0.0,-0.21177170932765418,0.003946776754341393,0.0,0.005331799618922654,0.0],[0.0,0.0,0.0,0.0027486695784777844,-0.003928591412498357,0.008391091377996426,-0.003930763817096765,0.0],[0.0,0.0,0.0,0.0,0.003944090085344448,-0.008407467188106805,0.004714889491198599,0.0],[0.0,0.0,0.0,0.0,0.0,0.0,-0.003523157363398005,0.0025832748196699725],[0.0,0.0,0.0,0.0,0.0,0.0,0.002053310358451002,-0.002576609113133539]]}