{"din_name":"flux_level06115.json","din_kind":"RELATIVE","din_start":600.0000006483251,"din_end":660.0000190472078,"din_rules":["Interventions","r1","r1_rev","r2","r3","r4","r5","r6"],"din_hits":[0,87850,87778,49742,1051120,1001384,1026133,1026106],"din_fluxs":[[0.0,0.0,0.0,0.0,0.0,0.0,0.0,0.0],[0.0,-0.001147521006418758,0.016495015847934443,0.02228877324996373,0.0,-0.0021051535262901944,0.0,0.0],[0.0,0.001148864907171628,-0.015686723248189545,-0.030880588649803566,0.0,0.003172224590649558,0.0,0.0],[0.0,0.0,0.0,-0.14606468089316077,0.0027820075144261163,0.0,0.0032921145682999393,0.0],[0.0,0.0,0.0,0.008937098809923546,-0.0027746288494561117,0.015054273523460551,-0.0027723147093105614,0.0],[0.0,0.0,0.0,0.0,0.0027823695685975074,-0.015646808241202525,0.0031477150345576074,0.0],[0.0,0.0,0.0,0.0,0.0,0.0,-0.0019112669215040354,0.004069856103071267],[0.0,0.0,0.0,0.0,0.0,0.0,0.0015333741875130432,-0.004053305608926416]]}