{"din_name":"flux_level04044.json","din_kind":"RELATIVE","din_start":600.0000579743289,"din_end":660.0000036864813,"din_rules":["Interventions","r1","r1_rev","r2","r3","r4","r5","r6"],"din_hits":[0,195109,194984,138802,1171033,1032212,94361,94394],"din_fluxs":[[0.0,0.0,0.0,0.0,0.0,0.0,0.0,0.0],[0.0,-0.0012348502685277682,0.007651474930246905,0.01440256413440643,0.0,-0.002316506309807517,0.0,0.0],[0.0,0.0012364336360002977,-0.007448356757132997,-0.014806284483195244,0.0,0.002446394807539253,0.0,0.0],[0.0,0.0,0.0,-0.042125045307672034,0.005937082553348889,0.0,0.009668142038413038,0.0],[0.0,0.0,0.0,0.005328959424694358,-0.005902893358665781,0.006212637881980352,-0.005913230852709526,0.0],[0.0,0.0,0.0,0.0,0.005938187442498396,-0.007021886331182964,0.009277693191963672,0.0],[0.0,0.0,0.0,0.0,0.0,0.0,-0.05382770924143535,0.0010791075408590808],[0.0,0.0,0.0,0.0,0.0,0.0,0.01965582465668538,-0.001077938933750327]]}