{"din_name":"flux_level12202.json","din_kind":"RELATIVE","din_start":600.0000035179378,"din_end":660.0000262501803,"din_rules":["Interventions","r1","r1_rev","r2","r3","r4","r5","r6"],"din_hits":[0,155701,155608,191293,2215361,2024051,1801036,1801042],"din_fluxs":[[0.0,0.0,0.0,0.0,0.0,0.0,0.0,0.0],[0.0,-0.0011892063905150246,0.010421188675867794,0.01680286943141744,0.0,-0.0022242026021646595,0.0,0.0],[0.0,0.0011906588948993652,-0.010121553965100158,-0.019950822922008102,0.0,0.0028089578322543136,0.0,0.0],[0.0,0.0,0.0,-0.10413113243699743,0.002869138432305676,0.0,0.003513270677323152,0.0],[0.0,0.0,0.0,0.010281480580612163,-0.002861050060929503,0.013889512488456253,-0.002860131000952502,0.0],[0.0,0.0,0.0,0.0,0.002869275147185329,-0.015018234284143816,0.0033575796678120703,0.0],[0.0,0.0,0.0,0.0,0.0,0.0,-0.002478928016759464,0.0025545354107041254],[0.0,0.0,0.0,0.0,0.0,0.0,0.0018714969222708867,-0.0025480164282070264]]}