{"din_name":"flux_level08636.json","din_kind":"RELATIVE","din_start":600.0000070919183,"din_end":660.0000174442823,"din_rules":["Interventions","r1","r1_rev","r2","r3","r4","r5","r6"],"din_hits":[0,65385,65365,4983,1276695,1271698,206604,206605],"din_fluxs":[[0.0,0.0,0.0,0.0,0.0,0.0,0.0,0.0],[0.0,-0.0010988766448029976,0.055472246904248075,0.080807173461829,0.0,-0.0020322388515007094,0.0,0.0],[0.0,0.0011000886525214047,-0.0515867433159454,-0.09930926578281996,0.0,0.0029072238923514575,0.0,0.0],[0.0,0.0,0.0,-0.23442409481060433,0.00442123532757535,0.0,0.004677355013206097,0.0],[0.0,0.0,0.0,0.002950597414523493,-0.004398289800738211,0.007501321478665822,-0.004397281198984411,0.0],[0.0,0.0,0.0,0.0,0.004417739489397889,-0.007518486848627366,0.004596043916680165,0.0],[0.0,0.0,0.0,0.0,0.0,0.0,-0.002465292392216039,0.011459443479804788],[0.0,0.0,0.0,0.0,0.0,0.0,0.0013712994064522177,-0.011328243383975044]]}