{"din_name":"flux_level04604.json","din_kind":"RELATIVE","din_start":600.0000124136021,"din_end":660.0000001079705,"din_rules":["Interventions","r1","r1_rev","r2","r3","r4","r5","r6"],"din_hits":[0,284808,284748,191422,3868500,3677072,516082,516092],"din_fluxs":[[0.0,0.0,0.0,0.0,0.0,0.0,0.0,0.0],[0.0,-0.0011492107163728557,0.01583250771547516,0.022162573922976225,0.0,-0.002137086293652817,0.0,0.0],[0.0,0.0011505413045406802,-0.015322355516673065,-0.03009722009355396,0.0,0.00314717151181029,0.0,0.0],[0.0,0.0,0.0,-0.1399493606295813,0.0028137235891704986,0.0,0.002916530209575118,0.0],[0.0,0.0,0.0,0.008730462052708008,-0.0028063179073872357,0.014630492966933757,-0.002806116062080251,0.0],[0.0,0.0,0.0,0.0,0.002814245148080035,-0.015234520357502666,0.0028722031088977565,0.0],[0.0,0.0,0.0,0.0,0.0,0.0,-0.0016841571093086983,0.0062257985928389345],[0.0,0.0,0.0,0.0,0.0,0.0,0.001241010522791847,-0.006187072901340056]]}