{"din_name":"flux_level13821.json","din_kind":"RELATIVE","din_start":600.0000044169643,"din_end":660.0000039980421,"din_rules":["Interventions","r1","r1_rev","r2","r3","r4","r5","r6"],"din_hits":[0,91302,91261,85844,3927711,3841878,824853,824877],"din_fluxs":[[0.0,0.0,0.0,0.0,0.0,0.0,0.0,0.0],[0.0,-0.0011164468875955724,0.029175961439059126,0.03376285493871312,0.0,-0.0020790604220587185,0.0,0.0],[0.0,0.001117702328460817,-0.027856691049448382,-0.05461218823003034,0.0,0.0037814043521242754,0.0,0.0],[0.0,0.0,0.0,-0.19422159276780107,0.002850585358729311,0.0,0.00308095478018276,0.0],[0.0,0.0,0.0,0.005884515829356587,-0.0028430526452256455,0.014148137501215526,-0.0028427729507361204,0.0],[0.0,0.0,0.0,0.0,0.0028511757964314946,-0.014296972619702452,0.002944622898654221,0.0],[0.0,0.0,0.0,0.0,0.0,0.0,-0.0017359863108204496,0.00582841128436798],[0.0,0.0,0.0,0.0,0.0,0.0,0.001283419777880145,-0.005794469692568377]]}