{"din_name":"flux_level01403.json","din_kind":"RELATIVE","din_start":600.0000057275932,"din_end":660.0000063532716,"din_rules":["Interventions","r1","r1_rev","r2","r3","r4","r5","r6"],"din_hits":[0,118627,118585,14652,1079148,1064492,2167978,2167937],"din_fluxs":[[0.0,0.0,0.0,0.0,0.0,0.0,0.0,0.0],[0.0,-0.00110863598088611,0.03683984871548969,0.04540664750067282,0.0,-0.002058839746243876,0.0,0.0],[0.0,0.0011098694436135323,-0.0349220607882949,-0.06645456244911871,0.0,0.0037397755310831955,0.0,0.0],[0.0,0.0,0.0,-0.309296136633985,0.00255020907125107,0.0,0.003593474953465701,0.0],[0.0,0.0,0.0,0.009995828851189749,-0.00254349747244269,0.01946376714563289,-0.0025407114023428493,0.0],[0.0,0.0,0.0,0.0,0.0025499821633805015,-0.019528751255152552,0.0032658665214578713,0.0],[0.0,0.0,0.0,0.0,0.0,0.0,-0.0023426410237049047,0.002363376466368963],[0.0,0.0,0.0,0.0,0.0,0.0,0.001990087225444995,-0.0023577953659747602]]}