{"din_name":"flux_level02530.json","din_kind":"RELATIVE","din_start":600.0000052388506,"din_end":660.0000024260573,"din_rules":["Interventions","r1","r1_rev","r2","r3","r4","r5","r6"],"din_hits":[0,47621,47598,7748,1631910,1624148,314260,314283],"din_fluxs":[[0.0,0.0,0.0,0.0,0.0,0.0,0.0,0.0],[0.0,-0.001100509001200004,0.051093943593804474,0.07172381124485157,0.0,-0.002031231757360675,0.0,0.0],[0.0,0.0011017264575929541,-0.04771483562990814,-0.09215757739608944,0.0,0.0029725985598525323,0.0,0.0],[0.0,0.0,0.0,-0.20625751138717935,0.0047081480629915335,0.0,0.005239712932584808,0.0],[0.0,0.0,0.0,0.0021887139328285263,-0.004685919368488747,0.007165694754992502,-0.004685600728420982,0.0],[0.0,0.0,0.0,0.0,0.004708023252594478,-0.007175462642716289,0.004992288361982746,0.0],[0.0,0.0,0.0,0.0,0.0,0.0,-0.0029237353220792186,0.0059065400552007355],[0.0,0.0,0.0,0.0,0.0,0.0,0.001466344299360134,-0.005871656383141289]]}