{"din_name":"flux_level01_KD1__FREE__.json","din_kind":"RELATIVE","din_start":600.0036741234642,"din_end":660.0004630932194,"din_rules":["Interventions","r1","r1_rev","r2","r3","r4","r5","r6"],"din_hits":[0,5493,5397,383,7842,7456,5580,5591],"din_fluxs":[[0.0,0.0,0.0,0.0,0.0,0.0,0.0,0.0],[0.0,-0.0011764909414677316,0.012293875102991925,0.023722955688241575,0.0,-0.002204902015139161,0.0,0.0],[0.0,0.001178704951509213,-0.011245042602735737,-0.02244245479306084,0.0,0.0023078613024802457,0.0,0.0],[0.0,0.0,0.0,-0.04843434099375934,0.01553409497570789,0.0,0.020848828345546962,0.0],[0.0,0.0,0.0,0.0031590933783725303,-0.015241769576724813,0.004776728529766173,-0.015165985658555182,0.0],[0.0,0.0,0.0,0.0,0.015478787247674305,-0.00506342686762529,0.020146914541934003,0.0],[0.0,0.0,0.0,0.0,0.0,0.0,-0.010617902313090441,0.010832740090371381],[0.0,0.0,0.0,0.0,0.0,0.0,0.0041557602591924,-0.010713097443537684]]}