{"din_name":"flux_level03_kphos__FREE__.json","din_kind":"RELATIVE","din_start":600.0014888967279,"din_end":660.0005362354575,"din_rules":["Interventions","r1","r1_rev","r2","r3","r4","r5","r6"],"din_hits":[0,29591,29086,8297,10765,2476,23553,23547],"din_fluxs":[[0.0,0.0,0.0,0.0,0.0,0.0,0.0,0.0],[0.0,-0.0020217429677026415,0.0022969510719355497,0.00512424957789694,0.0,-0.0038821203908596994,0.0,0.0],[0.0,0.002035427462517702,-0.0020640682343512824,-0.004119141856868796,0.0,0.0034513962114875152,0.0,0.0],[0.0,0.0,0.0,-0.0106218023404063,0.01140891420160388,0.0,0.11833484545118432,0.0],[0.0,0.0,0.0,0.0067449122114571465,-0.011288776148882322,0.0033249468891879534,-0.011555289271851614,0.0],[0.0,0.0,0.0,0.0,0.01145743144912108,-0.008850266105919631,0.12697491564573252,0.0],[0.0,0.0,0.0,0.0,0.0,0.0,-0.07573835390573569,0.002572535452210916],[0.0,0.0,0.0,0.0,0.0,0.0,0.03549983980270001,-0.00256582953252123]]}