{"din_name":"flux_level04_kphos__FREE__.json","din_kind":"RELATIVE","din_start":600.0005064947915,"din_end":660.0000406078062,"din_rules":["Interventions","r1","r1_rev","r2","r3","r4","r5","r6"],"din_hits":[0,29525,29040,8093,10497,2412,23736,23681],"din_fluxs":[[0.0,0.0,0.0,0.0,0.0,0.0,0.0,0.0],[0.0,-0.002010726201723657,0.002306431669679813,0.005149793893386557,0.0,-0.0038470204571345746,0.0,0.0],[0.0,0.002024222716652581,-0.002073365923404396,-0.004147607015219618,0.0,0.003429208199517953,0.0,0.0],[0.0,0.0,0.0,-0.010735640602920211,0.01137215058890625,0.0,0.16385354413565204,0.0],[0.0,0.0,0.0,0.006813296080516824,-0.011254036193340124,0.0032982898475797493,-0.010950887177420748,0.0],[0.0,0.0,0.0,0.0,0.01142904326644641,-0.008793527341199691,0.1765083888981804,0.0],[0.0,0.0,0.0,0.0,0.0,0.0,-0.10108068872381473,0.0025688327418369027],[0.0,0.0,0.0,0.0,0.0,0.0,0.05504826026942869,-0.002561790674685293]]}