{"din_name":"flux_level04_KD1__FREE__.json","din_kind":"RELATIVE","din_start":600.0016030524915,"din_end":660.0031952682604,"din_rules":["Interventions","r1","r1_rev","r2","r3","r4","r5","r6"],"din_hits":[0,1481,1457,30,8443,8399,6044,6073],"din_fluxs":[[0.0,0.0,0.0,0.0,0.0,0.0,0.0,0.0],[0.0,-0.0011031465236481526,0.046651347990388135,0.08780557653055666,0.0,-0.002032122842412218,0.0,0.0],[0.0,0.0011045695447585559,-0.04216341260515231,-0.08257053625812917,0.0,0.0022505150407596377,0.0,0.0],[0.0,0.0,0.0,-0.16937743379969902,0.01465583410754712,0.0,0.01911739462876577,0.0],[0.0,0.0,0.0,0.00223398885553902,-0.01418030273485455,0.004738399432845387,-0.014119152819645516,0.0],[0.0,0.0,0.0,0.0,0.014385034751692897,-0.004770533500709638,0.0187160048048211,0.0],[0.0,0.0,0.0,0.0,0.0,0.0,-0.009912787193216544,0.01002714545505628],[0.0,0.0,0.0,0.0,0.0,0.0,0.003983741169403323,-0.009924294835743686]]}